CanonicalSMILES	Name	Combined_ID	drop_duplicates	ClogP	dataset	SMILES	InChIKey
C#CCN(C)C(C)Cc1ccccc1	Deprenyl	snf_data_3275	True	2.1826	snf	CC(CC1=CC=CC=C1)N(C)CC#C	MEZLKOACVSPNER-UHFFFAOYSA-N
C#CCN(C)Cc1ccccc1	Pargyline	amar_data_345+snf_data_3004+swe2_data_653	True	1.7516	amar+snf+swe2	CN(CC#C)CC1=CC=CC=C1	DPWPWRLQFGFJFI-UHFFFAOYSA-N
C(=Cc1ccncc1)c1ccccc1	4-styrylpyridine	swe2_data_189	True	3.2520000000000016	swe2	C1=CC=C(C=C1)/C=C/C2=CC=NC=C2	QKHRGPYNTXRMSL-VOTSOKGWSA-N
C1CCC(NC2CCCCC2)CC1	Dicyclohexylamine	swe2_data_375	True	3.2414000000000023	swe2	C1CCC(CC1)NC2CCCCC2	XBPCUCUWBYBCDP-UHFFFAOYSA-N
C1CCNCC1	Piperidine	amar_data_357	True	0.7599	amar	C1CCNCC1	NQRYJNQNLNOLGT-UHFFFAOYSA-N
C=C(C(=O)O)C(CCCCCCO)C(=O)O	2-(6-Hydroxyhexyl)-3-methylenesuccinic acid	swe2_data_54	True	1.2708	swe2	C=C(C(CCCCCCO)C(=O)O)C(=O)O	DHVXMTMJTVCPBB-UHFFFAOYSA-N
C=C(C)C1CC=C(C)C(=O)C1	Carvone	aus_data_71+swe2_data_309	True	2.4879000000000007	aus+swe2	CC1=CCC(CC1=O)C(=C)C	ULDHMXUKGWMISQ-UHFFFAOYSA-N
C=C(C)C1CC=C(C=NO)CC1	Perillartine	aus_data_207	True	2.749000000000001	aus	CC(=C)C1CCC(=CC1)/C=N/O	XCOJIVIDDFTHGB-YRNVUSSQSA-N
C=C(C)n1c(=O)[nH]c2ccccc21	1-(prop-1-en-2-yl)-1H-benzo[d]imidazol-2(3H)-one	amar_data_21	True	1.8202	amar	CC(=C)N1C2=CC=CC=C2NC1=O	XFASJWLBXHWUMW-UHFFFAOYSA-N
C=C(CC(=O)O)C(=O)O	2-Propene-1,2-dicarboxylic acid	swe2_data_103	True	0.1018999999999998	swe2	C=C(CC(=O)O)C(=O)O	LVHBHZANLOWSRM-UHFFFAOYSA-N
C=C1C(=O)OC(CCCCCCCC)C1C(=O)O	(+/-)-C75	amar_data_0+swe2_data_1	True	2.9194000000000013	amar+swe2	CCCCCCCCC1C(C(=C)C(=O)O1)C(=O)O	VCWLZDVWHQVAJU-UHFFFAOYSA-N
C=C1C2CCC3(C)C(c4ccoc4)OC(=O)CC13OC1CC(=O)C(C)(C)C(C(O)C(=O)OC)C12C	6-Hydroxyangolensic acid methyl ester	aus_data_158	True	3.533100000000002	aus	C[C@@]12CCC3C(=C)[C@]1(CC(=O)O[C@H]2C4=COC=C4)O[C@@H]5[C@]3([C@H](C(C(=O)C5)(C)C)C(C(=O)OC)O)C	GOYZKWCPWBKPIG-RNKBQGBYSA-N
C=C1CC23CC1(O)CCC2C12C=CC(O)C(C)(C(=O)O1)C2C3C(=O)O	Gibberellic acid	swe2_data_451	True	1.0271	swe2	C[C@@]12[C@H](C=C[C@@]3([C@@H]1[C@@H]([C@]45[C@H]3CC[C@](C4)(C(=C)C5)O)C(=O)O)OC2=O)O	IXORZMNAPKEEDV-OBDJNFEBSA-N
C=C1CC2C(CCC3(C)C(=O)CCC23)C2(C)C=CC(=O)C=C12	Exemestane	swe2_data_419	True	4.029500000000003	swe2	C[C@]12CC[C@H]3[C@H]([C@@H]1CCC2=O)CC(=C)C4=CC(=O)C=C[C@]34C	BFYIZQONLCFLEV-DAELLWKTSA-N
C=C1CCCC2(C)CCC(O)(C(=C)C(=O)O)CC12	2-[(2S,4aR,8aS)-2-hydroxy-4a-methyl-8-methylidene-3,4,5,6,7,8a-hexahydro-1H-naphthalen-2-yl]prop-2-enoic acid	amar_data_32+swe2_data_69	True	2.9048000000000007	amar+swe2	C[C@]12CCCC(=C)[C@@H]1C[C@@](CC2)(C(=C)C(=O)O)O	WQMBCGHXXVLQTE-CFVMTHIKSA-N
C=CC1CN2CCC1CC2C(O)c1ccnc2ccc(OC)cc12	Quinine	amar_data_369+swe2_data_715	True	3.1732000000000014	amar+swe2	COC1=CC2=C(C=CN=C2C=C1)[C@H]([C@@H]3C[C@@H]4CCN3C[C@@H]4C=C)O	LOUPRKONTZGTKE-WZBLMQSHSA-N
C=CCC1C=C(C)CC(C)CC(OC)C2OC(O)(C(=O)C(=O)N3CCCCC3C(=O)OC(C(C)=CC3CCC(O)C(OC)C3)C(C)C(O)CC1=O)C(C)CC2OC	Tacrolimus	swe2_data_759	True	4.639000000000004	swe2	C[C@@H]1C[C@@H]([C@@H]2[C@H](C[C@H]([C@@](O2)(C(=O)C(=O)N3CCCC[C@H]3C(=O)O[C@@H]([C@@H]([C@H](CC(=O)[C@@H](/C=C(/C1)\C)CC=C)O)C)/C(=C/[C@@H]4CC[C@H]([C@@H](C4)OC)O)/C)O)C)OC)OC	QJJXYPPXXYFBGM-LFZNUXCKSA-N
C=CCN1CCC23c4c5ccc(O)c4OC2C(=O)CCC3(O)C1C5	Naloxone	snf_data_10737	True	1.3014	snf	C=CCN1CC[C@]23[C@@H]4C(=O)CC[C@]2([C@H]1CC5=C3C(=C(C=C5)O)O4)O	UZHSEJADLWPNLE-GRGSLBFTSA-N
C=CCN1CCC23c4c5ccc(O)c4OC2C(OCCOCCOCCOCCOCCOCCOCCOC)CCC3(O)C1C5	Naloxegol	snf_data_10959	True	1.8635000000000028	snf	COCCOCCOCCOCCOCCOCCOCCO[C@H]1CC[C@]2([C@H]3CC4=C5[C@]2([C@H]1OC5=C(C=C4)O)CCN3CC=C)O	XNKCCCKFOQNXKV-ZRSCBOBOSA-N
C=CCOC(Cn1ccnc1)c1ccc(Cl)cc1Cl	Enilconazole	aus_data_109	True	4.133800000000003	aus	C=CCOC(CN1C=CN=C1)C2=C(C=C(C=C2)Cl)Cl	PZBPKYOVPCNPJY-UHFFFAOYSA-N
C=CCOc1ccccc1OCC(O)CNC(C)C	Oxprenolol	amar_data_339+swe2_data_647	True	1.9891	amar+swe2	CC(C)NCC(COC1=CC=CC=C1OCC=C)O	CEMAWMOMDPGJMB-UHFFFAOYSA-N
CC(=CC(=O)O)C(=O)O	Citraconic Acid	swe2_data_322	True	0.1018999999999998	swe2	C/C(=C/C(=O)O)/C(=O)O	HNEGQIOMVPPMNR-IHWYPQMZSA-N
CC(=CCNc1ncnc2nc[nH]c12)CO	trans-Zeatin	aus_data_254	True	0.7033999999999998	aus	C/C(=C\CNC1=NC=NC2=C1NC=N2)/CO	UZKQTCBAMSWPJD-FARCUNLSSA-N
CC(=NC#N)N(C)Cc1ccc(Cl)nc1	Acetamiprid	amar_data_105+snf_data_2986	True	2.06628	amar+snf	CC(=NC#N)N(C)CC1=CN=C(C=C1)Cl	WCXDHFDTOYPNIE-UHFFFAOYSA-N
CC(=O)C1(O)CCC2C3CCC4=CC(=O)CCC4(C)C3CCC21C	17alpha-Hydroxyprogesterone	swe2_data_38	True	3.838400000000002	swe2	CC(=O)[C@]1(CC[C@@H]2[C@@]1(CC[C@H]3[C@H]2CCC4=CC(=O)CC[C@]34C)C)O	DBPWSSGDRRHUNT-CEGNMAFCSA-N
CC(=O)C1CCC2C3CCC4=CC(=O)CCC4(C)C3CCC12C	Progesterone	swe2_data_702	True	4.723500000000005	swe2	CC(=O)[C@H]1CC[C@@H]2[C@@]1(CC[C@H]3[C@H]2CCC4=CC(=O)CC[C@]34C)C	RJKFOVLPORLFTN-LEKSSAKUSA-N
CC(=O)CCC(=O)O	Levulinic acid	amar_data_267+swe2_data_530	True	0.4402	amar+swe2	CC(=O)CCC(=O)O	JOOXCMJARBKPKM-UHFFFAOYSA-N
CC(=O)CCc1ccc(O)cc1	4-(4-Hydroxyphenyl)butan-2-one	swe2_data_148	True	1.9138	swe2	CC(=O)CCC1=CC=C(C=C1)O	NJGBTKGETPDVIK-UHFFFAOYSA-N
CC(=O)Cc1ccc(O)c(O)c1	3',4'-Dihydroxyphenylacetone	swe2_data_114	True	1.2292999999999998	swe2	CC(=O)CC1=CC(=C(C=C1)O)O	JQXBETDGCMQLMK-UHFFFAOYSA-N
CC(=O)N(C)N(C(=O)C(=O)N(C)C)c1ccccc1	Dioxoaminopyrine	swe2_data_389	True	0.5011000000000001	swe2	CC(=O)N(C)N(C1=CC=CC=C1)C(=O)C(=O)N(C)C	IRTZMJWVZQYURE-UHFFFAOYSA-N
CC(=O)N(CC(O)CO)c1c(I)c(C(=O)NCC(O)CO)c(I)c(C(=O)NCC(O)CO)c1I	Iohexol	swe2_data_494	True	-1.6274999999999986	swe2	CC(=O)N(CC(CO)O)C1=C(C(=C(C(=C1I)C(=O)NCC(CO)O)I)C(=O)NCC(CO)O)I	NTHXOOBQLCIOLC-UHFFFAOYSA-N
CC(=O)N1CCCC1C(=O)O	Acetylproline	swe2_data_228	True	0.0819	swe2	CC(=O)N1CCC[C@H]1C(=O)O	GNMSLDIYJOSUSW-LURJTMIESA-N
CC(=O)NC(C(=O)O)C(C)C	N-Acetylvaline	aus_data_344+amar_data_310+swe2_data_603	True	0.2316999999999998	aus+amar+swe2	CC(C)[C@@H](C(=O)O)NC(=O)C	IHYJTAOFMMMOPX-LURJTMIESA-N
CC(=O)NC(CC(C)C)C(=O)O	N-Acetyl-L-leucine	aus_data_169+amar_data_106+swe2_data_601+swe2_data_226	True	0.6218000000000001	aus+amar+swe2	CC(C)C[C@@H](C(=O)O)NC(=O)C	WXNXCEHXYPACJF-ZETCQYMHSA-N
CC(=O)NC(CCC(=O)O)C(=O)O	N-Acetyl-DL-glutamic acid	aus_data_339+amar_data_309+swe2_data_600	True	-0.5594999999999994	aus+amar+swe2	CC(=O)NC(CCC(=O)O)C(=O)O	RFMMMVDNIPUKGG-UHFFFAOYSA-N
CC(=O)NC(CCCN)C(=O)O	N-Acetylornithine	aus_data_343+amar_data_311	True	-0.6853999999999989	aus+amar	CC(=O)N[C@@H](CCCN)C(=O)O	JRLGPAXAGHMNOL-LURJTMIESA-N
CC(=O)NC(Cc1ccc(O)cc1)C(=O)O	N-Acetyl-L-tyrosine	aus_data_342	True	0.5239999999999998	aus	CC(=O)N[C@@H](CC1=CC=C(C=C1)O)C(=O)O	CAHKINHBCWCHCF-JTQLQIEISA-N
CC(=O)NC(Cc1ccccc1)C(=O)O	N-Acetyl-L-phenylalanine	aus_data_341+swe2_data_227	True	0.8183999999999998	aus+swe2	CC(=O)N[C@@H](CC1=CC=CC=C1)C(=O)O	CBQJSKKFNMDLON-JTQLQIEISA-N
CC(=O)NC1C(O)OC(CO)C(O)C1O	N-Acetyl-D-galactosamine	aus_data_338	True	-3.077599999999999	aus	CC(=O)N[C@@H]1[C@H]([C@H]([C@H](OC1O)CO)O)O	OVRNDRQMDRJTHS-KEWYIRBNSA-N
CC(=O)NCC1CN(c2ccc(N3CCOCC3)c(F)c2)C(=O)O1	Linezolid	swe2_data_534	True	1.1235999999999997	swe2	CC(=O)NC[C@H]1CN(C(=O)O1)C2=CC(=C(C=C2)N3CCOCC3)F	TYZROVQLWOKYKF-ZDUSSCGKSA-N
CC(=O)NCCCS(=O)(=O)O	Acamprosate	swe2_data_221	True	-0.5995999999999997	swe2	CC(=O)NCCCS(=O)(=O)O	AFCGFAGUEYAMAO-UHFFFAOYSA-N
CC(=O)NCCc1ccc(O)c(O)c1	N-Acetyldopamine	aus_data_170	True	0.7763999999999998	aus	CC(=O)NCCC1=CC(=C(C=C1)O)O	OFSAJYZMIPNPHE-UHFFFAOYSA-N
CC(=O)Nc1c(C)n(C)n(-c2ccccc2)c1=O	4-Acetamidoantipyrine	amar_data_75	True	1.4428199999999998	amar	CC1=C(C(=O)N(N1C)C2=CC=CC=C2)NC(=O)C	OIAGWXKSCXPNNZ-UHFFFAOYSA-N
CC(=O)Nc1c(I)c(NC(C)=O)c(I)c(C(=O)O)c1I	Diatrizoate	swe2_data_371	True	3.1154	swe2	CC(=O)NC1=C(C(=C(C(=C1I)C(=O)O)I)NC(=O)C)I	YVPYQUNUQOZFHG-UHFFFAOYSA-N
CC(=O)Nc1ccc(C(=O)O)cc1	4-Acetamidobenzoic acid	amar_data_76+swe2_data_155	True	1.3432	amar+swe2	CC(=O)NC1=CC=C(C=C1)C(=O)O	QCXJEYYXVJIFCE-UHFFFAOYSA-N
CC(=O)Nc1ccc(C)cc1C	N-(2,4-Dimethylphenyl)acetamide	swe2_data_582	True	2.2618400000000003	swe2	CC1=CC(=C(C=C1)NC(=O)C)C	PJEIIBXJUDOMAN-UHFFFAOYSA-N
CC(=O)Nc1ccc(O)c(C(=O)O)c1	N-Acetyl-5-aminosalicylic acid	aus_data_168+amar_data_308+swe2_data_599	True	1.0487999999999995	aus+amar+swe2	CC(=O)NC1=CC(=C(C=C1)O)C(=O)O	GEFDRROBUCULOD-UHFFFAOYSA-N
CC(=O)Nc1ccc(O)cc1	Paracetamol	aus_data_194+amar_data_103+snf_data_243+swe2_data_652	True	1.3505999999999998	aus+amar+snf+swe2	CC(=O)NC1=CC=C(C=C1)O	RZVAJINKPMORJF-UHFFFAOYSA-N
CC(=O)Nc1ccc(S(=O)(=O)Nc2cc(C)on2)cc1	N4-Acetylsulfamethoxazole	amar_data_304+swe2_data_229	True	1.74222	amar+swe2	CC1=CC(=NO1)NS(=O)(=O)C2=CC=C(C=C2)NC(=O)C	GXPIUNZCALHVBA-UHFFFAOYSA-N
CC(=O)Nc1ccc2c(c1)CCC2	N1-(2,3-Dihydro-1H-inden-5-yl)acetamide	swe2_data_594	True	2.1337	swe2	CC(=O)NC1=CC2=C(CCC2)C=C1	WOYOJAPRKMBKEU-UHFFFAOYSA-N
CC(=O)Nc1ccccc1	Acetanilide	aus_data_50	True	1.6449999999999998	aus	CC(=O)NC1=CC=CC=C1	FZERHIULMFGESH-UHFFFAOYSA-N
CC(=O)Nc1ccccc1C	2`-Methylacetanilide	swe2_data_71	True	1.95342	swe2	CC1=CC=CC=C1NC(=O)C	BPEXTIMJLDWDTL-UHFFFAOYSA-N
CC(=O)OC1C(C)OC(n2cc(F)c(N)nc2=O)C1OC(C)=O	2',3'-di-O-acetyl-5'-deoxy-5-fluorocytidine	swe2_data_58	True	-0.2547000000000003	swe2	C[C@@H]1[C@H]([C@H]([C@@H](O1)N2C=C(C(=NC2=O)N)F)OC(=O)C)OC(=O)C	NWJBWNIUGNXJGO-RPULLILYSA-N
CC(=O)OCC(=O)C1(O)C(C)CC2C3CCC4=CC(=O)C=CC4(C)C3(F)C(O)CC21C	Betamethasone 21	swe2_data_278	True	2.466500000000001	swe2	C[C@H]1C[C@H]2[C@@H]3CCC4=CC(=O)C=C[C@@]4([C@]3([C@H](C[C@@]2([C@]1(C(=O)COC(=O)C)O)C)O)F)C	AKUJBENLRBOFTD-QZIXMDIESA-N
CC(=O)OCC[N+](C)(C)C	Acetylcholine	aus_data_53+swe2_data_225	True	0.2557	aus+swe2	CC(=O)OCC[N+](C)(C)C	OIPILFWXSMYKGL-UHFFFAOYSA-N
CC(=O)Oc1ccc(C(c2ccc(OC(C)=O)cc2)c2ccccn2)cc1	Bisacodyl	snf_data_10585	True	4.112400000000003	snf	CC(=O)OC1=CC=C(C=C1)C(C2=CC=C(C=C2)OC(=O)C)C3=CC=CC=N3	KHOITXIGCFIULA-UHFFFAOYSA-N
CC(=O)SC(C)C[N+](C)(C)C	Acetyl-beta-methylthiocholine	aus_data_52	True	1.3608	aus	CC(C[N+](C)(C)C)SC(=O)C	SHEXQJZFGTZWSV-UHFFFAOYSA-N
CC(=O)SC1CC2=CC(=O)CCC2(C)C2CCC3(C)C(CCC34CCC(=O)O4)C12	Spironolactone	snf_data_2902	True	4.852300000000005	snf	CC(=O)S[C@@H]1CC2=CC(=O)CC[C@@]2([C@@H]3[C@@H]1[C@@H]4CC[C@]5([C@]4(CC3)C)CCC(=O)O5)C	LXMSZDCAJNLERA-ZHYRCANASA-N
CC(=O)c1ccc(-n2ccnc2)cc1	4'-(Imidazol-1-yl)acetophenone	aus_data_35+swe2_data_150	True	2.0749	aus+swe2	CC(=O)C1=CC=C(C=C1)N2C=CN=C2	GAIQQJIMVVUTQN-UHFFFAOYSA-N
CC(=O)c1ccc(O)cc1	4-Hydroxyacetophenone	swe2_data_165	True	1.5948	swe2	CC(=O)C1=CC=C(C=C1)O	TXFPEBPIARQUIG-UHFFFAOYSA-N
CC(=O)c1cccc(N)c1	3-Aminoacetophenon	swe2_data_123	True	1.4714	swe2	CC(=O)C1=CC(=CC=C1)N	CKQHAYFOPRIUOM-UHFFFAOYSA-N
CC(=O)c1ccccc1	Acetophenone	aus_data_51	True	1.8892	aus	CC(=O)C1=CC=CC=C1	KWOLFJPFCHCOCG-UHFFFAOYSA-N
CC(=O)c1cccnc1	3-Acetylpyridine	aus_data_22	True	1.2842	aus	CC(=O)C1=CN=CC=C1	WEGYGNROSJDEIW-UHFFFAOYSA-N
CC(C(=O)O)c1cccc(C(=O)c2ccccc2)c1	Ketoprofen	amar_data_253+snf_data_205+swe2_data_510	True	3.105700000000001	amar+snf+swe2	CC(C1=CC(=CC=C1)C(=O)C2=CC=CC=C2)C(=O)O	DKYWVDODHFEZIM-UHFFFAOYSA-N
CC(C(=O)c1ccc2c(c1)OCO2)N(C)C	bk-MDDMA	aus_data_67	True	1.5480999999999998	aus	CC(C(=O)C1=CC2=C(C=C1)OCO2)N(C)C	OSNIIMCBVLBNGS-UHFFFAOYSA-N
CC(C)(C#N)c1cc(Cn2cncn2)cc(C(C)(C)C#N)c1	Anastrozole	amar_data_114+swe2_data_252	True	2.9287600000000014	amar+swe2	CC(C)(C#N)C1=CC(=CC(=C1)CN2C=NC=N2)C(C)(C)C#N	YBBLVLTVTVSKRW-UHFFFAOYSA-N
CC(C)(C(=O)O)c1ccc(C(O)CCCN2CCC(C(O)(c3ccccc3)c3ccccc3)CC2)cc1	Fexofenadine	aus_data_112+amar_data_204+snf_data_3019+swe2_data_431	True	5.510500000000006	aus+amar+snf+swe2	CC(C)(C1=CC=C(C=C1)C(CCCN2CCC(CC2)C(C3=CC=CC=C3)(C4=CC=CC=C4)O)O)C(=O)O	RWTNPBWLLIMQHL-UHFFFAOYSA-N
CC(C)(C)C(=O)C(C#N)=CNc1cccc2nsnc12	QZOMZISEDDJTHO-CMDGGOBGSA-N	aus_data_293	True	3.1258800000000013	aus	CC(C)(C)C(=O)/C(=C/NC1=CC=CC2=NSN=C21)/C#N	QZOMZISEDDJTHO-CMDGGOBGSA-N
CC(C)(C)C(=O)C(Oc1ccc(Cl)cc1)n1ccnc1	Climbazole	aus_data_75+amar_data_163+snf_data_2739+swe2_data_325	True	3.729300000000002	aus+amar+snf+swe2	CC(C)(C)C(=O)C(N1C=CN=C1)OC2=CC=C(C=C2)Cl	OWEGWHBOCFMBLP-UHFFFAOYSA-N
CC(C)(C)C(CCC(=O)O)CC(=O)O	3-tert-Butyladipic acid	aus_data_301	True	1.9882	aus	CC(C)(C)C(CCC(=O)O)CC(=O)O	LHSCNQRBIIDZCB-UHFFFAOYSA-N
CC(C)(C)C(O)(CCc1ccc(Cl)cc1)Cn1cncn1	Tebuconazole	aus_data_238+swe2_data_761	True	3.3415000000000017	aus+swe2	CC(C)(C)C(CCC1=CC=C(C=C1)Cl)(CN2C=NC=N2)O	PXMNMQRDXWABCY-UHFFFAOYSA-N
CC(C)(C)C(O)C(Oc1ccc(Cl)cc1)n1cncn1	Triadimenol	swe2_data_795	True	2.916100000000001	swe2	CC(C)(C)C(C(N1C=NC=N1)OC2=CC=C(C=C2)Cl)O	BAZVSMNPJJMILC-UHFFFAOYSA-N
CC(C)(C)NC(=O)NCCO	1-(2-Hydroxyethyl)-3-t-butylurea	aus_data_167	True	0.0763999999999999	aus	CC(C)(C)NC(=O)NCCO	AVPJNLYWMUHKJP-UHFFFAOYSA-N
CC(C)(C)NCC(O)c1ccc(O)c(CO)c1	Albuterol	snf_data_2851	True	1.3059999999999998	snf	CC(C)(C)NCC(C1=CC(=C(C=C1)O)CO)O	NDAUXUAQIAJITI-UHFFFAOYSA-N
CC(C)(C)c1cc(C=O)cc(C(C)(C)C)c1O	3,5-di-tert-Butyl-4-hydroxybenzaldehyde	swe2_data_118	True	3.799700000000004	swe2	CC(C)(C)C1=CC(=CC(=C1O)C(C)(C)C)C=O	DOZRDZLFLOODMB-UHFFFAOYSA-N
CC(C)(C)c1cc(O)c(C(C)(C)C)cc1O	2,5-di-tert-Butylhydroquinone	aus_data_291	True	3.692800000000003	aus	CC(C)(C)C1=CC(=C(C=C1O)C(C)(C)C)O	JZODKRWQWUWGCD-UHFFFAOYSA-N
CC(C)(CC(=O)O)CC(=O)Nc1cc(-c2ccccc2)[nH]n1	3,3-dimethyl-5-oxo-5-[(3-phenyl-1H-pyrazol-5-yl)amino]pentanoic acid	swe2_data_110	True	2.906200000000001	swe2	CC(C)(CC(=O)NC1=NNC(=C1)C2=CC=CC=C2)CC(=O)O	ZWXLRFGRQXAUOF-UHFFFAOYSA-N
CC(C)(CC(=O)O)CC(=O)O	3,3-Dimethylglutaric acid	aus_data_302	True	0.962	aus	CC(C)(CC(=O)O)CC(=O)O	DUHQIGLHYXLKAE-UHFFFAOYSA-N
CC(C)(CO)C(O)C(=O)NCCC(=O)O	Pantothenic acid	aus_data_348+amar_data_344+swe2_data_650	True	-1.0432999999999997	aus+amar+swe2	CC(C)(CO)[C@H](C(=O)NCCC(=O)O)O	GHOKWGTUZJEAQD-ZETCQYMHSA-N
CC(C)(CO)C(O)C(=O)NCCCO	D-Panthenol	aus_data_347+aus_data_89+amar_data_343	True	-1.1355999999999995	aus+amar	CC(C)(CO)[C@H](C(=O)NCCCO)O	SNPLKNRPJHDVJA-ZETCQYMHSA-N
CC(C)(N)Cc1ccccc1	Phentermine	swe2_data_668	True	1.9664	swe2	CC(C)(CC1=CC=CC=C1)N	DHHVAGZRUROJKS-UHFFFAOYSA-N
CC(C)(O)C(O)COc1c2ccoc2cc2oc(=O)ccc12	4-(2,3-Dihydroxy-3-methylbutoxy)furo(3,2-g)chromen-7-one	amar_data_72	True	2.0498	amar	CC(C)(C(COC1=C2C=CC(=O)OC2=CC3=C1C=CO3)O)O	PEWFWDOPJISUOK-UHFFFAOYSA-N
CC(C)(Oc1ccc(C(=O)c2ccc(Cl)cc2)cc1)C(=O)O	Fenofibric acid	swe2_data_428	True	3.8130000000000033	swe2	CC(C)(C(=O)O)OC1=CC=C(C=C1)C(=O)C2=CC=C(C=C2)Cl	MQOBSOSZFYZQOK-UHFFFAOYSA-N
CC(C)(Oc1ccc(CCNC(=O)c2ccc(Cl)cc2)cc1)C(=O)O	Bezafibrate	amar_data_129+snf_data_209	True	3.554500000000001	amar+snf	CC(C)(C(=O)O)OC1=CC=C(C=C1)CCNC(=O)C2=CC=C(C=C2)Cl	IIBYAHWJQTYFKB-UHFFFAOYSA-N
CC(C)(Oc1ccc(Cl)cc1)C(=O)O	Clofibric acid	amar_data_165+snf_data_204	True	2.582	amar+snf	CC(C)(C(=O)O)OC1=CC=C(C=C1)Cl	TXCGAZHTZHNUAI-UHFFFAOYSA-N
CC(C)=CC(=O)NCC(=O)O	3-Methylcrotonylglycine	aus_data_26	True	0.1533999999999997	aus	CC(=CC(=O)NCC(=O)O)C	PFWQSHXPNKRLIV-UHFFFAOYSA-N
CC(C)=CCC1=C(O)C(CC=C(C)C)(CC=C(C)C)C(=O)C(C(=O)CC(C)C)=C1O	Lupulone	amar_data_275	True	6.863800000000007	amar	CC(C)CC(=O)C1=C(C(=C(C(C1=O)(CC=C(C)C)CC=C(C)C)O)CC=C(C)C)O	LSDULPZJLTZEFD-UHFFFAOYSA-N
CC(C)=CCC1=C(O)C(O)(CC=C(C)C)C(=O)C(C(=O)C(C)C)=C1O	Cohumulone	amar_data_167+swe2_data_334	True	3.8621000000000025	amar+swe2	CC(C)C(=O)C1=C(C(=C(C(C1=O)(CC=C(C)C)O)O)CC=C(C)C)O	DRSITEVYZGOOQG-UHFFFAOYSA-N
CC(C)=CCC1=C(O)C(O)(CC=C(C)C)C(=O)C(C(=O)CC(C)C)=C1O	Humulone	amar_data_232	True	4.252200000000003	amar	CC(C)CC(=O)C1=C(C(=C([C@@](C1=O)(CC=C(C)C)O)O)CC=C(C)C)O	VMSLCPKYRPDHLN-OAQYLSRUSA-N
CC(C)=CCCC(C)=CC=O	Citral	swe2_data_323	True	2.878000000000001	swe2	CC(=CCC/C(=C/C=O)/C)C	WTEVQBCEXWBHNA-JXMROGBWSA-N
CC(C)=CCCC(C)O	Sulcatol	aus_data_235	True	2.1136000000000004	aus	CC(CCC=C(C)C)O	OHEFFKYYKJVVOX-UHFFFAOYSA-N
CC(C)C(=O)O	Isobutyric acid	swe2_data_498	True	0.727	swe2	CC(C)C(=O)O	KQNPFQTWMSNSAP-UHFFFAOYSA-N
CC(C)C(N)C(=O)N1CCCC1C(=O)O	Valylproline	aus_data_272+swe2_data_832	True	0.0453000000000002	aus+swe2	CC(C)[C@@H](C(=O)N1CCC[C@H]1C(=O)O)N	GIAZPLMMQOERPN-YUMQZZPRSA-N
CC(C)C(N)C(=O)NC(Cc1ccccc1)C(=O)O	2-(2-amino-3-methylbutanamido)-3-phenylpropanoic acid	amar_data_28+swe2_data_831	True	0.7817999999999998	amar+swe2	CC(C)C(C(=O)NC(CC1=CC=CC=C1)C(=O)O)N	GJNDXQBALKCYSZ-UHFFFAOYSA-N
CC(C)C(N)C(=O)O	Valine	aus_data_271	True	0.0543	aus	CC(C)[C@@H](C(=O)O)N	KZSNJWFQEVHDMF-BYPYZUCNSA-N
CC(C)C(N)C(=O)OCC(CO)OCn1cnc2c(=O)[nH]c(N)nc21	Valganciclovir	swe2_data_828	True	-1.4366999999999974	swe2	CC(C)[C@@H](C(=O)OCC(CO)OCN1C=NC2=C1N=C(NC2=O)N)N	WPVFJKSGQUFQAP-GKAPJAKFSA-N
CC(C)C(N)C(=O)OCCOCn1cnc2c(=O)[nH]c(N)nc21	Valaciclovir	snf_data_11003	True	-0.7975999999999985	snf	CC(C)[C@@H](C(=O)OCCOCN1C=NC2=C1N=C(NC2=O)N)N	HDOVUKNUBWVHOX-QMMMGPOBSA-N
CC(C)C(NC(=O)C(N)Cc1ccccc1)C(=O)O	Phenylalanylvaline	swe2_data_671	True	0.7817999999999989	swe2	CC(C)[C@@H](C(=O)O)NC(=O)[C@H](CC1=CC=CC=C1)N	IEHDJWSAXBGJIP-RYUDHWBXSA-N
CC(C)C(NC(=O)c1cc(-c2ccc(F)cc2)nn1CCCCCF)C(N)=O	5-Fluoro-3,5-AB-PFUPPYCA	aus_data_36	True	3.0687000000000006	aus	CC(C)C(C(=O)N)NC(=O)C1=CC(=NN1CCCCCF)C2=CC=C(C=C2)F	JPKXVUNTSWGYKJ-UHFFFAOYSA-N
CC(C)C(O)(CC(=O)O)C(=O)O	2-Isopropylmalic acid	aus_data_287+amar_data_55+swe2_data_89	True	-0.0672	aus+amar+swe2	CC(C)C(CC(=O)O)(C(=O)O)O	BITYXLXUCSKTJS-UHFFFAOYSA-N
CC(C)C1=CC2=CCC3C(C)(C(=O)O)CCCC3(C)C2CC1	Abietic acid	aus_data_49	True	5.206200000000004	aus	CC(C)C1=CC2=CC[C@@H]3[C@@]([C@H]2CC1)(CCC[C@@]3(C)C(=O)O)C	RSWGJHLUYNHPMX-ONCXSQPRSA-N
CC(C)C1CCC(C(=O)NC(Cc2ccccc2)C(=O)O)CC1	Nateglinide	swe2_data_605	True	3.260900000000001	swe2	CC(C)C1CCC(CC1)C(=O)N[C@H](CC2=CC=CC=C2)C(=O)O	OELFLUMRDSZNSF-OFLPRAFFSA-N
CC(C)C1CCC2=C(C(=O)OC2)C1C=C(CO)C(=O)O	(2E)-2-(hydroxymethyl)-3-[3-oxo-5-(propan-2-yl)-1,3,4,5,6,7-hexahydro-2-benzofuran-4-yl]prop-2-enoic acid	swe2_data_2	True	1.5253	swe2	CC(C)C1CCC2=C(C1/C=C(\CO)/C(=O)O)C(=O)OC2	YWASZTJGPFRWMW-BJMVGYQFSA-N
CC(C)C1NC(=O)C2CCCN2C1=O	XLUAWXQORJEMBD-UHFFFAOYSA-N	amar_data_327	True	0.1317999999999997	amar	CC(C)C1C(=O)N2CCCC2C(=O)N1	XLUAWXQORJEMBD-UHFFFAOYSA-N
CC(C)CC(CN)CC(=O)O	Pregabalin	aus_data_223+amar_data_360+swe2_data_696	True	1.0821	aus+amar+swe2	CC(C)C[C@@H](CC(=O)O)CN	AYXYPKUFHZROOJ-ZETCQYMHSA-N
CC(C)CC(N)C(=O)N1CCCC1C(=O)O	Leucylproline	aus_data_146+amar_data_262+swe2_data_526	True	0.4353999999999999	aus+amar+swe2	CC(C)C[C@@H](C(=O)N1CCC[C@H]1C(=O)O)N	VTJUNIYRYIAIHF-IUCAKERBSA-N
CC(C)CC(N)C(=O)NC(C(=O)O)C(C)C	Leucylvaline	amar_data_264+swe2_data_527	True	0.5851999999999999	amar+swe2	CC(C)CC(C(=O)NC(C(C)C)C(=O)O)N	MDSUKZSLOATHMH-UHFFFAOYSA-N
CC(C)CC(N)C(=O)NC(CC(C)C)C(=O)NC(CCCCN)C(=O)O	LLK	swe2_data_537	True	0.5891000000000033	swe2	CC(C)CC(C(=O)NC(CC(C)C)C(=O)NC(CCCCN)C(=O)O)N	LXKNSJLSGPNHSK-UHFFFAOYSA-N
CC(C)CC(N)C(=O)NC(CC(C)C)C(=O)O	Leucylleucine	amar_data_261+swe2_data_524	True	0.9753000000000004	amar+swe2	CC(C)CC(C(=O)NC(CC(C)C)C(=O)O)N	LCPYQJIKPJDLLB-UHFFFAOYSA-N
CC(C)CC(N)C(=O)NC(Cc1ccccc1)C(=O)O	Leucylphenylalanine	swe2_data_525	True	1.1718999999999995	swe2	CC(C)CC(C(=O)NC(CC1=CC=CC=C1)C(=O)O)N	KFKWRHQBZQICHA-UHFFFAOYSA-N
CC(C)CC(NC(=O)C(C)N)C(=O)NC(CCCCN)C(=O)O	ALK	swe2_data_239	True	-0.4370999999999963	swe2	CC(C)CC(C(=O)NC(CCCCN)C(=O)O)NC(=O)C(C)N	AWZKCUCQJNTBAD-UHFFFAOYSA-N
CC(C)CC(NC(=O)C(N)C(C)C)C(=O)NC(CCCCN)C(=O)O	VLK	amar_data_439	True	0.1990000000000036	amar	CC(C)CC(C(=O)NC(CCCCN)C(=O)O)NC(=O)C(C(C)C)N	AEMPCGRFEZTWIF-UHFFFAOYSA-N
CC(C)CC(NC(=O)C(N)C(C)O)C(=O)O	BQBCIBCLXBKYHW-UHFFFAOYSA-N	amar_data_406+swe2_data_781	True	-0.6899999999999986	amar+swe2	CC(C)CC(C(=O)O)NC(=O)C(C(C)O)N	BQBCIBCLXBKYHW-UHFFFAOYSA-N
CC(C)CC(NC(=O)C(N)CCC(=O)O)C(=O)O	Glutamylleucine	swe2_data_452	True	-0.2059999999999989	swe2	CC(C)C[C@@H](C(=O)O)NC(=O)[C@H](CCC(=O)O)N	YBAFDPFAUTYYRW-YUMQZZPRSA-N
CC(C)CC(NC(=O)C(N)CO)C(=O)O	Serylleucine	swe2_data_736	True	-1.0784999999999985	swe2	CC(C)C[C@@H](C(=O)O)NC(=O)[C@H](CO)N	NFDYGNFETJVMSE-BQBZGAKWSA-N
CC(C)CC(NC(=O)C1CCCN1C(=O)OCc1ccccc1)C(=O)O	Prolylleucine	aus_data_224+amar_data_361+swe2_data_703	True	2.4031	aus+amar+swe2	CC(C)C[C@H](C(=O)O)NC(=O)[C@@H]1CCCN1C(=O)OCC2=CC=CC=C2	YCYXUKRYYSXSLJ-CVEARBPZSA-N
CC(C)CC(NC(=O)CN)C(=O)O	Glycyl-L-leucine	aus_data_115+amar_data_222+swe2_data_459	True	-0.4393999999999987	aus+amar+swe2	CC(C)C[C@@H](C(=O)O)NC(=O)CN	DKEXFJVMVGETOO-LURJTMIESA-N
CC(C)CC(NC(=O)OC(C)(C)C)C(N)=O	tert-Butyl N-[1-(aminocarbonyl)-3-methylbutyl]carbamate	aus_data_241	True	1.4111	aus	CC(C)C[C@@H](C(=O)N)NC(=O)OC(C)(C)C	LJPDJTPZNJKXPW-QMMMGPOBSA-N
CC(C)CC(O)C(=O)O	leucic acid	amar_data_260+swe2_data_523	True	0.478	amar+swe2	CC(C)CC(C(=O)O)O	LVRFTAZAXQPQHI-UHFFFAOYSA-N
CC(C)CC1NC(=O)C(CCC(=O)O)NC1=O	CSRXCVLPMJBQIM-UHFFFAOYSA-N	amar_data_328	True	-0.1194999999999999	amar	CC(C)CC1C(=O)NC(C(=O)N1)CCC(=O)O	CSRXCVLPMJBQIM-UHFFFAOYSA-N
CC(C)CC1NC(=O)C2CCCN2C1=O	Cyclo(leucylprolyl)	aus_data_83+amar_data_176+swe2_data_347	True	0.5218999999999998	aus+amar+swe2	CC(C)CC1C(=O)N2CCCC2C(=O)N1	SZJNCZMRZAUNQT-UHFFFAOYSA-N
CC(C)CCN	Isoamylamine	aus_data_131+amar_data_250	True	0.9912	aus+amar	CC(C)CCN	BMFVGAAISNGQNM-UHFFFAOYSA-N
CC(C)CCOc1ccc(N)cc1	4-(3-Methylbutoxy)aniline	aus_data_80	True	2.6937000000000006	aus	CC(C)CCOC1=CC=C(C=C1)N	LXWFHMREWLOKLM-UHFFFAOYSA-N
CC(C)CN(CC(O)C(Cc1ccccc1)NC(=O)OC1COC2OCCC12)S(=O)(=O)c1ccc(N)cc1	Darunavir	snf_data_3016	True	2.3753	snf	CC(C)CN(C[C@H]([C@H](CC1=CC=CC=C1)NC(=O)O[C@H]2CO[C@@H]3[C@H]2CCO3)O)S(=O)(=O)C4=CC=C(C=C4)N	CJBJHOAVZSMMDJ-HEXNFIEUSA-N
CC(C)COP(=O)(OCC(C)C)OCC(C)C	Tri-isobutylphosphate	amar_data_418+swe2_data_804	True	4.112300000000004	amar+swe2	CC(C)COP(=O)(OCC(C)C)OCC(C)C	HRKAMJBPFPHCSD-UHFFFAOYSA-N
CC(C)Cc1ccc(C(C)C(=O)O)cc1	Ibuprofen	snf_data_203+swe2_data_486	True	3.073200000000001	snf+swe2	CC(C)CC1=CC=C(C=C1)C(C)C(=O)O	HEFNNWSXXWATRW-UHFFFAOYSA-N
CC(C)N(C(=O)C(=O)O)c1ccccc1	Propachlor OXA	swe2_data_704	True	1.5125999999999995	swe2	CC(C)N(C1=CC=CC=C1)C(=O)C(=O)O	HYHJOUPYTUBFIX-UHFFFAOYSA-N
CC(C)N(C(=O)CCl)c1ccccc1	Propachlor	snf_data_708	True	2.666800000000001	snf	CC(C)N(C1=CC=CC=C1)C(=O)CCl	MFOUDYKPLGXPGO-UHFFFAOYSA-N
CC(C)N(C(=O)COc1nnc(C(F)(F)F)s1)c1ccc(F)cc1	Flufenacet	snf_data_709+swe2_data_439	True	3.516400000000002	snf+swe2	CC(C)N(C1=CC=C(C=C1)F)C(=O)COC2=NN=C(S2)C(F)(F)F	IANUJLZYFUDJIH-UHFFFAOYSA-N
CC(C)N(Cc1ccccc1)C(=O)C(C)(C)C	Tebutam	snf_data_255+swe2_data_762	True	3.4697000000000022	snf+swe2	CC(C)N(CC1=CC=CC=C1)C(=O)C(C)(C)C	RJKCKKDSSSRYCB-UHFFFAOYSA-N
CC(C)N1C(=O)c2ccccc2NS1(=O)=O	Bentazone	aus_data_315+snf_data_253	True	1.2074999999999998	aus+snf	CC(C)N1C(=O)C2=CC=CC=C2NS1(=O)=O	ZOMSMJKLGFBRBS-UHFFFAOYSA-N
CC(C)NCC(O)COc1ccc(CC(=O)O)cc1	Atenolol acid	aus_data_62+amar_data_122+swe2_data_259	True	1.0513999999999992	aus+amar+swe2	CC(C)NCC(COC1=CC=C(C=C1)CC(=O)O)O	PUQIRTNPJRFRCZ-UHFFFAOYSA-N
CC(C)NCC(O)COc1ccc(CC(N)=O)cc1	Atenolol	aus_data_61+amar_data_121+snf_data_169+swe2_data_258	True	0.4521	aus+amar+snf+swe2	CC(C)NCC(COC1=CC=C(C=C1)CC(=O)N)O	METKIMKYRPQLGS-UHFFFAOYSA-N
CC(C)NCC(O)COc1ccc(COCCOC(C)C)cc1	Bisoprolol	amar_data_134	True	2.3659	amar	CC(C)NCC(COC1=CC=C(C=C1)COCCOC(C)C)O	VHYCDWMUTMEGQY-UHFFFAOYSA-N
CC(C)NCC(O)COc1cccc2ccccc12	Propranolol	amar_data_363+snf_data_171+swe2_data_708	True	2.577500000000001	amar+snf+swe2	CC(C)NCC(COC1=CC=CC2=CC=CC=C21)O	AQHHHDLHHXJYJD-UHFFFAOYSA-N
CC(C)NCC(O)c1ccc(NS(C)(=O)=O)cc1	Sotalol	aus_data_234+amar_data_380+snf_data_170+swe2_data_743	True	1.0895	aus+amar+snf+swe2	CC(C)NCC(C1=CC=C(C=C1)NS(=O)(=O)C)O	ZBMZVLHSJCTVON-UHFFFAOYSA-N
CC(C)Nc1nc(Cl)nc(NC(C)C)n1	Propazine	swe2_data_705	True	2.1655999999999995	swe2	CC(C)NC1=NC(=NC(=N1)Cl)NC(C)C	WJNRPILHGGKWCK-UHFFFAOYSA-N
CC(C)OC(=O)C(C)(C)Oc1ccc(C(=O)c2ccc(Cl)cc2)cc1	Fenofibrate	amar_data_202	True	4.680000000000004	amar	CC(C)OC(=O)C(C)(C)OC1=CC=C(C=C1)C(=O)C2=CC=C(C=C2)Cl	YMTINGFKWWXKFG-UHFFFAOYSA-N
CC(C)OC(=O)c1ccc(O)cc1	Isopropyl 4-hydroxybenzoate	swe2_data_502	True	1.9574	swe2	CC(C)OC(=O)C1=CC=C(C=C1)O	CMHMMKSPYOOVGI-UHFFFAOYSA-N
CC(C)[N+]1(C)C2CCC1CC(OC(=O)C(CO)c1ccccc1)C2	Ipratropium	swe2_data_496	True	2.8541000000000016	swe2	CC(C)[N+]1([C@@H]2CC[C@H]1CC(C2)OC(=O)C(CO)C3=CC=CC=C3)C	OEXHQOGQTVQTAT-BZQJJPTISA-N
CC(C)c1c(C(=O)Nc2ccccc2)c(-c2ccccc2)c(-c2ccc(F)cc2)n1CCC(O)CC(O)CC(=O)O	Atorvastatin	snf_data_2810+swe2_data_260	True	6.313600000000008	snf+swe2	CC(C)C1=C(C(=C(N1CC[C@H](C[C@H](CC(=O)O)O)O)C2=CC=C(C=C2)F)C3=CC=CC=C3)C(=O)NC4=CC=CC=C4	XUKUURHRXDUEBC-KAYWLYCHSA-N
CC(C)c1ccc(NC(=O)N(C)C)cc1	Isoproturon	snf_data_286+swe2_data_503	True	2.903500000000001	snf+swe2	CC(C)C1=CC=C(C=C1)NC(=O)N(C)C	PUIYMUZLKQOUOZ-UHFFFAOYSA-N
CC(C)c1nc(N(C)S(C)(=O)=O)nc(-c2ccc(F)cc2)c1C=CC(O)CC(O)CC(=O)O	Rosuvastatin	amar_data_373+snf_data_2802+swe2_data_728	True	2.4017	amar+snf+swe2	CC(C)C1=NC(=NC(=C1/C=C/[C@H](C[C@H](CC(=O)O)O)O)C2=CC=C(C=C2)F)N(C)S(=O)(=O)C	BPRHUIZQVSMCRT-VEUZHWNKSA-N
CC(C=CC1=C(C)CCCC1(C)C)=CC=CC(C)=CC(=O)O	Retinoic acid	swe2_data_721	True	5.602600000000005	swe2	CC1=C(C(CCC1)(C)C)/C=C/C(=C/C=C/C(=C/C(=O)O)/C)/C	SHGAZHPCJJPHSC-YCNIQYBTSA-N
CC(CC(=O)O)C(=O)O	Methylsuccinic acid	swe2_data_567	True	0.1817999999999998	swe2	CC(CC(=O)O)C(=O)O	WXUAQHNMJWJLTG-UHFFFAOYSA-N
CC(CCC(=O)NCC(=O)O)C1CCC2C3C(O)C(O)C4CC(O)CCC4(C)C3CCC12C	Glycohyocholic acid	swe2_data_458	True	2.5649	swe2	C[C@H](CCC(=O)NCC(=O)O)[C@H]1CC[C@@H]2[C@@]1(CC[C@H]3[C@H]2[C@@H]([C@@H]([C@H]4[C@@]3(CC[C@H](C4)O)C)O)O)C	ZQYUKJFJPJDMMR-ZDWCHQGWSA-N
CC(CCC(=O)NCC(=O)O)C1CCC2C3C(O)CC4CC(O)CCC4(C)C3CC(O)C12C	Glycocholic acid	amar_data_221+swe2_data_457	True	2.564899999999999	amar+swe2	C[C@H](CCC(=O)NCC(=O)O)[C@H]1CC[C@@H]2[C@@]1([C@H](C[C@H]3[C@H]2[C@@H](C[C@H]4[C@@]3(CC[C@H](C4)O)C)O)O)C	RFDAIACWWDREDC-FRVQLJSFSA-N
CC(CCC(=O)O)C(=O)O	2-Methylglutaric acid	swe2_data_94	True	0.5718999999999997	swe2	CC(CCC(=O)O)C(=O)O	AQYCMVICBNBXNA-UHFFFAOYSA-N
CC(CCC(=O)O)C1CCC2C3C(O)CC4CC(O)CCC4(C)C3CC(O)C12C	Cholic acid	aus_data_317	True	3.4487000000000023	aus	C[C@H](CCC(=O)O)[C@H]1CC[C@@H]2[C@@]1([C@H](C[C@H]3[C@H]2[C@@H](C[C@H]4[C@@]3(CC[C@H](C4)O)C)O)O)C	BHQCQFFYRZLCQQ-OELDTZBJSA-N
CC(CCC(=O)O)C1CCC2C3CCC4CC(=O)CCC4(C)C3CCC12C	3-Ketocholanic Acid	amar_data_63+swe2_data_139	True	5.715300000000006	amar+swe2	CC(CCC(=O)O)C1CCC2C1(CCC3C2CCC4C3(CCC(=O)C4)C)C	KIQFUORWRVZTHT-UHFFFAOYSA-N
CC(CCC(=O)O)C1CCC2C3CCC4CC(O)CCC4(C)C3C=CC12C	Lithocholenic Acid	swe2_data_536	True	5.2831000000000055	swe2	C[C@H](CCC(=O)O)[C@H]1CC[C@@H]2[C@@]1(C=C[C@H]3[C@H]2CC[C@H]4[C@@]3(CC[C@H](C4)O)C)C	FEGCPHIPSRBREU-HVATVPOCSA-N
CC(CCC(=O)O)C1CCC2C3CCC4CC(O)CCC4(C)C3CC(=O)C12C	3?-Hydroxy-12 Ketolithocholic Acid	amar_data_51+swe2_data_120	True	4.686100000000005	amar+swe2	C[C@H](CCC(=O)O)[C@H]1CC[C@@H]2[C@@]1(C(=O)C[C@H]3[C@H]2CC[C@H]4[C@@]3(CC[C@H](C4)O)C)C	CVNYHSDFZXHMMJ-VPUMZWJWSA-N
CC(CCC(=O)O)C1CCC2C3CCC4CC(O)CCC4(C)C3CC(O)C12C	Deoxycholic acid	aus_data_325+amar_data_180+swe2_data_363	True	4.477900000000005	aus+amar+swe2	C[C@H](CCC(=O)O)[C@H]1CC[C@@H]2[C@@]1([C@H](C[C@H]3[C@H]2CC[C@H]4[C@@]3(CC[C@H](C4)O)C)O)C	KXGVEGMKQFWNSR-LLQZFEROSA-N
CC(CCC(=O)O)CC(=O)O	3-Methyladipic acid	aus_data_298+swe2_data_142	True	0.962	aus+swe2	CC(CCC(=O)O)CC(=O)O	SYEOWUNSTUDKGM-UHFFFAOYSA-N
CC(CCl)OP(=O)(OC(C)CCl)OC(C)CCl	Tris(1-chloro-2-propyl)phosphate	swe2_data_813	True	4.026200000000004	swe2	CC(CCl)OP(=O)(OC(C)CCl)OC(C)CCl	KVMPUXDNESXNOH-UHFFFAOYSA-N
CC(CN(C)C)CN1c2ccccc2CCc2ccccc21	Trimipramine	snf_data_2861+swe2_data_809	True	4.121000000000003	snf+swe2	CC(CN1C2=CC=CC=C2CCC3=CC=CC=C31)CN(C)C	ZSCDBOWYZJWBIY-UHFFFAOYSA-N
CC(COc1ccccc1Cc1ccccc1)N1CCCCC1	Benproperine	swe2_data_266	True	4.530600000000004	swe2	CC(COC1=CC=CC=C1CC2=CC=CC=C2)N3CCCCC3	JTUQXGZRVLWBCR-UHFFFAOYSA-N
CC(Cc1ccc(C(C)C(=O)O)cc1)C(=O)O	Carboxyibuprofen	aus_data_332	True	2.1379	aus	CC(CC1=CC=C(C=C1)C(C)C(=O)O)C(=O)O	DIVLBIVDYADZPL-UHFFFAOYSA-N
CC(Cn1cnc2c(N)ncnc21)OCP(=O)(O)O	Tenofovir	snf_data_3105+swe2_data_766	True	-0.0512000000000001	snf+swe2	C[C@H](CN1C=NC2=C(N=CN=C21)N)OCP(=O)(O)O	SGOIRFVFHAKUTI-ZCFIWIBFSA-N
CC(N)C(=O)N1CCCC1C(=O)O	L-Alanyl-L-proline	aus_data_137+swe2_data_513	True	-0.5907999999999995	aus+swe2	C[C@@H](C(=O)N1CCC[C@H]1C(=O)O)N	WPWUFUBLGADILS-WDSKDSINSA-N
CC(N)C(=O)NC(Cc1ccc(O)cc1)C(=O)O	Alanyltyrosine	aus_data_56	True	-0.1486999999999999	aus	C[C@@H](C(=O)N[C@@H](CC1=CC=C(C=C1)O)C(=O)O)N	ALZVPLKYDKJKQU-XVKPBYJWSA-N
CC(N)C(=O)NC(Cc1ccccc1)C(=O)O	Ala-Phe	amar_data_111+swe2_data_237	True	0.1457000000000001	amar+swe2	C[C@@H](C(=O)N[C@@H](CC1=CC=CC=C1)C(=O)O)N	OMNVYXHOSHNURL-WPRPVWTQSA-N
CC(N)C12CC3CC(CC(C3)C1)C2	Rimantadine	swe2_data_724	True	2.5500000000000007	swe2	CC(C12CC3CC(C1)CC(C3)C2)N	UBCHPRBFMUDMNC-UHFFFAOYSA-N
CC(N)Cc1ccccc1	Amphetamine	aus_data_58	True	1.5763	aus	CC(CC1=CC=CC=C1)N	KWTSXDURSIMDCE-UHFFFAOYSA-N
CC(NC(C)(C)C)C(=O)c1cccc(Cl)c1	Bupropion	snf_data_2803+swe2_data_285	True	3.2993000000000023	snf+swe2	CC(C(=O)C1=CC(=CC=C1)Cl)NC(C)(C)C	SNPPWIUOZRMYNY-UHFFFAOYSA-N
CC(O)(CC(=O)O)C(=O)O	citramalic acid	swe2_data_324	True	-0.7032999999999998	swe2	CC(CC(=O)O)(C(=O)O)O	XFTRTWQBIOMVPK-UHFFFAOYSA-N
CC(O)(CC(=O)O)CC(=O)O	3-Hydroxy-3-methylglutaric acid	aus_data_295+swe2_data_473	True	-0.3132	aus+swe2	CC(CC(=O)O)(CC(=O)O)O	NPOAOTPXWNWTSH-UHFFFAOYSA-N
CC(O)(CCO)CC(=O)O	Mevalonic acid	swe2_data_573	True	-0.4055000000000002	swe2	C[C@@](CCO)(CC(=O)O)O	KJTLQQUUPVSXIM-ZCFIWIBFSA-N
CC(O)(CS(=O)(=O)c1ccc(F)cc1)C(=O)Nc1ccc(C#N)c(C(F)(F)F)c1	Bicalutamide	amar_data_131+swe2_data_279	True	2.8795800000000007	amar+swe2	CC(CS(=O)(=O)C1=CC=C(C=C1)F)(C(=O)NC2=CC(=C(C=C2)C#N)C(F)(F)F)O	LKJPYSCBVHEWIU-UHFFFAOYSA-N
CC(O)C(=O)O	L-(+)-Lactic acid	aus_data_335	True	-0.5482	aus	C[C@@H](C(=O)O)O	JVTAAEKCZFNVCJ-REOHCLBHSA-N
CC(O)C(N)C(=O)O	Threonine	aus_data_246+amar_data_405+swe2_data_514	True	-1.2208999999999997	aus+amar+swe2	C[C@H]([C@@H](C(=O)O)N)O	AYFVYJQAPQTCCC-GBXIJSLDSA-N
CC(O)C(NC(=O)Nc1ncnc2c1ncn2C1OC(CO)C(O)C1O)C(=O)O	N6-Threonylcarbamoyladenosine	amar_data_307+swe2_data_597	True	-2.6067	amar+swe2	C[C@H]([C@@H](C(=O)O)NC(=O)NC1=C2C(=NC=N1)N(C=N2)[C@H]3[C@@H]([C@@H]([C@H](O3)CO)O)O)O	UNUYMBPXEFMLNW-DWVDDHQFSA-N
CC(O)CN(CC(C)O)CC(C)O	Triisopropanolamine	aus_data_260	True	-0.5691999999999999	aus	CC(CN(CC(C)O)CC(C)O)O	SLINHMUFWFWBMU-UHFFFAOYSA-N
CC(O)CN(CCN(CC(C)O)CC(C)O)CC(C)O	Tetrakis(2-hydroxypropyl)ethylenediamine	amar_data_401	True	-0.8863999999999979	amar	CC(CN(CCN(CC(C)O)CC(C)O)CC(C)O)O	NSOXQYCFHDMMGV-UHFFFAOYSA-N
CC(O)COC(C)COC(C)COC(C)CO	PPG n4	aus_data_217	True	0.5748000000000002	aus	CC(CO)OCC(C)OCC(C)OCC(C)O	QVHMSMOUDQXMRS-UHFFFAOYSA-N
CC(O)COC(C)COC(C)COC(C)COC(C)CO	Pentapropylene glycol	aus_data_218	True	0.9799000000000004	aus	CC(CO)OCC(C)OCC(C)OCC(C)OCC(C)O	AQRQHYITOOVBTO-UHFFFAOYSA-N
CC(O)COC(C)COC(C)COC(C)COC(C)COC(C)CO	Hexapropylene glycol	aus_data_219	True	1.385000000000001	aus	CC(CO)OCC(C)OCC(C)OCC(C)OCC(C)OCC(C)O	UDOJNGPPRYJMKR-UHFFFAOYSA-N
CC(O)COC(C)COC(C)COC(C)COC(C)COC(C)COC(C)CO	Heptapropylene glycol	aus_data_220	True	1.790100000000002	aus	CC(CO)OCC(C)OCC(C)OCC(C)OCC(C)OCC(C)OCC(C)O	OWRNLGZKEZSHGO-UHFFFAOYSA-N
CC(O)COC(C)COC(C)COC(C)COC(C)COC(C)COC(C)COC(C)CO	Octapropylene glycol	aus_data_221	True	2.195200000000002	aus	CC(CO)OCC(C)OCC(C)OCC(C)OCC(C)OCC(C)OCC(C)OCC(C)O	ZZEANNAZZVVPKU-UHFFFAOYSA-N
CC(O)COC(C)COC(C)COC(C)COC(C)COC(C)COC(C)COC(C)COC(C)CO	Nonapropylene glycol	aus_data_222	True	2.6003000000000047	aus	CC(CO)OCC(C)OCC(C)OCC(C)OCC(C)OCC(C)OCC(C)OCC(C)OCC(C)O	DXVLAUMXGHQKAV-UHFFFAOYSA-N
CC(O)COC(C)COC(C)COC(C)COC(C)COC(C)COC(C)COC(C)COC(C)COC(C)COC(C)CO	Undecapropylene glycol	aus_data_216	True	3.4105000000000065	aus	CC(CO)OCC(C)OCC(C)OCC(C)OCC(C)OCC(C)OCC(C)OCC(C)OCC(C)OCC(C)OCC(C)O	ZRTKYIJRMCSONJ-UHFFFAOYSA-N
CC1(C(=O)Nc2ccc(O)c(Cl)c2Cl)CCCCC1	Fenhexamid	snf_data_3057+swe2_data_427	True	4.607900000000002	snf+swe2	CC1(CCCCC1)C(=O)NC2=C(C(=C(C=C2)O)Cl)Cl	VDLGAVXLJYLFDH-UHFFFAOYSA-N
CC1(C)C2=CC(=O)C=CC2=Nc2cc(Cl)c(O)c(Cl)c21	DDAO	swe2_data_356	True	4.128000000000003	swe2	CC1(C2=CC(=O)C=CC2=NC3=CC(=C(C(=C31)Cl)O)Cl)C	BRDJPCFGLMKJRU-UHFFFAOYSA-N
CC1(C)CC(=O)CC(C)(C)N1	2,2,6,6-Tetramethyl-4 piperidone	swe2_data_56	True	1.4961	swe2	CC1(CC(=O)CC(N1)(C)C)C	JWUXJYZVKZKLTJ-UHFFFAOYSA-N
CC1(C)CC(O)CC(C)(C)N1	2,2,6,6-Tetramethyl-4-piperidinol	aus_data_13+swe2_data_57	True	1.2878999999999998	aus+swe2	CC1(CC(CC(N1)(C)C)O)C	VDVUCLWJZJHFAV-UHFFFAOYSA-N
CC1(C)CC(O)CC(C)(C)N1CCO	4-Hydroxy-1-(2-hydroxyethyl)-2,2,6,6-tetramethylpiperidine	amar_data_80	True	0.9926	amar	CC1(CC(CC(N1CCO)(C)C)O)C	STEYNUVPFMIUOY-UHFFFAOYSA-N
CC1(C)CC1C(=O)NC(=CCCCCSCC(N)C(=O)O)C(=O)O	Cilastatin	amar_data_158+snf_data_2555+swe2_data_316	True	1.4326000000000003	amar+snf+swe2	CC1(C[C@@H]1C(=O)N/C(=C\CCCCSC[C@@H](C(=O)O)N)/C(=O)O)C	DHSUYTOATWAVLW-WFVMDLQDSA-N
CC1(C)CON(Cc2ccccc2Cl)C1=O	Clomazone	snf_data_139	True	2.640000000000001	snf	CC1(CON(C1=O)CC2=CC=CC=C2Cl)C	KIEDNEWSYUYDSN-UHFFFAOYSA-N
CC1(C)C[NH+]([O-])C(C)(C)C1	3,3,5,5-Tetramethylpyrroline-N-oxide	swe2_data_109	True	0.5775999999999999	swe2	CC1(CC([NH+](C1)[O-])(C)C)C	PIGPMZKSZQKQOT-UHFFFAOYSA-N
CC1(C)OC2COC3(COS(N)(=O)=O)OC(C)(C)OC3C2O1	Topiramate	amar_data_410	True	-0.3953999999999982	amar	CC1(O[C@@H]2CO[C@@]3([C@H]([C@@H]2O1)OC(O3)(C)C)COS(=O)(=O)N)C	KJADKKWYZYXHBB-XBWDGYHZSA-N
CC1(C)SC2C(NC(=O)C(N)c3ccc(O)cc3)C(=O)N2C1C(=O)O	Amoxicillin	swe2_data_251	True	0.0237000000000004	swe2	CC1([C@@H](N2[C@H](S1)[C@@H](C2=O)NC(=O)[C@@H](C3=CC=C(C=C3)O)N)C(=O)O)C	LSQZJLSUYDQPKJ-NJBDSQKTSA-N
CC12C=CC(=O)C=C1CCC1C2C(=O)CC2(C)C1CCC2(O)C(=O)CO	Prednisone	swe2_data_695	True	1.7658	swe2	C[C@]12CC(=O)[C@H]3[C@H]([C@@H]1CC[C@@]2(C(=O)CO)O)CCC4=CC(=O)C=C[C@]34C	XOFYZVNMUHMLCC-ZPOLXVRWSA-N
CC12C=CC(=O)C=C1CCC1C2C(O)CC2(C)C1CCC2(O)C(=O)CO	Prednisolone	swe2_data_694	True	1.5576	swe2	C[C@]12C[C@@H]([C@H]3[C@H]([C@@H]1CC[C@@]2(C(=O)CO)O)CCC4=CC(=O)C=C[C@]34C)O	OIGNJSKKLXVSLS-VWUMJDOOSA-N
CC12C=CC(=O)C=C1CCC1C2CCC2(C)C(=O)CCC12	1,4-Androstadiene-3,17-dione	swe2_data_24	True	3.863400000000003	swe2	C[C@]12CC[C@H]3[C@H]([C@@H]1CCC2=O)CCC4=CC(=O)C=C[C@]34C	LUJVUUWNAPIQQI-QAGGRKNESA-N
CC12C=Cc3occc3C1CCC13CC(CCC12)C(O)(CO)C3	Kahweol	aus_data_133	True	3.7199000000000018	aus	C[C@@]12C=CC3=C([C@H]1CC[C@]45[C@H]2CC[C@H](C4)[C@](C5)(CO)O)C=CO3	JEKMKNDURXDJAD-HWUKTEKMSA-N
CC12CC(O)C3C(CCC4=CC(=O)CCC43C)C1CCC2=O	4-Androsten-11beta-ol-3,17-dione	swe2_data_157	True	3.058200000000002	swe2	C[C@]12CCC(=O)C=C1CC[C@@H]3[C@@H]2[C@H](C[C@]4([C@H]3CCC4=O)C)O	WSCUHXPGYUMQEX-KCZNZURUSA-N
CC12CC3CC(C)(C1)CC(N)(C3)C2	memantine	swe2_data_551	True	2.6941000000000006	swe2	CC12CC3CC(C1)(CC(C3)(C2)N)C	BUGYDGFZZOZRHP-UHFFFAOYSA-N
CC12CCC(=O)C=C1C=CC1C2CCC2(C)C1CCC21CCC(=O)O1	Canrenone	swe2_data_301	True	4.370100000000003	swe2	C[C@]12CCC(=O)C=C1C=C[C@@H]3[C@@H]2CC[C@]4([C@H]3CC[C@@]45CCC(=O)O5)C	UJVLDDZCTMKXJK-WNHSNXHDSA-N
CC12CCC(=O)C=C1CCC1C2C(=O)CC2(C)C1CCC2(O)C(=O)CO	Cortisone	swe2_data_336	True	1.9898	swe2	C[C@]12CCC(=O)C=C1CC[C@@H]3[C@@H]2C(=O)C[C@]4([C@H]3CC[C@@]4(C(=O)CO)O)C	MFYSYFVPBJMHGN-ZPOLXVRWSA-N
CC12CCC(=O)C=C1CCC1C2C(O)CC2(C)C(C(=O)CO)CCC12	Corticosterone	swe2_data_335	True	2.6667000000000005	swe2	C[C@]12CCC(=O)C=C1CC[C@@H]3[C@@H]2[C@H](C[C@]4([C@H]3CC[C@@H]4C(=O)CO)C)O	OMFXVFTZEKFJBZ-HJTSIMOOSA-N
CC12CCC(=O)C=C1CCC1C2C(O)CC2(C)C1CCC2(O)C(=O)CO	(8S,9S,10R,11S,13S,14S,17R)-11,17-dihydroxy-17-(2-hydroxyacetyl)-10,13-dimethyl-2,6,7,8,9,11,12,14,15,16-decahydro-1H-cyclopenta[a]phenanthren-3-one	swe2_data_7	True	1.7815999999999996	swe2	C[C@]12CCC(=O)C=C1CC[C@@H]3[C@@H]2[C@H](C[C@]4([C@H]3CC[C@@]4(C(=O)CO)O)C)O	JYGXADMDTFJGBT-VWUMJDOOSA-N
CC12CCC(=O)C=C1CCC1C2CCC2(C)C(OS(=O)(=O)O)CCC12	Testosterone sulfate	swe2_data_771	True	3.7063000000000015	swe2	C[C@]12CC[C@H]3[C@H]([C@@H]1CC[C@@H]2OS(=O)(=O)O)CCC4=CC(=O)CC[C@]34C	WAQBISPOEAOCOG-DYKIIFRCSA-N
CC12CCC(C(=O)O)(OC1=O)C2(C)C	(-)-Camphanic acid	aus_data_278	True	1.1929	aus	C[C@@]12CC[C@@](C1(C)C)(OC2=O)C(=O)O	KPWKPGFLZGMMFX-VHSXEESVSA-N
CC12CCC(CC1=O)C2(C)C	D-(+)-Camphor	swe2_data_352	True	2.401700000000001	swe2	CC1(C2CCC1(C(=O)C2)C)C	DSSYKIVIOFKYAU-UHFFFAOYSA-N
CC12CCC3C(CCC4=CC(=O)CCC43C)C1CCC2=O	4-Androstene-3,17-dione	swe2_data_158	True	4.087400000000003	swe2	C[C@]12CCC(=O)C=C1CC[C@@H]3[C@@H]2CC[C@]4([C@H]3CCC4=O)C	AEMFNILZOJDQLW-QAGGRKNESA-N
CC12CCC3c4ccc(OS(=O)(=O)O)cc4CCC3C1CCC2=O	Estrone sulfate	swe2_data_414	True	3.293400000000002	swe2	C[C@]12CC[C@H]3[C@H]([C@@H]1CCC2=O)CCC4=C3C=CC(=C4)OS(=O)(=O)O	JKKFKPJIXZFSSB-CBZIJGRNSA-N
CC1=C(C)C(C)=C(C)C1	1,2,3,4-Tetramethyl-1,3-cyclopentadiene	swe2_data_18	True	3.0629000000000017	swe2	CC1=C(C(=C(C1)C)C)C	VNPQQEYMXYCAEZ-UHFFFAOYSA-N
CC1=C2C3OC(=O)C(C)C3CCC2(C)C=CC1=O	alpha-Santonin	swe2_data_244	True	2.419600000000001	swe2	C[C@H]1[C@@H]2CC[C@]3(C=CC(=O)C(=C3[C@H]2OC1=O)C)C	XJHDMGJURBVLLE-BOCCBSBMSA-N
CC1=CC(=O)CC(C)(C)C1	Isophorone	amar_data_252+swe2_data_501	True	2.3218000000000005	amar+swe2	CC1=CC(=O)CC(C1)(C)C	HJOVHMDZYOCNQW-UHFFFAOYSA-N
CC1=CC(=O)NS(=O)(=O)O1	Acesulfame	aus_data_313+amar_data_101+snf_data_2756+swe2_data_223	True	-0.7185999999999999	aus+amar+snf+swe2	CC1=CC(=O)NS(=O)(=O)O1	YGCFIWIQZPHFLU-UHFFFAOYSA-N
CC1=NN(c2ccccc2)C(=O)C1	Edaravone	aus_data_108	True	1.7992	aus	CC1=NN(C(=O)C1)C2=CC=CC=C2	QELUYTUMUWHWMC-UHFFFAOYSA-N
CC1CC2C(C(O)CC3(C)C2CCC3(O)C(=O)CO)C2(C)C=CC(=O)C=C12	Methylprednisolone	swe2_data_566	True	1.8036	swe2	C[C@H]1C[C@H]2[C@@H]3CC[C@@]([C@]3(C[C@@H]([C@@H]2[C@@]4(C1=CC(=O)C=C4)C)O)C)(C(=O)CO)O	VHRSUDSXCMQTMA-PJHHCJLFSA-N
CC1CC2C3CCC4=CC(=O)C=CC4(C)C3(Cl)C(O)CC2(C)C1(OC(=O)c1ccco1)C(=O)CCl	Mometasone fuorate	swe2_data_578	True	4.869200000000005	swe2	C[C@@H]1C[C@H]2[C@@H]3CCC4=CC(=O)C=C[C@@]4([C@]3([C@H](C[C@@]2([C@]1(C(=O)CCl)OC(=O)C5=CC=CO5)C)O)Cl)C	WOFMFGQZHJDGCX-ZULDAHANSA-N
CC1CC2OC2C=CC(=O)CC(=O)O1	Decarestrictine F	swe2_data_360	True	0.6046	swe2	C[C@@H]1C[C@H]2[C@H](O2)/C=C\C(=O)CC(=O)O1	MXRJZFNJVFPSQN-NQRYBKARSA-N
CC1CCC2(NC1)OC1CC3C4CCC5CC(O)CCC5(C)C4CCC3(C)C1C2C	Tomatidine	swe2_data_787	True	5.366800000000006	swe2	C[C@H]1CC[C@]2([C@H]([C@H]3[C@@H](O2)C[C@@H]4[C@@]3(CC[C@H]5[C@H]4CC[C@@H]6[C@@]5(CC[C@@H](C6)O)C)C)C)NC1	XYNPYHXGMWJBLV-VXPJTDKGSA-N
CC1CCC2C(C)C3C(CC4C5CC=C6CC(O)CCC6(C)C5CCC43C)N2C1	Solanidine	swe2_data_741	True	5.655000000000007	swe2	C[C@H]1CC[C@@H]2[C@H]([C@H]3[C@@H](N2C1)C[C@@H]4[C@@]3(CC[C@H]5[C@H]4CC=C6[C@@]5(CC[C@@H](C6)O)C)C)C	JVKYZPBMZPJNAJ-OQFNDJACSA-N
CC1CCOC2Cn3cc(C(=O)NCc4ccc(F)cc4F)c(=O)c(O)c3C(=O)N12	Dolutegravir	snf_data_10692	True	1.3528	snf	C[C@@H]1CCO[C@@H]2N1C(=O)C3=C(C(=O)C(=CN3C2)C(=O)NCC4=C(C=C(C=C4)F)F)O	RHWKPHLQXYSBKR-BMIGLBTASA-N
CC1CN2CC(C)OB(O1)OC(C)C2	Triisopropanolamine cyclic borate	aus_data_261+swe2_data_805	True	0.5158	aus+swe2	B12OC(CN(CC(O1)C)CC(O2)C)C	IWKGJTDSJPLUCE-UHFFFAOYSA-N
CC1CNC(=O)NC1=O	Dihydrothymine	aus_data_99+swe2_data_383	True	-0.5381	aus+swe2	CC1CNC(=O)NC1=O	NBAKTGXDIBVZOO-UHFFFAOYSA-N
CC1COC(=O)c2cc3c(cc21)C(C)(C)C(C)C3(C)C	Galaxolidone	amar_data_216+swe2_data_446	True	4.165400000000004	amar+swe2	CC1COC(=O)C2=CC3=C(C=C12)C(C(C3(C)C)C)(C)C	PGMHPYRIXBRRQD-UHFFFAOYSA-N
CC1COc2c(N3CCN(C)CC3)c(F)cc3c(=O)c(C(=O)O)cn1c23	Ofloxacin	swe2_data_638	True	1.5439999999999998	swe2	CC1COC2=C3N1C=C(C(=O)C3=CC(=C2N4CCN(CC4)C)F)C(=O)O	GSDSWSVVBLHKDQ-UHFFFAOYSA-N
CC1NC(=O)NC1CCCCCC(=O)O	Desthiobiotin	aus_data_95+amar_data_181+swe2_data_369	True	1.0914	aus+amar+swe2	C[C@H]1[C@H](NC(=O)N1)CCCCCC(=O)O	AUTOLBMXDDTRRT-JGVFFNPUSA-N
CC1OC(O)C(O)CC1O	PAR	swe2_data_651	True	-1.1646	swe2	C[C@@H]1[C@H](C[C@H](C(O1)O)O)O	KYPWIZMAJMNPMJ-IANNHFEVSA-N
CC=C(C)C(=O)O	Tiglic acid	aus_data_249+swe2_data_785	True	1.0372	aus+swe2	C/C=C(\C)/C(=O)O	UIERETOOQGIECD-ONEGZZNKSA-N
CC=CC(=O)N(CC)c1ccccc1C	Crotamiton	snf_data_3200+swe2_data_343	True	2.9240200000000014	snf+swe2	CCN(C1=CC=CC=C1C)C(=O)/C=C/C	DNTGGZPQPQTDQF-XBXARRHUSA-N
CC=CC(=O)O	Crotonic acid	swe2_data_344	True	0.6471	swe2	C/C=C/C(=O)O	LDHQCZJRKDOVOX-NSCUHMNNSA-N
CC=CC=CC(=O)O	Sorbic acid	swe2_data_742	True	1.2033	swe2	C/C=C/C=C/C(=O)O	WSWCOQWTEOXDQX-MQQKCMAXSA-N
CC=CSS(=O)(=O)O	RUVGQUCSWPRGRF-UHFFFAOYSA-N	amar_data_362	True	1.056	amar	CC=CSS(=O)(=O)O	RUVGQUCSWPRGRF-UHFFFAOYSA-N
CCC(=O)OC(CC(=O)[O-])C[N+](C)(C)C	Propionylcarnitine	aus_data_227+swe2_data_706	True	-0.8455999999999979	aus+swe2	CCC(=O)OC(CC(=O)[O-])C[N+](C)(C)C	UFAHZIUFPNSHSL-UHFFFAOYSA-N
CCC(=O)OC(Cc1ccccc1)(c1ccccc1)C(C)CN(C)C	Propoxyphene	swe2_data_707	True	4.275500000000004	swe2	CCC(=O)O[C@](CC1=CC=CC=C1)(C2=CC=CC=C2)[C@H](C)CN(C)C	XLMALTXPSGQGBX-GCJKJVERSA-N
CCC(C(N)=O)N1CCCC1=O	Levetiracetam	aus_data_148+amar_data_266+snf_data_2564+swe2_data_529	True	-0.1272999999999999	aus+amar+snf+swe2	CC[C@@H](C(=O)N)N1CCCC1=O	HPHUVLMMVZITSG-LURJTMIESA-N
CCC(C)C(=O)OC1CC(C)C=C2C=CC(C)C(CCC3CC(O)CC(=O)O3)C21	Lovastatin	snf_data_3139	True	4.195500000000004	snf	CC[C@H](C)C(=O)O[C@H]1C[C@H](C=C2[C@H]1[C@H]([C@H](C=C2)C)CC[C@@H]3C[C@H](CC(=O)O3)O)C	PCZOHLXUXFIOCF-BXMDZJJMSA-N
CCC(C)C(=O)OC1CC(O)C=C2C=CC(C)C(CCC(O)CC(O)CC(=O)O)C21	Pravastatin	snf_data_2859	True	2.4404000000000003	snf	CC[C@H](C)C(=O)O[C@H]1C[C@@H](C=C2[C@H]1[C@H]([C@H](C=C2)C)CC[C@H](C[C@H](CC(=O)O)O)O)O	TUZYXOIXSAXUGO-PZAWKZKUSA-N
CCC(C)C(C(=O)OCC[N+](C)(CC)CC)c1ccccc1	Valethamate	aus_data_270+amar_data_428	True	3.845900000000003	aus+amar	CCC(C)C(C1=CC=CC=C1)C(=O)OCC[N+](C)(CC)CC	UPPMZCXMQRVMME-UHFFFAOYSA-N
CCC(C)C(N)C(=O)O	Isoleucine	amar_data_251+swe2_data_499	True	0.4443999999999999	amar+swe2	CC[C@H](C)[C@@H](C(=O)O)N	AGPKZVBTJJNPAG-WHFBIAKZSA-N
CCC(C)C(NC(=O)C(N)Cc1ccccc1)C(=O)O	JWBLQDDHSDGEGR-UHFFFAOYSA-N	amar_data_354+swe2_data_670	True	1.1718999999999995	amar+swe2	CC[C@H](C)[C@@H](C(=O)O)NC(=O)[C@H](CC1=CC=CC=C1)N	JWBLQDDHSDGEGR-DRZSPHRISA-N
CCC(C)C(NC(C)=O)C(=O)O	N-Acetyl-D-alloisoleucine	aus_data_337	True	0.6218000000000001	aus	CC[C@H](C)[C@H](C(=O)O)NC(=O)C	JDTWZSUNGHMMJM-CAHLUQPWSA-N
CCC(C)C1NC(=O)C2CCCN2C1=O	ZDACRNZBFJOLTC-UHFFFAOYSA-N	amar_data_326	True	0.5218999999999998	amar	CCC(C)C1C(=O)N2CCCC2C(=O)N1	ZDACRNZBFJOLTC-UHFFFAOYSA-N
CCC(C)CC(C)C=CCCC(O)C(Cc1ccc(O)cc1)NC	4-[(E)-3-Hydroxy-8,10-dimethyl-2-(methylamino)dodec-6-enyl]phenol	aus_data_28	True	4.292300000000004	aus	CCC(C)CC(C)/C=C/CCC(C(CC1=CC=C(C=C1)O)NC)O	RNCWKUCWPBNWOH-SOFGYWHQSA-N
CCC(C)OC(=O)N1CCCCC1CCO	Icaridin	aus_data_123+snf_data_2991+swe2_data_487	True	2.1584000000000008	aus+snf+swe2	CCC(C)OC(=O)N1CCCCC1CCO	QLHULAHOXSSASE-UHFFFAOYSA-N
CCC(CC)OC1C=C(C(=O)O)CC(N)C1NC(C)=O	Oseltamivir carboxylate	swe2_data_643	True	0.8069000000000008	swe2	CCC(CC)O[C@@H]1C=C(C[C@@H]([C@H]1NC(=O)C)N)C(=O)O	NENPYTRHICXVCS-YNEHKIRRSA-N
CCC(CCCCC(=O)O)c1ccc(S(=O)(=O)O)cc1	SPA-8C (SAMPLE)	swe2_data_746	True	3.071900000000001	swe2	CCC(CCCCC(=O)O)C1=CC=C(C=C1)S(=O)(=O)O	KNDYNZDDQSJMQR-UHFFFAOYSA-N
CCC(N)Cc1ccc2c(c1)OCO2	1,3-Benzodioxolylbutanamine	aus_data_4	True	1.6951	aus	CCC(CC1=CC2=C(C=C1)OCO2)N	VHMRXGAIDDCGDU-UHFFFAOYSA-N
CCC(c1cccc(O)c1)C(C)CN(C)C	Tapentadol	aus_data_237+amar_data_398+swe2_data_760	True	3.0835000000000017	aus+amar+swe2	CC[C@@H](C1=CC(=CC=C1)O)[C@@H](C)CN(C)C	KWTWDQCKEHXFFR-SMDDNHRTSA-N
CCC1(c2ccccc2)C(=O)NCNC1=O	Primidone	snf_data_195+swe2_data_699	True	0.5378999999999999	snf+swe2	CCC1(C(=O)NCNC1=O)C2=CC=CC=C2	DQMZLTXERSFNPB-UHFFFAOYSA-N
CCC1C(=O)NC(Cc2[nH]c(C=C3N=C(CC4NC(=O)C(C)C4CC)C(C)=C3CCC(=O)O)c(CCC(=O)O)c2C)C1C	Stercobilin	aus_data_351+amar_data_383+swe2_data_749	True	4.571120000000002	aus+amar+swe2	CC[C@@H]1[C@H](C(=O)N[C@H]1CC2=N/C(=C/C3=C(C(=C(N3)C[C@H]4[C@@H]([C@H](C(=O)N4)CC)C)C)CCC(=O)O)/C(=C2C)CCC(=O)O)C	TYOWQSLRVAUSMI-NPKPUNNESA-N
CCC1C(=O)OCC1Cc1cncn1C	Pilocarpine	aus_data_213+swe2_data_679	True	1.1618000000000002	aus+swe2	CC[C@H]1[C@H](COC1=O)CC2=CN=CN2C	QCHFTSOMWOSFHM-WPRPVWTQSA-N
CCC1CCNC(C(=O)NC(C(C)Cl)C2OC(SC)C(O)C(O)C2O)C1	Pirlimycin	swe2_data_685	True	0.0473000000000013	swe2	CC[C@@H]1CCN[C@@H](C1)C(=O)N[C@@H]([C@@H]2[C@@H]([C@@H]([C@H]([C@H](O2)SC)O)O)O)[C@H](C)Cl	HBJOXQRURQPDEX-MHXMMLMNSA-N
CCC1OC(=O)C(C)C(OC2CC(C)(OC)C(O)C(C)O2)C(C)C(OC2OC(C)CC(N(C)C)C2O)C(C)(OC)CC(C)C(=O)C(C)C(O)C1(C)O	Clarithromycin	amar_data_162	True	2.439700000000004	amar	CC[C@@H]1[C@@]([C@@H]([C@H](C(=O)[C@@H](C[C@@]([C@@H]([C@H]([C@@H]([C@H](C(=O)O1)C)O[C@H]2C[C@@]([C@H]([C@@H](O2)C)O)(C)OC)C)O[C@H]3[C@@H]([C@H](C[C@H](O3)C)N(C)C)O)(C)OC)C)C)O)(C)O	AGOYDEPGAOXOCK-KCBOHYOISA-N
CCC1OC(=O)CC(O)C(C)C(OC2OC(C)C(OC3CC(C)(O)C(O)C(C)O3)C(N(C)C)C2O)C(CC=O)CC(C)C(=O)C=CC(C)=CC1COC1OC(C)C(O)C(OC)C1OC	Tylosin	swe2_data_817	True	1.8335000000000103	swe2	CC[C@@H]1[C@H](/C=C(/C=C/C(=O)[C@@H](C[C@@H]([C@@H]([C@H]([C@@H](CC(=O)O1)O)C)O[C@H]2[C@@H]([C@H]([C@@H]([C@H](O2)C)O[C@H]3C[C@@]([C@H]([C@@H](O3)C)O)(C)O)N(C)C)O)CC=O)C)\C)CO[C@H]4[C@@H]([C@@H]([C@@H]([C@H](O4)C)O)OC)OC	WBPYTXDJUQJLPQ-VMXQISHHSA-N
CCC=CCC(O)C(O)C=CC(O)CCCCCCCC(=O)O	(10e,15z)-9,12,13-Trihydroxyoctadeca-10,15-dienoic acid	aus_data_319	True	2.796900000000001	aus	CC/C=C\CC(C(/C=C/C(CCCCCCCC(=O)O)O)O)O	MKYUCBXUUSZMQB-MKZMYESJSA-N
CCC=CCC(O)C(O)CCC(O)CCCCCCCC(=O)O	(15Z)-9,12,13-Trihydroxy-15-octadecenoic acid	aus_data_280	True	3.020900000000001	aus	CC/C=C\CC(C(CCC(CCCCCCCC(=O)O)O)O)O	DNWUYCUUEGGVPR-CLTKARDFSA-N
CCC=CCC1=C(C)CCC1=O	Jasmone	swe2_data_506	True	3.022100000000002	swe2	CC/C=C\CC1=C(CCC1=O)C	XMLSXPIVAXONDL-PLNGDYQASA-N
CCC=CCC1C(=O)CCC1CC(=O)O	Jasmonic acid	swe2_data_507	True	2.4127	swe2	CC/C=C\C[C@@H]1[C@H](CCC1=O)CC(=O)O	ZNJFBWYDHIGLCU-HWKXXFMVSA-N
CCC=CCC=CCC=CCC=CCC=CCC=CCCC(=O)OCC	Docosahexaenoic acid ethyl ester	aus_data_106	True	7.027400000000007	aus	CC/C=C\C/C=C\C/C=C\C/C=C\C/C=C\C/C=C\CCC(=O)OCC	ITNKVODZACVXDS-YNUSHXQLSA-N
CCC=CCC=CCC=CCC=CCC=CCCCCCC(=O)O	Docosapentaenoic acid	amar_data_195	True	6.772900000000006	amar	CC/C=C\C/C=C\C/C=C\C/C=C\C/C=C\CCCCCC(=O)O	YUFFSWGQGVEMMI-JLNKQSITSA-N
CCC=CCC=CCC=CCCCCCCCC(=O)O	Linolenic Acid 	aus_data_276+swe2_data_11	True	5.660500000000005	aus+swe2	CC/C=C\C/C=C\C/C=C\CCCCCCCC(=O)O	DTOSIQBPPRVQHS-PDBXOOCHSA-N
CCCC(C(=O)c1ccc(Cl)cc1)N1CCCC1	4-Chloro-alpha-pvp	amar_data_77	True	3.787200000000003	amar	CCCC(C(=O)C1=CC=C(C=C1)Cl)N2CCCC2	NIGBFBTVONRYQN-UHFFFAOYSA-N
CCCC(C)(COC(N)=O)COC(=O)NC(C)C	Carisoprodol	swe2_data_308	True	2.0227	swe2	CCCC(C)(COC(=O)N)COC(=O)NC(C)C	OFZCIYFFPZCNJE-UHFFFAOYSA-N
CCCC(CCC(=O)O)c1ccc(S(=O)(=O)O)cc1	C7SPC	swe2_data_296	True	2.681800000000001	swe2	CCCC(CCC(=O)O)C1=CC=C(C=C1)S(=O)(=O)O	DBANCWXFGWHFPK-UHFFFAOYSA-N
CCCC(CCC)C(N)=O	Valpromide	swe2_data_829	True	1.6881	swe2	CCCC(CCC)C(=O)N	OMOMUFTZPTXCHP-UHFFFAOYSA-N
CCCC(N)C(=O)O	Nva	swe2_data_635	True	0.1983999999999999	swe2	CCCC(C(=O)O)N	SNDPXSYFESPGGJ-UHFFFAOYSA-N
CCCC(NC(C)C(=O)N1C(C(=O)O)CC2CCCCC21)C(=O)OCC	Perindopril	snf_data_3026	True	1.940599999999999	snf	CCC[C@@H](C(=O)OCC)N[C@@H](C)C(=O)N1[C@H]2CCCC[C@H]2C[C@H]1C(=O)O	IPVQLZZIHOAWMC-QXKUPLGCSA-N
CCCC1CCCCN1	Coniine	aus_data_77+amar_data_192+swe2_data_395	True	1.9286	aus+amar+swe2	CCC[C@H]1CCCCN1	NDNUANOUGZGEPO-QMMMGPOBSA-N
CCCC1COC(Cn2cncn2)(c2ccc(Cl)cc2Cl)O1	Propiconazole	aus_data_226	True	3.653400000000003	aus	CCCC1COC(O1)(CN2C=NC=N2)C3=C(C=C(C=C3)Cl)Cl	STJLVHWMYQXCPB-UHFFFAOYSA-N
CCCCC(=O)N(Cc1ccc(-c2ccccc2-c2nn[nH]n2)cc1)C(C(=O)O)C(C)C	Valsartan	aus_data_356+amar_data_429+snf_data_2583	True	4.161700000000002	aus+amar+snf	CCCCC(=O)N(CC1=CC=C(C=C1)C2=CC=CC=C2C3=NNN=N3)[C@@H](C(C)C)C(=O)O	ACWBQPMHZXGDFX-QFIPXVFZSA-N
CCCCC(=O)O	Valeric acid	swe2_data_827	True	1.2612	swe2	CCCCC(=O)O	NQPDZGIKBAWPEJ-UHFFFAOYSA-N
CCCCC(CC)CN1C(=O)C2C3C=CC(C3)C2C1=O	MGK 264	swe2_data_574	True	3.009900000000002	swe2	CCCCC(CC)CN1C(=O)[C@H]2[C@@H]3C[C@H]([C@H]2C1=O)C=C3	WLLGXSLBOPFWQV-LFAHVKQVSA-N
CCCCC(CC)CNCC(CC)CCCC	Bis(2-ethylhexyl) amine	swe2_data_282	True	5.008800000000004	swe2	CCCCC(CC)CNCC(CC)CCCC	SAIKULLUBZKPDA-UHFFFAOYSA-N
CCCCC(CC)COC(=O)CC(C(=O)OCC(CC)CCCC)S(=O)(=O)O	Dioctyl sulfosuccinic acid	swe2_data_388	True	4.152100000000004	swe2	CCCCC(CC)COC(=O)CC(C(=O)OCC(CC)CCCC)S(=O)(=O)O	HNSDLXPSAYFUHK-UHFFFAOYSA-N
CCCCC(CC)COC(=O)c1ccccc1C(=O)O	2-(((2-Ethylhexyl)oxy)carbonyl)benzoic acid	aus_data_336+amar_data_282	True	3.758000000000002	aus+amar	CCCCC(CC)COC(=O)C1=CC=CC=C1C(=O)O	DJDSLBVSSOQSLW-UHFFFAOYSA-N
CCCCC(CCCCC(=O)O)c1ccc(S(=O)(=O)O)cc1	SPA-10C (SAMPLE)	swe2_data_744	True	3.852100000000002	swe2	CCCCC(CCCCC(=O)O)C1=CC=C(C=C1)S(=O)(=O)O	PLMAIIGPUFQJCH-UHFFFAOYSA-N
CCCCC(N)C(=O)O	L-Norleucine	aus_data_140	True	0.5884999999999998	aus	CCCC[C@@H](C(=O)O)N	LRQKBLKVPFOOQJ-YFKPBYRVSA-N
CCCCC(NC(C)=O)C(=O)O	2-(Acetylamino)hexanoic acid	aus_data_285	True	0.7659	aus	CCCCC(C(=O)O)NC(=O)C	JDMCEGLQFSOMQH-UHFFFAOYSA-N
CCCCC(O)C(=O)O	2-Hydroxycaproic acid	amar_data_41	True	0.6221	amar	CCCCC(C(=O)O)O	NYHNVHGFPZAZGA-UHFFFAOYSA-N
CCCCC1=NC2(CCCC2)C(=O)N1Cc1ccc(-c2ccccc2-c2nn[nH]n2)cc1	Irbesartan	aus_data_130+amar_data_247+snf_data_2774+swe2_data_497	True	4.777400000000004	aus+amar+snf+swe2	CCCCC1=NC2(CCCC2)C(=O)N1CC3=CC=C(C=C3)C4=CC=CC=C4C5=NNN=N5	YOSHYTLCDANDAN-UHFFFAOYSA-N
CCCCC=CC=CC=CCCCCCCCC(=O)O	alpha-Eleostearic acid	aus_data_275	True	5.660500000000005	aus	CCCC/C=C/C=C/C=C\CCCCCCCC(=O)O	CUXYLFPMQMFGPL-WPOADVJFSA-N
CCCCCC(=O)C=CC(=O)O	FA 9:2+1O	swe2_data_425	True	1.7766	swe2	CCCCCC(=O)/C=C/C(=O)O	QHYBPAALYZNWPK-VOTSOKGWSA-N
CCCCCC(=O)NCC(=O)O	Hexanoylglycine	amar_data_229+swe2_data_470	True	0.7674999999999998	amar+swe2	CCCCCC(=O)NCC(=O)O	UPCKIPHSXMXJOX-UHFFFAOYSA-N
CCCCCC(O)C(O)CC=CCCCCCCCC(=O)O	(+/-)12(13)-DiHOME	aus_data_0+swe2_data_421+swe2_data_0	True	4.050100000000003	aus+swe2	CCCCCC(C(CC=CCCCCCCCC(=O)O)O)O	CQSLTKIXAJTQGA-UHFFFAOYSA-N
CCCCCC(O)CC(=O)CCc1ccc(O)c(OC)c1	[6]-Gingerol	swe2_data_14	True	3.2338000000000022	swe2	CCCCC[C@@H](CC(=O)CCC1=CC(=C(C=C1)O)OC)O	NLDDIKRKFXEWBK-AWEZNQCLSA-N
CCCCCC=CC=CC(=O)CCCCCCCC(=O)O	9-Oxo-10(E),12(E)-octadecadienoic acid	aus_data_47	True	5.063500000000004	aus	CCCCC/C=C/C=C/C(=O)CCCCCCCC(=O)O	LUZSWWYKKLTDHU-SIGMCMEVSA-N
CCCCCC=CC=CC(=O)NCC(C)C	(2E,4E)-N-(2-methylpropyl)deca-2,4-dienamide	swe2_data_3	True	3.4513000000000016	swe2	CCCCC/C=C/C=C/C(=O)NCC(C)C	MAGQQZHFHJDIRE-BNFZFUHLSA-N
CCCCCC=CC=CC(O)CCCCCCCC(=O)O	9-HODE	swe2_data_219	True	4.855300000000003	swe2	CCCCC/C=C\C=C\C(CCCCCCCC(=O)O)O	NPDSHTNEKLQQIJ-ZJHFMPGASA-N
CCCCCC=CCC=CCC=CCC=CCCCC(=O)O	Arachidonic acid	amar_data_117	True	6.216700000000006	amar	CCCCC/C=C\C/C=C\C/C=C\C/C=C\CCCC(=O)O	YZXBAPSDXZZRGB-DOFZRALJSA-N
CCCCCC=CCC=CCCC=CCCCC(=O)O	Pinolenic acid	amar_data_356	True	5.660500000000005	amar	CCCCC/C=C\C/C=C\CC/C=C\CCCC(=O)O	HXQHFNIKBKZGRP-URPRIDOGSA-N
CCCCCC=CCC=CCCCCCCCC(=O)O	Linoleic acid	amar_data_270+swe2_data_535	True	5.884500000000005	amar+swe2	CCCCC/C=C\C/C=C\CCCCCCCC(=O)O	OYHQOLUKZRVURQ-HZJYTTRNSA-N
CCCCCCC#Cc1cncc(-c2nnc(SCc3ccccc3)n2C)c1	AQWTXPJMHNDSQP-UHFFFAOYSA-N	amar_data_52	True	5.491300000000005	amar	CCCCCCC#CC1=CC(=CN=C1)C2=NN=C(N2C)SCC3=CC=CC=C3	AQWTXPJMHNDSQP-UHFFFAOYSA-N
CCCCCCC(=O)O	Heptanoic acid	swe2_data_467	True	2.0414	swe2	CCCCCCC(=O)O	MNWFXJYAOYHMED-UHFFFAOYSA-N
CCCCCCC(CCC)c1ccc(S(=O)(=O)O)cc1	C10-LAS (TENTATIVE)	amar_data_136	True	4.787400000000004	amar	CCCCCCC(CCC)C1=CC=C(C=C1)S(=O)(=O)O	NANHIUZYPFDGJS-UHFFFAOYSA-N
CCCCCCC(N)C(=O)O	2-Aminooctanoic acid	aus_data_105+amar_data_194+swe2_data_397	True	1.3687	aus+amar+swe2	CCCCCCC(C(=O)O)N	AKVBCGQVQXPRLD-UHFFFAOYSA-N
CCCCCCC(O)CC=CCCCCCCCC(=O)O	(9Z,12R)-12-Hydroxyoctadec-9-enoic acid	swe2_data_8	True	5.079300000000004	swe2	CCCCCC[C@H](C/C=C\CCCCCCCC(=O)O)O	WBHHMMIMDMUBKC-QJWNTBNXSA-N
CCCCCCC=CCCCCCCCC(=O)O	Palmitoleic acid	aus_data_192+amar_data_341+swe2_data_648	True	5.328300000000005	aus+amar+swe2	CCCCCC/C=C\CCCCCCCC(=O)O	SECPZKHBENQXJG-FPLPWBNLSA-N
CCCCCCC=CCCCCCCCC(=O)OCC	Ethyl palmitoleate	aus_data_111	True	5.806800000000006	aus	CCCCCC/C=C\CCCCCCCC(=O)OCC	JELGPLUONQGOHF-KTKRTIGZSA-N
CCCCCCCC(=O)O	Caprylic acid	swe2_data_304	True	2.4315	swe2	CCCCCCCC(=O)O	WWZKQHOCKIZLMA-UHFFFAOYSA-N
CCCCCCCC(O)CC(=O)O	3-Hydroxydecanoic acid	aus_data_296+amar_data_61	True	2.1825	aus+amar	CCCCCCCC(CC(=O)O)O	FYSSBMZUBSBFJL-UHFFFAOYSA-N
CCCCCCCC=CC(=O)O	cis-2-Decenoic acid	swe2_data_320	True	2.987700000000001	swe2	CCCCCCC/C=C\C(=O)O	WXBXVVIUZANZAU-HJWRWDBZSA-N
CCCCCCCCC(=O)O	Nonanoic acid	swe2_data_632	True	2.821600000000001	swe2	CCCCCCCCC(=O)O	FBUKVWPVBMHYJY-UHFFFAOYSA-N
CCCCCCCCC=CCCCCCCCC(N)=O	Oleamide	aus_data_190	True	5.509200000000005	aus	CCCCCCCC/C=C\CCCCCCCC(=O)N	FATBGEAMYMYZAF-KTKRTIGZSA-N
CCCCCCCCCC(=O)O	Decanoic acid	swe2_data_358	True	3.2117000000000013	swe2	CCCCCCCCCC(=O)O	GHVNFZFCNZKVNT-UHFFFAOYSA-N
CCCCCCCCCC(N)=O	Decanamide	aus_data_90+swe2_data_357	True	2.6124	aus+swe2	CCCCCCCCCC(=O)N	TUTWLYPCGCUWQI-UHFFFAOYSA-N
CCCCCCCCCCC(=O)O	Undecanoic acid	swe2_data_821	True	3.6018000000000017	swe2	CCCCCCCCCCC(=O)O	ZDPHROOEEOARMN-UHFFFAOYSA-N
CCCCCCCCCCC1C(=O)OC(C(=O)O)C1(O)C(=O)O	4-decyl-3-hydroxy-5-oxooxolane-2,3-dicarboxylic acid	swe2_data_161	True	1.9591	swe2	CCCCCCCCCCC1C(=O)OC(C1(C(=O)O)O)C(=O)O	NBMBQDMXBCIEMX-UHFFFAOYSA-N
CCCCCCCCCCCC(=O)N(C)CC(=O)O	N-Dodecanoyl-N-methylglycine	amar_data_316+swe2_data_610	True	3.4503000000000013	amar+swe2	CCCCCCCCCCCC(=O)N(C)CC(=O)O	BACYUWVYYTXETD-UHFFFAOYSA-N
CCCCCCCCCCCC(=O)N(CCO)CCO	Lauryl diethanolamide	amar_data_259+swe2_data_518	True	2.720500000000001	amar+swe2	CCCCCCCCCCCC(=O)N(CCO)CCO	AOMUHOFOVNGZAN-UHFFFAOYSA-N
CCCCCCCCCCCC(=O)NCC(C)O	Lauric isopropanolamide	swe2_data_517	True	3.404300000000001	swe2	CCCCCCCCCCCC(=O)NCC(C)O	MMBILEWCGWTAOV-UHFFFAOYSA-N
CCCCCCCCCCCC(=O)NCCCN(C)C	N-[3-(Dimethylamino)propyl]dodecanamide	swe2_data_591	True	3.9752000000000014	swe2	CCCCCCCCCCCC(=O)NCCCN(C)C	TWMFGCHRALXDAR-UHFFFAOYSA-N
CCCCCCCCCCCC(=O)NCCC[N+](C)(C)CC(=O)[O-]	Lauramidopropyl betaine	swe2_data_515	True	2.2399000000000004	swe2	CCCCCCCCCCCC(=O)NCCC[N+](C)(C)CC(=O)[O-]	MRUAUOIMASANKQ-UHFFFAOYSA-N
CCCCCCCCCCCC(=O)NCCO	N-lauroylethanolamine	swe2_data_619	True	3.015800000000001	swe2	CCCCCCCCCCCC(=O)NCCO	QZXSMBBFBXPQHI-UHFFFAOYSA-N
CCCCCCCCCCCC(=O)O	Lauric acid	amar_data_258+swe2_data_516	True	3.991900000000002	amar+swe2	CCCCCCCCCCCC(=O)O	POULHZVOKOAJMA-UHFFFAOYSA-N
CCCCCCCCCCCC(=O)OCCOCCOCCOCCOCCO	PEG Monolaurate n5	swe2_data_657	True	3.509200000000003	swe2	CCCCCCCCCCCC(=O)OCCOCCOCCOCCOCCO	ODGZOZAHFLIINP-UHFFFAOYSA-N
CCCCCCCCCCCC(=O)OCCOCCOCCOCCOCCOCCO	PEG Monolaurate n6	swe2_data_658	True	3.5258000000000025	swe2	CCCCCCCCCCCC(=O)OCCOCCOCCOCCOCCOCCO	IDTQVQPVUYLMJJ-UHFFFAOYSA-N
CCCCCCCCCCCC(O)CC(=O)O	(R)-3-Hydroxy myristic acid	swe2_data_9	True	3.7429000000000014	swe2	CCCCCCCCCCC[C@H](CC(=O)O)O	ATRNZOYKSNPPBF-CYBMUJFWSA-N
CCCCCCCCCCCC=CCCCCC(=O)O	Petroselaidic acid	amar_data_414	True	6.108500000000007	amar	CCCCCCCCCCC/C=C/CCCCC(=O)O	CNVZJPUDSLNTQU-OUKQBFOZSA-N
CCCCCCCCCCCCC(=O)O	Tridecylic acid	swe2_data_799	True	4.382000000000003	swe2	CCCCCCCCCCCCC(=O)O	SZHOJFHSIKHZHA-UHFFFAOYSA-N
CCCCCCCCCCCCC(O)C(=O)O	2-Hydroxymyristic acid	amar_data_43+swe2_data_84	True	3.742900000000002	amar+swe2	CCCCCCCCCCCCC(C(=O)O)O	JYZJYKOZGGEXSX-UHFFFAOYSA-N
CCCCCCCCCCCCCC(=O)N(CCO)CCO	N,N-Bis(2-hydroxyethyl)tetradecanamide	amar_data_298+swe2_data_584	True	3.5007000000000024	amar+swe2	CCCCCCCCCCCCCC(=O)N(CCO)CCO	SKDZEPBJPGSFHS-UHFFFAOYSA-N
CCCCCCCCCCCCCC(=O)NCCC[N+](C)(C)CC(=O)[O-]	Myristamidopropyl betaine	swe2_data_581	True	3.020100000000001	swe2	CCCCCCCCCCCCCC(=O)NCCC[N+](C)(C)CC(=O)[O-]	QGCUAFIULMNFPJ-UHFFFAOYSA-N
CCCCCCCCCCCCCCCC(=O)NCCO	Palmitoyl ethanolamide	aus_data_193+amar_data_342	True	4.576200000000004	aus+amar	CCCCCCCCCCCCCCCC(=O)NCCO	HXYVTAGFYLMHSO-UHFFFAOYSA-N
CCCCCCCCCCCCCCCC(N)=O	Hexadecanamide	swe2_data_469	True	4.953000000000004	swe2	CCCCCCCCCCCCCCCC(=O)N	HSEMFIZWXHQJAE-UHFFFAOYSA-N
CCCCCCCCCCCCCCCCC(O)C(=O)O	(R)-2-hydroxystearic acid	amar_data_2	True	5.3033000000000055	amar	CCCCCCCCCCCCCCCC[C@H](C(=O)O)O	KIHBGTRZFAVZRV-QGZVFWFLSA-N
CCCCCCCCCCCCCCCCCC(=O)NCCCN(C)C	N-(3-Dimethylaminopropyl)octadecamide	swe2_data_583	True	6.315800000000007	swe2	CCCCCCCCCCCCCCCCCC(=O)NCCCN(C)C	WWVIUVHFPSALDO-UHFFFAOYSA-N
CCCCCCCCCCCCCCCCCCN	Octadecanamine	swe2_data_637	True	6.206600000000005	swe2	CCCCCCCCCCCCCCCCCCN	REYJJPSVUYRZGE-UHFFFAOYSA-N
CCCCCCCCCCCCCCCCNc1ccc(C(=O)O)cc1	Cetaben	swe2_data_311	True	7.278000000000008	swe2	CCCCCCCCCCCCCCCCNC1=CC=C(C=C1)C(=O)O	QXWKHSSBFQDQPR-UHFFFAOYSA-N
CCCCCCCCCCCCCCN	1-Tetradecylamine	aus_data_2+amar_data_400+swe2_data_774	True	4.646200000000003	aus+amar+swe2	CCCCCCCCCCCCCCN	PLZVEHJLHYMBBY-UHFFFAOYSA-N
CCCCCCCCCCCCCCN(C)C	N,N-Dimethyltetradecylamine	swe2_data_587	True	5.249100000000005	swe2	CCCCCCCCCCCCCCN(C)C	SFBHPFQSSDCYSL-UHFFFAOYSA-N
CCCCCCCCCCCCCCOS(=O)(=O)O	Tetradecylsulfate	swe2_data_775	True	4.506900000000004	swe2	CCCCCCCCCCCCCCOS(=O)(=O)O	URLJMZWTXZTZRR-UHFFFAOYSA-N
CCCCCCCCCCCCCC[N+](C)(C)[O-]	N,N-Dimethyltetradecylamine-N-oxide	swe2_data_588	True	5.261700000000005	swe2	CCCCCCCCCCCCCC[N+](C)(C)[O-]	ONHFWHCMZAJCFB-UHFFFAOYSA-N
CCCCCCCCCCCCN(CCO)CCO	Lauryldiethanolamine	swe2_data_519	True	3.1939000000000024	swe2	CCCCCCCCCCCCN(CCO)CCO	NKFNBVMJTSYZDV-UHFFFAOYSA-N
CCCCCCCCCCCCNC	N-Methyldodecylamine	swe2_data_625	True	4.126700000000003	swe2	CCCCCCCCCCCCNC	OMEMQVZNTDHENJ-UHFFFAOYSA-N
CCCCCCCCCCCCOCCOCCO	AZLWQVJVINEILY-UHFFFAOYSA-N	amar_data_137+swe2_data_287	True	3.9328000000000034	amar+swe2	CCCCCCCCCCCCOCCOCCO	AZLWQVJVINEILY-UHFFFAOYSA-N
CCCCCCCCCCCCOCCOCCOCCO	FKMHSNTVILORFA-UHFFFAOYSA-N	amar_data_138+swe2_data_288	True	3.949400000000004	amar+swe2	CCCCCCCCCCCCOCCOCCOCCO	FKMHSNTVILORFA-UHFFFAOYSA-N
CCCCCCCCCCCCOCCOCCOCCOCCO	WPMWEFXCIYCJSA-UHFFFAOYSA-N	amar_data_139+swe2_data_289	True	3.9660000000000033	amar+swe2	CCCCCCCCCCCCOCCOCCOCCOCCO	WPMWEFXCIYCJSA-UHFFFAOYSA-N
CCCCCCCCCCCCOCCOCCOCCOCCOCCO	LAPRIVJANDLWOK-UHFFFAOYSA-N	amar_data_140	True	3.982600000000004	amar	CCCCCCCCCCCCOCCOCCOCCOCCOCCO	LAPRIVJANDLWOK-UHFFFAOYSA-N
CCCCCCCCCCCCOCCOCCOCCOCCOCCOCCO	OJCFEGKCRWEVSN-UHFFFAOYSA-N	amar_data_141+swe2_data_290	True	3.999200000000003	amar+swe2	CCCCCCCCCCCCOCCOCCOCCOCCOCCOCCO	OJCFEGKCRWEVSN-UHFFFAOYSA-N
CCCCCCCCCCCCOCCOCCOCCOCCOCCOCCOCCO	DWHIUNMOTRUVPG-UHFFFAOYSA-N	amar_data_142+swe2_data_291	True	4.015800000000003	amar+swe2	CCCCCCCCCCCCOCCOCCOCCOCCOCCOCCOCCO	DWHIUNMOTRUVPG-UHFFFAOYSA-N
CCCCCCCCCCCCOCCOCCOCCOCCOCCOCCOCCOCCO	YYELLDKEOUKVIQ-UHFFFAOYSA-N	amar_data_143+swe2_data_292	True	4.032400000000004	amar+swe2	CCCCCCCCCCCCOCCOCCOCCOCCOCCOCCOCCOCCO	YYELLDKEOUKVIQ-UHFFFAOYSA-N
CCCCCCCCCCCCOCCOCCOCCOCCOCCOCCOCCOCCOCCO	ONJQDTZCDSESIW-UHFFFAOYSA-N	amar_data_144+swe2_data_293	True	4.049000000000006	amar+swe2	CCCCCCCCCCCCOCCOCCOCCOCCOCCOCCOCCOCCOCCO	ONJQDTZCDSESIW-UHFFFAOYSA-N
CCCCCCCCCCCCOS(=O)(=O)O	Dodecyl sulfate	aus_data_328+swe2_data_402	True	3.726700000000002	aus+swe2	CCCCCCCCCCCCOS(=O)(=O)O	MOTZDAYCYVMXPC-UHFFFAOYSA-N
CCCCCCCCCCCCS(=O)(=O)O	1-Dodecanesulfonic acid	swe2_data_40	True	3.7951000000000015	swe2	CCCCCCCCCCCCS(=O)(=O)O	LDMOEFOXLIZJOW-UHFFFAOYSA-N
CCCCCCCCCCCC[N+](C)(C)C	Dodecyltrimethylammonium	swe2_data_403	True	4.613500000000005	swe2	CCCCCCCCCCCC[N+](C)(C)C	VICYBMUVWHJEFT-UHFFFAOYSA-N
CCCCCCCCCCCC[N+](C)(C)[O-]	N,N-Dimethyldodecylamine N-oxide	amar_data_300+swe2_data_586	True	4.481500000000004	amar+swe2	CCCCCCCCCCCC[N+](C)(C)[O-]	SYELZBGXAIXKHU-UHFFFAOYSA-N
CCCCCCCCCCCCc1ccc(S(=O)(=O)O)cc1	4-Dodecylbenzenesulfonic acid	aus_data_306	True	5.3967000000000045	aus	CCCCCCCCCCCCC1=CC=C(C=C1)S(=O)(=O)O	KWXICGTUELOLSQ-UHFFFAOYSA-N
CCCCCCCCCCN(C)C	N,N-Dimethyldecylamine	swe2_data_585	True	3.6887000000000025	swe2	CCCCCCCCCCN(C)C	YWWNNLPSZSEZNZ-UHFFFAOYSA-N
CCCCCCCCCCOS(=O)(=O)[O-]	Sodium decyl sulfate	swe2_data_740	True	2.603900000000001	swe2	CCCCCCCCCCOS(=O)(=O)[O-].[Na+]	XZTJQQLJJCXOLP-UHFFFAOYSA-M
CCCCCCCCCC[N+](C)(C)CCCCCCCCCC	Didecyldimethylammonium	amar_data_185	True	7.344200000000009	amar	CCCCCCCCCC[N+](C)(C)CCCCCCCCCC	JGFDZZLUDWMUQH-UHFFFAOYSA-N
CCCCCCCCCC[N+](C)(C)[O-]	N,N-Dimethyldecylamine oxide	amar_data_299	True	3.7013000000000025	amar	CCCCCCCCCC[N+](C)(C)[O-]	ZRKZFNZPJKEWPC-UHFFFAOYSA-N
CCCCCCCCCc1ccc(O)cc1	4-Nonylphenol	swe2_data_183	True	4.685300000000005	swe2	CCCCCCCCCC1=CC=C(C=C1)O	IGFHQQFPSIBGKE-UHFFFAOYSA-N
CCCCCCCCCc1ccc(OCC(=O)O)cc1	NISAHDHKGPWBEM-UHFFFAOYSA-N	amar_data_331+swe2_data_634	True	4.443100000000003	amar+swe2	CCCCCCCCCC1=CC=C(C=C1)OCC(=O)O	NISAHDHKGPWBEM-UHFFFAOYSA-N
CCCCCCCCN(C)CCCCCCCC	N-Methyldioctylamine	swe2_data_624	True	5.639200000000006	swe2	CCCCCCCCN(C)CCCCCCCC	YJLYANLCNIKXMG-UHFFFAOYSA-N
CCCCCCCCN1CCCC1=O	N-Octyl-2-pyrrolidone	swe2_data_631	True	2.9693000000000014	swe2	CCCCCCCCN1CCCC1=O	WPPOGHDFAVQKLN-UHFFFAOYSA-N
CCCCCCCCNC	N-Methyloctan-1-amine	swe2_data_628	True	2.566300000000001	swe2	CCCCCCCCNC	SEGJNMCIMOLEDM-UHFFFAOYSA-N
CCCCCCCCNC(O)CCc1ccc(O)c(OC)c1	Dihydoroferuloyl Octylamine	swe2_data_381	True	3.6019000000000023	swe2	CCCCCCCCNC(CCC1=CC(=C(C=C1)O)OC)O	HNHHAOUUFVYDEW-UHFFFAOYSA-N
CCCCCCCCOC1OC(CO)C(O)C(O)C1O	Octyl glucoside	aus_data_346	True	0.1633999999999998	aus	CCCCCCCCOC1[C@@H]([C@H]([C@@H]([C@H](O1)CO)O)O)O	HEGSGKPQLMEBJL-RQICVUQASA-N
CCCCCCCCc1ccc(CCC(N)(CO)CO)cc1	Fingolimod	swe2_data_432	True	3.204300000000001	swe2	CCCCCCCCC1=CC=C(C=C1)CCC(CO)(CO)N	KKGQTZUTZRNORY-UHFFFAOYSA-N
CCCCCCCCn1sccc1=O	2-Octyl-3(2H)-isothiazolone	swe2_data_100	True	3.2703000000000024	swe2	CCCCCCCCN1C(=O)C=CS1	JPMIIZHYYWMHDT-UHFFFAOYSA-N
CCCCCOC(=O)Nc1nc(=O)n(C2OC(C)C(O)C2O)cc1F	Capecitabine	snf_data_2845+swe2_data_302	True	0.7601999999999995	snf+swe2	CCCCCOC(=O)NC1=NC(=O)N(C=C1F)[C@H]2[C@@H]([C@@H]([C@H](O2)C)O)O	GAGWJHPBXLXJQN-UORFTKCHSA-N
CCCCCc1cccc(=O)o1	6-Pentyl-2H-pyran-2-one	swe2_data_210	True	2.3725000000000005	swe2	CCCCCC1=CC=CC(=O)O1	MAUFTTLGOUBZNA-UHFFFAOYSA-N
CCCCN1CCCCC1C(=O)Nc1c(C)cccc1C	Bupivacaine	swe2_data_284	True	3.8965400000000026	swe2	CCCCN1CCCCC1C(=O)NC2=C(C=CC=C2C)C	LEBVLXFERQHONN-UHFFFAOYSA-N
CCCCNS(=O)(=O)c1ccccc1	N-Butylbenzenesulfonamide	swe2_data_606	True	1.7650000000000003	swe2	CCCCNS(=O)(=O)C1=CC=CC=C1	IPRJXAGUEGOFGG-UHFFFAOYSA-N
CCCCNc1ccc(C(=O)OCCN(C)C)cc1	Tetracaine	swe2_data_772	True	2.617000000000001	swe2	CCCCNC1=CC=C(C=C1)C(=O)OCCN(C)C	GKCBAIGFKIBETG-UHFFFAOYSA-N
CCCCOC(=O)CC(CC(=O)OCCCC)(OC(C)=O)C(=O)OCCCC	Acetyl tributyl citrate	swe2_data_224	True	3.0984000000000016	swe2	CCCCOC(=O)CC(CC(=O)OCCCC)(C(=O)OCCCC)OC(=O)C	QZCLKYGREBVARF-UHFFFAOYSA-N
CCCCOC(=O)c1ccc(N)cc1	Butyl 4-aminobenzoate	swe2_data_286	True	2.2257	swe2	CCCCOC(=O)C1=CC=C(C=C1)N	IUWVALYLNVXWKX-UHFFFAOYSA-N
CCCCOC(=O)c1ccc(O)cc1	Butylparaben	aus_data_316	True	2.349100000000001	aus	CCCCOC(=O)C1=CC=C(C=C1)O	QFOHBWFCKVYLES-UHFFFAOYSA-N
CCCCOC(=O)c1ccccc1C(=O)OCc1ccccc1	Benzyl butyl phthalate	swe2_data_275	True	4.000500000000003	swe2	CCCCOC(=O)C1=CC=CC=C1C(=O)OCC2=CC=CC=C2	IRIAEXORFWYRCZ-UHFFFAOYSA-N
CCCCOCC(=O)O	2-Butoxyacetic acid	amar_data_37+swe2_data_74	True	0.8877000000000002	amar+swe2	CCCCOCC(=O)O	AJQOASGWDCBKCJ-UHFFFAOYSA-N
CCCCOCCOCCO	DIETHYLENE GLYCOL MONOBUTYL ETHER	amar_data_187+swe2_data_378	True	0.812	amar+swe2	CCCCOCCOCCO	OAYXUHPQHDHDDZ-UHFFFAOYSA-N
CCCCOCCOCCOCCO	Triethylene glycol monobutyl ether	aus_data_258+swe2_data_801	True	0.8286	aus+swe2	CCCCOCCOCCOCCO	COBPKKZHLDDMTB-UHFFFAOYSA-N
CCCCOCCOP(=O)(OCCOCCCC)OCCOCCCC	Tris(2-butoxyethyl) phosphate	aus_data_263+swe2_data_814	True	4.594400000000005	aus+swe2	CCCCOCCOP(=O)(OCCOCCCC)OCCOCCCC	WTLBZVNBAKMVDP-UHFFFAOYSA-N
CCCCOP(=O)(O)OCCCC	Dibutyl phosphate	aus_data_97+swe2_data_386	True	2.720200000000001	aus+swe2	CCCCOP(=O)(O)OCCCC	JYFHYPJRHGVZDY-UHFFFAOYSA-N
CCCCOP(=O)(OCCCC)OCCCC	Tributyl phosphate	aus_data_255	True	4.544600000000004	aus	CCCCOP(=O)(OCCCC)OCCCC	STCOOQWBFONSKY-UHFFFAOYSA-N
CCCCOc1cc(C(=O)NCCN(CC)CC)c2ccccc2n1	Dibucaine	swe2_data_372	True	3.4853000000000023	swe2	CCCCOC1=NC2=CC=CC=C2C(=C1)C(=O)NCCN(CC)CC	PUFQVTATUTYEAL-UHFFFAOYSA-N
CCCCOc1ccc(CC(=O)NO)cc1	Bufexamac	swe2_data_283	True	1.9134	swe2	CCCCOC1=CC=C(C=C1)CC(=O)NO	MXJWRABVEGLYDG-UHFFFAOYSA-N
CCCCS(=O)(=O)O	1-Butanesulfonic acid	swe2_data_39	True	0.6743000000000001	swe2	CCCCS(=O)(=O)O	QDHFHIQKOVNCNC-UHFFFAOYSA-N
CCCCc1nc(Cl)c(CO)n1Cc1ccc(-c2ccccc2-c2nn[nH]n2)cc1	Losartan	amar_data_271+snf_data_2794	True	4.266800000000004	amar+snf	CCCCC1=NC(=C(N1CC2=CC=C(C=C2)C3=CC=CC=C3C4=NNN=N4)CO)Cl	PSIFNNKUMBGKDQ-UHFFFAOYSA-N
CCCCc1ncc(C=C(Cc2cccs2)C(=O)O)n1Cc1ccc(C(=O)O)cc1	Eprosartan	aus_data_110+swe2_data_413	True	4.744400000000003	aus+swe2	CCCCC1=NC=C(N1CC2=CC=C(C=C2)C(=O)O)/C=C(\CC3=CC=CS3)/C(=O)O	OROAFUQRIXKEMV-LDADJPATSA-N
CCCCc1oc2ccc(NS(C)(=O)=O)cc2c1C(=O)c1ccc(OCCCN(CCCC)CCCC)cc1	Dronedarone	swe2_data_406	True	7.049000000000008	swe2	CCCCC1=C(C2=C(O1)C=CC(=C2)NS(=O)(=O)C)C(=O)C3=CC=C(C=C3)OCCCN(CCCC)CCCC	ZQTNQVWKHCQYLQ-UHFFFAOYSA-N
CCCCc1oc2ccccc2c1C(=O)c1cc(I)c(OCCN(CC)CC)c(I)c1	Amiodarone	swe2_data_248	True	6.936200000000007	swe2	CCCCC1=C(C2=CC=CC=C2O1)C(=O)C3=CC(=C(C(=C3)I)OCCN(CC)CC)I	IYIKLHRQXLHMJQ-UHFFFAOYSA-N
CCCN(CC)CC1COC2(CCC(C(C)(C)C)CC2)O1	Spiroxamine	swe2_data_748	True	4.066300000000004	swe2	CCCN(CC)CC1COC2(O1)CCC(CC2)C(C)(C)C	PUYXTUJWRLOUCW-UHFFFAOYSA-N
CCCN(CCC)S(=O)(=O)c1ccc(C(=O)O)cc1	Probenecid	swe2_data_700	True	2.1955	swe2	CCCN(CCC)S(=O)(=O)C1=CC=C(C=C1)C(=O)O	DBABZHXKTCFAPX-UHFFFAOYSA-N
CCCNC(C)(C)COC(=O)c1ccccc1	Meprylcaine	aus_data_153	True	2.621600000000001	aus	CCCNC(C)(C)COC(=O)C1=CC=CC=C1	VXJABHHJLXLNMP-UHFFFAOYSA-N
CCCNC(C)C(=O)Nc1ccccc1C	Prilocaine	swe2_data_698	True	2.32162	swe2	CCCNC(C)C(=O)NC1=CC=CC=C1C	MVFGUOIZUNYYSO-UHFFFAOYSA-N
CCCOC(=O)NCCCN(C)C	Propamocarb	aus_data_225	True	1.0742999999999998	aus	CCCOC(=O)NCCCN(C)C	WZZLDXDUQPOXNW-UHFFFAOYSA-N
CCCOC(=O)c1ccc(O)cc1	Propylparaben	amar_data_365+swe2_data_709	True	1.959	amar+swe2	CCCOC(=O)C1=CC=C(C=C1)O	QELSKZZBTMNZEB-UHFFFAOYSA-N
CCCOCCCCCCCCCC(=O)O	10-Propoxydecanoic acid	swe2_data_33	True	3.618400000000002	swe2	CCCOCCCCCCCCCC(=O)O	HSRAJJQTYQHRSA-UHFFFAOYSA-N
CCCSc1ccc2nc(NC(=O)OC)[nH]c2c1	Albendazole	swe2_data_238	True	3.2433000000000005	swe2	CCCSC1=CC2=C(C=C1)N=C(N2)NC(=O)OC	HXHWSAZORRCQMX-UHFFFAOYSA-N
CCCc1nc(C(C)(C)O)c(C(=O)O)n1Cc1ccc(-c2ccccc2-c2nn[nH]n2)cc1	Olmesartan	amar_data_335+snf_data_4229+swe2_data_639	True	3.656600000000002	amar+snf+swe2	CCCC1=NC(=C(N1CC2=CC=C(C=C2)C3=CC=CC=C3C4=NNN=N4)C(=O)O)C(C)(C)O	VTRAEEWXHOVJFV-UHFFFAOYSA-N
CCCc1nc2c(C)cc(-c3nc4ccccc4n3C)cc2n1Cc1ccc(-c2ccccc2C(=O)O)cc1	Telmisartan	aus_data_240+amar_data_399+swe2_data_764	True	7.2644200000000065	aus+amar+swe2	CCCC1=NC2=C(N1CC3=CC=C(C=C3)C4=CC=CC=C4C(=O)O)C=C(C=C2C)C5=NC6=CC=CC=C6N5C	RMMXLENWKUUMAY-UHFFFAOYSA-N
CCN(C(C)C)C(C)C	N,N-Diisopropylethylamine (DIPEA)	aus_data_178	True	2.1251	aus	CCN(C(C)C)C(C)C	JGFZNNIVVJXRND-UHFFFAOYSA-N
CCN(C)C(=O)Oc1cccc(C(C)N(C)C)c1	Rivastigmine	snf_data_2844+swe2_data_727	True	2.7597000000000014	snf+swe2	CCN(C)C(=O)OC1=CC=CC(=C1)[C@H](C)N(C)C	XSVMFMHYUFZWBK-NSHDSACASA-N
CCN(CC)C(=O)C(C#N)=Cc1cc(O)c(O)c([N+](=O)[O-])c1	Entacapone	snf_data_11020	True	1.7813800000000002	snf	CCN(CC)C(=O)/C(=C/C1=CC(=C(C(=C1)O)O)[N+](=O)[O-])/C#N	JRURYQJSLYLRLN-BJMVGYQFSA-N
CCN(CC)C(=O)C(C)Oc1cccc2ccccc12	Napropamide	snf_data_120	True	3.475500000000002	snf	CCN(CC)C(=O)C(C)OC1=CC=CC2=CC=CC=C21	WXZVAROIGSFCFJ-UHFFFAOYSA-N
CCN(CC)C(=O)c1ccc[n+](O)c1	N,N-Diethylnicotinamide 1-oxide	aus_data_184	True	0.6933999999999998	aus	CCN(CC)C(=O)C1=C[N+](=CC=C1)O	QMPOHHADZJQKJS-UHFFFAOYSA-N
CCN(CC)C(=O)c1cccc(C)c1	DEET	aus_data_91+amar_data_178+snf_data_213+swe2_data_361	True	2.4770200000000004	aus+amar+snf+swe2	CCN(CC)C(=O)C1=CC=CC(=C1)C	MMOXZBCLCQITDF-UHFFFAOYSA-N
CCN(CC)CC(=O)Nc1c(C)cccc1C	Lidocaine	aus_data_150+amar_data_269+swe2_data_533	True	2.5837400000000006	aus+amar+swe2	CCN(CC)CC(=O)NC1=C(C=CC=C1C)C	NNJVILVZKWQKPM-UHFFFAOYSA-N
CCN(CC)CC(=O)Nc1c(C)cccc1C(=O)OC	Tolycaine	aus_data_250+amar_data_409	True	2.06192	aus+amar	CCN(CC)CC(=O)NC1=C(C=CC=C1C(=O)OC)C	UDKICLZCJWQTLS-UHFFFAOYSA-N
CCN(CC)CCNC(=O)c1cc(Cl)c(N)cc1OC	Metoclopramide	snf_data_2781+swe2_data_568	True	2.0024	snf+swe2	CCN(CC)CCNC(=O)C1=CC(=C(C=C1OC)N)Cl	TTWJBBZEZQICBI-UHFFFAOYSA-N
CCN(CC)CCO	N,N-Diethylethanolamine	aus_data_177	True	0.3205	aus	CCN(CC)CCO	BFSVOASYOCHEOV-UHFFFAOYSA-N
CCN(CC)CCOC(=O)c1ccc(N)cc1	Procaine	swe2_data_701	True	1.7674	swe2	CCN(CC)CCOC(=O)C1=CC=C(C=C1)N	MFDFERRIHVXMIY-UHFFFAOYSA-N
CCN(CC)c1ccc(C(=C2C=CC(=[N+](CC)CC)C=C2)c2ccc(N(CC)CC)cc2)cc1	Ethyl violet	swe2_data_415	True	6.800200000000008	swe2	CCN(CC)C1=CC=C(C=C1)C(=C2C=CC(=[N+](CC)CC)C=C2)C3=CC=C(C=C3)N(CC)CC.[Cl-]	JVICFMRAVNKDOE-UHFFFAOYSA-M
CCN(CCO)CCCC(C)Nc1ccnc2cc(Cl)ccc12	Hydroxychloroquine	snf_data_10436+swe2_data_479	True	3.783000000000002	snf+swe2	CCN(CCCC(C)NC1=C2C=CC(=CC2=NC=C1)Cl)CCO	XXSMGPRMXLTPCZ-UHFFFAOYSA-N
CCN1CCCC1CNC(=O)c1cc(S(=O)(=O)CC)c(N)cc1OC	Amisulpride	aus_data_57+amar_data_112+snf_data_2852+swe2_data_249	True	1.2851000000000006	aus+amar+snf+swe2	CCN1CCCC1CNC(=O)C2=CC(=C(C=C2OC)N)S(=O)(=O)CC	NTJOBXMMWNYJFB-UHFFFAOYSA-N
CCN1CCN(C(=O)NC(C(=O)NC2C(=O)N3C2SC(C)(C)C3C(=O)[O-])c2ccccc2)C(=O)C1=O	Piperacillin sodium salt	swe2_data_681	True	-1.574999999999993	swe2	CCN1CCN(C(=O)C1=O)C(=O)N[C@H](C2=CC=CC=C2)C(=O)N[C@H]3[C@@H]4N(C3=O)[C@H](C(S4)(C)C)C(=O)[O-].[Na+]	WCMIIGXFCMNQDS-IDYPWDAWSA-M
CCNC(=O)C(C)OC(=O)Nc1ccccc1	Carbetamide	snf_data_136	True	1.7596999999999998	snf	CCNC(=O)[C@@H](C)OC(=O)NC1=CC=CC=C1	AMRQXHFXNZFDCH-SECBINFHSA-N
CCNC(=O)C1CC(C)CCC1C(C)C	N-Ethyl-4-menthane-3-carboxamide	amar_data_318	True	2.830900000000001	amar	CCNC(=O)C1CC(CCC1C(C)C)C	VUNOFAIHSALQQH-UHFFFAOYSA-N
CCNC(C)Cc1ccc2c(c1)OOC2	3,4-Methylenedioxy-N-ethylamphetamine (MDEA)	swe2_data_116	True	2.0511	swe2	CCNC(C)CC1=CC2=C(COO2)C=C1	SKPIISDJIUTQMZ-UHFFFAOYSA-N
CCNC(C)Cc1cccc(C(F)(F)F)c1	Fenfluramine	snf_data_3469	True	3.2459000000000024	snf	CCNC(C)CC1=CC(=CC=C1)C(F)(F)F	DBGIVFWFUFKIQN-UHFFFAOYSA-N
CCNc1nc(Cl)nc(NC(C)(C)C)n1	Terbutylazine	snf_data_284	True	2.1672	snf	CCNC1=NC(=NC(=N1)Cl)NC(C)(C)C	FZXISNSWEXTPMF-UHFFFAOYSA-N
CCNc1nc(Cl)nc(NC(C)C)n1	Atrazine	snf_data_288+swe2_data_261	True	1.7770999999999997	snf+swe2	CCNC1=NC(=NC(=N1)Cl)NC(C)C	MXWJVTOOROXGIU-UHFFFAOYSA-N
CCNc1nc(N)nc(Cl)n1	Desisopropylatrazine	aus_data_93	True	0.5389999999999999	aus	CCNC1=NC(=NC(=N1)N)Cl	IVENSCMCQBJAKW-UHFFFAOYSA-N
CCNc1nc(NC(C)(C)C)[nH]c(=O)n1	Terbutylazine-2-hydroxy	swe2_data_770	True	0.8070999999999997	swe2	CCNC1=NC(=O)NC(=N1)NC(C)(C)C	OYTCZOJKXCTBHG-UHFFFAOYSA-N
CCNc1nc(NC(C)(C)C)nc(SC)n1	Terbutryn	snf_data_306+swe2_data_769	True	2.2357	snf+swe2	CCNC1=NC(=NC(=N1)SC)NC(C)(C)C	IROINLKCQGIITA-UHFFFAOYSA-N
CCNc1nc(NC(C)C)nc(SC)n1	Ametryn	swe2_data_246	True	1.8456	swe2	CCNC1=NC(=NC(=N1)SC)NC(C)C	RQVYBGPQFYCBGX-UHFFFAOYSA-N
CCNc1nc(NCC)[nH]c(=O)n1	Simazine-2-hydroxy	swe2_data_737	True	0.0284999999999998	swe2	CCNC1=NC(=NC(=O)N1)NCC	YQIXRXMOJFQVBV-UHFFFAOYSA-N
CCNc1nc(NCC)nc(OC)n1	Simetone	snf_data_667	True	0.7437999999999999	snf	CCNC1=NC(=NC(=N1)OC)NCC	HKAMKLBXTLTVCN-UHFFFAOYSA-N
CCOC(=O)C(C)CC(Cc1ccc(-c2ccccc2)cc1)NC(=O)CCC(=O)O	Sacubitril	snf_data_11014	True	3.8350000000000017	snf	CCOC(=O)[C@H](C)C[C@@H](CC1=CC=C(C=C1)C2=CC=CC=C2)NC(=O)CCC(=O)O	PYNXFZCZUAOOQC-UTKZUKDTSA-N
CCOC(=O)C1(c2ccccc2)CCC=CC1N(C)C	Tilidine	swe2_data_786	True	2.7677000000000014	swe2	CCOC(=O)[C@@]1(CCC=C[C@H]1N(C)C)C2=CC=CC=C2	WDEFBBTXULIOBB-WBVHZDCISA-N
CCOC(=O)C1(c2ccccc2)CCN(C)CC1	Meperidine	swe2_data_552	True	2.2131	swe2	CCOC(=O)C1(CCN(CC1)C)C2=CC=CC=C2	XADCESSVHJOZHK-UHFFFAOYSA-N
CCOC(=O)C1=C(COCCN)NC(C)=C(C(=O)OC)C1c1ccccc1Cl	Amlodipine	snf_data_10685+swe2_data_250	True	2.266300000000001	snf+swe2	CCOC(=O)C1=C(NC(=C(C1C2=CC=CC=C2Cl)C(=O)OC)C)COCCN	HTIQEAQVCYTUBX-UHFFFAOYSA-N
CCOC(=O)C1=CC(OC(CC)CC)C(NC(C)=O)C(N)C1	Oseltamivir	snf_data_658	True	1.2853999999999997	snf	CCC(CC)O[C@@H]1C=C(C[C@@H]([C@H]1NC(=O)C)N)C(=O)OCC	VSZGPKBBMSAYNT-RRFJBIMHSA-N
CCOC(=O)C1CC(=O)C(=C(O)C2CC2)C(=O)C1	Trinexapac-ethyl	snf_data_151+swe2_data_810	True	1.3198	snf+swe2	CCOC(=O)C1CC(=O)C(=C(C2CC2)O)C(=O)C1	RVKCCVTVZORVGD-UHFFFAOYSA-N
CCOC(=O)CC(O)(CC(=O)OCC)C(=O)OCC	Triethylcitrate	swe2_data_800	True	0.187	swe2	CCOC(=O)CC(CC(=O)OCC)(C(=O)OCC)O	DOOTYTYQINUNNV-UHFFFAOYSA-N
CCOC(=O)NCCOc1ccc(Oc2ccccc2)cc1	Fenoxycarb	snf_data_2940	True	3.6038000000000014	snf	CCOC(=O)NCCOC1=CC=C(C=C1)OC2=CC=CC=C2	HJUFTIJOISQSKQ-UHFFFAOYSA-N
CCOC(=O)c1ccc(-n2c(=S)[nH]c3ccccc32)cc1	LKLKMJUQNDXMTH-UHFFFAOYSA-N	amar_data_200	True	3.864790000000002	amar	CCOC(=O)C1=CC=C(C=C1)N2C3=CC=CC=C3NC2=S	LKLKMJUQNDXMTH-UHFFFAOYSA-N
CCOC(=O)c1ccc(N)cc1	Benzocaine	swe2_data_270	True	1.4455	swe2	CCOC(=O)C1=CC=C(C=C1)N	BLFLLBZGZJTVJG-UHFFFAOYSA-N
CCOC(=O)c1ccc(O)cc1	Ethylparaben	amar_data_201+swe2_data_417	True	1.5689	amar+swe2	CCOC(=O)C1=CC=C(C=C1)O	NUVBSKCKDOMJSU-UHFFFAOYSA-N
CCOC(=O)c1ccccc1C(=O)O	Monoethyl phthalate	swe2_data_579	True	1.5615	swe2	CCOC(=O)C1=CC=CC=C1C(=O)O	YWWHKOHZGJFMIE-UHFFFAOYSA-N
CCOC(=O)c1ccccc1C(=O)OCC	Diethyl-phthalate	swe2_data_379	True	2.04	swe2	CCOC(=O)C1=CC=CC=C1C(=O)OCC	FLKPEMZONWLCSK-UHFFFAOYSA-N
CCOCCOCCOCCOCCOCCOCCOCCOCCO	3,6,9,12,15,18,21,24-Octaoxahexacosan-1-OL	amar_data_352+swe2_data_663	True	0.1314000000000033	amar+swe2	CCOCCOCCOCCOCCOCCOCCOCCOCCO	CUDPPTPIUWYGFI-UHFFFAOYSA-N
CCOP(=O)(OCC)OCC	Triethyl phosphate	aus_data_257	True	2.204	aus	CCOP(=O)(OCC)OCC	DQWPFSLDHJDLRL-UHFFFAOYSA-N
CCOP(=O)(Sc1ccccc1)Sc1ccccc1	EDDP	swe2_data_407	True	5.715600000000004	swe2	CCOP(=O)(SC1=CC=CC=C1)SC2=CC=CC=C2	AWZOLILCOUMRDG-UHFFFAOYSA-N
CCOc1cc(C(CS(C)(=O)=O)N2C(=O)c3cccc(NC(C)=O)c3C2=O)ccc1OC	Apremilast	snf_data_11017	True	2.4342000000000006	snf	CCOC1=C(C=CC(=C1)[C@@H](CS(=O)(=O)C)N2C(=O)C3=C(C2=O)C(=CC=C3)NC(=O)C)OC	IMOZEMNVLZVGJZ-QGZVFWFLSA-N
CCOc1cc(CC(=O)NC(CC(C)C)c2ccccc2N2CCCCC2)ccc1C(=O)O	Repaglinide	swe2_data_719	True	5.219900000000005	swe2	CCOC1=C(C=CC(=C1)CC(=O)N[C@@H](CC(C)C)C2=CC=CC=C2N3CCCCC3)C(=O)O	FAEKWTJYAYMJKF-QHCPKHFHSA-N
CCOc1ccc(C(=O)CCC(=O)O)cc1	4-(4-Ethoxyphenyl)-4-oxobutanoic acid	aus_data_304	True	2.1328000000000005	aus	CCOC1=CC=C(C=C1)C(=O)CCC(=O)O	HXMFVOXVXQBEEJ-UHFFFAOYSA-N
CCOc1ccccc1N	o-phenetidine	swe2_data_641	True	1.6675	swe2	CCOC1=CC=CC=C1N	ULHFFAFDSSHFDA-UHFFFAOYSA-N
CCOc1ccccc1OCCNC(C)Cc1ccc(OC)c(S(N)(=O)=O)c1	Tamsulosin	amar_data_397	True	2.3409000000000004	amar	CCOC1=CC=CC=C1OCCN[C@H](C)CC2=CC(=C(C=C2)OC)S(=O)(=O)N	DRHKJLXJIQTDTD-OAHLLOKOSA-N
CCOc1nc2cccc(C(=O)O)c2n1Cc1ccc(-c2ccccc2-c2nn[nH]n2)cc1	Candesartan	amar_data_147+swe2_data_300	True	4.028600000000002	amar+swe2	CCOC1=NC2=CC=CC(=C2N1CC3=CC=C(C=C3)C4=CC=CC=C4C5=NNN=N5)C(=O)O	HTQMVQVXFRQIKW-UHFFFAOYSA-N
CC[N+]1(C)C2CC(OC(=O)C(CO)c3ccccc3)CC1C1OC12	Oxitropium	swe2_data_646	True	1.4527999999999996	swe2	CC[N+]1([C@@H]2CC(C[C@H]1[C@H]3[C@@H]2O3)OC(=O)[C@H](CO)C4=CC=CC=C4)C	NVOYVOBDTVTBDX-AGUVMIOSSA-N
CCc1ccc(C(=O)NN(C(=O)c2cc(C)cc(C)c2)C(C)(C)C)cc1	Tebufenozide	snf_data_2952	True	4.451540000000004	snf	CCC1=CC=C(C=C1)C(=O)NN(C(=O)C2=CC(=CC(=C2)C)C)C(C)(C)C	QYPNKSZPJQQLRK-UHFFFAOYSA-N
CCc1ccc(C=C(O)C(O)C(O)C(O)C(O)C(O)=Cc2ccc(CC)cc2)cc1	Di-(p-ethylbenzylidene)sorbitol	aus_data_66	True	2.753000000000001	aus	CCC1=CC=C(C=C1)C=C([C@@H]([C@H]([C@@H]([C@@H](C(=CC2=CC=C(C=C2)CC)O)O)O)O)O)O	OHWBOQAWKNFLRG-UEQSERJNSA-N
CCc1ccc(C=O)cc1	4-Ethylbenzaldehyde	swe2_data_162	True	2.0615	swe2	CCC1=CC=C(C=C1)C=O	QNGNSVIICDLXHT-UHFFFAOYSA-N
CCc1ccc(CCOc2ccc(CC3SC(=O)NC3=O)cc2)nc1	Pioglitazone	snf_data_3286+swe2_data_680	True	3.159600000000001	snf+swe2	CCC1=CN=C(C=C1)CCOC2=CC=C(C=C2)CC3C(=O)NC(=O)S3	HYAFETHFCAUJAY-UHFFFAOYSA-N
CCc1cccc(C)c1N(C(=O)CCl)C(C)COC	Metolachlor	aus_data_161+snf_data_268+swe2_data_569	True	3.1641200000000014	aus+snf+swe2	CCC1=CC=CC(=C1N(C(C)COC)C(=O)CCl)C	WVQBLGZPHOPPFO-UHFFFAOYSA-N
CCc1cccc(CC)c1N(COC)C(=O)CCl	Alachlor	snf_data_274+swe2_data_235	True	2.9871000000000016	snf+swe2	CCC1=C(C(=CC=C1)CC)N(COC)C(=O)CCl	XCSGPAVHZFQHGE-UHFFFAOYSA-N
CCc1cccc(O)c1	3-Ethylphenol	amar_data_57+swe2_data_128	True	1.9546	amar+swe2	CCC1=CC(=CC=C1)O	HMNKTRSOROOSPP-UHFFFAOYSA-N
CCc1cccc2c3c([nH]c12)C(CC)(CC(=O)O)OCC3	Etodolac	snf_data_3308+swe2_data_418	True	3.383000000000002	snf+swe2	CCC1=C2C(=CC=C1)C3=C(N2)C(OCC3)(CC)CC(=O)O	NNYBQONXHNTVIJ-UHFFFAOYSA-N
CCn1nc(C)cc1C(=O)Sc1ccc(C)cc1	4-methylphenyl 1-ethyl-3-methyl-1H-pyrazole-5-carbothioate	swe2_data_179	True	3.452340000000002	swe2	CCN1C(=CC(=N1)C)C(=O)SC2=CC=C(C=C2)C	CLYQAUKMOGLSRS-UHFFFAOYSA-N
CN(C)C(=N)N=C(N)N	Metformin	aus_data_155+amar_data_283+snf_data_2550+swe2_data_555	True	-1.243829999999999	aus+amar+snf+swe2	CN(C)C(=N)N=C(N)N	XZWYZXLIPXDOLR-UHFFFAOYSA-N
CN(C)C(=O)C(CCN1CCC(O)(c2ccc(Cl)cc2)CC1)(c1ccccc1)c1ccccc1	Loperamide	swe2_data_538	True	5.088000000000005	swe2	CN(C)C(=O)C(CCN1CCC(CC1)(C2=CC=C(C=C2)Cl)O)(C3=CC=CC=C3)C4=CC=CC=C4	RDOIQAHITMMDAJ-UHFFFAOYSA-N
CN(C)C(=O)Nc1ccc(-n2nc(C(C)(C)C)oc2=O)c(Cl)c1	Dimefuron	snf_data_3166	True	2.869900000000001	snf	CC(C)(C)C1=NN(C(=O)O1)C2=C(C=C(C=C2)NC(=O)N(C)C)Cl	DHWRNDJOGMTCPB-UHFFFAOYSA-N
CN(C)C(=O)Nc1ccc(Cl)c(Cl)c1	Diuron	amar_data_191+snf_data_292+swe2_data_391	True	3.0869000000000018	amar+snf+swe2	CN(C)C(=O)NC1=CC(=C(C=C1)Cl)Cl	XMTQQYYKAHVGBJ-UHFFFAOYSA-N
CN(C)C(=O)Nc1ccc(Cl)cc1	Monuron	snf_data_161	True	2.4335000000000004	snf	CN(C)C(=O)NC1=CC=C(C=C1)Cl	BMLIZLVNXIYGCK-UHFFFAOYSA-N
CN(C)C(=O)Oc1ccc[n+](C)c1	Pyridostigmine	aus_data_229	True	0.5714999999999999	aus	C[N+]1=CC=CC(=C1)OC(=O)N(C)C	RVOLLAQWKVFTGE-UHFFFAOYSA-N
CN(C)C(=O)Oc1cccc([N+](C)(C)C)c1	Neostigmine	aus_data_182+amar_data_317+swe2_data_612	True	1.9437	aus+amar+swe2	CN(C)C(=O)OC1=CC=CC(=C1)[N+](C)(C)C	ALWKGYPQUAPLQC-UHFFFAOYSA-N
CN(C)C(=O)c1ccc(Cl)cc1	4-Chloro-N,N-Dimethylbenzamide	snf_data_10999	True	2.0418000000000003	snf	CN(C)C(=O)C1=CC=C(C=C1)Cl	FARSXMMESQDZMY-UHFFFAOYSA-N
CN(C)CC(c1ccc(O)cc1)C1(O)CCCCC1	O-Desmethylvenlafaxine	aus_data_189	True	2.7326000000000006	aus	CN(C)CC(C1=CC=C(C=C1)O)C2(CCCCC2)O	KYYIDSXMWOZKMP-UHFFFAOYSA-N
CN(C)CC1CCCCC1(O)c1cccc(O)c1	O-Desmethyl-cis-tramadol	aus_data_188+amar_data_334	True	2.331600000000001	aus+amar	CN(C)CC1CCCCC1(C2=CC(=CC=C2)O)O	UWJUQVWARXYRCG-UHFFFAOYSA-N
CN(C)CCC=C1c2ccccc2CCc2ccccc21	Amitriptyline	amar_data_113	True	4.168600000000003	amar	CN(C)CCC=C1C2=CC=CC=C2CCC3=CC=CC=C31	KRMDCWKBEZIMAB-UHFFFAOYSA-N
CN(C)CCC=C1c2ccccc2COc2ccc(CC(=O)O)cc21	Olopatadine	swe2_data_640	True	3.589500000000002	swe2	CN(C)CC/C=C\1/C2=CC=CC=C2COC3=C1C=C(C=C3)CC(=O)O	JBIMVDZLSHOPLA-LSCVHKIXSA-N
CN(C)CCC=C1c2ccccc2CSc2ccccc21	Dothiepin	swe2_data_404	True	4.675700000000004	swe2	CN(C)CC/C=C\1/C2=CC=CC=C2CSC3=CC=CC=C31	PHTUQLWOUWZIMZ-BOPFTXTBSA-N
CN(C)CCCC1(c2ccc(F)cc2)OCc2cc(C#N)ccc21	Citalopram	aus_data_74+amar_data_160+swe2_data_321	True	3.812980000000003	aus+amar+swe2	CN(C)CCCC1(C2=C(CO1)C=C(C=C2)C#N)C3=CC=C(C=C3)F	WSEQXVZVJXJVFP-UHFFFAOYSA-N
CN(C)CCCN1c2ccccc2CCc2ccc(Cl)cc21	Clomipramine	snf_data_3669+swe2_data_327	True	4.528400000000004	snf+swe2	CN(C)CCCN1C2=CC=CC=C2CCC3=C1C=C(C=C3)Cl	GDLIGKIOYRNHDA-UHFFFAOYSA-N
CN(C)CCN1C(=O)c2ccccc2N(C)c2ccccc21	Dibenzepine	amar_data_182	True	2.976300000000001	amar	CN1C2=CC=CC=C2C(=O)N(C3=CC=CC=C31)CCN(C)C	QPGGEKPRGVJKQB-UHFFFAOYSA-N
CN(C)CCOC(C)(c1ccccc1)c1ccccn1	Doxylamine	snf_data_3018	True	2.923300000000001	snf	CC(C1=CC=CC=C1)(C2=CC=CC=N2)OCCN(C)C	HCFDWZZGGLSKEP-UHFFFAOYSA-N
CN(C)CCOC(c1ccccc1)c1ccccc1	Diphenhydramine	snf_data_3352+swe2_data_390	True	3.3542000000000023	snf+swe2	CN(C)CCOC(C1=CC=CC=C1)C2=CC=CC=C2	ZZVUWRFHKOJYTH-UHFFFAOYSA-N
CN(C)CCc1ccc(O)cc1	Hordenine	aus_data_121+swe2_data_475	True	1.4963	aus+swe2	CN(C)CCC1=CC=C(C=C1)O	KUBCEEMXQZUPDQ-UHFFFAOYSA-N
CN(C)Cc1ccccc1	dimethylbenzylamine	amar_data_190+swe2_data_385	True	1.7482	amar+swe2	CN(C)CC1=CC=CC=C1	XXBDWLFCJWSEKW-UHFFFAOYSA-N
CN(C)c1ccc(O)c2c1CC1CC3C(N(C)C)C(=O)C(C(N)=O)=C(O)C3(O)C(=O)C1=C2O	Minocycline	swe2_data_575	True	0.0300000000000018	swe2	CN(C)[C@H]1[C@@H]2C[C@@H]3CC4=C(C=CC(=C4C(=C3C(=O)[C@@]2(C(=C(C1=O)C(=O)N)O)O)O)O)N(C)C	FFTVPQUHLQBXQZ-KVUCHLLUSA-N
CN(C)c1ccccc1	N,N-Dimethylaniline	aus_data_179	True	1.7526	aus	CN(C)C1=CC=CC=C1	JLTDJTHDQAWBAV-UHFFFAOYSA-N
CN(C)c1nc(=O)n(C2CCCCC2)c(=O)n1C	Hexazinone	aus_data_120+swe2_data_471	True	0.5131999999999994	aus+swe2	CN1C(=NC(=O)N(C1=O)C2CCCCC2)N(C)C	CAWXEEYDBZRFPE-UHFFFAOYSA-N
CN(CC(=O)O)C(=N)N	Creatine	aus_data_81+amar_data_170	True	-1.1037299999999988	aus+amar	CN(CC(=O)O)C(=N)N	CVSVTCORWBXHQV-UHFFFAOYSA-N
CN(CC=CC#CC(C)(C)C)Cc1cccc2ccccc12	Terbinafine	snf_data_3586+swe2_data_768	True	4.877300000000004	snf+swe2	CC(C)(C)C#C/C=C/CN(C)CC1=CC=CC2=CC=CC=C21	DOMXUEMWDBAQBQ-WEVVVXLNSA-N
CN(Cc1cnc2nc(N)nc(N)c2n1)c1ccc(C(=O)NC(CCC(=O)O)C(=O)O)cc1	Methotrexate	amar_data_286+swe2_data_558	True	0.2684000000000012	amar+swe2	CN(CC1=CN=C2C(=N1)C(=NC(=N2)N)N)C3=CC=C(C=C3)C(=O)N[C@@H](CCC(=O)O)C(=O)O	FBOZXECLQNJBKD-ZDUSSCGKSA-N
CN1C(=O)C(O)CC1c1cccnc1	trans-3-Hydroxycotinine	aus_data_253+amar_data_413+swe2_data_791	True	0.3456999999999999	aus+amar+swe2	CN1[C@@H](C[C@H](C1=O)O)C2=CN=CC=C2	XOKCJXZZNAUIQN-DTWKUNHWSA-N
CN1C(=O)C(O)N=C(c2ccccc2)c2cc(Cl)ccc21	Temazepam	swe2_data_765	True	2.4722	swe2	CN1C2=C(C=C(C=C2)Cl)C(=NC(C1=O)O)C3=CC=CC=C3	SEQDDYPDSLOBDC-UHFFFAOYSA-N
CN1C(=O)CC(C)(c2ccccc2)C1=O	Methsuximide	swe2_data_560	True	1.333	swe2	CC1(CC(=O)N(C1=O)C)C2=CC=CC=C2	AJXPJJZHWIXJCJ-UHFFFAOYSA-N
CN1C(=O)CCC1c1cccnc1	Cotinine	aus_data_78	True	1.3749	aus	CN1[C@@H](CCC1=O)C2=CN=CC=C2	UIKROCXWUNQSPJ-VIFPVBQESA-N
CN1C(=O)CN=C(C2=CCCCC2)c2cc(Cl)ccc21	Tetrazepam	swe2_data_776	True	3.6059000000000014	swe2	CN1C(=O)CN=C(C2=C1C=CC(=C2)Cl)C3=CCCCC3	IQWYAQCHYZHJOS-UHFFFAOYSA-N
CN1C(=O)CN=C(c2ccccc2)c2cc(Cl)ccc21	Diazepam	snf_data_2626	True	3.153800000000002	snf	CN1C(=O)CN=C(C2=C1C=CC(=C2)Cl)C3=CC=CC=C3	AAOVKJBEBIDNHE-UHFFFAOYSA-N
CN1C2CCC1C(C(=O)O)C(O)C2	Ecgonine	aus_data_107+amar_data_197	True	-0.0854000000000005	aus+amar	CN1[C@H]2CC[C@@H]1[C@H]([C@H](C2)O)C(=O)O	PHMBVCPLDPDESM-FKSUSPILSA-N
CN1C2CCC1C(C(=O)O)C(OC(=O)c1ccccc1)C2	Benzoylecgonine	aus_data_64+amar_data_127+swe2_data_274	True	1.7792999999999992	aus+amar+swe2	CN1[C@H]2CC[C@@H]1[C@H]([C@H](C2)OC(=O)C3=CC=CC=C3)C(=O)O	GVGYEFKIHJTNQZ-RFQIPJPRSA-N
CN1C2CCC1CC(=O)C2	Tropinone	aus_data_265	True	0.8120999999999999	aus	CN1C2CCC1CC(=O)C2	QQXLDOJGLXJCSE-UHFFFAOYSA-N
CN1C2CCC1CC(O)C2	Tropine	aus_data_264+amar_data_420+swe2_data_816	True	0.6038999999999999	aus+amar+swe2	CN1[C@@H]2CC[C@H]1CC(C2)O	CYHOMWAPJJPNMW-DHBOJHSNSA-N
CN1C2CCC1CC(OC(=O)C(CO)c1ccccc1)C2	Atropine	swe2_data_262	True	1.9309	swe2	CN1[C@@H]2CC[C@H]1CC(C2)OC(=O)C(CO)C3=CC=CC=C3	RKUNBYITZUJHSG-PJPHBNEVSA-N
CN1CC(=O)N=C1N	Creatinine	aus_data_82+amar_data_171+swe2_data_342	True	-1.2268999999999994	aus+amar+swe2	CN1CC(=O)N=C1N	DDRJAANPRJIHGJ-UHFFFAOYSA-N
CN1CC(=O)NC1=O	N-Methylhydantoin	aus_data_176+swe2_data_626	True	-0.8319999999999999	aus+swe2	CN1CC(=O)NC1=O	RHYBFKMFHLPQPH-UHFFFAOYSA-N
CN1CCC23CCCCC2C1Cc1ccc(O)cc13	Dextrorphan	swe2_data_370	True	3.080400000000002	swe2	CN1CC[C@@]23CCCC[C@@H]2[C@@H]1CC4=C3C=C(C=C4)O	JAQUASYNZVUNQP-PVAVHDDUSA-N
CN1CCC23c4c5ccc(O)c4OC2C(O)C=CC3C1C5	Morphine	aus_data_164+snf_data_2744	True	1.1981	aus+snf	CN1CC[C@]23[C@@H]4[C@H]1CC5=C2C(=C(C=C5)O)O[C@H]3[C@H](C=C4)O	BQJCRHHNABKAKU-KBQPJGBKSA-N
CN1CCC23c4c5ccc(O)c4OC2CCCC3C1C5	Desomorphine	swe2_data_368	True	2.4513000000000007	swe2	CN1CC[C@]23[C@@H]4[C@H]1CC5=C2C(=C(C=C5)O)O[C@H]3CCC4	LNNWVNGFPYWNQE-GMIGKAJZSA-N
CN1CCCC(n2nc(Cc3ccc(Cl)cc3)c3ccccc3c2=O)CC1	Azelastine	swe2_data_265	True	4.297500000000004	swe2	CN1CCCC(CC1)N2C(=O)C3=CC=CC=C3C(=N2)CC4=CC=C(C=C4)Cl	MBUVEWMHONZEQD-UHFFFAOYSA-N
CN1CCCC1=O	N-Methyl-2-pyrrolidone	aus_data_174+amar_data_324+swe2_data_621	True	0.2385999999999999	aus+amar+swe2	CN1CCCC1=O	SECXISVLQFMRJM-UHFFFAOYSA-N
CN1CCCC1c1cccnc1	(S)-Nicotine	aus_data_1+amar_data_321	True	1.8483	aus+amar	CN1CCC[C@H]1C2=CN=CC=C2	SNICXCGAKADSCV-JTQLQIEISA-N
CN1CCCCCC1=O	N-Methylcaprolactam	aus_data_175+swe2_data_623	True	1.0188	aus+swe2	CN1CCCCCC1=O	ZWXPDGCFMMFNRW-UHFFFAOYSA-N
CN1CCN(C2=Nc3cc(Cl)ccc3Nc3ccccc32)CC1	Clozapine	snf_data_2841+swe2_data_330	True	3.7227000000000015	snf+swe2	CN1CCN(CC1)C2=NC3=C(C=CC(=C3)Cl)NC4=CC=CC=C42	QZUDBNBUXVUHMW-UHFFFAOYSA-N
CN1CCN2c3ncccc3Cc3ccccc3C2C1	Mirtazapine	amar_data_295+snf_data_3622+swe2_data_576	True	2.4789000000000003	amar+snf+swe2	CN1CCN2C(C1)C3=CC=CC=C3CC4=C2N=CC=C4	RONZAEMNMFQXRA-UHFFFAOYSA-N
CN1CCc2nc(C(=O)NC3CC(C(=O)N(C)C)CCC3NC(=O)C(=O)Nc3ccc(Cl)cn3)sc2C1	Edoxaban	snf_data_11009	True	1.2896000000000014	snf	CN1CCC2=C(C1)SC(=N2)C(=O)N[C@@H]3C[C@H](CC[C@@H]3NC(=O)C(=O)NC4=NC=C(C=C4)Cl)C(=O)N(C)C	HGVDHZBSSITLCT-JLJPHGGASA-N
CN1COCN(Cc2cnc(Cl)s2)C1=N	NOA407475	swe2_data_629	True	1.4102699999999997	swe2	CN1COCN(C1=N)CC2=CN=C(S2)Cl	JDTUGRDKAOPKRI-UHFFFAOYSA-N
CN1COCN(Cc2cnc(Cl)s2)C1=N[N+](=O)[O-]	Thiamethoxam	swe2_data_779	True	1.0231999999999997	swe2	CN\1COCN(/C1=N/[N+](=O)[O-])CC2=CN=C(S2)Cl	NWWZPOKUUAIXIW-DHZHZOJOSA-N
CNC(=C[N+](=O)[O-])NCCSCc1ccc(CN(C)C)o1	Ranitidine	aus_data_232+amar_data_370+snf_data_196+swe2_data_718	True	1.459	aus+amar+snf+swe2	CN/C(=C\[N+](=O)[O-])/NCCSCC1=CC=C(O1)CN(C)C	VMXUWOKSQNHOCA-UKTHLTGXSA-N
CNC(=N[N+](=O)[O-])NCC1CCOC1	Dinotefuran	swe2_data_387	True	-0.6203999999999994	swe2	CN=C(NCC1CCOC1)N[N+](=O)[O-]	YKBZOVFACRVRJN-UHFFFAOYSA-N
CNC(=O)N(C)c1nnc(C(C)(C)C)s1	Tebuthiuron	aus_data_239+swe2_data_763	True	1.6111999999999995	aus+swe2	CC(C)(C)C1=NN=C(S1)N(C)C(=O)NC	HBPDKDSFLXWOAE-UHFFFAOYSA-N
CNC(=O)Oc1cccc2c1OC(C)(C)C2	Carbofuran	swe2_data_307	True	2.1183	swe2	CC1(CC2=C(O1)C(=CC=C2)OC(=O)NC)C	DUEPRVBVGDRKAG-UHFFFAOYSA-N
CNC(=O)c1cc(Oc2ccc(NC(=O)Nc3ccc(Cl)c(C(F)(F)F)c3)c(F)c2)ccn1	Regorafenib	snf_data_10699	True	5.688800000000002	snf	CNC(=O)C1=NC=CC(=C1)OC2=CC(=C(C=C2)NC(=O)NC3=CC(=C(C=C3)Cl)C(F)(F)F)F	FNHKPVJBJVTLMP-UHFFFAOYSA-N
CNC(=O)c1ccc(N2C(=S)N(c3ccc(C#N)c(C(F)(F)F)c3)C(=O)C2(C)C)cc1F	Enzalutamide	snf_data_11041	True	3.992480000000003	snf	CC1(C(=O)N(C(=S)N1C2=CC(=C(C=C2)C(=O)NC)F)C3=CC(=C(C=C3)C#N)C(F)(F)F)C	WXCXUHSOUPDCQV-UHFFFAOYSA-N
CNC(=O)c1ccc(N2C(=S)N(c3cnc(C#N)c(C(F)(F)F)c3)C(=O)C23CCC3)cc1F	Apalutamide	snf_data_11030	True	3.5315800000000026	snf	CNC(=O)C1=C(C=C(C=C1)N2C(=S)N(C(=O)C23CCC3)C4=CC(=C(N=C4)C#N)C(F)(F)F)F	HJBWBFZLDZWPHF-UHFFFAOYSA-N
CNC(C)C(O)c1ccccc1	Pseudoephedrine	aus_data_228+snf_data_11053+swe2_data_412	True	1.3279	aus+snf+swe2	C[C@@H]([C@H](C1=CC=CC=C1)O)NC	KWGRBVOPPLSCSI-WCBMZHEXSA-N
CNC(C)Cc1ccc2c(c1)OCO2	MDMA	aus_data_151	True	1.5657	aus	CC(CC1=CC2=C(C=C1)OCO2)NC	SHXWCVYOXRDMCX-UHFFFAOYSA-N
CNC(C)Cc1ccccc1	Methamphetamine	aus_data_156+amar_data_284+swe2_data_556	True	1.837	aus+amar+swe2	C[C@@H](CC1=CC=CC=C1)NC	MYWUZJCMWCOHBA-VIFPVBQESA-N
CNC1(c2ccccc2Cl)CCCCC1=O	Ketamine	snf_data_2826	True	2.897800000000001	snf	CNC1(CCCCC1=O)C2=CC=CC=C2Cl	YQEZLKZALYSWHR-UHFFFAOYSA-N
CNC1CCC(c2ccc(Cl)c(Cl)c2)c2ccccc21	Sertraline	snf_data_10552+swe2_data_735	True	5.179600000000004	snf+swe2	CN[C@H]1CC[C@H](C2=CC=CC=C12)C3=CC(=C(C=C3)Cl)Cl	VGKDLMBJGBXTGI-SJCJKPOMSA-N
CNC1Cc2ccccc2C1	N-methyl-2,3-dihydro-1H-inden-2-amine	aus_data_173+amar_data_323+swe2_data_620	True	1.3731999999999998	aus+amar+swe2	CNC1CC2=CC=CC=C2C1	SXWZQUCTTOBHJT-UHFFFAOYSA-N
CNCC(O)c1ccc(O)c(OC)c1	DL-Metanephrine	aus_data_103	True	0.6536000000000002	aus	CNCC(C1=CC(=C(C=C1)O)OC)O	JWJCTZKFYGDABJ-UHFFFAOYSA-N
CNCC(c1ccc(O)cc1)C1(O)CCCCC1	N,O-Didesmethylvenlafaxine	swe2_data_590	True	2.3904000000000005	swe2	CNCC(C1=CC=C(C=C1)O)C2(CCCCC2)O	MMSWXJSQCAEDLK-UHFFFAOYSA-N
CNCC(c1ccc(OC)cc1)C1(O)CCCCC1	N-Desmethylvenlafaxine	swe2_data_609	True	2.6934000000000005	swe2	CNCC(C1=CC=C(C=C1)OC)C2(CCCCC2)O	MKAFOJAJJMUXLW-UHFFFAOYSA-N
CNCC1CCCCC1(O)c1cccc(OC)c1	N-Desmethyltramadol	aus_data_172+swe2_data_608	True	2.2924	aus+swe2	CNCC1CCCCC1(C2=CC(=CC=C2)OC)O	VUMQHLSPUAFKKK-UHFFFAOYSA-N
CNCCC(Oc1ccc(C(F)(F)F)cc1)c1ccccc1	Fluoxetine	snf_data_334	True	4.435000000000003	snf	CNCCC(C1=CC=CC=C1)OC2=CC=C(C=C2)C(F)(F)F	RTHCYVBBDHJXIQ-UHFFFAOYSA-N
CNCCC(Oc1cccc2ccccc12)c1cccs1	Duloxetine	snf_data_10539	True	4.630900000000003	snf	CNCC[C@@H](C1=CC=CS1)OC2=CC=CC3=CC=CC=C32	ZEUITGRIYCTCEM-KRWDZBQOSA-N
CNCCC(Oc1ccccc1C)c1ccccc1	Atomoxetine	snf_data_2846	True	3.7246200000000034	snf	CC1=CC=CC=C1O[C@H](CCNC)C2=CC=CC=C2	VHGCDTVCOLNTBX-QGZVFWFLSA-N
CNCCCC(C#N)(c1ccc(OC)c(OC)c1)C(C)C	2-(3,4-Dimethoxyphenyl)-5-methylamino-2-isopropylvaleronitrile	aus_data_8+swe2_data_354	True	3.1207800000000017	aus+swe2	CC(C)C(CCCNC)(C#N)C1=CC(=C(C=C1)OC)OC	WLOBUUJURNEQCL-UHFFFAOYSA-N
CNCCCC1(c2ccc(F)cc2)OCc2cc(C#N)ccc21	Desmethylcitalopram	swe2_data_367	True	3.470780000000002	swe2	CNCCCC1(C2=C(CO1)C=C(C=C2)C#N)C3=CC=C(C=C3)F	PTJADDMMFYXMMG-UHFFFAOYSA-N
CNCCCC12CCC(c3ccccc31)c1ccccc12	Maprotiline	swe2_data_544	True	4.211400000000004	swe2	CNCCCC12CCC(C3=CC=CC=C31)C4=CC=CC=C24	QSLMDECMDJKHMQ-UHFFFAOYSA-N
CNc1ccccc1	N-Methylaniline	swe2_data_622	True	1.7283	swe2	CNC1=CC=CC=C1	AFBPFSWMIHJQDM-UHFFFAOYSA-N
CNc1nc2c(ncn2C2OC(CO)C(O)C2O)c(=O)[nH]1	N2-Methylguanosine	amar_data_302	True	-2.2271999999999994	amar	CNC1=NC2=C(C(=O)N1)N=CN2[C@H]3[C@@H]([C@@H]([C@H](O3)CO)O)O	SLEHROROQDYRAW-KQYNXXCUSA-N
CNc1ncnc2c1ncn2C1CC(O)C(CO)O1	N6-Me-dA	amar_data_305	True	-0.4913000000000002	amar	CNC1=C2C(=NC=N1)N(C=N2)C3CC(C(O3)CO)O	DYSDOYRQWBDGQQ-UHFFFAOYSA-N
CNc1ncnc2nc[nH]c12	N6-Methyladenine	amar_data_306	True	0.3946	amar	CNC1=NC=NC2=C1NC=N2	CKOMXBHMKXXTNW-UHFFFAOYSA-N
COC(=O)C(Cc1ccccc1)NC(=O)C(CC(=O)O)NCCC(C)(C)C	Neotame	snf_data_2815	True	1.7559999999999991	snf	CC(C)(C)CCN[C@@H](CC(=O)O)C(=O)N[C@@H](CC1=CC=CC=C1)C(=O)OC	HLIAVLHNDJUHFG-HOTGVXAUSA-N
COC(=O)C(Cc1ccccc1)NC(=O)C(N)CC(=O)O	Aspartame	swe2_data_257	True	-0.3110999999999995	swe2	COC(=O)[C@H](CC1=CC=CC=C1)NC(=O)[C@H](CC(=O)O)N	IAOZJIPTCAWIRG-QWRGUYRKSA-N
COC(=O)C(O)(CC(=O)O)CC(=O)O	3-Hydroxy-3-(methoxycarbonyl)pentanedioic acid	swe2_data_133	True	-1.1600999999999997	swe2	COC(=O)C(CC(=O)O)(CC(=O)O)O	HCVBQXINVUFVCE-UHFFFAOYSA-N
COC(=O)C(c1ccccc1Cl)N1CCc2sccc2C1	Clopidogrel	swe2_data_328	True	3.6739000000000015	swe2	COC(=O)[C@H](C1=CC=CC=C1Cl)N2CCC3=C(C2)C=CS3	GKTWGGQPFAXNFI-HNNXBMFYSA-N
COC(=O)C1=CCCN(C)C1	Arecoline	aus_data_60+swe2_data_254	True	0.4213	aus+swe2	CN1CCC=C(C1)C(=O)OC	HJJPJSXJAXAIPN-UHFFFAOYSA-N
COC(=O)C1=CCCNC1	Guvacoline	swe2_data_466	True	0.0791	swe2	COC(=O)C1=CCCNC1	DYPLDWLIOGXSSE-UHFFFAOYSA-N
COC(=O)C1C(OC(=O)c2ccccc2)CC2CCC1N2C	Cocaine	swe2_data_332	True	1.8677	swe2	CN1[C@H]2CC[C@@H]1[C@H]([C@H](C2)OC(=O)C3=CC=CC=C3)C(=O)OC	ZPUCINDJVBIVPJ-LJISPDSOSA-N
COC(=O)CCCCCCCCC(=O)OC	Dimethyl sebacate	amar_data_189	True	2.4532000000000007	amar	COC(=O)CCCCCCCCC(=O)OC	ALOUNLDAKADEEB-UHFFFAOYSA-N
COC(=O)Cc1c[nH]c2ccccc12	Methyl indole-3-acetate	aus_data_159+amar_data_289+swe2_data_562	True	1.8834	aus+amar+swe2	COC(=O)CC1=CNC2=CC=CC=C21	KTHADMDGDNYQRX-UHFFFAOYSA-N
COC(=O)NC(C(=O)NC(Cc1ccccc1)C(O)CN(Cc1ccc(-c2ccccn2)cc1)NC(=O)C(NC(=O)OC)C(C)(C)C)C(C)(C)C	Atazanavir	amar_data_120	True	4.2116000000000025	amar	CC(C)(C)[C@@H](C(=O)N[C@@H](CC1=CC=CC=C1)[C@H](CN(CC2=CC=C(C=C2)C3=CC=CC=N3)NC(=O)[C@H](C(C)(C)C)NC(=O)OC)O)NC(=O)OC	AXRYRYVKAWYZBR-GASGPIRDSA-N
COC(=O)NS(=O)(=O)c1ccc(N)cc1	Asulam	snf_data_156	True	0.3134999999999998	snf	COC(=O)NS(=O)(=O)C1=CC=C(C=C1)N	VGPYEHKOIGNJKV-UHFFFAOYSA-N
COC(=O)Nc1nc2ccc(Sc3ccccc3)cc2[nH]1	Fenbendazole	swe2_data_426	True	3.892400000000001	swe2	COC(=O)NC1=NC2=C(N1)C=C(C=C2)SC3=CC=CC=C3	HDDSHPAODJUKPD-UHFFFAOYSA-N
COC(=O)Nc1nc2ccccc2[nH]1	Carbendazim	snf_data_278	True	1.7411999999999996	snf	COC(=O)NC1=NC2=CC=CC=C2N1	TWFZGCMQGLPBSX-UHFFFAOYSA-N
COC(=O)c1ccc(O)cc1	Methyl-4-hydroxybenzoate	swe2_data_563	True	1.1788	swe2	COC(=O)C1=CC=C(C=C1)O.COC(=O)C1=CC=C(C=C1)O	XCWIEIVORUMFMV-UHFFFAOYSA-N
COC(=O)c1ccc2c(C(=Nc3ccc(N(C)C(=O)CN4CCN(C)CC4)cc3)c3ccccc3)c(O)[nH]c2c1	Nintedanib	snf_data_11010	True	4.039400000000002	snf	CN1CCN(CC1)CC(=O)N(C)C2=CC=C(C=C2)N=C(C3=CC=CC=C3)C4=C(NC5=C4C=CC(=C5)C(=O)OC)O	CPMDPSXJELVGJG-UHFFFAOYSA-N
COC1C(O)C(CO)OC1n1cnc2c(=O)[nH]c(N)nc21	2'-O-Methylguanosine	aus_data_21	True	-2.0325999999999995	aus	CO[C@@H]1[C@@H]([C@H](O[C@H]1N2C=NC3=C2N=C(NC3=O)N)CO)O	OVYNGSFVYRPRCG-KQYNXXCUSA-N
COC1C(O)C(CO)OC1n1cnc2c(N)ncnc21	2-O-Methyladenosine	amar_data_47	True	-1.3258999999999994	amar	COC1C(C(OC1N2C=NC3=C(N=CN=C32)N)CO)O	FPUGCISOLXNPPC-UHFFFAOYSA-N
COC=C(C(=O)OC)c1ccccc1COc1cccc(C(F)(F)F)n1	Picoxystrobin	snf_data_3816+swe2_data_678	True	3.8397000000000014	snf+swe2	CO/C=C(\C1=CC=CC=C1COC2=CC=CC(=N2)C(F)(F)F)/C(=O)OC	IBSNKSODLGJUMQ-SDNWHVSQSA-N
COCC(=O)Nc1c(I)c(C(=O)NCC(O)CO)c(I)c(C(=O)N(C)CC(O)CO)c1I	Iopromide	amar_data_245	True	-0.4065000000000002	amar	CN(CC(CO)O)C(=O)C1=C(C(=C(C(=C1I)C(=O)NCC(CO)O)I)NC(=O)COC)I	DGAIEPBNLOQYER-UHFFFAOYSA-N
COCC(C)N(C(=O)CCl)c1c(C)csc1C	Dimethenamid	snf_data_254	True	2.9716400000000016	snf	CC1=CSC(=C1N(C(C)COC)C(=O)CCl)C	JLYFCTQDENRSOL-UHFFFAOYSA-N
COCCCCC(=NOCCN)c1ccc(C(F)(F)F)cc1	Fluvoxamine	swe2_data_442	True	3.201500000000001	swe2	COCCCC/C(=N\OCCN)/C1=CC=C(C=C1)C(F)(F)F	CJOFXWAVKWHTFT-XSFVSMFZSA-N
COCCCOc1cc(CC(CC(N)C(O)CC(C(=O)NCC(C)(C)C(N)=O)C(C)C)C(C)C)ccc1OC	Aliskiren	snf_data_3123	True	3.2935000000000043	snf	CC(C)[C@@H](CC1=CC(=C(C=C1)OC)OCCCOC)C[C@@H]([C@H](C[C@@H](C(C)C)C(=O)NCC(C)(C)C(=O)N)O)N	UXOWGYHJODZGMF-QORCZRPOSA-N
COCCOCCOC	Diglyme	swe2_data_380	True	0.2958	swe2	COCCOCCOC	SBZXBUIDTXKZTM-UHFFFAOYSA-N
COCCOCCOCCO	Triethylene glycol monomethyl ether	amar_data_417+swe2_data_802	True	-0.3417	amar+swe2	COCCOCCOCCO	JLGLQAWTXXGVEM-UHFFFAOYSA-N
COCCOCCOCCOC	Triethyleneglycol dimethyl ether	aus_data_259	True	0.3124	aus	COCCOCCOCCOC	YFNKIDBQEZZDLK-UHFFFAOYSA-N
COCCOCCOCCOCCOC	Tetraglyme	aus_data_242	True	0.3290000000000008	aus	COCCOCCOCCOCCOC	ZUHZGEOKBKGPSW-UHFFFAOYSA-N
COCCc1ccc(OCC(O)CNC(C)C)cc1	Metoprolol	aus_data_162+amar_data_291+snf_data_172+swe2_data_570	True	1.6132	aus+amar+snf+swe2	CC(C)NCC(COC1=CC=C(C=C1)CCOC)O	IUBSYMUCCVWXPE-UHFFFAOYSA-N
COCN(COC)c1nc(N(COC)COC)nc(N(COC)COC)n1	Hexa(methoxymethyl)melamine	aus_data_119	True	-0.0857999999999972	aus	COCN(COC)C1=NC(=NC(=N1)N(COC)COC)N(COC)COC	BNCADMBVWNPPIZ-UHFFFAOYSA-N
CON=C(C(=O)OC)c1ccccc1COc1ccccc1C	Kresoxim-methyl	snf_data_154	True	3.097520000000002	snf	CC1=CC=CC=C1OCC2=CC=CC=C2/C(=N\OC)/C(=O)OC	ZOTBXTZVPHCKPN-HTXNQAPBSA-N
COP(=O)(O)OC	Dimethyl phosphate	swe2_data_384	True	0.3795999999999999	swe2	COP(=O)(O)OC	KKUKTXOBAWVSHC-UHFFFAOYSA-N
COP(=O)(OC)C(O)C(Cl)(Cl)Cl	Trichlorfon	swe2_data_797	True	2.1609000000000003	swe2	COP(=O)(C(C(Cl)(Cl)Cl)O)OC	NFACJZMKEDPNKN-UHFFFAOYSA-N
COP(=O)(OC)OC	Trimethyl phosphate	swe2_data_808	True	1.0337	swe2	COP(=O)(OC)OC	WVLBCYQITXONBZ-UHFFFAOYSA-N
COc1c(C)c2c(c(O)c1CC=C(C)CCC(=O)O)C(=O)OC2	Mycophenolic acid	aus_data_165+amar_data_296+snf_data_2808+swe2_data_580	True	2.73322	aus+amar+snf+swe2	CC1=C2COC(=O)C2=C(C(=C1OC)C/C=C(\C)/CCC(=O)O)O	HPNSFSBZBAHARI-RUDMXATFSA-N
COc1c(Cl)ccc(Cl)c1C(=O)O	Dicamba	swe2_data_373	True	2.7002000000000006	swe2	COC1=C(C=CC(=C1C(=O)O)Cl)Cl	IWEDIXLBFLAXBO-UHFFFAOYSA-N
COc1cc(C(=O)O)cc(OC)c1O	Syringic acid	amar_data_396+swe2_data_758	True	1.1076	amar+swe2	COC1=CC(=CC(=C1O)OC)C(=O)O	JMSVCTWVEWCHDZ-UHFFFAOYSA-N
COc1cc(C(=O)O)ccc1O	Vanillic acid	amar_data_435+swe2_data_833	True	1.0989999999999998	amar+swe2	COC1=C(C=CC(=C1)C(=O)O)O	WKOLLVMJNQIZCI-UHFFFAOYSA-N
COc1cc(C(=O)O)ccc1OC1OC(COS(=O)(=O)O)C(O)C(O)C1O	Vanillic acid + O-sulfonateHex	swe2_data_834	True	-1.6007999999999991	swe2	COC1=C(C=CC(=C1)C(=O)O)OC2C(C(C(C(O2)COS(=O)(=O)O)O)O)O	YHVRMRPNSSPKAB-UHFFFAOYSA-N
COc1cc(C(O)C(=O)O)ccc1O	DL-4-Hydroxy-3-methoxymandelic acid	swe2_data_839+swe2_data_393	False	0.5187999999999999	swe2	COC1=C(C=CC(=C1)C(C(=O)O)O)O	CGQCWMIAEPEHNQ-UHFFFAOYSA-N
COc1cc(C=CC(=O)O)ccc1O	Ferulic acid	swe2_data_429	True	1.4986	swe2	COC1=C(C=CC(=C1)/C=C/C(=O)O)O	KSEBMYQBYZTDHS-HWKANZROSA-N
COc1cc(C=CC(=O)OC2C(O)CC(O)(C(=O)O)CC2O)ccc1O	Feruloyl quinic acid (isomer of 886, 888)	swe2_data_430	True	-0.3429000000000003	swe2	COC1=C(C=CC(=C1)/C=C/C(=O)OC2C(CC(CC2O)(C(=O)O)O)O)O	VTMFDSJJVNQXLT-HWKANZROSA-N
COc1cc(C=CC2=NNC(=O)CC2)cc(OC)c1OC	6-(3,4,5-Trimethoxystyryl)-2,3,4,5-tetrahydropyridazin-3-one	aus_data_40	True	1.9916	aus	COC1=CC(=CC(=C1OC)OC)C=CC2=NNC(=O)CC2	QRIDCJWQKAVVCA-UHFFFAOYSA-N
COc1cc(C=Cc2cc(O)cc(O)c2)ccc1O	Isorhapontigenin	swe2_data_504	True	2.982400000000001	swe2	COC1=C(C=CC(=C1)/C=C/C2=CC(=CC(=C2)O)O)O	ANNNBEZJTNCXHY-NSCUHMNNSA-N
COc1cc(C=O)cc(OC)c1O	Syringaldehyde	swe2_data_757	True	1.2218999999999998	swe2	COC1=CC(=CC(=C1O)OC)C=O	KCDXJAYRVLXPFO-UHFFFAOYSA-N
COc1cc(C=O)ccc1O	Vanillin	amar_data_436+swe2_data_835	True	1.2132999999999998	amar+swe2	COC1=C(C=CC(=C1)C=O)O	MWOOGOJBHIARFG-UHFFFAOYSA-N
COc1cc(CC(=O)O)ccc1O	Homovanillic acid	amar_data_231+swe2_data_474	True	1.0278999999999998	amar+swe2	COC1=C(C=CC(=C1)CC(=O)O)O	QRMZSPFSDQBLIX-UHFFFAOYSA-N
COc1cc(CC(N)C(=O)O)ccc1O	3-Methoxytyrosine	amar_data_288+swe2_data_559	True	0.3551999999999998	amar+swe2	COC1=C(C=CC(=C1)CC(C(=O)O)N)O	PFDUUKDQEHURQC-UHFFFAOYSA-N
COc1cc(CCC(=O)O)cc(OC)c1OC	3-(3,4,5-trimethoxyphenyl)propanoic acid	swe2_data_106	True	1.7295999999999998	swe2	COC1=CC(=CC(=C1OC)OC)CCC(=O)O	ZCYXGVJUZBKJAI-UHFFFAOYSA-N
COc1cc(Cc2cnc(N)nc2N)cc(OC)c1OC	Trimethoprim	aus_data_262+amar_data_419+swe2_data_807	True	1.2575999999999998	aus+amar+swe2	COC1=CC(=CC(=C1OC)OC)CC2=CN=C(N=C2N)N	IEDVJHCEMCRBQM-UHFFFAOYSA-N
COc1cc(NS(=O)(=O)c2ccc(N)cc2)nc(OC)n1	sulfadimethoxine	amar_data_386	True	0.8768	amar	COC1=NC(=NC(=C1)NS(=O)(=O)C2=CC=C(C=C2)N)OC	ZZORFUFYDOWNEF-UHFFFAOYSA-N
COc1cc(O)c(C(=O)c2ccccc2)cc1S(=O)(=O)O	Sulisobenzone	swe2_data_756	True	1.8785	swe2	COC1=C(C=C(C(=C1)O)C(=O)C2=CC=CC=C2)S(=O)(=O)O	CXVGEDCSTKKODG-UHFFFAOYSA-N
COc1cc(OC)c2c(=O)oc(CC(O)CC(C)O)cc2c1	UGHXSOJROIYABR-UHFFFAOYSA-N	amar_data_330	True	1.4844999999999997	amar	CC(CC(CC1=CC2=CC(=CC(=C2C(=O)O1)OC)OC)O)O	UGHXSOJROIYABR-UHFFFAOYSA-N
COc1cc2c(=O)c(-c3ccc(O)cc3)coc2cc1O	Glycitein	swe2_data_456	True	2.8798000000000017	swe2	COC1=C(C=C2C(=C1)C(=O)C(=CO2)C3=CC=C(C=C3)O)O	DXYUAIFZCFRPTH-UHFFFAOYSA-N
COc1cc2c(c3oc(=O)c4c(c13)CCOC4=O)C1CCOC1O2	Aflatoxin G2	swe2_data_234	True	1.7368999999999997	swe2	COC1=C2C3=C(C(=O)OCC3)C(=O)OC2=C4[C@@H]5CCO[C@@H]5OC4=C1	WPCVRWVBBXIRMA-WNWIJWBNSA-N
COc1cc2c(cc1Cc1cccc(Cl)c1F)c(=O)c(C(=O)O)cn2C(CO)C(C)C	Elvitegravir	snf_data_11021	True	4.281000000000002	snf	CC(C)[C@@H](CO)N1C=C(C(=O)C2=C1C=C(C(=C2)CC3=C(C(=CC=C3)Cl)F)OC)C(=O)O	JUZYLCPPVHEVSV-LJQANCHMSA-N
COc1cc2c(cc1O)CCC1C2CCC2(C)C(=O)CCC12	2-Methoxyestrone	swe2_data_91	True	3.826000000000003	swe2	C[C@]12CC[C@H]3[C@H]([C@@H]1CCC2=O)CCC4=CC(=C(C=C34)OC)O	WHEUWNKSCXYKBU-QPWUGHHJSA-N
COc1cc2c(cc1OC)C1C(O)C(OC)C=C3CCN(C2)C31	Galanthine	swe2_data_445	True	1.6911999999999998	swe2	CO[C@H]1C=C2CCN3[C@H]2[C@@H]([C@@H]1O)C4=CC(=C(C=C4C3)OC)OC	VOIMPDXOQJYVDI-WNRNVDISSA-N
COc1cc2ccc(=O)oc2cc1O	 RODXRVNMMDRFIK-UHFFFAOYSA-N	amar_data_377+amar_data_169+swe2_data_338+swe2_data_205	False	1.5071999999999997	amar+swe2	COC1=C(C=C2C(=C1)C=CC(=O)O2)O	RODXRVNMMDRFIK-UHFFFAOYSA-N
COc1cc2nc(N3CCN(C(=O)C4COc5ccccc5O4)CC3)nc(N)c2cc1OC	Doxazosin	swe2_data_405	True	1.717799999999999	swe2	COC1=C(C=C2C(=C1)C(=NC(=N2)N3CCN(CC3)C(=O)C4COC5=CC=CC=C5O4)N)OC	RUZYUOTYCVRMRZ-UHFFFAOYSA-N
COc1ccc(-c2cc(=O)c3c(O)cc(OC4OC(COC5OC(C)C(O)C(O)C5O)C(O)C(O)C4O)cc3o2)cc1O	Diosmin	snf_data_11018	True	-1.0897	snf	C[C@H]1[C@@H]([C@H]([C@H]([C@@H](O1)OC[C@@H]2[C@H]([C@@H]([C@H]([C@@H](O2)OC3=CC(=C4C(=C3)OC(=CC4=O)C5=CC(=C(C=C5)OC)O)O)O)O)O)O)O)O	GZSOSUNBTXMUFQ-YFAPSIMESA-N
COc1ccc(-c2cc(=O)c3c(OC)c(OC)c(OC)c(OC)c3o2)cc1OC	Nobiletin	aus_data_185+swe2_data_630	True	3.5116000000000023	aus+swe2	COC1=C(C=C(C=C1)C2=CC(=O)C3=C(O2)C(=C(C(=C3OC)OC)OC)OC)OC	MRIAQLRQZPPODS-UHFFFAOYSA-N
COc1ccc(-c2coc3cc(O)cc(O)c3c2=O)cc1	Biochanin A	swe2_data_280	True	2.879800000000001	swe2	COC1=CC=C(C=C1)C2=COC3=CC(=CC(=C3C2=O)O)O	WUADCCWRTIWANL-UHFFFAOYSA-N
COc1ccc(-n2nc(C(N)=O)c3c2C(=O)N(c2ccc(N4CCCCC4=O)cc2)CC3)cc1	Apixaban	snf_data_11042	True	2.699600000000001	snf	COC1=CC=C(C=C1)N2C3=C(CCN(C3=O)C4=CC=C(C=C4)N5CCCCC5=O)C(=N2)C(=O)N	QNZCBYKSOIHPEH-UHFFFAOYSA-N
COc1ccc(C(=O)c2ccccc2)c(O)c1	Benzophenone-3	snf_data_230+swe2_data_273	True	2.631800000000001	snf+swe2	COC1=CC(=C(C=C1)C(=O)C2=CC=CC=C2)O	DXGLGDHPHMLXJC-UHFFFAOYSA-N
COc1ccc(C(C)=NO)cc1OC	1-(3,4-dimethoxyphenyl)ethan-1-one oxime	swe2_data_17	True	1.902	swe2	C/C(=N\O)/C1=CC(=C(C=C1)OC)OC	ILXJZPXGWURHNZ-YRNVUSSQSA-N
COc1ccc(C(CN(C)C)C2(O)CCCCC2)cc1	Venlafaxine	aus_data_273+amar_data_438+snf_data_645+swe2_data_836	True	3.0356000000000014	aus+amar+snf+swe2	CN(C)CC(C1=CC=C(C=C1)OC)C2(CCCCC2)O	PNVNVHUZROJLTJ-UHFFFAOYSA-N
COc1ccc(C)cc1N	6-methoxy-m-toluidine	swe2_data_206	True	1.58582	swe2	CC1=CC(=C(C=C1)OC)N	WXWCDTXEKCVRRO-UHFFFAOYSA-N
COc1ccc(C2CC(=O)c3c(O)cc(O)cc3O2)cc1	isosakuranetin	swe2_data_505	True	2.812900000000001	swe2	COC1=CC=C(C=C1)[C@@H]2CC(=O)C3=C(C=C(C=C3O2)O)O	HMUJXQRRKBLVOO-AWEZNQCLSA-N
COc1ccc(C2CC(=O)c3c(O)cc(O)cc3O2)cc1O	Hesperetin	amar_data_227+swe2_data_468	True	2.518500000000001	amar+swe2	COC1=C(C=C(C=C1)[C@@H]2CC(=O)C3=C(C=C(C=C3O2)O)O)O	AIONOLUJZLIMTK-AWEZNQCLSA-N
COc1ccc(C2Sc3ccccc3N(CCN(C)C)C(=O)C2O)cc1	Desacetyl diltiazem	aus_data_92+swe2_data_365	True	2.7977000000000007	aus+swe2	CN(C)CCN1C2=CC=CC=C2S[C@H]([C@H](C1=O)O)C3=CC=C(C=C3)OC	NZHUXMZTSSZXSB-MOPGFXCFSA-N
COc1ccc(C2Sc3ccccc3N(CCN(C)C)C(=O)C2OC(C)=O)cc1	Diltiazem	snf_data_3017	True	3.368500000000002	snf	CC(=O)O[C@@H]1[C@@H](SC2=CC=CC=C2N(C1=O)CCN(C)C)C3=CC=C(C=C3)OC	HSUGRBWQSSZJOP-RTWAWAEBSA-N
COc1ccc(C=CC(=O)O)cc1O	3-Hydroxy-4-methoxycinnamic acid (isoferulic acid)	amar_data_60	True	1.4986	amar	COC1=C(C=C(C=C1)/C=C/C(=O)O)O	QURCVMIEKCOAJU-HWKANZROSA-N
COc1ccc(C=CC(=O)O)cc1OC	3,4-Dimethoxycinnamic acid	swe2_data_115	True	1.8016	swe2	COC1=C(C=C(C=C1)/C=C/C(=O)O)OC	HJBWJAPEBGSQPR-GQCTYLIASA-N
COc1ccc(C=O)cc1	4-Methoxybenzaldehyde	aus_data_32+amar_data_83+swe2_data_173	True	1.5076999999999998	aus+amar+swe2	COC1=CC=C(C=C1)C=O	ZRSNZINYAWTAHE-UHFFFAOYSA-N
COc1ccc(CCC(=O)c2c(O)cc(OC3OC(CO)C(O)C(O)C3OC3OC(C)C(O)C(O)C3O)cc2O)cc1O	Neohesperidin dihydrochalcone	snf_data_2814+swe2_data_611	True	-1.3420000000000003	snf+swe2	C[C@H]1[C@@H]([C@H]([C@H]([C@@H](O1)O[C@@H]2[C@H]([C@@H]([C@H](O[C@H]2OC3=CC(=C(C(=C3)O)C(=O)CCC4=CC(=C(C=C4)OC)O)O)CO)O)O)O)O)O	ITVGXXMINPYUHD-CUVHLRMHSA-N
COc1ccc(CCN(C)CCCC(C#N)(c2ccc(OC)c(OC)c2)C(C)C)cc1OC	Verapamil	swe2_data_837	True	5.093080000000005	swe2	CC(C)C(CCCN(C)CCC1=CC(=C(C=C1)OC)OC)(C#N)C2=CC(=C(C=C2)OC)OC	SGTNSNPWRIOYBX-UHFFFAOYSA-N
COc1ccc(CN2CCNCC2)c(OC)c1OC	Trimetazidine	swe2_data_806	True	1.1176	swe2	COC1=C(C(=C(C=C1)CN2CCNCC2)OC)OC	UHWVSEOVJBQKBE-UHFFFAOYSA-N
COc1ccc(CNCC2CC3CCN2CC3c2cc(-c3cccs3)nn2C)cc1	PQIBHGTXCNLNFG-ZVDOUQERSA-N	amar_data_3	True	4.124800000000003	amar	CN1C(=CC(=N1)C2=CC=CS2)[C@H]3CN4CC[C@H]3C[C@@H]4CNCC5=CC=C(C=C5)OC	PQIBHGTXCNLNFG-ZVDOUQERSA-N
COc1ccc(N)cc1N	2,4-Diaminoanisole	aus_data_15	True	0.8595999999999999	aus	COC1=C(C=C(C=C1)N)N	BAHPQISAXRFLCL-UHFFFAOYSA-N
COc1ccc(NC(=O)N(C)C)cc1Cl	Metoxuron	amar_data_294+snf_data_3204+swe2_data_571	True	2.4421	amar+snf+swe2	CN(C)C(=O)NC1=CC(=C(C=C1)OC)Cl	DSRNRYQBBJQVCW-UHFFFAOYSA-N
COc1ccc(NS(=O)(=O)c2ccc(N)cc2)nn1	Sulfamethoxypyridazine	amar_data_392+swe2_data_754	True	0.8681999999999999	amar+swe2	COC1=NN=C(C=C1)NS(=O)(=O)C2=CC=C(C=C2)N	VLYWMPOKSSWJAL-UHFFFAOYSA-N
COc1ccc(O)c(C(=O)O)c1	5-Methoxysalicylic acid	swe2_data_195	True	1.099	swe2	COC1=CC(=C(C=C1)O)C(=O)O	IZZIWIAOVZOBLF-UHFFFAOYSA-N
COc1ccc2[nH]cc(CCNC(C)=O)c2c1	Melatonin	swe2_data_550	True	1.8551	swe2	CC(=O)NCCC1=CNC2=C1C=C(C=C2)OC	DRLFMBDRBRZALE-UHFFFAOYSA-N
COc1ccc2[nH]ccc2c1	5-Methoxyindole	aus_data_37+amar_data_94+swe2_data_194	True	2.1765	aus+amar+swe2	COC1=CC2=C(C=C1)NC=C2	DWAQDRSOVMLGRQ-UHFFFAOYSA-N
COc1ccc2c(c1)C13CCCCC1C(C2)N(C)CC3	Dextromethorphan	snf_data_2824	True	3.383400000000002	snf	CN1CC[C@@]23CCCC[C@@H]2[C@@H]1CC4=C3C=C(C=C4)OC	MKXZASYAUGDDCJ-NJAFHUGGSA-N
COc1ccc2c(c1)c(CC(=O)O)c(C)n2C(=O)c1ccc(Cl)cc1	Indomethacin	snf_data_207+swe2_data_492	True	3.9273200000000026	snf+swe2	CC1=C(C2=C(N1C(=O)C3=CC=C(C=C3)Cl)C=CC(=C2)OC)CC(=O)O	CGIGDMFJXJATDK-UHFFFAOYSA-N
COc1ccc2c(c1)c(CC(=O)OCC(=O)O)c(C)n2C(=O)c1ccc(Cl)cc1	Acemetacin	snf_data_3122+swe2_data_222	True	3.4705200000000014	snf+swe2	CC1=C(C2=C(N1C(=O)C3=CC=C(C=C3)Cl)C=CC(=C2)OC)CC(=O)OCC(=O)O	FSQKKOOTNAMONP-UHFFFAOYSA-N
COc1ccc2c3c1OC1C(=O)CCC4C(C2)N(C)CCC314	Hydrocodone	swe2_data_478	True	1.9333	swe2	CN1CC[C@]23[C@@H]4[C@H]1CC5=C2C(=C(C=C5)OC)O[C@H]3C(=O)CC4	LLPOLZWFYMWNKH-CMKMFDCUSA-N
COc1ccc2c3c1OC1C(O)C=CC4C(C2)N(C)CCC341	Codeine	aus_data_76+snf_data_2780+swe2_data_333	True	1.5011	aus+snf+swe2	CN1CC[C@]23[C@@H]4[C@H]1CC5=C2C(=C(C=C5)OC)O[C@H]3[C@H](C=C4)O	OROGSEYTTFOCAN-DNJOTXNNSA-N
COc1ccc2c3c1OC1C(O)CCC4C(C2)N(C)CCC341	Dihydrocodeine	swe2_data_382	True	1.7251	swe2	CN1CC[C@]23[C@@H]4[C@H]1CC5=C2C(=C(C=C5)OC)O[C@H]3[C@H](CC4)O	RBOXVHNMENFORY-DNJOTXNNSA-N
COc1ccc2cc(C(C)C(=O)O)ccc2c1	Naproxen	amar_data_312+snf_data_202+swe2_data_604	True	3.036500000000001	amar+snf+swe2	C[C@@H](C1=CC2=C(C=C1)C=C(C=C2)OC)C(=O)O	CMWTZPSULFXXJA-VIFPVBQESA-N
COc1ccc2cc3[n+](cc2c1OC)CCc1cc2c(cc1-3)OCO2	Berberine	swe2_data_276	True	3.096300000000001	swe2	COC1=C(C2=C[N+]3=C(C=C2C=C1)C4=CC5=C(C=C4CC3)OCO5)OC	YBHILYKTIRIUTE-UHFFFAOYSA-N
COc1ccc2nc(S(=O)Cc3ncc(C)c(OC)c3C)[nH]c2c1	Omeprazole	snf_data_3698	True	2.8997400000000004	snf	CC1=CN=C(C(=C1OC)C)CS(=O)C2=NC3=C(N2)C=C(C=C3)OC	SUBDBMMJDZJVOS-UHFFFAOYSA-N
COc1ccc2ncccc2c1	6-Methoxyquinoline	aus_data_42+swe2_data_207	True	2.2434000000000003	aus+swe2	COC1=CC2=C(C=C1)N=CC=C2	HFDLDPJYCIEXJP-UHFFFAOYSA-N
COc1cccc(C2(O)CCCCC2CN(C)C)c1	Tramadol	aus_data_251+amar_data_411+snf_data_2567+swe2_data_789	True	2.6346000000000007	aus+amar+snf+swe2	CN(C)C[C@H]1CCCC[C@@]1(C2=CC(=CC=C2)OC)O	TVYLLZQTGLZFBW-ZBFHGGJFSA-N
COc1cccc(C2(O)CCCCC2C[N+](C)(C)[O-])c1	Tramadol N-Oxide	swe2_data_790	True	2.6472000000000007	swe2	C[N+](C)(C[C@H]1CCCC[C@@]1(C2=CC(=CC=C2)OC)O)[O-]	HBXKSXMNNGHBEA-ZBFHGGJFSA-N
COc1cccc(C=O)c1	3-Methoxybenzaldehyde	amar_data_64+swe2_data_140	True	1.5076999999999998	amar+swe2	COC1=CC=CC(=C1)C=O	WMPDAIZRQDCGFH-UHFFFAOYSA-N
COc1cccc(CC(=O)O)c1	3-Methoxyphenylacetic acid	amar_data_65	True	1.3222999999999998	amar	COC1=CC=CC(=C1)CC(=O)O	LEGPZHPSIPPYIO-UHFFFAOYSA-N
COc1ccccc1C(=O)O	o-Anisic acid	swe2_data_636	True	1.3934	swe2	COC1=CC=CC=C1C(=O)O	ILUJQPXNXACGAN-UHFFFAOYSA-N
COc1ccccc1C=CC(=O)O	2-Methoxycinnamic acid	swe2_data_90	True	1.7929999999999997	swe2	COC1=CC=CC=C1/C=C/C(=O)O	FEGVSPGUHMGGBO-VOTSOKGWSA-N
COc1ccnc(CS(=O)c2nc3ccc(OC(F)F)cc3[nH]2)c1OC	Pantoprazole	snf_data_644+swe2_data_649	True	2.8843000000000005	snf+swe2	COC1=C(C(=NC=C1)CS(=O)C2=NC3=C(N2)C=C(C=C3)OC(F)F)OC	IQPSEEYGBUAQFF-UHFFFAOYSA-N
COn1cc(C=O)c2ccccc21	1-Methoxyindole-3-carbaldehyde	amar_data_22	True	1.5122	amar	CON1C=C(C2=CC=CC=C21)C=O	NFGIENSPALNOON-UHFFFAOYSA-N
CS(=O)(=O)c1ccc(C(=O)C2C(=O)CCCC2=O)c([N+](=O)[O-])c1	Mesotrione	snf_data_258	True	1.1193000000000002	snf	CS(=O)(=O)C1=CC(=C(C=C1)C(=O)C2C(=O)CCCC2=O)[N+](=O)[O-]	KPUREKXXPHOJQT-UHFFFAOYSA-N
CSCC1OC(n2cnc3c(=O)nc[nH]c32)C(O)C1O	GXYLOXCSJFJFKA-UHFFFAOYSA-N	amar_data_325	True	-0.8982000000000003	amar	CSCC1C(C(C(O1)N2C=NC3=C2NC=NC3=O)O)O	GXYLOXCSJFJFKA-UHFFFAOYSA-N
CSCCC(N)C(=O)O	Methionine	aus_data_157+amar_data_285	True	0.1513999999999998	aus+amar	CSCC[C@@H](C(=O)O)N	FFEARJCKVFRZRR-BYPYZUCNSA-N
CSCCC(NC(C)=O)C(=O)O	N-Acetyl-L-methionine	aus_data_340+swe2_data_602	True	0.3288	aus+swe2	CC(=O)N[C@@H](CCSC)C(=O)O	XUYPXLNMDZIRQH-LURJTMIESA-N
CSCCC(NC=O)C(=O)O	N-Formylmethionine	amar_data_319	True	-0.0613000000000003	amar	CSCC[C@@H](C(=O)O)NC=O	PYUSHNKNPOHWEZ-YFKPBYRVSA-N
CSCCC(O)C(=O)O	2-Hydroxy-4-methylthiobutanoic acid	swe2_data_81	True	0.1849999999999999	swe2	CSCCC(C(=O)O)O	ONFOSYPQQXJWGS-UHFFFAOYSA-N
CSc1nc(N)nc2nc[nH]c12	2-Amino-6-methylmercaptopurine	amar_data_34	True	0.657	amar	CSC1=NC(=NC2=C1NC=N2)N	YEGKYFQLKYGHAR-UHFFFAOYSA-N
CSc1nc(NC(C)C)nc(NC(C)C)n1	Prometryn	snf_data_133	True	2.2341	snf	CC(C)NC1=NC(=NC(=N1)SC)NC(C)C	AAEVYOVXGOFMJO-UHFFFAOYSA-N
CSc1nc(NC2CC2)nc(NC(C)(C)C)n1	Cybutryne	snf_data_302	True	2.3782000000000005	snf	CC(C)(C)NC1=NC(=NC(=N1)NC2CC2)SC	HDHLIWCXDDZUFH-UHFFFAOYSA-N
C[N+](C)(C)CC(=O)[O-]	Betaine	aus_data_65+swe2_data_277	True	-1.5574999999999983	aus+swe2	C[N+](C)(C)CC(=O)[O-]	KWIUHFFTVRNATP-UHFFFAOYSA-N
C[N+](C)(C)CC(O)CC(=O)[O-]	D-Carnitine	aus_data_88+swe2_data_520	True	-1.8064999999999984	aus+swe2	C[N+](C)(C)C[C@H](CC(=O)[O-])O	PHIQHXFUZVPYII-LURJTMIESA-N
C[N+](C)(C)CCCCC(N)C(=O)[O-]	N6,N6,N6-Trimethyl-L-lysine	aus_data_181	True	-1.0598999999999974	aus	C[N+](C)(C)CCCC[C@@H](C(=O)[O-])N	MXNRLFUSFKVQSK-QMMMGPOBSA-N
C[N+](C)(C)CCO	Choline	aus_data_72+swe2_data_315	True	-0.3150999999999999	aus+swe2	C[N+](C)(C)CCO	OEYIOHPDSNJKLS-UHFFFAOYSA-N
C[N+]1(C)CCCC1C(=O)O	DL-Stachydrine	aus_data_104+swe2_data_400	True	0.3097999999999998	aus+swe2	C[N+]1(CCCC1C(=O)O)C	CMUNUTVVOOHQPW-UHFFFAOYSA-O
C[N+]1([O-])CCN(C2=Nc3cc(Cl)ccc3Nc3ccccc32)CC1	Clozapine N-oxide	swe2_data_331	True	3.7353000000000014	swe2	C[N+]1(CCN(CC1)C2=NC3=C(C=CC(=C3)Cl)NC4=CC=CC=C42)[O-]	OGUCZBIQSYYWEF-UHFFFAOYSA-N
C[n+]1cccc(C(=O)[O-])c1	N-methylnicotinate	swe2_data_627	True	-1.1254000000000004	swe2	C[N+]1=CC=CC(=C1)C(=O)[O-]	WWNNZCOKKKDOPX-UHFFFAOYSA-N
C[n+]1cccc(C(N)=O)c1	1-Methylnicotinamide	swe2_data_45	True	-0.3900000000000003	swe2	C[N+]1=CC=CC(=C1)C(=O)N	LDHMAVIPBRSVRG-UHFFFAOYSA-O
Cc1[nH]c(=O)n(C(C)(C)C)c(=O)c1Cl	Terbacil	swe2_data_767	True	1.25342	swe2	CC1=C(C(=O)N(C(=O)N1)C(C)(C)C)Cl	NBQCNZYJJMBDKY-UHFFFAOYSA-N
Cc1c(C(C)C)c(=O)n(-c2ccccc2)n1C	Propyphenazon	swe2_data_710	True	2.607820000000001	swe2	CC1=C(C(=O)N(N1C)C2=CC=CC=C2)C(C)C	PXWLVJLKJGVOKE-UHFFFAOYSA-N
Cc1c(N(C)C)c(=O)n(-c2ccccc2)n1C	Aminopyrine	swe2_data_247	True	1.55042	swe2	CC1=C(C(=O)N(N1C)C2=CC=CC=C2)N(C)C	RMMXTBMQSGEXHJ-UHFFFAOYSA-N
Cc1c(N)cccc1N	2,6-Diaminotoluene	aus_data_16	True	1.15942	aus	CC1=C(C=CC=C1N)N	RLYCRLGLCUXUPO-UHFFFAOYSA-N
Cc1c(NC=O)c(=O)n(-c2ccccc2)n1C	4-Formylaminoantipyrine	amar_data_78	True	1.05272	amar	CC1=C(C(=O)N(N1C)C2=CC=CC=C2)NC=O	WSJBSKRPKADYRQ-UHFFFAOYSA-N
Cc1c(O)cc2c(c1O)C(=O)c1ccccc1C2=O	Rubiadin	swe2_data_729	True	2.18162	swe2	CC1=C(C=C2C(=C1O)C(=O)C3=CC=CC=C3C2=O)O	IRZTUXPRIUZXMP-UHFFFAOYSA-N
Cc1c(OCC(F)(F)F)ccnc1CS(=O)c1nc2ccccc2[nH]1	Dexlansoprazole	snf_data_11005	True	3.515220000000001	snf	CC1=C(C=CN=C1C[S@@](=O)C2=NC3=CC=CC=C3N2)OCC(F)(F)F	MJIHNNLFOKEZEW-RUZDIDTESA-N
Cc1c2c(n3c(nc4ccccc43)c1C#N)SCC2	4-methyl-2,3-dihydrothieno[3',2':5,6]pyrido[1,2-a]benzimidazole-5-carbonitrile	swe2_data_175	True	3.315800000000002	swe2	CC1=C(C2=NC3=CC=CC=C3N2C4=C1CCS4)C#N	IQEJBQHGUPSFQP-UHFFFAOYSA-N
Cc1c[n+]([O-])ccc1[N+](=O)[O-]	3-Methyl-4-nitropyridine N-oxide	swe2_data_141	True	0.5366199999999999	swe2	CC1=C(C=C[N+](=C1)[O-])[N+](=O)[O-]	SSOURMYKACOBIV-UHFFFAOYSA-N
Cc1c[nH]c(=O)[nH]c1=O	Thymine	aus_data_248+amar_data_408+swe2_data_784	True	-0.6283800000000002	aus+amar+swe2	CC1=CNC(=O)NC1=O	RWQNBRDOKXIBIV-UHFFFAOYSA-N
Cc1cc(=O)[nH]c(C(C)C)n1	2-Isopropyl-6-methyl-4-pyrimidinol	swe2_data_88	True	1.20172	swe2	CC1=CC(=O)NC(=N1)C(C)C	AJPIUNPJBFBUKK-UHFFFAOYSA-N
Cc1cc(=O)c2nncn2[nH]1	6-Methyl[1,2,4]triazolo[4,3-b]pyridazin-8-ol	amar_data_97	True	-0.2739800000000003	amar	CC1=CC(=O)C2=NN=CN2N1	VVQUAWREPHCLDH-UHFFFAOYSA-N
Cc1cc(=O)n(-c2ccccc2)n1C	Phenazone	aus_data_208+swe2_data_253	True	1.48442	aus+swe2	CC1=CC(=O)N(N1C)C2=CC=CC=C2	VEQOALNAAJBPNY-UHFFFAOYSA-N
Cc1cc(=O)oc2cc(N)ccc12	7-Amino-4-methylcoumarin	swe2_data_215	True	1.68362	swe2	CC1=CC(=O)OC2=C1C=CC(=C2)N	GLNDAGDHSLMOKX-UHFFFAOYSA-N
Cc1cc(=O)oc2cc(O)c(O)cc12	6,7-Dihydroxy-4-methylcoumarin	swe2_data_198	True	1.5126199999999996	swe2	CC1=CC(=O)OC2=CC(=C(C=C12)O)O	KVOJTUXGYQVLAJ-UHFFFAOYSA-N
Cc1cc(=O)oc2ccc(O)cc12	6-Hydroxy-4-methylcoumarin, 6-Hydroxy-4-methyl-2-benzopyrone	swe2_data_202	True	1.80702	swe2	CC1=CC(=O)OC2=C1C=C(C=C2)O	IRUHWRSITUYICV-UHFFFAOYSA-N
Cc1cc(=O)oc2ccccc12	4-Methylcoumarin	swe2_data_177	True	2.10142	swe2	CC1=CC(=O)OC2=CC=CC=C12	PSGQCCSGKGJLRL-UHFFFAOYSA-N
Cc1cc(C)[nH]c(=O)n1	4,6-Dimethyl-2(1H)-pyrimidinone	amar_data_74+swe2_data_152	True	0.3867399999999999	amar+swe2	CC1=CC(=NC(=O)N1)C	WHEQVHAIRSPYDK-UHFFFAOYSA-N
Cc1cc(C)c(S(=O)(=O)O)c(C)c1	2,4,6-Trimethylbenzenesulfonic acid	amar_data_239	True	1.85856	amar	CC1=CC(=C(C(=C1)C)S(=O)(=O)O)C	LXFQSRIDYRFTJW-UHFFFAOYSA-N
Cc1cc(C)n(Cc2ccc(Cl)cc2)c(=O)c1C#N	1-[(4-Chlorophenyl)methyl]-1,2-dihydro-4,6-dimethyl-2-oxo-3-pyridinecarbonitrile	aus_data_281	True	3.038520000000001	aus	CC1=CC(=C(C(=O)N1CC2=CC=C(C=C2)Cl)C#N)C	PQBRWVPFQZTYGV-UHFFFAOYSA-N
Cc1cc(C)nc(NS(=O)(=O)c2ccc(N)cc2)n1	Sulfamethazine	amar_data_388+snf_data_181+swe2_data_752	True	1.4764399999999998	amar+snf+swe2	CC1=CC(=NC(=N1)NS(=O)(=O)C2=CC=C(C=C2)N)C	ASWVTGNCAZCNNR-UHFFFAOYSA-N
Cc1cc(Cl)ccc1OC(C)C(=O)O	Mecoprop	amar_data_278+snf_data_308+swe2_data_547	True	2.5003199999999994	amar+snf+swe2	CC1=C(C=CC(=C1)Cl)OC(C)C(=O)O	WNTGYJSOUMFZEP-UHFFFAOYSA-N
Cc1cc(Cl)ccc1OCC(=O)O	(4-Chloro-2-methylphenoxy)acetic acid	aus_data_288+amar_data_277+swe2_data_545	True	2.11182	aus+amar+swe2	CC1=C(C=CC(=C1)Cl)OCC(=O)O	WHKUVVPPKQRRBV-UHFFFAOYSA-N
Cc1cc(NS(=O)(=O)c2ccc(N)cc2)no1	Sulfamethoxazole	amar_data_389+snf_data_298+swe2_data_753	True	1.3660199999999998	amar+snf+swe2	CC1=CC(=NO1)NS(=O)(=O)C2=CC=C(C=C2)N	JLKIGFTWXXRPMT-UHFFFAOYSA-N
Cc1cc(O)cc(=O)o1	4-Hydroxy-6-methyl-2-pyrone	swe2_data_164	True	0.6538199999999998	swe2	CC1=CC(=CC(=O)O1)O	NSYSSMYQPLSPOD-UHFFFAOYSA-N
Cc1cc(O)cc(C)c1S(C)(=O)=O	Methiocarb-TP methiocarb sulfone phenol (M05)	swe2_data_557	True	1.41254	swe2	CC1=CC(=CC(=C1S(=O)(=O)C)C)O	GRBGKIGVRUXTSK-UHFFFAOYSA-N
Cc1cc2c(s1)Nc1ccccc1N=C2N1CCN(C)CC1	Olanzapine	snf_data_3697	True	3.439220000000004	snf	CC1=CC2=C(S1)NC3=CC=CC=C3N=C2N4CCN(CC4)C	KVWDHTXUZHCGIO-UHFFFAOYSA-N
Cc1cc2n[nH]nc2cc1C	5,6-dimethyl-1H-benzotriazole	swe2_data_190	True	1.5747399999999998	swe2	CC1=CC2=NNN=C2C=C1C	MVPKIPGHRNIOPT-UHFFFAOYSA-N
Cc1cc2nc3c(=O)[nH]c(=O)nc-3n(CC(O)C(O)C(O)CO)c2cc1C	Riboflavin	amar_data_372+swe2_data_722	True	-1.7235599999999989	amar+swe2	CC1=CC2=C(C=C1C)N(C3=NC(=O)NC(=O)C3=N2)C[C@@H]([C@@H]([C@@H](CO)O)O)O	AUNGANRZJHBGPY-SCRDCRAPSA-N
Cc1ccc(-c2nc3ccc(C)cn3c2CC(=O)N(C)C)cc1	Zolpidem	amar_data_442+swe2_data_845	True	3.2488400000000013	amar+swe2	CC1=CC=C(C=C1)C2=C(N3C=C(C=CC3=N2)C)CC(=O)N(C)C	ZAFYATHCZYHLPB-UHFFFAOYSA-N
Cc1ccc(=O)n(-c2ccccc2)c1	Pirfenidone	snf_data_10556	True	2.1459200000000003	snf	CC1=CN(C(=O)C=C1)C2=CC=CC=C2	ISWRGOKTTBVCFA-UHFFFAOYSA-N
Cc1ccc(C(=O)C(C)CN2CCCCC2)cc1	Tolperison	snf_data_10997	True	3.2997200000000024	snf	CC1=CC=C(C=C1)C(=O)C(C)CN2CCCCC2	FSKFPVLPFLJRQB-UHFFFAOYSA-N
Cc1ccc(C(C)NC(=O)C(NC(=O)OC(C)C)C(C)C)cc1	Iprovalicarb	snf_data_2936	True	3.3314200000000023	snf	CC1=CC=C(C=C1)C(C)NC(=O)[C@H](C(C)C)NC(=O)OC(C)C	NWUWYYSKZYIQAE-WMCAAGNKSA-N
Cc1ccc(C(N)=O)cn1	6-Methylnicotinamide	aus_data_43	True	0.4889200000000001	aus	CC1=NC=C(C=C1)C(=O)N	IJXDURUAYOKSIS-UHFFFAOYSA-N
Cc1ccc(C)c(OCCCC(C)(C)C(=O)O)c1	Gemfibrozil	amar_data_217+snf_data_3071+swe2_data_449	True	3.573240000000002	amar+snf+swe2	CC1=CC(=C(C=C1)C)OCCCC(C)(C)C(=O)O	HEMJJKBWTPKOJG-UHFFFAOYSA-N
Cc1ccc(C2OC(CO)C(O)C(O)C2O)cc1Cc1ccc(-c2ccc(F)cc2)s1	Canagliflozin	snf_data_10688	True	2.968320000000001	snf	CC1=C(C=C(C=C1)[C@H]2[C@@H]([C@H]([C@@H]([C@H](O2)CO)O)O)O)CC3=CC=C(S3)C4=CC=C(C=C4)F	XTNGUQKDFGDXSJ-ZXGKGEBGSA-N
Cc1ccc(C=O)c(C)c1	2,4-Dimethylbenzaldehyde	swe2_data_61	True	2.11594	swe2	CC1=CC(=C(C=C1)C=O)C	GISVICWQYMUPJF-UHFFFAOYSA-N
Cc1ccc(NC(=O)N(C)C)cc1Cl	Chlorotoluron	snf_data_273+swe2_data_314	True	2.741920000000001	snf+swe2	CC1=C(C=C(C=C1)NC(=O)N(C)C)Cl	JXCGFZXSOMJFOA-UHFFFAOYSA-N
Cc1ccc(NC(=O)c2ccc(CN3CCN(C)CC3)cc2)cc1Nc1nccc(-c2cccnc2)n1	Imatinib	swe2_data_488	True	4.590320000000004	swe2	CC1=C(C=C(C=C1)NC(=O)C2=CC=C(C=C2)CN3CCN(CC3)C)NC4=NC=CC(=N4)C5=CN=CC=C5	KTUFNOKKBVMGRW-UHFFFAOYSA-N
Cc1ccc(O)c(N)c1	2-Amino-4-cresol	aus_data_9	True	1.2828199999999998	aus	CC1=CC(=C(C=C1)O)N	ZMXYNJXDULEQCK-UHFFFAOYSA-N
Cc1ccc(O)cc1	4-Methylphenol	swe2_data_178	True	1.7006199999999998	swe2	CC1=CC=C(C=C1)O	IWDCLRJOBJJRNH-UHFFFAOYSA-N
Cc1ccc(S(=O)(=O)NC(=O)NN2CC3CCCC3C2)cc1	Gliclazide	snf_data_11022	True	1.6298199999999994	snf	CC1=CC=C(C=C1)S(=O)(=O)NC(=O)NN2CC3CCCC3C2	BOVGTQGAOIONJV-UHFFFAOYSA-N
Cc1ccc(S(=O)(=O)O)cc1	p-Toluenesulfonic acid	amar_data_366	True	1.2417200000000002	amar	CC1=CC=C(C=C1)S(=O)(=O)O	JOXIMZWYDAKGHI-UHFFFAOYSA-N
Cc1ccc([N+](=O)[O-])cc1N	5-Nitro-o-toluidine	aus_data_39	True	1.4854199999999995	aus	CC1=C(C=C(C=C1)[N+](=O)[O-])N	DSBIJCMXAIKKKI-UHFFFAOYSA-N
Cc1ccc2cccc(O)c2n1	2-methylquinolin-8-ol	swe2_data_95	True	2.2488200000000007	swe2	CC1=NC2=C(C=CC=C2O)C=C1	NBYLBWHHTUWMER-UHFFFAOYSA-N
Cc1ccc2n[nH]nc2c1	5-Methylbenzotriazole	aus_data_38+amar_data_95+swe2_data_196	True	1.26632	aus+amar+swe2	CC1=CC2=NNN=C2C=C1	LRUDIIUSNGCQKF-UHFFFAOYSA-N
Cc1ccc2ncccc2c1	6-Methylquinoline	aus_data_44	True	2.5432200000000007	aus	CC1=CC2=C(C=C1)N=CC=C2	LUYISICIYVKBTA-UHFFFAOYSA-N
Cc1ccc2ncccc2c1[N+](=O)[O-]	6-methyl-5-nitroquinoline	swe2_data_209	True	2.4514200000000006	swe2	CC1=C(C2=C(C=C1)N=CC=C2)[N+](=O)[O-]	CENBTULRDDPOGR-UHFFFAOYSA-N
Cc1cccc(C(=O)NCC(=O)O)c1	3-Methylhippuric acid	amar_data_66	True	0.80942	amar	CC1=CC(=CC=C1)C(=O)NCC(=O)O	YKAKNMHEIJUKEX-UHFFFAOYSA-N
Cc1cccc(C)c1N	2,6-Xylidine	swe2_data_67	True	1.88564	swe2	CC1=C(C(=CC=C1)C)N	UFFBMTHBGFGIHF-UHFFFAOYSA-N
Cc1cccc(C)c1NC(=O)C1CCCCN1C	Mepivacaine	swe2_data_553	True	2.7262400000000007	swe2	CC1=C(C(=CC=C1)C)NC(=O)C2CCCCN2C	INWLQCZOYSRPNW-UHFFFAOYSA-N
Cc1cccc(C)c1NC1=NCCCS1	Xylazine	swe2_data_844	True	3.2082400000000018	swe2	CC1=C(C(=CC=C1)C)NC2=NCCCS2	BPICBUSOMSTKRF-UHFFFAOYSA-N
Cc1cccc(C)c1OCC(C)N	Mexiletine	snf_data_3010	True	2.02944	snf	CC1=C(C(=CC=C1)C)OCC(C)N	VLPIATFUUWWMKC-UHFFFAOYSA-N
Cc1cccc(CN2CCN(C(c3ccccc3)c3ccc(Cl)cc3)CC2)c1	Meclozine	swe2_data_546	True	5.555620000000006	swe2	CC1=CC(=CC=C1)CN2CCN(CC2)C(C3=CC=CC=C3)C4=CC=C(C=C4)Cl	OCJYIGYOJCODJL-UHFFFAOYSA-N
Cc1cccc(Nc2ccccc2C(=O)O)c1C	Mefenamic acid	amar_data_280+snf_data_208+swe2_data_548	True	3.7452400000000017	amar+snf+swe2	CC1=C(C(=CC=C1)NC2=CC=CC=C2C(=O)O)C	HYYBABOKPJLUIN-UHFFFAOYSA-N
Cc1cccc(Nc2ccncc2S(=O)(=O)NC(=O)NC(C)C)c1	Torsemide	snf_data_3145+swe2_data_788	True	2.52992	snf+swe2	CC1=CC(=CC=C1)NC2=C(C=NC=C2)S(=O)(=O)NC(=O)NC(C)C	NGBFQHCMQULJNZ-UHFFFAOYSA-N
Cc1cccc(S(=O)(=O)O)c1C	2,3-Dimethylbenzenesulfonic acid	amar_data_30	True	1.55014	amar	CC1=C(C(=CC=C1)S(=O)(=O)O)C	ZZXDRXVIRVJQBT-UHFFFAOYSA-N
Cc1cccc(S(=O)(=O)[O-])c1C	Xylenesulfonate	aus_data_358	True	1.20754	aus	CC1=C(C=C(C=C1)S(=O)(=O)[O-])C.[Na+]	QUCDWLYKDRVKMI-UHFFFAOYSA-M
Cc1cccc2n[nH]nc12	4-Methyl-1H-benzotriazole	amar_data_84+swe2_data_42	True	1.26632	amar+swe2	CC1=CC=CC2=NNN=C12	CMGDVUCDZOBDNL-UHFFFAOYSA-N
Cc1ccccc1C(=O)O	2-Methylbenzoic acid	amar_data_46+swe2_data_93	True	1.69322	amar+swe2	CC1=CC=CC=C1C(=O)O	ZWLPBLYKEWSWPD-UHFFFAOYSA-N
Cc1cccnc1	3-Methylpyridine	amar_data_67+swe2_data_143	True	1.39002	amar+swe2	CC1=CN=CC=C1	ITQTTZVARXURQS-UHFFFAOYSA-N
Cc1ccncc1	4-Picoline	aus_data_33+swe2_data_187	True	1.39002	aus+swe2	CC1=CC=NC=C1	FKNQCJSGGFJEIZ-UHFFFAOYSA-N
Cc1cn(-c2cc(NC(=O)c3ccc(C)c(Nc4nccc(-c5cccnc5)n4)c3)cc(C(F)(F)F)c2)cn1	Nilotinib	swe2_data_618	True	6.355840000000005	swe2	CC1=C(C=C(C=C1)C(=O)NC2=CC(=CC(=C2)C(F)(F)F)N3C=C(N=C3)C)NC4=NC=CC(=N4)C5=CN=CC=C5	HHZIURLSWUIHRB-UHFFFAOYSA-N
Cc1cn(C2CC(O)C(CO)O2)c(=O)[nH]c1=O	Thymidine	aus_data_247+amar_data_407+swe2_data_782	True	-1.5142799999999992	aus+amar+swe2	CC1=CN(C(=O)NC1=O)[C@H]2C[C@@H]([C@H](O2)CO)O	IQFYYKKMVGJFEH-XLPZGREQSA-N
Cc1cn(C2CC(O)C(COP(=O)(O)O)O2)c(=O)[nH]c1=O	Thymidine-5'-monophosphate	swe2_data_783	True	-1.3972800000000003	swe2	CC1=CN(C(=O)NC1=O)[C@H]2C[C@@H]([C@H](O2)COP(=O)(O)O)O	GYOZYWVXFNDGLU-XLPZGREQSA-N
Cc1cnc(C)cn1	2,5-Dimethylpyrazine	swe2_data_65	True	1.09344	swe2	CC1=CN=C(C=N1)C	LCZUOKDVTBMCMX-UHFFFAOYSA-N
Cc1cnc(C2=NC(C)(C(C)C)C(=O)N2)c(C(=O)O)c1	Imazapic	aus_data_124	True	1.37932	aus	CC1=CC(=C(N=C1)C2=NC(C(=O)N2)(C)C(C)C)C(=O)O	PVSGXWMWNRGTKE-UHFFFAOYSA-N
Cc1cncc(C)n1	2,6-Dimethylpyrazine	aus_data_17	True	1.0934399999999995	aus	CC1=CN=CC(=N1)C	HJFZAYHYIWGLNL-UHFFFAOYSA-N
Cc1nc(-c2ccc(OCC(C)C)c(C#N)c2)sc1C(=O)O	Febuxostat	snf_data_11002	True	3.723200000000002	snf	CC1=C(SC(=N1)C2=CC(=C(C=C2)OCC(C)C)C#N)C(=O)O	BQSJTQLCZDPROO-UHFFFAOYSA-N
Cc1nc(C)c(C)nc1C	2,3,5,6-Tetramethylpyrazine	aus_data_14	True	1.7102799999999998	aus	CC1=C(N=C(C(=N1)C)C)C	FINHMKGKINIASC-UHFFFAOYSA-N
Cc1nc(N)nc(N)n1	6-Methyl-1,3,5-triazine-2,4-diamine	swe2_data_208	True	-0.6555800000000003	swe2	CC1=NC(=NC(=N1)N)N	NJYZCEFQAIUHSD-UHFFFAOYSA-N
Cc1ncc(C(=O)O)c(-c2ccccc2)n1	2-Methyl-4-phenyl-5-pyrimidinecarboxylic acid	swe2_data_92	True	2.15022	swe2	CC1=NC=C(C(=N1)C2=CC=CC=C2)C(=O)O	XKJAQESOTNACHT-UHFFFAOYSA-N
Cc1ncc(CO)c(C(=O)O)c1O	4-Pyridoxic acid	aus_data_34+amar_data_90+amar_data_89+swe2_data_188	True	0.28612	aus+amar+swe2	CC1=NC=C(C(=C1O)C(=O)O)CO	HXACOUQIXZGNBF-UHFFFAOYSA-N
Cc1ncc(CO)c(CN)c1O	Pyridoxamine	aus_data_230	True	0.0466200000000001	aus	CC1=NC=C(C(=C1O)CN)CO	NHZMQXZHNVQTQA-UHFFFAOYSA-N
Cc1ncc(CO)c(CO)c1O	Pyridoxine	aus_data_231+amar_data_223+swe2_data_461	True	0.0802199999999998	aus+amar+swe2	CC1=NC=C(C(=C1O)CO)CO	LXNHXLLTXMVWPM-UHFFFAOYSA-N
Cc1ncc([N+](=O)[O-])n1CCO	Metronidazole	swe2_data_572	True	0.0920199999999999	swe2	CC1=NC=C(N1CCO)[N+](=O)[O-]	VAOCPAMSLUNLGC-UHFFFAOYSA-N
Cc1ncsc1CCCl	Chlormethiazole	snf_data_10563+swe2_data_326	True	2.23282	snf+swe2	CC1=C(SC=N1)CCCl	PCLITLDOTJTVDJ-UHFFFAOYSA-N
Cc1ncsc1CCO	4-Methyl-5-thiazoleethanol	amar_data_85+swe2_data_176	True	0.98632	amar+swe2	CC1=C(SC=N1)CCO	BKAWJIRCKVUVED-UHFFFAOYSA-N
Cc1oc(C(=O)O)cc(=O)c1C	5,6-dimethyl-4-oxo-4H-pyran-2-carboxylic acid	swe2_data_191	True	0.95484	swe2	CC1=C(OC(=CC1=O)C(=O)O)C	FDBZURJIEXDCCQ-UHFFFAOYSA-N
Clc1ccc2c(c1)CCc1cccnc1C2=C1CCNCC1	Desloratadine	swe2_data_366	True	4.018900000000002	swe2	C1CC2=C(C=CC(=C2)Cl)C(=C3CCNCC3)C4=C1C=CC=N4	JAUOIFJMECXRGI-UHFFFAOYSA-N
Clc1ccccc1C(c1ccccc1)(c1ccccc1)n1ccnc1	Clotrimazol	snf_data_329	True	5.376700000000004	snf	C1=CC=C(C=C1)C(C2=CC=CC=C2)(C3=CC=CC=C3Cl)N4C=CN=C4	VNFPBHJOKIVQEB-UHFFFAOYSA-N
Clc1ccccc1CN1CCc2sccc2C1	Ticlopidine	snf_data_3029	True	3.959800000000002	snf	C1CN(CC2=C1SC=C2)CC3=CC=CC=C3Cl	PHWBOXQYWZNQIN-UHFFFAOYSA-N
Cn1c(=O)[nH]c(=O)c2[nH]cnc21	3-Methylxanthine	aus_data_299+amar_data_69+swe2_data_144	True	-1.0501000000000005	aus+amar+swe2	CN1C2=C(C(=O)NC1=O)NC=N2	GMSNIKWWOQHZGF-UHFFFAOYSA-N
Cn1c(=O)[nH]c2[nH]c(=O)[nH]c2c1=O	1-Methyluric acid	amar_data_25+swe2_data_46	True	-1.7568	amar+swe2	CN1C(=O)C2=C(NC(=O)N2)NC1=O	QFDRTQONISXGJA-UHFFFAOYSA-N
Cn1c(=O)[nH]c2[nH]c(=O)n(C)c2c1=O	1,7-Dimethyluric acid	aus_data_5+swe2_data_26	True	-1.7464000000000002	aus+swe2	CN1C2=C(NC1=O)NC(=O)N(C2=O)C	NOFNCLGCUJJPKU-UHFFFAOYSA-N
Cn1c(=O)[nH]c2c(=O)[nH]c(=O)[nH]c21	9-Methyluric acid	aus_data_312	True	-1.7568	aus	CN1C2=C(C(=O)NC(=O)N2)NC1=O	XJEJWDFDVPDMAS-UHFFFAOYSA-N
Cn1c(=O)[nH]c2c([nH]c(=O)n2C)c1=O	1,9-dimethyluric acid	swe2_data_27	True	-1.7464000000000002	swe2	CN1C2=C(C(=O)N(C(=O)N2)C)NC1=O	UARKDOLETOEBCU-UHFFFAOYSA-N
Cn1c(=O)[nH]c2nc[nH]c2c1=O	1-Methylxanthine	amar_data_26+swe2_data_47	True	-1.0501000000000007	amar+swe2	CN1C(=O)C2=C(NC1=O)N=CN2	MVOYJPOZRLFTCP-UHFFFAOYSA-N
Cn1c(=O)[nH]c2ncn(C)c2c1=O	Paraxanthine	aus_data_195	True	-1.039700000000001	aus	CN1C=NC2=C1C(=O)N(C(=O)N2)C	QUNWUDVFRNGTCO-UHFFFAOYSA-N
Cn1c(=O)c2[nH]c(=O)[nH]c2n(C)c1=O	1,3-Dimethyluric acid	amar_data_6+swe2_data_22	True	-1.7464000000000002	amar+swe2	CN1C2=C(C(=O)N(C1=O)C)NC(=O)N2	OTSBKHHWSQYEHK-UHFFFAOYSA-N
Cn1c(=O)c2[nH]cnc2n(C)c1=O	Theophylline	aus_data_353+amar_data_404+swe2_data_778	True	-1.0397000000000003	aus+amar+swe2	CN1C2=C(C(=O)N(C1=O)C)NC=N2	ZFXYFBGIUFBOJW-UHFFFAOYSA-N
Cn1c(=O)c2c([nH]c(=O)n2C)n(C)c1=O	1,3,7-Trimethyluric acid	aus_data_283+amar_data_5+swe2_data_21	True	-1.7359999999999995	aus+amar+swe2	CN1C2=C(NC1=O)N(C(=O)N(C2=O)C)C	BYXCFUMGEBZDDI-UHFFFAOYSA-N
Cn1c(=O)c2c(ncn2C)n(C)c1=O	Caffeine	aus_data_68+amar_data_145+snf_data_303+swe2_data_297	True	-1.0293	aus+amar+snf+swe2	CN1C=NC2=C1C(=O)N(C(=O)N2C)C	RYYVLZVUVIJVGH-UHFFFAOYSA-N
Cn1c(N)cc(=O)n(C)c1=O	6-Amino-1,3-dimethyluracil	swe2_data_200	True	-1.3337999999999992	swe2	CN1C(=CC(=O)N(C1=O)C)N	VFGRNTYELNYSKJ-UHFFFAOYSA-N
Cn1c(N)nc2nc[nH]c2c1=O	1-Methylguanine	amar_data_24	True	-0.7612000000000003	amar	CN1C(=O)C2=C(N=CN2)N=C1N	RFLVMTUMFYRZCB-UHFFFAOYSA-N
Cn1cnc(CC(=O)O)c1	Methylimidazoleacetic acid	aus_data_160+amar_data_290+swe2_data_565	True	0.0471999999999996	aus+amar+swe2	CN1C=C(N=C1)CC(=O)O	ZHCKPJGJQOPTLB-UHFFFAOYSA-N
Cn1cnc(CCN)c1	1-Methylhistamine	swe2_data_44	True	-0.0787000000000001	swe2	CN1C=C(N=C1)CCN	FHQDWPCFSJMNCT-UHFFFAOYSA-N
Cn1cnc2[nH]c(=O)[nH]c(=O)c21	7-Methylxanthine	aus_data_46+swe2_data_216	True	-1.0501	aus+swe2	CN1C=NC2=C1C(=O)NC(=O)N2	PFWLFWPASULGAN-UHFFFAOYSA-N
Cn1cnc2c(ncn2C2OC(CO)C(O)C2O)c1=N	1-Methyladenosine	amar_data_23	True	-2.139229999999999	amar	CN1C=NC2=C(C1=N)N=CN2[C@H]3[C@@H]([C@@H]([C@H](O3)CO)O)O	GFYLSDSUCHVORB-IOSLPCCCSA-N
Cn1cnc2c1c(=O)[nH]c(=O)n2C	Theobromine	aus_data_244+amar_data_402+swe2_data_777	True	-1.0397	aus+amar+swe2	CN1C=NC2=C1C(=O)NC(=O)N2C	YAPQBXQYLJRXSA-UHFFFAOYSA-N
Cn1cnc2nc(N)[nH]c(=O)c21	7-Methylguanine	aus_data_45	True	-0.7612000000000001	aus	CN1C=NC2=C1C(=O)NC(=N2)N	FZWGECJQACGGTI-UHFFFAOYSA-N
Fc1ccc(CN2CCC(c3nc4cc(Cl)ccc4o3)C2)cc1	5-Chloro-2-[(3S)-1-(4-fluorobenzyl)-3-pyrrolidinyl]-1,3-benzoxazole	swe2_data_192	True	4.609800000000004	swe2	C1CN(C[C@H]1C2=NC3=C(O2)C=CC(=C3)Cl)CC4=CC=C(C=C4)F	FHERDDJXPCXICG-ZDUSSCGKSA-N
N#CC(=CNc1ccc2c(c1)C(=O)OC2)C(=O)c1ccc(Cl)cc1	BAXLYEAEVMOZSJ-UKTHLTGXSA-N	amar_data_29+swe2_data_53	True	3.7126800000000015	amar+swe2	C1C2=C(C=C(C=C2)N/C=C(\C#N)/C(=O)C3=CC=C(C=C3)Cl)C(=O)O1	BAXLYEAEVMOZSJ-UKTHLTGXSA-N
N#CC(=CNc1cnccn1)C(=O)c1cccs1	3-(pyrazin-2-ylamino)-2-(2-thienylcarbonyl)acrylonitrile	swe2_data_108	True	2.24038	swe2	C1=CSC(=C1)C(=O)C(=CNC2=NC=CN=C2)C#N	UOIUKKVJBQAYKQ-UHFFFAOYSA-N
N#CC(=Cc1ccc2c(c1)OCO2)c1nc2ccccc2[nH]1	2-(1H-benzimidazol-2-yl)-3-(1,3-benzodioxol-5-yl)acrylonitrile	swe2_data_50	True	3.355780000000002	swe2	C1OC2=C(O1)C=C(C=C2)/C=C(\C#N)/C3=NC4=CC=CC=C4N3	OLEHBLSQRIAMFP-KPKJPENVSA-N
N#CC(=Cc1cccc(O)c1)C(=O)O	alpha-Cyano-3-hydroxycinnamic acid	amar_data_445	True	1.3837799999999998	amar	C1=CC(=CC(=C1)O)/C=C(\C#N)/C(=O)O	HPLNTJVXWMJLNJ-XBXARRHUSA-N
N#CC(=NOCC1OCCO1)c1ccccc1	Oxabetrinil	swe2_data_644	True	1.3037800000000002	swe2	C1COC(O1)CO/N=C(\C#N)/C2=CC=CC=C2	WFVUIONFJOAYPK-SDNWHVSQSA-N
N#CC1(O)CN2CCC1CC2	3-hydroxyquinuclidine-3-carbonitrile hydrochloride	swe2_data_136	True	-0.0333199999999997	swe2	C1CN2CCC1C(C2)(C#N)O.Cl	BAWCCOIFJYOGEB-UHFFFAOYSA-N
N#CC1CCCN1C(=O)CNC12CC3CC(CC(O)(C3)C1)C2	Vildagliptin	snf_data_3146+swe2_data_838	True	1.1742799999999989	snf+swe2	C1C[C@H](N(C1)C(=O)CNC23CC4CC(C2)CC(C4)(C3)O)C#N	SYOKIDBDQMKNDQ-XWTIBIIYSA-N
N#CCNC(=O)c1cnccc1C(F)(F)F	Flonicamid	snf_data_2943	True	1.35378	snf	C1=CN=CC(=C1C(F)(F)F)C(=O)NCC#N	RLQJEEJISHYWON-UHFFFAOYSA-N
N#Cc1c(NCCO)ccc([N+](=O)[O-])c1NCCO	2,6-Bis(2-hydroxyethylamino)-3-nitrobenzonitrile	aus_data_292	True	0.2748799999999999	aus	C1=CC(=C(C(=C1NCCO)C#N)NCCO)[N+](=O)[O-]	QGBZZLLYHLIVEP-UHFFFAOYSA-N
N#Cc1c[nH]cc1-c1cccc2c1OC(F)(F)O2	Fludioxonil	snf_data_162+swe2_data_438	True	2.87488	snf+swe2	C1=CC(=C2C(=C1)OC(O2)(F)F)C3=CNC=C3C#N	MUJOIMFVNIBMKC-UHFFFAOYSA-N
N#Cc1cc(Br)c(O)c(Br)c1	Bromoxynil	amar_data_135+snf_data_24	True	2.78888	amar+snf	C1=C(C=C(C(=C1Br)O)Br)C#N	UPMXNNIRAGDFEH-UHFFFAOYSA-N
N#Cc1cc(I)c(O)c(I)c1	Ioxynil	amar_data_246+swe2_data_495	True	2.4730799999999995	amar+swe2	C1=C(C=C(C(=C1I)O)I)C#N	NRXQIUSYPAHGNM-UHFFFAOYSA-N
N#Cc1ccc(C(c2ccc(C#N)cc2)n2cncn2)cc1	Letrozole	swe2_data_522	True	2.65916	swe2	C1=CC(=CC=C1C#N)C(C2=CC=C(C=C2)C#N)N3C=NC=N3	HPJKCIUCZWXJDR-UHFFFAOYSA-N
N#Cc1nn(-c2c(Cl)cc(C(F)(F)F)cc2Cl)c(N)c1S(=O)(=O)C(F)(F)F	Fipronil-sulfone	amar_data_206+swe2_data_434	True	3.94528	amar+swe2	C1=C(C=C(C(=C1Cl)N2C(=C(C(=N2)C#N)S(=O)(=O)C(F)(F)F)N)Cl)C(F)(F)F	LGHZJDKSVUTELU-UHFFFAOYSA-N
N#Cc1nn(-c2c(Cl)cc(C(F)(F)F)cc2Cl)c(N)c1S(=O)C(F)(F)F	fipronil	amar_data_205+snf_data_2666+swe2_data_433	True	4.279179999999999	amar+snf+swe2	C1=C(C=C(C(=C1Cl)N2C(=C(C(=N2)C#N)S(=O)C(F)(F)F)N)Cl)C(F)(F)F	ZOCSXAVNDGMNBV-UHFFFAOYSA-N
NC(=NCCCCCCN=C(N)N=C(N)Nc1ccc(Cl)cc1)N=C(N)Nc1ccc(Cl)cc1	Chlorhexidine	swe2_data_313	True	3.3366000000000007	swe2	C1=CC(=CC=C1N/C(=N/C(=NCCCCCCN=C(/N=C(/NC2=CC=C(C=C2)Cl)\N)N)N)/N)Cl	GHXZTYHSJHQHIJ-UHFFFAOYSA-N
NC(=Nc1ccccc1)Nc1ccccc1	N,N'-Diphenylguanidine	aus_data_180+amar_data_301+swe2_data_589	True	2.744900000000001	aus+amar+swe2	C1=CC=C(C=C1)NC(=NC2=CC=CC=C2)N	OWRCNXZUPFZXOS-UHFFFAOYSA-N
NC(=O)CCC(NC(=O)Cc1ccccc1)C(=O)O	Phenylacetylglutamine	amar_data_332	True	0.0639999999999995	amar	C1=CC=C(C=C1)CC(=O)N[C@@H](CCC(=O)N)C(=O)O	JFLIEFSWGNOPJJ-JTQLQIEISA-N
NC(=O)CN1CCCC1=O	Piracetam	swe2_data_684	True	-0.9059000000000004	swe2	C1CC(=O)N(C1)CC(=O)N	GMZVRMREEHBGGF-UHFFFAOYSA-N
NC(=O)Cc1ccc(O)c(O)c1	2-(3,4-dihydroxyphenyl)acetamide	swe2_data_52	True	0.1255999999999998	swe2	C1=CC(=C(C=C1CC(=O)N)O)O	PFDFJMIGPOJBQV-UHFFFAOYSA-N
NC(=O)N1c2ccccc2C(O)C(O)c2ccccc21	10,11-Dihydro-10,11-dihydroxycarbamazepine	aus_data_6+amar_data_14+swe2_data_30	True	1.9838	aus+amar+swe2	C1=CC=C2C(=C1)C(C(C3=CC=CC=C3N2C(=O)N)O)O	PRGQOPPDPVELEG-UHFFFAOYSA-N
NC(=O)N1c2ccccc2C2OC2c2ccccc21	Carbamazepine-10,11-epoxide	amar_data_151+swe2_data_306	True	3.0294000000000016	amar+swe2	C1=CC=C2C(=C1)C3C(O3)C4=CC=CC=C4N2C(=O)N	ZRWWEEVEIOGMMT-UHFFFAOYSA-N
NC(=O)N1c2ccccc2C=Cc2ccccc21	Carbamazepine	aus_data_70+amar_data_150+snf_data_194+swe2_data_305	True	3.3872000000000018	aus+amar+snf+swe2	C1=CC=C2C(=C1)C=CC3=CC=CC=C3N2C(=O)N	FFGPTBGBLSHEPO-UHFFFAOYSA-N
NC(=O)N1c2ccccc2CC(O)c2ccccc21	10,11-Dihydro-10-Hydroxycarbazepine	swe2_data_29	True	2.492900000000001	swe2	C1C(C2=CC=CC=C2N(C3=CC=CC=C31)C(=O)N)O	BMPDWHIDQYTSHX-UHFFFAOYSA-N
NC(=O)N=C(N)N	Guanylurea	aus_data_118+amar_data_226+swe2_data_465	True	-1.6615000000000002	aus+amar+swe2	C(=NC(=O)N)(N)N	SQSPRWMERUQXNE-UHFFFAOYSA-N
NC(=O)NCCCC(N)C(=O)O	L-(+)-Citrulline	aus_data_136+amar_data_179	True	-1.1531999999999991	aus+amar	C(C[C@@H](C(=O)O)N)CNC(=O)N	RHGKLRLOHDJJDR-BYPYZUCNSA-N
NC(=O)c1ccccc1	Benzamide	swe2_data_267	True	0.7855000000000001	swe2	C1=CC=C(C=C1)C(=O)N	KXDAEFPNCMNJSK-UHFFFAOYSA-N
NC(=O)c1ccccc1O	Salicylamide	swe2_data_732	True	0.4911	swe2	C1=CC=C(C(=C1)C(=O)N)O	SKZKKFZAGNVIMN-UHFFFAOYSA-N
NC(=O)c1cccnc1	nicotinamide	amar_data_320+swe2_data_616	True	0.1805000000000001	amar+swe2	C1=CC(=CN=C1)C(=O)N	DFPAKSUCGFBDDF-UHFFFAOYSA-N
NC(=O)c1cn(Cc2c(F)cccc2F)nn1	Rufinamide	amar_data_374+snf_data_3143+swe2_data_730	True	0.7035000000000001	amar+snf+swe2	C1=CC(=C(C(=C1)F)CN2C=C(N=N2)C(=O)N)F	POGQSBRIGCQNEG-UHFFFAOYSA-N
NC(C(=O)O)C(O)c1ccccc1	L-threo-3-Phenylserine	aus_data_143	True	0.1318999999999994	aus	C1=CC=C(C=C1)[C@H]([C@@H](C(=O)O)N)O	VHVGNTVUSQUXPS-JGVFFNPUSA-N
NC(C(=O)O)c1ccc(C(=O)O)cc1	4-Carboxyphenylglycine	amar_data_71	True	0.4691999999999999	amar	C1=CC(=CC=C1C(C(=O)O)N)C(=O)O	VTMJKPGFERYGJF-UHFFFAOYSA-N
NC(C(O)C=O)C(O)C(O)CO	3-Amino-3-deoxyglucose	aus_data_134	True	-3.4123999999999994	aus	C([C@H]([C@H]([C@@H]([C@H](C=O)O)N)O)O)O	FOEXHEVNPRRHDY-SLPGGIOYSA-N
NC(CC(=O)N1CCn2c(nnc2C(F)(F)F)C1)Cc1cc(F)c(F)cc1F	Sitagliptin	aus_data_233+amar_data_378+snf_data_2903+swe2_data_738	True	2.0165	aus+amar+snf+swe2	C1CN2C(=NN=C2C(F)(F)F)CN1C(=O)C[C@@H](CC3=CC(=C(C=C3F)F)F)N	MFFMDFFZMYYVKS-SECBINFHSA-N
NC(CC(=O)O)C(=O)NC(Cc1ccccc1)C(=O)O	L-Aspartyl-L-phenylalanine	aus_data_274+amar_data_443+swe2_data_484	True	-0.3994999999999989	aus+amar+swe2	C1=CC=C(C=C1)C[C@@H](C(=O)O)NC(=O)[C@H](CC(=O)O)N	YZQCXOFQZKCETR-UWVGGRQHSA-N
NC(CC(=O)O)C(=O)O	Aspartate	amar_data_257+amar_data_118	False	-1.127	amar	C([C@@H](C(=O)O)N)C(=O)O	CKLJMWTZIZZHCS-REOHCLBHSA-N
NC(CCC(=O)NC(CS)C(=O)NCC(=O)O)C(=O)O	L-Glutathione (reduced)	swe2_data_532	True	-2.2060999999999984	swe2	C(CC(=O)NC(CS)C(=O)NCC(=O)O)C(C(=O)O)N	RWSXRVCMGQZWBV-UHFFFAOYSA-N
NC(CCC(=O)NC(Cc1ccccc1)C(=O)O)C(=O)O	XHHOHZPNYFQJKL-UHFFFAOYSA-N	amar_data_220+swe2_data_453	True	-0.0093999999999999	amar+swe2	C1=CC=C(C=C1)CC(C(=O)O)NC(=O)CCC(C(=O)O)N	XHHOHZPNYFQJKL-UHFFFAOYSA-N
NC(CCC(=O)O)C(=O)NC(Cc1ccc(O)cc1)C(=O)O	Glutamyltyrosine	swe2_data_454	True	-0.303799999999999	swe2	C1=CC(=CC=C1C[C@@H](C(=O)O)NC(=O)[C@H](CCC(=O)O)N)O	YSWHPLCDIMUKFE-QWRGUYRKSA-N
NC(CCC(=O)O)C(=O)O	L-Glutamic acid	aus_data_138+amar_data_268+swe2_data_531	True	-0.7368999999999997	aus+amar+swe2	C(CC(=O)O)[C@@H](C(=O)O)N	WHUUTDBJXJRKMK-VKHMYHEASA-N
NC(CCCCNC(=O)CCCCC1SCC2NC(=O)NC21)C(=O)O	Biocytin	amar_data_133	True	0.4106000000000012	amar	C1[C@H]2[C@@H]([C@@H](S1)CCCCC(=O)NCCCC[C@@H](C(=O)O)N)NC(=O)N2	BAQMYDQNMFBZNA-MNXVOIDGSA-N
NC(CO)Cc1cnc[nH]1	L-Histidinol	aus_data_139	True	-0.7282000000000004	aus	C1=C(NC=N1)C[C@@H](CO)N	ZQISRDCJNBUVMM-YFKPBYRVSA-N
NC(Cc1c[nH]c2ccc(O)cc12)C(=O)O	5-Hydroxytryptophan	amar_data_255+amar_data_93	True	0.8279000000000003	amar	C1=CC2=C(C=C1O)C(=CN2)CC(C(=O)O)N	LDCYZAJDBXYCGN-UHFFFAOYSA-N
NC(Cc1c[nH]c2ccccc12)C(=O)O	L-Tryptophan	aus_data_323+aus_data_144+amar_data_421+amar_data_193+swe2_data_10	True	1.1223000000000003	aus+amar+swe2	C1=CC=C2C(=C1)C(=CN2)C[C@@H](C(=O)O)N	QIVBCDIJIAJPQS-VIFPVBQESA-N
NC(Cc1ccc(O)c(Cl)c1)C(=O)O	3-Chloro-L-tyrosine	swe2_data_127	True	1.0	swe2	C1=CC(=C(C=C1C[C@@H](C(=O)O)N)Cl)O	ACWBBAGYTKWBCD-ZETCQYMHSA-N
NC(Cc1ccc(O)c(O)c1)C(=O)O	L-DOPA	swe2_data_521	True	0.0522000000000001	swe2	C1=CC(=C(C=C1C[C@@H](C(=O)O)N)O)O	WTDRDQBEARUVNC-LURJTMIESA-N
NC(Cc1ccc(O)cc1)C(=O)O	L-Tyrosine	aus_data_145+amar_data_422+amar_data_274+swe2_data_819	True	0.3466	aus+amar+swe2	C1=CC(=CC=C1C[C@@H](C(=O)O)N)O	OUYCCCASQSFEME-QMMMGPOBSA-N
NC(Cc1ccc2ccccc2c1)C(=O)O	3-(2-Naphthyl)-D-alanine	amar_data_49+swe2_data_105	True	1.7942	amar+swe2	C1=CC=C2C=C(C=CC2=C1)C[C@H](C(=O)O)N	JPZXHKDZASGCLU-GFCCVEGCSA-N
NC(Cc1ccccc1)C(=O)O	L-Phenylalanine	aus_data_141+swe2_data_539	True	0.641	aus+swe2	C1=CC=C(C=C1)C[C@@H](C(=O)O)N	COLNVLDHVKWLRT-QMMMGPOBSA-N
NC(Cc1ccccc1O)C(=O)O	2-Hydroxyphenylalanine	amar_data_45+swe2_data_85	True	0.3466	amar+swe2	C1=CC=C(C(=C1)CC(C(=O)O)N)O	WRFPVMFCRNYQNR-UHFFFAOYSA-N
NC(N)=NCCC(=O)O	3-Guanidinopropanoic acid	amar_data_59+swe2_data_130	True	-1.2654999999999998	amar+swe2	C(CN=C(N)N)C(=O)O	KMXXSJLYVJEBHI-UHFFFAOYSA-N
NC(N)=NCCCC(=O)O	4-Guanidinobutyric acid	aus_data_29+amar_data_79+swe2_data_163	True	-0.8754	aus+amar+swe2	C(CC(=O)O)CN=C(N)N	TUHVEAJXIMEOSA-UHFFFAOYSA-N
NC(N)=NCCCC(N)C(=O)O	DL-Arginine	aus_data_101	True	-1.548099999999999	aus	C(CC(C(=O)O)N)CN=C(N)N	ODKSFYDXXFIFQN-UHFFFAOYSA-N
NC(N)=NCCCCNC(=O)C=Cc1ccc(O)cc1	Coumaroyl agmatine (isomer of 1297)	swe2_data_339	True	0.5751999999999999	swe2	C1=CC(=CC=C1/C=C/C(=O)NCCCCN=C(N)N)O	AKIHYQWCLCDMMI-VMPITWQZSA-N
NC12CC3CC(CC(C3)C1)C2	Amantadine	swe2_data_245	True	1.9139	swe2	C1C2CC3CC1CC(C2)(C3)N	DKNWSYNQZKUICI-UHFFFAOYSA-N
NC1=NCCN1Cc1ccc(Cl)nc1	Desnitro-imidacloprid	aus_data_94	True	0.8653	aus	C1CN(C(=N1)N)CC2=CN=C(C=C2)Cl	UEQZFAGVRGWPDK-UHFFFAOYSA-N
NC1CCCCC1	Cyclohexylamine	aus_data_84+swe2_data_349	True	1.2778	aus+swe2	C1CCC(CC1)N	PAFZNILMFXTMIY-UHFFFAOYSA-N
NC1Cc2ccccc2C1	2-AI	swe2_data_72	True	1.1125000000000005	swe2	C1C(CC2=CC=CC=C21)N	LMHHFZAXSANGGM-UHFFFAOYSA-N
NCC(=O)N1CCCC1C(=O)O	Glycylproline	aus_data_116+swe2_data_460	True	-0.9792999999999998	aus+swe2	C1CC(N(C1)C(=O)CN)C(=O)O	KZNQNBZMBZJQJO-UHFFFAOYSA-N
NCC(CC(=O)O)c1ccccc1	Phenibut	aus_data_210	True	1.2035999999999998	aus	C1=CC=C(C=C1)C(CC(=O)O)CN	DAFOCGYVTAOKAJ-UHFFFAOYSA-N
NCC(O)c1cccc(O)c1	Norfenefrine	aus_data_186	True	0.3842999999999999	aus	C1=CC(=CC(=C1)O)C(CN)O	LRCXRAABFLIVAI-UHFFFAOYSA-N
NCC(O)c1ccccc1	Phenylethanolamine	aus_data_211	True	0.6787000000000001	aus	C1=CC=C(C=C1)C(CN)O	ULSIYEODSMZIPX-UHFFFAOYSA-N
NCC1(CC(=O)O)CCCCC1	Gabapentin	aus_data_114+amar_data_214+swe2_data_443	True	1.3702999999999994	aus+amar+swe2	C1CCC(CC1)(CC(=O)O)CN	UGJMXCAKCUNAIE-UHFFFAOYSA-N
NCC1CCCCC1O	trans-2-Aminomethyl-1-cyclohexanol	aus_data_252	True	0.4962	aus	C1CC[C@H]([C@@H](C1)CN)O	JGKFBZBVCAWDFD-NKWVEPMBSA-N
NCCCCC(N)C(=O)O	DL-Lysine	aus_data_102+amar_data_276	True	-0.4726999999999995	aus+amar	C(CCN)CC(C(=O)O)N	KDXKERNSBIXSRK-UHFFFAOYSA-N
NCCCCC(NC(CCc1ccccc1)C(=O)O)C(=O)N1CCCC1C(=O)O	Lisinopril	snf_data_10995	True	1.2352000000000007	snf	C1C[C@H](N(C1)C(=O)[C@H](CCCCN)N[C@@H](CCC2=CC=CC=C2)C(=O)O)C(=O)O	RLAWWYSOJDYHDC-BZSNNMDCSA-N
NCCCCCC(=O)O	6-Aminocaproic acid	aus_data_41+amar_data_96	True	0.5901000000000001	aus+amar	C(CCC(=O)O)CCN	SLXKOJJOQWFEFD-UHFFFAOYSA-N
NCCCCCCCCCCCC(=O)O	12-Aminododecanoic acid	aus_data_7+swe2_data_35	True	2.9307000000000007	aus+swe2	C(CCCCCC(=O)O)CCCCCN	PBLZLIFKVPJDCO-UHFFFAOYSA-N
NCCCCN	1,4-Diaminobutane	amar_data_7	True	-0.3159999999999998	amar	C(CCN)CN	KIDHWZJUCRJVML-UHFFFAOYSA-N
NCCCCN=C(N)N	Agmatine	amar_data_110	True	-1.0012999999999983	amar	C(CCN=C(N)N)CN	QYPPJABKJHAVHS-UHFFFAOYSA-N
NCCCCNCCCN	Spermidine	swe2_data_747	True	-0.3362999999999989	swe2	C(CCNCCCN)CN	ATHGHQPFGPMSJY-UHFFFAOYSA-N
NCCP(=O)(O)O	Ciliatine	swe2_data_317	True	-0.8772000000000002	swe2	C(CP(=O)(O)O)N	QQVDJLLNRSOCEL-UHFFFAOYSA-N
NCCc1c[nH]c2ccccc12	Tryptamine	aus_data_266	True	1.6691	aus	C1=CC=C2C(=C1)C(=CN2)CCN	APJYDQYYACXCRM-UHFFFAOYSA-N
NCCc1ccc(O)cc1	Tyramine	aus_data_267+swe2_data_818	True	0.8934	aus+swe2	C1=CC(=CC=C1CCN)O	DZGWFCGJZKJUFP-UHFFFAOYSA-N
NCCc1ccccc1	Phenethylamine	aus_data_209+amar_data_355+swe2_data_673	True	1.1878	aus+amar+swe2	C1=CC=C(C=C1)CCN	BHHGXPLMPWCGHP-UHFFFAOYSA-N
NCc1[nH]cc(CCC(=O)O)c1CC(=O)O	Porphobilinogen	aus_data_349+amar_data_358+swe2_data_687	True	0.1176999999999998	aus+amar+swe2	C1=C(C(=C(N1)CN)CC(=O)O)CCC(=O)O	QSHWIQZFGQKFMA-UHFFFAOYSA-N
NS(=O)(=O)Cc1noc2ccccc12	Zonisamide	swe2_data_846	True	0.6163	swe2	C1=CC=C2C(=C1)C(=NO2)CS(=O)(=O)N	UBQNRHZMVUUOMG-UHFFFAOYSA-N
NS(=O)(=O)c1cc(C(=O)O)c(NCc2ccco2)cc1Cl	Furosemide	amar_data_212+snf_data_2600	True	1.8907	amar+snf	C1=COC(=C1)CNC2=CC(=C(C=C2C(=O)O)S(=O)(=O)N)Cl	ZZUFCTLCJUWOSV-UHFFFAOYSA-N
NS(=O)(=O)c1cc(C2(O)NC(=O)c3ccccc32)ccc1Cl	Chlorthalidone	amar_data_155	True	0.9242	amar	C1=CC=C2C(=C1)C(=O)NC2(C3=CC(=C(C=C3)Cl)S(=O)(=O)N)O	JIVPVXMEBJLZRO-UHFFFAOYSA-N
NS(=O)(=O)c1cc2c(cc1Cl)NC=NS2(=O)=O	Chlorthiazide	amar_data_156	True	0.1299000000000004	amar	C1=C2C(=CC(=C1Cl)S(=O)(=O)N)S(=O)(=O)N=CN2	JBMKAUGHUNFTOL-UHFFFAOYSA-N
NS(=O)(=O)c1cc2c(cc1Cl)NCNS2(=O)=O	Hydrochlorothiazide	amar_data_233+swe2_data_476	True	-0.3512999999999996	amar+swe2	C1NC2=CC(=C(C=C2S(=O)(=O)N1)S(=O)(=O)N)Cl	JZUFKLXOESDKRF-UHFFFAOYSA-N
NS(=O)(=O)c1ccccc1	Benzenesulfonamide	swe2_data_268	True	0.3340000000000002	swe2	C1=CC=C(C=C1)S(=O)(=O)N	KHBQMWCZKVMBLN-UHFFFAOYSA-N
Nc1[nH]c(=O)nc2c1ncn2C1OC(CO)C(O)C1O	Crotonoside	amar_data_172+swe2_data_345	True	-2.6867	amar+swe2	C1=NC2=C(NC(=O)N=C2N1[C@H]3[C@@H]([C@@H]([C@H](O3)CO)O)O)N	MIKUYHXYGGJMLM-UUOKFMHZSA-N
Nc1[nH]c(=O)ncc1F	5-Fluorocytosine	amar_data_91	True	-0.5088000000000001	amar	C1=NC(=O)NC(=C1F)N	XRECTZIEBJDKEO-UHFFFAOYSA-N
Nc1c2c(=O)[nH]c(O)cc2nn1-c1ccccc1	3-amino-2-phenyl-2H-pyrazolo[4,3-c]pyridine-4,6-diol	amar_data_53+swe2_data_122	True	1.0015999999999998	amar+swe2	C1=CC=C(C=C1)N2C(=C3C(=N2)C=C(NC3=O)O)N	QDQPFDKWYQPJRB-UHFFFAOYSA-N
Nc1ccc(O)c(C(=O)O)c1	Mesalamine	aus_data_154+swe2_data_554	True	0.6726000000000001	aus+swe2	C1=CC(=C(C=C1N)C(=O)O)O	KBOPZPXVLCULAV-UHFFFAOYSA-N
Nc1ccc(O)cc1	4-Aminophenol	swe2_data_156	True	0.9744	swe2	C1=CC(=CC=C1N)O	PLIKAWJENQZMHA-UHFFFAOYSA-N
Nc1ccc(S(=O)(=O)Nc2ccccn2)cc1	Sulfapyridine	aus_data_236+amar_data_393+snf_data_234+swe2_data_755	True	1.4646	aus+amar+snf+swe2	C1=CC=NC(=C1)NS(=O)(=O)C2=CC=C(C=C2)N	GECHUMIMRBOMGK-UHFFFAOYSA-N
Nc1ccc(S(=O)(=O)Nc2ncccn2)cc1	Sulfadiazine	snf_data_179+swe2_data_751	True	0.8596000000000001	snf+swe2	C1=CN=C(N=C1)NS(=O)(=O)C2=CC=C(C=C2)N	SEEPANYCNGTZFQ-UHFFFAOYSA-N
Nc1ccc(S(=O)(=O)Nc2nccs2)cc1	Sulfathiazole	amar_data_394+snf_data_185	True	1.5261	amar+snf	C1=CC(=CC=C1N)S(=O)(=O)NC2=NC=CS2	JNMRHUJNCSQMMB-UHFFFAOYSA-N
Nc1ccc2ccccc2c1	2-Naphthylamine	swe2_data_98	True	2.4220000000000006	swe2	C1=CC=C2C=C(C=CC2=C1)N	JBIJLHTVPXGSAM-UHFFFAOYSA-N
Nc1cccc(C(=O)O)c1	3-aminobenzoic acid	swe2_data_124	True	0.967	swe2	C1=CC(=CC(=C1)N)C(=O)O	XFDUHJPVQKIXHO-UHFFFAOYSA-N
Nc1cccc(C(=O)O)c1O	3-Aminosalicylic acid	aus_data_24	True	0.6726000000000001	aus	C1=CC(=C(C(=C1)N)O)C(=O)O	IQGMRVWUTCYCST-UHFFFAOYSA-N
Nc1cccc(O)c1	3-Aminophenol	aus_data_23+amar_data_54+swe2_data_125	True	0.9744	aus+amar+swe2	C1=CC(=CC(=C1)O)N	CWLKGDAVCFYWJK-UHFFFAOYSA-N
Nc1cccc2c(N)cccc12	1,5-Naphthalenediamine	amar_data_10	True	2.0042	amar	C1=CC2=C(C=CC=C2N)C(=C1)N	KQSABULTKYLFEV-UHFFFAOYSA-N
Nc1cccc2ccccc12	1-Naphthylamine	amar_data_27	True	2.4220000000000006	amar	C1=CC=C2C(=C1)C=CC=C2N	RUFPHBVGCFYCNW-UHFFFAOYSA-N
Nc1ccccc1C(=O)O	Anthranilic acid	aus_data_59+swe2_data_73	True	0.967	aus+swe2	C1=CC=C(C(=C1)C(=O)O)N	RWZYAGGXGHYGMB-UHFFFAOYSA-N
Nc1ccccc1O	2-Aminophenol	amar_data_35	True	0.9744	amar	C1=CC=C(C(=C1)N)O	CDAWCLOXVUBKRW-UHFFFAOYSA-N
Nc1ccn(C2CSC(CO)O2)c(=O)n1	Lamivudine	snf_data_10996	True	-0.5941000000000001	snf	C1[C@H](O[C@H](S1)CO)N2C=CC(=NC2=O)N	JTEGQNOMFQHVDC-NKWVEPMBSA-N
Nc1ccn(C2OC(CO)C(O)C2(F)F)c(=O)n1	Gemcitabine	swe2_data_448	True	-1.2886	swe2	C1=CN(C(=O)N=C1N)[C@H]2C([C@@H]([C@H](O2)CO)O)(F)F	SDUQYLNIPVEERB-QPPQHZFASA-N
Nc1ccn(C2OC(CO)C(O)C2O)c(=O)n1	Cytidine	aus_data_85	True	-2.563	aus	C1=CN(C(=O)N=C1N)[C@H]2[C@@H]([C@@H]([C@H](O2)CO)O)O	UHDGCWIWMRVCDJ-XVFCMESISA-N
Nc1ccn(C2OC(CO)C(OP(=O)(O)O)C2O)c(=O)n1	Cytidine-3'-monophosphate	swe2_data_351	True	-2.446	swe2	C1=CN(C(=O)N=C1N)[C@H]2[C@@H]([C@@H]([C@H](O2)CO)OP(=O)(O)O)O	UOOOPKANIPLQPU-XVFCMESISA-N
Nc1ccn(C2OC(COP(=O)(O)O)C(O)C2O)c(=O)n1	[(2R,3S,4R,5R)-5-(4-amino-2-oxopyrimidin-1-yl)-3,4-dihydroxyoxolan-2-yl]methyl dihydrogen phosphate	swe2_data_13	True	-2.446	swe2	C1=CN(C(=O)N=C1N)[C@H]2[C@@H]([C@@H]([C@H](O2)COP(=O)(O)O)O)O	IERHLVCPSMICTF-XVFCMESISA-N
Nc1ccnc(=O)[nH]1	Cytosine	aus_data_86	True	-0.6479000000000001	aus	C1=C(NC(=O)N=C1)N	OPTASPLRGRRNAP-UHFFFAOYSA-N
Nc1nc(=O)n(C2CSC(CO)O2)cc1F	Emtricitabine	snf_data_3106+swe2_data_409	True	-0.4550000000000003	snf+swe2	C1[C@H](O[C@H](S1)CO)N2C=C(C(=NC2=O)N)F	XQSPYNMVSIKCOC-NTSWFWBYSA-N
Nc1nc(CC(=O)Nc2ccc(CCNCC(O)c3ccccc3)cc2)cs1	Mirabegron	snf_data_11006	True	2.7722000000000007	snf	C1=CC=C(C=C1)[C@H](CNCCC2=CC=C(C=C2)NC(=O)CC3=CSC(=N3)N)O	PBAPPPCECJKMCM-IBGZPJMESA-N
Nc1nc(N)nc(N)n1	Melamine	aus_data_152+swe2_data_549	True	-1.3818	aus+swe2	C1(=NC(=NC(=N1)N)N)N	JDSHMPZPIAZGSV-UHFFFAOYSA-N
Nc1nc(N)nc(NC2CC2)n1	Cyromazine	snf_data_2984	True	-0.3897000000000006	snf	C1CC1NC2=NC(=NC(=N2)N)N	LVQDKIWDGQRHTE-UHFFFAOYSA-N
Nc1nc(NC2CC2)c2ncn(C3C=CC(CO)C3)c2n1	Abacavir	aus_data_48+amar_data_100+snf_data_11001+swe2_data_220	True	1.0922999999999998	aus+amar+snf+swe2	C1CC1NC2=C3C(=NC(=N2)N)N(C=N3)[C@@H]4C[C@@H](C=C4)CO	MCGSCOLBFJQGHM-SCZZXKLOSA-N
Nc1nc2c(ncn2C2CC(O)C(CO)O2)c(=O)[nH]1	2'-Deoxyguanosine	aus_data_19+amar_data_39	True	-1.6575000000000002	aus+amar	C1[C@@H]([C@H](O[C@H]1N2C=NC3=C2N=C(NC3=O)N)CO)O	YKBGVTZYEHREMT-KVQBGUIXSA-N
Nc1nc2c(ncn2C2OC(CO)C(O)C2O)c(=O)[nH]1	Guanosine	aus_data_330+amar_data_225+swe2_data_463	True	-2.6867000000000005	aus+amar+swe2	C1=NC2=C(N1[C@H]3[C@@H]([C@@H]([C@H](O3)CO)O)O)N=C(NC2=O)N	NYHBQMYGNKIUIF-UUOKFMHZSA-N
Nc1nc2c(ncn2C2OC(COP(=O)(O)O)C(O)C2O)c(=O)[nH]1	Guanosine 5'-monophosphate	swe2_data_464	True	-2.5697000000000005	swe2	C1=NC2=C(N1[C@H]3[C@@H]([C@@H]([C@H](O3)COP(=O)(O)O)O)O)N=C(NC2=O)N	RQFCJASXJCIDSX-UUOKFMHZSA-N
Nc1nc2c(ncn2CCC(CO)CO)c(=O)[nH]1	Penciclovir	swe2_data_664	True	-1.3073000000000008	swe2	C1=NC2=C(N1CCC(CO)CO)N=C(NC2=O)N	JNTOCHDNEULJHD-UHFFFAOYSA-N
Nc1nc2c(ncn2COC(CO)CO)c(=O)[nH]1	Ganciclovir	snf_data_11019	True	-1.970899999999999	snf	C1=NC2=C(N1COC(CO)CO)N=C(NC2=O)N	IRSCQMHQWWYFCW-UHFFFAOYSA-N
Nc1nc2c(ncn2COCCO)c(=O)[nH]1	Acycloguanosine	amar_data_107	True	-1.3318000000000003	amar	C1=NC2=C(N1COCCO)N=C(NC2=O)N	MKUXAQIIEYXACX-UHFFFAOYSA-N
Nc1nc2nc[nH]c2c(=O)[nH]1	Guanine	aus_data_117+amar_data_224+swe2_data_462	True	-0.7716000000000003	aus+amar+swe2	C1=NC2=C(N1)C(=O)NC(=N2)N	UYTPUPDQBNUYGX-UHFFFAOYSA-N
Nc1ncnc2c1ncn2C1CC(O)C(CO)O1	2'-Deoxyadenosine	aus_data_18+amar_data_38+swe2_data_75	True	-0.9508000000000004	aus+amar+swe2	C1[C@@H]([C@H](O[C@H]1N2C=NC3=C(N=CN=C32)N)CO)O	OLXZPDWKRNYJJZ-RRKCRQDMSA-N
Nc1ncnc2c1ncn2C1OC(CO)C(O)C1O	Adenosine	aus_data_55+amar_data_333+amar_data_108+swe2_data_232	True	-1.9800000000000009	aus+amar+swe2	C1=NC(=C2C(=N1)N(C=N2)[C@H]3[C@@H]([C@@H]([C@H](O3)CO)O)O)N	OIRDTQYFTABQOQ-KQYNXXCUSA-N
Nc1ncnc2c1ncn2C1OC(CO)C(OP(=O)(O)O)C1O	3'-AMP	swe2_data_126	True	-1.8630000000000009	swe2	C1=NC(=C2C(=N1)N(C=N2)[C@H]3[C@@H]([C@@H]([C@H](O3)CO)OP(=O)(O)O)O)N	LNQVTSROQXJCDD-KQYNXXCUSA-N
Nc1ncnc2c1ncn2C1OC(COP(=O)(O)O)C(O)C1O	Adenosine 5'-monophosphate	amar_data_109	True	-1.8630000000000009	amar	C1=NC(=C2C(=N1)N(C=N2)[C@H]3[C@@H]([C@@H]([C@H](O3)COP(=O)(O)O)O)O)N	UDMBCSSLTHHNCD-KQYNXXCUSA-N
Nc1ncnc2c1ncn2C1OC2COP(=O)(O)OC2C1O	Cyclic AMP	amar_data_174	True	-0.8174000000000006	amar	C1[C@@H]2[C@H]([C@H]([C@@H](O2)N3C=NC4=C(N=CN=C43)N)O)OP(=O)(O1)O	IVOMOUWHDPKRLL-KQYNXXCUSA-N
Nc1ncnc2nc[nH]c12	Adenine	aus_data_54+swe2_data_231	True	-0.0648999999999999	aus+swe2	C1=NC2=NC=NC(=C2N1)N	GFFGJBXGBJISGV-UHFFFAOYSA-N
Nc1nnc(-c2cccc(Cl)c2Cl)c(N)n1	Lamotrigine	amar_data_256+snf_data_2676	True	2.0098	amar+snf	C1=CC(=C(C(=C1)Cl)Cl)C2=C(N=C(N=N2)N)N	PYZRQGJRPPTADH-UHFFFAOYSA-N
O=C(C1CCCCC1)N1CC(=O)N2CCc3ccccc3C2C1	Praziquantel	swe2_data_693	True	2.5349000000000004	swe2	C1CCC(CC1)C(=O)N2CC3C4=CC=CC=C4CCN3C(=O)C2	FSVJFNAIGNNGKK-UHFFFAOYSA-N
O=C(C=CC=Cc1ccc2c(c1)OCO2)N1CCCCC1	Piperine	aus_data_215+swe2_data_683	True	2.997200000000001	aus+swe2	C1CCN(CC1)C(=O)/C=C/C=C/C2=CC3=C(C=C2)OCO3	MXXWOMGUGJBKIW-YPCIICBESA-N
O=C(C=CCCc1ccc2c(c1)OCO2)N1CCCCC1	Piperanine	swe2_data_682	True	2.9166000000000007	swe2	C1CCN(CC1)C(=O)/C=C/CCC2=CC3=C(C=C2)OCO3	QHWOFMXDKFORMO-XVNBXDOJSA-N
O=C(C=Cc1ccc(O)c(O)c1)OC1CC(O)(C(=O)O)CC(O)C1O	Caffeoyl quinic acid (isomer of 832, 833, 834)	swe2_data_298	True	-0.6459000000000001	swe2	C1C(C(C(CC1(C(=O)O)O)OC(=O)/C=C/C2=CC(=C(C=C2)O)O)O)O	CWVRJTMFETXNAD-DUXPYHPUSA-N
O=C(C=Cc1ccc(O)cc1)c1ccc(O)cc1O	isoliquiritigenin	swe2_data_500	True	2.699500000000001	swe2	C1=CC(=CC=C1/C=C/C(=O)C2=C(C=C(C=C2)O)O)O	DXDRHHKMWQZJHT-FPYGCLRLSA-N
O=C(CCCCCCC(=O)Nc1ccccc1)NO	Vorinostat	snf_data_10701	True	2.4711	snf	C1=CC=C(C=C1)NC(=O)CCCCCCC(=O)NO	WAEXFXRVDQXREF-UHFFFAOYSA-N
O=C(NC(O)C(=O)O)c1ccccc1	alpha-Hydroxyhippuric acid	swe2_data_243	True	-0.1806000000000007	swe2	C1=CC=C(C=C1)C(=O)NC(C(=O)O)O	GCWCVCCEIQXUQU-UHFFFAOYSA-N
O=C(NC1CCCCC1)NC1CCCCC1	Dicyclohexylurea	swe2_data_376	True	2.9510000000000014	swe2	C1CCC(CC1)NC(=O)NC2CCCCC2	ADFXKUOMJKEIND-UHFFFAOYSA-N
O=C(NCC1CCCCN1)c1cc(OCC(F)(F)F)ccc1OCC(F)(F)F	Flecainide	aus_data_113+amar_data_207+swe2_data_435	True	3.440700000000001	aus+amar+swe2	C1CCNC(C1)CNC(=O)C2=C(C=CC(=C2)OCC(F)(F)F)OCC(F)(F)F	DJBNUMBKLMJRSA-UHFFFAOYSA-N
O=C(NCC1CN(c2ccc(N3CCOCC3=O)cc2)C(=O)O1)c1ccc(Cl)s1	Rivaroxaban	snf_data_3769+swe2_data_726	True	2.5199000000000007	snf+swe2	C1COCC(=O)N1C2=CC=C(C=C2)N3C[C@@H](OC3=O)CNC(=O)C4=CC=C(S4)Cl	KGFYHTZWPPHNLQ-AWEZNQCLSA-N
O=C(NCCN1CCOCC1)c1ccc(Cl)cc1	Moclobemide	aus_data_163+snf_data_2675+swe2_data_577	True	1.4020000000000006	aus+snf+swe2	C1COCCN1CCNC(=O)C2=CC=C(C=C2)Cl	YHXISWVBGDMDLQ-UHFFFAOYSA-N
O=C(Nc1ccc([N+](=O)[O-])cc1Cl)c1cc(Cl)ccc1O	Niclosamide	swe2_data_615	True	3.859500000000001	swe2	C1=CC(=C(C=C1[N+](=O)[O-])Cl)NC(=O)C2=C(C=CC(=C2)Cl)O	RJMUSRYZPJIFPJ-UHFFFAOYSA-N
O=C(O)C(=O)Cc1c[nH]c2ccccc12	Indole-3-pyruvic acid	aus_data_128	True	1.3641	aus	C1=CC=C2C(=C1)C(=CN2)CC(=O)C(=O)O	RSTKLPZEZYGQPY-UHFFFAOYSA-N
O=C(O)C(O)C(O)C(O)C(O)CO	Gluconic acid	aus_data_329	True	-3.4931000000000005	aus	C([C@H]([C@H]([C@@H]([C@H](C(=O)O)O)O)O)O)O	RGHNJXZEOKUKBD-SQOUGZDYSA-N
O=C(O)C(O)Cc1c[nH]c2ccccc12	Indole-3-lactic acid	aus_data_333	True	1.1559000000000004	aus	C1=CC=C2C(=C1)C(=CN2)CC(C(=O)O)O	XGILAAMKEQUXLS-UHFFFAOYSA-N
O=C(O)C(O)Cc1ccc(O)cc1	DL-4-Hydroxyphenyllactic acid	aus_data_326+swe2_data_399+swe2_data_394	True	0.3802000000000001	aus+swe2	C1=CC(=CC=C1CC(C(=O)O)O)O	JVGVDSSUAVXRDY-UHFFFAOYSA-N
O=C(O)C(O)Cc1ccccc1	3-Phenyllactic acid	aus_data_300	True	0.6746000000000002	aus	C1=CC=C(C=C1)CC(C(=O)O)O	VOXXWSYKYCBWHO-UHFFFAOYSA-N
O=C(O)C(O)c1cccc(O)c1	2-hydroxy-2-(3-hydroxyphenyl)acetic acid	swe2_data_80	True	0.5102	swe2	C1=CC(=CC(=C1)O)C(C(=O)O)O	OLSDAJRAVOVKLG-UHFFFAOYSA-N
O=C(O)C(O)c1ccccc1	Uromaline	swe2_data_826	True	0.8046	swe2	C1=CC=C(C=C1)C(C(=O)O)O	IWYDHOAUDWTVEP-UHFFFAOYSA-N
O=C(O)C(c1ccccc1)C1CCCCN1	Ritalinic acid	swe2_data_725	True	1.9969	swe2	C1CCNC(C1)C(C2=CC=CC=C2)C(=O)O	INGSNVSERUZOAK-UHFFFAOYSA-N
O=C(O)C(c1ccccc1Cl)N1CCc2sccc2C1	Clopidogrel carboxylic acid	snf_data_2854+swe2_data_329	True	3.5855000000000024	snf+swe2	C1CN(CC2=C1SC=C2)[C@@H](C3=CC=CC=C3Cl)C(=O)O	DCASRSISIKYPDD-AWEZNQCLSA-N
O=C(O)C1(O)CC(O)C(O)C(O)C1	D-(-)-Quinic acid	aus_data_320	True	-2.321400000000001	aus	C1[C@H](C([C@@H](CC1(C(=O)O)O)O)O)O	AAWZDTNXLSGCEK-LNVDRNJUSA-N
O=C(O)C1CC(=O)N(Cc2ccco2)C1	1-(2-Furylmethyl)-5-oxopyrrolidine-3-carboxylic acid	swe2_data_16	True	0.7127000000000001	swe2	C1C(CN(C1=O)CC2=CC=CO2)C(=O)O	NFWHHUCJMAPGHE-UHFFFAOYSA-N
O=C(O)C1CCC(=O)N1CC1(O)OC(CO)C(O)C1O	N-Fructosyl pyroglutamate	swe2_data_614	True	-3.1364999999999985	swe2	C1CC(=O)N(C1C(=O)O)CC2(C(C(C(O2)CO)O)O)O	VMOJEEZNLOLYBG-UHFFFAOYSA-N
O=C(O)C1CCCCC1	Cyclohexanecarboxylic acid	swe2_data_348	True	1.6513	swe2	C1CCC(CC1)C(=O)O	NZNMSOFKMUBTKW-UHFFFAOYSA-N
O=C(O)C1CCCCN1	Pipecolic acid	aus_data_214	True	0.2131000000000001	aus	C1CCNC(C1)C(=O)O	HXEACLLIILLPRG-UHFFFAOYSA-N
O=C(O)C1CCCN1	D-(+)-Proline	aus_data_87+swe2_data_540	True	-0.177	aus+swe2	C1C[C@@H](NC1)C(=O)O	ONIBWKKTOPOVIA-SCSAIBSYSA-N
O=C(O)C=CC=CC(=O)O	cis,cis-Muconic acid	swe2_data_319	True	0.2679999999999999	swe2	C(=C\C(=O)O)\C=C/C(=O)O	TXXHDPDFNKHHGW-CCAGOZQPSA-N
O=C(O)C=CCCCCCCCO	10-HDA	swe2_data_31	True	1.9601	swe2	C(CCC/C=C/C(=O)O)CCCO	QHBZHVUGQROELI-SOFGYWHQSA-N
O=C(O)C=Cc1c[nH]c2ccccc12	Indole-3-acrylic acid	aus_data_126+amar_data_241	True	2.2657	aus+amar	C1=CC=C2C(=C1)C(=CN2)/C=C/C(=O)O	PLVPPLCLBIEYEA-AATRIKPKSA-N
O=C(O)C=Cc1ccc(O)c(O)c1	trans-Caffeic acid	swe2_data_793	True	1.1956	swe2	C1=CC(=C(C=C1/C=C/C(=O)O)O)O	QAIPRVGONGVQAS-DUXPYHPUSA-N
O=C(O)C=Cc1ccc(O)cc1	trans-4-hydroxycinnamic acid	swe2_data_792	True	1.49	swe2	C1=CC(=CC=C1/C=C/C(=O)O)O	NGSWKAQJJWESNS-ZZXKWVIFSA-N
O=C(O)C=Cc1cccc(O)c1	3-coumaric acid	amar_data_56+swe2_data_135	True	1.49	amar+swe2	C1=CC(=CC(=C1)O)/C=C/C(=O)O	KKSDGJDHHZEWEP-SNAWJCMRSA-N
O=C(O)C=Cc1ccccc1O	2-Hydroxycinnamic acid	aus_data_10+amar_data_42+swe2_data_82	True	1.49	aus+amar+swe2	C1=CC=C(C(=C1)/C=C/C(=O)O)O	PMOWTIHVNWZYFI-AATRIKPKSA-N
O=C(O)C=Cc1cnc[nH]1	Urocanic acid	aus_data_269+amar_data_427	True	0.5075	aus+amar	C1=C(NC=N1)/C=C/C(=O)O	LOIYMIARKYCTBW-OWOJBTEDSA-N
O=C(O)CC(O)(CC(=O)O)C(=O)O	Citric acid	aus_data_318+amar_data_161	True	-1.2484999999999995	aus+amar	C(C(=O)O)C(CC(=O)O)(C(=O)O)O	KRKNYBCHXYNGOX-UHFFFAOYSA-N
O=C(O)CC(O)C(=O)O	(R)-(+)-2-Hydroxysuccinic acid	amar_data_1+swe2_data_353	True	-1.0934	amar+swe2	C([C@H](C(=O)O)O)C(=O)O	BJEPYKJPYRNKOW-UWTATZPHSA-N
O=C(O)CC1(C(=O)O)CCCCC1	1-(Carboxymethyl)cyclohexanecarboxylic acid	aus_data_282	True	1.4961999999999998	aus	C1CCC(CC1)(CC(=O)O)C(=O)O	SDAXMMUAZRUWNL-UHFFFAOYSA-N
O=C(O)CC1CC2CCC1C2	2-Norbornaneacetic acid	swe2_data_99	True	1.8973	swe2	C1CC2CC1CC2CC(=O)O	FYHBMPWRHCWNBC-UHFFFAOYSA-N
O=C(O)CC1CCC(=O)C1CC=CCCO	FA 12:3+2O	swe2_data_420	True	1.3851	swe2	C1CC(=O)C(C1CC(=O)O)C/C=C/CCO	RZGFUGXQKMEMOO-OWOJBTEDSA-N
O=C(O)CCC(=O)O	KDYFGRWQOYBRFD-UHFFFAOYSA-N	amar_data_385	True	-0.0642	amar	C(CC(=O)O)C(=O)O	KDYFGRWQOYBRFD-UHFFFAOYSA-N
O=C(O)CCC(=O)c1cccnc1	3-Succinoylpyridine	swe2_data_147	True	1.1291	swe2	C1=CC(=CN=C1)C(=O)CCC(=O)O	JGSUNMCABQUBOY-UHFFFAOYSA-N
O=C(O)CCC(CCC(=O)O)c1ccc(S(=O)(=O)O)cc1	SPA-5DC (TENTATIVE)	swe2_data_745	True	1.7465000000000002	swe2	C1=CC(=CC=C1C(CCC(=O)O)CCC(=O)O)S(=O)(=O)O	HOTNRZRMYIRTPN-UHFFFAOYSA-N
O=C(O)CCCCC(=O)O	adipic acid	swe2_data_233	True	0.716	swe2	C(CCC(=O)O)CC(=O)O	WNLRTRBMVRJNCN-UHFFFAOYSA-N
O=C(O)CCCCC(O)CC(=O)O	ARJZZFJXSNJKGR-UHFFFAOYSA-N	amar_data_235+swe2_data_480	True	0.4670000000000003	amar+swe2	C(CCC(=O)O)CC(CC(=O)O)O	ARJZZFJXSNJKGR-UHFFFAOYSA-N
O=C(O)CCCCC1SCC2NC(=O)NC21	Biotin	swe2_data_281	True	0.7968000000000001	swe2	C1[C@H]2[C@@H]([C@@H](S1)CCCCC(=O)O)NC(=O)N2	YBJHBAHKTGYVGT-ZKWXMUAHSA-N
O=C(O)CCCCCCC(=O)O	Suberic acid	amar_data_384+swe2_data_750	True	1.4962000000000002	amar+swe2	C(CCCC(=O)O)CCC(=O)O	TYFQFVWCELRYAO-UHFFFAOYSA-N
O=C(O)CCCCCCCC(=O)CCC(=O)O	4-oxododecanedioic acid	swe2_data_184	True	2.2356	swe2	C(CCCC(=O)CCC(=O)O)CCCC(=O)O	HHXMOTDTSDYYEI-UHFFFAOYSA-N
O=C(O)CCCCCCCC(=O)O	Azelaic acid	aus_data_314+amar_data_125+swe2_data_264	True	1.8863	aus+amar+swe2	C(CCCC(=O)O)CCCC(=O)O	BDJRBEYXGGNYIS-UHFFFAOYSA-N
O=C(O)CCCCCCCCC(=O)O	Sebacic acid	swe2_data_734	True	2.2764	swe2	C(CCCCC(=O)O)CCCC(=O)O	CXMXRPHRNRROMY-UHFFFAOYSA-N
O=C(O)CCCCCCCCCC(=O)O	Undecanedioic acid	amar_data_423+swe2_data_820	True	2.6665	amar+swe2	C(CCCCC(=O)O)CCCCC(=O)O	LWBHHRRTOZQPDM-UHFFFAOYSA-N
O=C(O)CCCCCCCCCCC(=O)O	Dodecanedioic acid	aus_data_327+amar_data_196+swe2_data_401	True	3.0566000000000013	aus+amar+swe2	C(CCCCCC(=O)O)CCCCC(=O)O	TVIDDXQYHWJXFK-UHFFFAOYSA-N
O=C(O)CCCCCCCCCCCC(=O)O	Tridecanedioic acid	amar_data_415+swe2_data_798	True	3.4467000000000017	amar+swe2	C(CCCCCC(=O)O)CCCCCC(=O)O	DXNCZXXFRKPEPY-UHFFFAOYSA-N
O=C(O)CCCCCCCCCCCCC(=O)O	Tetradecanedioic acid	aus_data_352+swe2_data_773	True	3.836800000000003	aus+swe2	C(CCCCCCC(=O)O)CCCCCC(=O)O	HQHCYKULIHKCEB-UHFFFAOYSA-N
O=C(O)CCCCCCCCCCCCCCC(=O)O	Hexadecanedioic acid	aus_data_331+amar_data_228	True	4.617000000000004	aus+amar	C(CCCCCCCC(=O)O)CCCCCCC(=O)O	QQHJDPROMQRDLA-UHFFFAOYSA-N
O=C(O)CCCCCCCCCCCCCCCO	16-Hydroxyhexadecanoic acid	amar_data_17+swe2_data_37	True	4.5247000000000055	amar+swe2	C(CCCCCCCC(=O)O)CCCCCCCO	UGAGPNKCDRTDHP-UHFFFAOYSA-N
O=C(O)CCCCCCCCCCCO	12-Hydroxydodecanoic acid	aus_data_284+amar_data_16+swe2_data_36	True	2.964300000000002	aus+amar+swe2	C(CCCCCC(=O)O)CCCCCO	ZDHCZVWCTKTBRY-UHFFFAOYSA-N
O=C(O)CCCCCCCCCO	10-Hydroxydecanoic acid	amar_data_15+swe2_data_32	True	2.1841000000000004	amar+swe2	C(CCCCC(=O)O)CCCCO	YJCJVMMDTBEITC-UHFFFAOYSA-N
O=C(O)CCCCCCCc1ccc(S(=O)(=O)O)cc1	8-(4-Sulfophenyl) octanoic acid	aus_data_311+swe2_data_217	True	2.9010000000000007	aus+swe2	C1=CC(=CC=C1CCCCCCCC(=O)O)S(=O)(=O)O	KCKCVKAROJRVBA-UHFFFAOYSA-N
O=C(O)CCCc1c[nH]c2ccccc12	Indole-3-butyric acid	aus_data_127	True	2.5752000000000006	aus	C1=CC=C2C(=C1)C(=CN2)CCCC(=O)O	JTEDVYBZBROSJT-UHFFFAOYSA-N
O=C(O)CCCc1ccccc1	4-Phenylbutyric acid	amar_data_87	True	2.0939	amar	C1=CC=C(C=C1)CCCC(=O)O	OBKXEAXTFZPCHS-UHFFFAOYSA-N
O=C(O)CCc1ccc(O)cc1	3-(4-Hydroxyphenyl)propionic acid	aus_data_294+amar_data_50	True	1.4094	aus+amar	C1=CC(=CC=C1CCC(=O)O)O	NMHMNPHRMNGLLB-UHFFFAOYSA-N
O=C(O)CCc1ccccc1	Hydrocinnamic acid	swe2_data_477	True	1.7038	swe2	C1=CC=C(C=C1)CCC(=O)O	XMIIGOLPHOKFCH-UHFFFAOYSA-N
O=C(O)CNC(=O)c1ccccc1	Hippuric acid	amar_data_230+swe2_data_472	True	0.5009999999999994	amar+swe2	C1=CC=C(C=C1)C(=O)NCC(=O)O	QIAFMBKCNZACKA-UHFFFAOYSA-N
O=C(O)CNC(=O)c1ccccc1O	2-Hydroxyhippuric acid	aus_data_286	True	0.2065999999999995	aus	C1=CC=C(C(=C1)C(=O)NCC(=O)O)O	ONJSZLXSECQROL-UHFFFAOYSA-N
O=C(O)CNC(=O)c1cccnc1	Nicotinuric acid	aus_data_345	True	-0.1040000000000005	aus	C1=CC(=CN=C1)C(=O)NCC(=O)O	ZBSGKPYXQINNGF-UHFFFAOYSA-N
O=C(O)CNC(=O)c1ccco1	2-Furoylglycine	swe2_data_79	True	0.0939999999999997	swe2	C1=COC(=C1)C(=O)NCC(=O)O	KSPQDMRTZZYQLM-UHFFFAOYSA-N
O=C(O)COCCN1CCN(C(c2ccccc2)c2ccc(Cl)cc2)CC1	Cetirizine	swe2_data_312	True	3.148200000000002	swe2	C1CN(CCN1CCOCC(=O)O)C(C2=CC=CC=C2)C3=CC=C(C=C3)Cl	ZKLPARSLTMPFCP-UHFFFAOYSA-N
O=C(O)COc1ccc(Cl)cc1	4-Chlorophenoxyacetic acid	aus_data_305	True	1.8034	aus	C1=CC(=CC=C1OCC(=O)O)Cl	SODPIMGUZLOIPE-UHFFFAOYSA-N
O=C(O)COc1ccc(Cl)cc1Cl	2,4-Dichlorophenoxyacetic acid	aus_data_290+swe2_data_59	True	2.4568000000000003	aus+swe2	C1=CC(=C(C=C1Cl)Cl)OCC(=O)O	OVSKIKFHRZPJSS-UHFFFAOYSA-N
O=C(O)Cc1c[nH]c2ccc(O)cc12	5-Hydroxyindole-3-acetic acid	amar_data_92+swe2_data_193	True	1.5006	amar+swe2	C1=CC2=C(C=C1O)C(=CN2)CC(=O)O	DUUGKQCEGZLZNO-UHFFFAOYSA-N
O=C(O)Cc1c[nH]c2ccccc12	Indole-3-acetic acid	aus_data_125+amar_data_240+swe2_data_137	True	1.795	aus+amar+swe2	C1=CC=C2C(=C1)C(=CN2)CC(=O)O	SEOVTRFCIGRIMH-UHFFFAOYSA-N
O=C(O)Cc1cccc2ccccc12	NAA	swe2_data_598	True	2.4669000000000008	swe2	C1=CC=C2C(=C1)C=CC=C2CC(=O)O	PRPINYUDVPFIRX-UHFFFAOYSA-N
O=C(O)Cc1ccccc1Nc1c(Cl)cccc1Cl	Diclofenac	amar_data_184+snf_data_201+swe2_data_374	True	4.364100000000001	amar+snf+swe2	C1=CC=C(C(=C1)CC(=O)O)NC2=C(C=CC=C2Cl)Cl	DCOPUUMXTXDBNB-UHFFFAOYSA-N
O=C(O)Cc1ccccc1O	2-Hydroxyphenylacetic acid	amar_data_44	True	1.0193	amar	C1=CC=C(C(=C1)CC(=O)O)O	CCVYRRGZDBSHFU-UHFFFAOYSA-N
O=C(O)Cc1ccccn1	2-Pyridylacetic acid	aus_data_12	True	0.7087000000000001	aus	C1=CC=NC(=C1)CC(=O)O	BPSNETAIJADFTO-UHFFFAOYSA-N
O=C(O)Cc1ccncc1	4-Pyridineacetic acid	amar_data_88	True	0.7087000000000001	amar	C1=CN=CC=C1CC(=O)O	PAEXAIBDCHBNDC-UHFFFAOYSA-N
O=C(O)Cc1cnc[nH]1	Imidazoleacetic acid	amar_data_238	True	0.0368000000000002	amar	C1=C(NC=N1)CC(=O)O	PRJKNHOMHKJCEJ-UHFFFAOYSA-N
O=C(O)c1c[nH]c2ccccc12	3-Indolylcarboxylic Acid	swe2_data_138	True	1.8661	swe2	C1=CC=C2C(=C1)C(=CN2)C(=O)O	KMAKOBLIOCQGJP-UHFFFAOYSA-N
O=C(O)c1cc(=O)c2cccc(O)c2[nH]1	Xanthurenic acid	swe2_data_843	True	0.9318999999999996	swe2	C1=CC2=C(C(=C1)O)NC(=CC2=O)C(=O)O	FBZONXHGGPHHIY-UHFFFAOYSA-N
O=C(O)c1cc(=O)c2ccccc2[nH]1	Kynurenic acid	aus_data_135+swe2_data_511	True	1.2262999999999995	aus+swe2	C1=CC=C2C(=C1)C(=O)C=C(N2)C(=O)O	HCZHHEIFKROPDY-UHFFFAOYSA-N
O=C(O)c1cc(N=Nc2ccc(S(=O)(=O)Nc3ccccn3)cc2)ccc1O	Sulfasalazine	snf_data_11013	True	3.701600000000001	snf	C1=CC=NC(=C1)NS(=O)(=O)C2=CC=C(C=C2)N=NC3=CC(=C(C=C3)O)C(=O)O	NCEXYHBECQHGNR-UHFFFAOYSA-N
O=C(O)c1cc(O)c(O)c(O)c1	Gallic acid	swe2_data_447	True	0.5015999999999998	swe2	C1=C(C=C(C(=C1O)O)O)C(=O)O	LNTHITQWFMADLM-UHFFFAOYSA-N
O=C(O)c1cc(O)ccc1O	2,5-dihydroxy benzoic acid	swe2_data_64	True	0.7959999999999998	swe2	C1=CC(=C(C=C1O)C(=O)O)O	WXTMDXOMEHJXQO-UHFFFAOYSA-N
O=C(O)c1cc(S(=O)(=O)O)ccc1O	5-Sulfosalicylic acid	aus_data_309+swe2_data_197	True	0.3371	aus+swe2	C1=CC(=C(C=C1S(=O)(=O)O)C(=O)O)O	YCPXWRQRBFJBPZ-UHFFFAOYSA-N
O=C(O)c1ccc(-c2ccccc2-c2nn[nH]n2)cc1	Valsartan metabolite	aus_data_357+amar_data_431+amar_data_430+swe2_data_830	True	2.2319	aus+amar+swe2	C1=CC=C(C(=C1)C2=CC=C(C=C2)C(=O)O)C3=NNN=N3	USAWIVMZUYOXCF-UHFFFAOYSA-N
O=C(O)c1ccc(=O)[nH]c1	6-Hydroxynicotinate	swe2_data_203	True	0.0731	swe2	C1=CC(=O)NC=C1C(=O)O	BLHCMGRVFXRYRN-UHFFFAOYSA-N
O=C(O)c1ccc(C(=O)O)c(C(=O)O)c1	1,2,4-Benzenetricarboxylic acid	amar_data_4+swe2_data_19	True	0.7812000000000001	amar+swe2	C1=CC(=C(C=C1C(=O)O)C(=O)O)C(=O)O	ARCGXLSVLAOJQL-UHFFFAOYSA-N
O=C(O)c1ccc(O)cc1	4-hydroxy-benzoate	amar_data_379+amar_data_81+swe2_data_168	False	1.0903999999999998	amar+swe2	C1=CC(=CC=C1C(=O)O)O	FJKROLUGYXJWQN-UHFFFAOYSA-N
O=C(O)c1ccc(Oc2ccccc2)nc1	6-Phenoxynicotinic acid	swe2_data_211	True	2.5721000000000007	swe2	C1=CC=C(C=C1)OC2=NC=C(C=C2)C(=O)O	GFEUNYLQJDQNAN-UHFFFAOYSA-N
O=C(O)c1ccc([N+](=O)[O-])cc1	4-Nitrobenzoic acid	swe2_data_180	True	1.293	swe2	C1=CC(=CC=C1C(=O)O)[N+](=O)[O-]	OTLNPYWUJOZPPA-UHFFFAOYSA-N
O=C(O)c1ccc([O-])c(O)c1	3,4-Dihydroxybenzoate	swe2_data_113	True	0.1639999999999997	swe2	C1=CC(=C(C=C1C(=O)O)O)[O-]	YQUVCSBJEUQKSH-UHFFFAOYSA-M
O=C(O)c1ccc2ccccc2c1	2-naphthoic acid	swe2_data_97	True	2.5380000000000003	swe2	C1=CC=C2C=C(C=CC2=C1)C(=O)O	UOBYKYZJUGYBDK-UHFFFAOYSA-N
O=C(O)c1ccc2ncccc2c1	6-Quinolinecarboxylic acid	aus_data_310	True	1.933	aus	C1=CC2=C(C=CC(=C2)C(=O)O)N=C1	VXGYRCVTBHVXMZ-UHFFFAOYSA-N
O=C(O)c1ccc[nH]1	Pyrrole-2-carboxylic acid	amar_data_367	True	0.7128999999999999	amar	C1=CNC(=C1)C(=O)O	WRHZVMBBRYBTKZ-UHFFFAOYSA-N
O=C(O)c1cccc(C(=O)O)c1	Isophthalic acid	aus_data_334	True	1.083	aus	C1=CC(=CC(=C1)C(=O)O)C(=O)O	QQVIHTHCMHWDBS-UHFFFAOYSA-N
O=C(O)c1cccc(O)c1	3-hydroxybenzoic acid	swe2_data_134	True	1.0903999999999998	swe2	C1=CC(=CC(=C1)O)C(=O)O	IJFXRHURBJZNAO-UHFFFAOYSA-N
O=C(O)c1ccccc1	Benzoic acid	amar_data_126+swe2_data_271	True	1.3848	amar+swe2	C1=CC=C(C=C1)C(=O)O	WPYMKLBDIGXBTP-UHFFFAOYSA-N
O=C(O)c1ccccc1C(=O)O	Phthalic acid	aus_data_212+swe2_data_675	True	1.083	aus+swe2	C1=CC=C(C(=C1)C(=O)O)C(=O)O	XNGIFLGASWRNHJ-UHFFFAOYSA-N
O=C(O)c1ccccc1NC(C(=O)O)c1ccccc1	2-(alpha-Carboxybenzylamino)benzoic acid	amar_data_33	True	2.6226000000000003	amar	C1=CC=C(C=C1)C(C(=O)O)NC2=CC=CC=C2C(=O)O	JQTHUVDYBPXSFO-UHFFFAOYSA-N
O=C(O)c1ccccc1Nc1cccc(C(F)(F)F)c1	Flufenamic acid	snf_data_3021	True	4.1472000000000016	snf	C1=CC=C(C(=C1)C(=O)O)NC2=CC=CC(=C2)C(F)(F)F	LPEPZBJOKDYZAD-UHFFFAOYSA-N
O=C(O)c1ccccc1O	Salicylic acid	amar_data_376+swe2_data_733	True	1.0903999999999998	amar+swe2	C1=CC=C(C(=C1)C(=O)O)O	YGSDEFSMJLZEOE-UHFFFAOYSA-N
O=C(O)c1ccccn1	Picolinic acid	swe2_data_677	True	0.7797999999999999	swe2	C1=CC=NC(=C1)C(=O)O	SIOXPEMLGUPBBT-UHFFFAOYSA-N
O=C(O)c1cccnc1	Nicotinic acid	aus_data_183+amar_data_322+swe2_data_617	True	0.7797999999999999	aus+amar+swe2	C1=CC(=CN=C1)C(=O)O	PVNIIMVLHYAWGP-UHFFFAOYSA-N
O=C(O)c1cccnc1C(=O)O	Quinolinic acid	swe2_data_716	True	0.478	swe2	C1=CC(=C(N=C1)C(=O)O)C(=O)O	GJAWHXHKYYXBSV-UHFFFAOYSA-N
O=C(O)c1ccco1	2-Furoic acid	swe2_data_78	True	0.9778	swe2	C1=COC(=C1)C(=O)O	SMNDYUVBFMFKNZ-UHFFFAOYSA-N
O=C(O)c1cn(C2CC2)c2cc(N3CCNCC3)c(F)cc2c1=O	Ciprofloxacin	amar_data_159+swe2_data_318	True	1.5833	amar+swe2	C1CC1N2C=C(C(=O)C3=CC(=C(C=C32)N4CCNCC4)F)C(=O)O	MYSWGUAQZAJSOK-UHFFFAOYSA-N
O=C(OCCOCCOC(=O)c1ccccc1)c1ccccc1	Diethylene glycol dibenzoate	swe2_data_377	True	2.7170000000000005	swe2	C1=CC=C(C=C1)C(=O)OCCOCCOC(=O)C2=CC=CC=C2	NXQMCAOPTPLPRL-UHFFFAOYSA-N
O=C(c1ccc(OCCN2CCCCC2)cc1)c1c(-c2ccc(O)cc2)sc2cc(O)ccc12	Raloxifene	swe2_data_717	True	6.075200000000007	swe2	C1CCN(CC1)CCOC2=CC=C(C=C2)C(=O)C3=C(SC4=C3C=CC(=C4)O)C5=CC=C(C=C5)O	GZUITABIAKMVPG-UHFFFAOYSA-N
O=C(c1ccccc1)c1ccc(O)cc1	4-Hydroxybenzophenone	swe2_data_169	True	2.6232000000000006	swe2	C1=CC=C(C=C1)C(=O)C2=CC=C(C=C2)O	NPFYZDNDJHZQKY-UHFFFAOYSA-N
O=C(c1ccccc1)c1ccc(O)cc1O	Benzophenone-1	swe2_data_272	True	2.3288000000000006	swe2	C1=CC=C(C=C1)C(=O)C2=C(C=C(C=C2)O)O	ZXDDPOHVAMWLBH-UHFFFAOYSA-N
O=C1C(=O)c2ccccc2C(O)=C1C1CCC(c2ccc(Cl)cc2)CC1	Atovaquone	snf_data_10687	True	5.348500000000004	snf	C1CC(CCC1C2=CC=C(C=C2)Cl)C3=C(C4=CC=CC=C4C(=O)C3=O)O	BSJMWHQBCZFXBR-UHFFFAOYSA-N
O=C1C(c2c(O)[nH]c3ccccc23)=Nc2ccccc21	Indirubin	swe2_data_490	True	3.1906000000000017	swe2	C1=CC=C2C(=C1)C(=C(N2)O)C3=NC4=CC=CC=C4C3=O	JNLNPCNGMHKCKO-UHFFFAOYSA-N
O=C1C2C3CCC(C3)C2C(=O)N1CC1CCCCC1CN1CCN(c2nsc3ccccc23)CC1	Lurasidone	swe2_data_542	True	4.255800000000003	swe2	C1CC[C@H]([C@@H](C1)CN2CCN(CC2)C3=NSC4=CC=CC=C43)CN5C(=O)[C@H]6[C@@H]7CC[C@@H](C7)[C@H]6C5=O	PQXKDMSYBGKCJA-CVTJIBDQSA-N
O=C1CC(c2ccc(O)cc2)Oc2cc(O)cc(O)c21	Naringenin	amar_data_314	True	2.5099000000000014	amar	C1[C@H](OC2=CC(=CC(=C2C1=O)O)O)C3=CC=C(C=C3)O	FTVWIRXFELQLPI-ZDUSSCGKSA-N
O=C1CC2(CCCCC2)CN1	3,3-pentamethylene-4-butyrolactam	swe2_data_111	True	1.4568	swe2	C1CCC2(CC1)CC(=O)NC2	JAWPQJDOQPSNIQ-UHFFFAOYSA-N
O=C1CC2C(CC(O)C2CO)O1	VYTZWRCSPHQSFX-GBNDHIKLSA-N	aus_data_279	True	-0.7088000000000001	aus	C1[C@H]([C@@H]([C@@H]2[C@H]1OC(=O)C2)CO)O	VYTZWRCSPHQSFX-GBNDHIKLSA-N
O=C1CCC(C(=O)O)N1	L-Pyroglutamic acid	aus_data_142+swe2_data_541	True	-0.6504000000000001	aus+swe2	C1CC(=O)N[C@@H]1C(=O)O	ODHCTXKNWHHXJC-VKHMYHEASA-N
O=C1CCCCCCCCCCCN1	Azacyclotridecan-2-one	swe2_data_263	True	3.0172000000000008	swe2	C1CCCCCC(=O)NCCCCC1	JHWNWJKBPDFINM-UHFFFAOYSA-N
O=C1CCCCCN1	Caprolactam	aus_data_69+swe2_data_303	True	0.6766000000000001	aus+swe2	C1CCC(=O)NCC1	JBKVHLHDHHXQEQ-UHFFFAOYSA-N
O=C1CCCCCO1	Caprolactone	aus_data_191	True	1.1036	aus	C1CCC(=O)OCC1	PAPBSGBWRJIAAV-UHFFFAOYSA-N
O=C1CCCCN1	2-Piperidone	aus_data_277+amar_data_446+swe2_data_482	True	0.2865	aus+amar+swe2	C1CCNC(=O)C1	XUWHAWMETYGRKB-UHFFFAOYSA-N
O=C1CCc2cccc3c2N1CC3	Pyroquilon	swe2_data_712	True	1.5219	swe2	C1CC(=O)N2CCC3=CC=CC1=C32	XRJLAOUDSILTFT-UHFFFAOYSA-N
O=C1CN=C(c2ccccc2F)c2cc(Cl)ccc2N1	Norfludiazepam	swe2_data_633	True	3.268600000000002	swe2	C1C(=O)NC2=C(C=C(C=C2)Cl)C(=N1)C3=CC=CC=C3F	UVCOILFBWYKHHB-UHFFFAOYSA-N
O=C1Cc2ccccc2N1	2-Oxindole	swe2_data_101	True	1.1812	swe2	C1C2=CC=CC=C2NC1=O	JYGFTBXVXVMTGB-UHFFFAOYSA-N
O=C1Cc2ccccc2N1c1c(Cl)cccc1Cl	1-(2,6-Dichlorophenyl)-2-indolinone	swe2_data_15	True	4.214200000000003	swe2	C1C2=CC=CC=C2N(C1=O)C3=C(C=CC=C3Cl)Cl	JCICIFOYVSPMHG-UHFFFAOYSA-N
O=C1NC(=O)C(c2ccccc2)(c2ccccc2)N1	Phenytoin	snf_data_3319+swe2_data_674	True	1.7696	snf+swe2	C1=CC=C(C=C1)C2(C(=O)NC(=O)N2)C3=CC=CC=C3	CXOFVDLJLONNDW-UHFFFAOYSA-N
O=C1NC(=O)c2ccccc21	1H-Isoindole-1,3(2H)-dione	swe2_data_43	True	0.5702	swe2	C1=CC=C2C(=C1)C(=O)NC2=O	XKJCHHZQLQNZHY-UHFFFAOYSA-N
O=C1NC(Cc2ccccc2)C(=O)N2CCCC12	Pyrrolo[1,2-a]pyrazine-1,4-dione, hexahydro-3-(phenylmethyl)-	amar_data_175	True	0.7184999999999997	amar	C1CC2C(=O)NC(C(=O)N2C1)CC3=CC=CC=C3	QZBUWPVZSXDWSB-UHFFFAOYSA-N
O=C1NS(=O)(=O)c2ccccc21	Saccharin	aus_data_350+amar_data_375+snf_data_2816+swe2_data_731	True	0.1186999999999999	aus+amar+snf+swe2	C1=CC=C2C(=C1)C(=O)NS2(=O)=O	CVHZOJJKTDOEJC-UHFFFAOYSA-N
O=C1Nc2ccc(Cl)cc2C(C#CC2CC2)(C(F)(F)F)O1	Efavirenz	snf_data_3292+swe2_data_408	True	4.073100000000001	snf+swe2	C1CC1C#C[C@]2(C3=C(C=CC(=C3)Cl)NC(=O)O2)C(F)(F)F	XPOQHMRABVBWPR-ZDUSSCGKSA-N
O=C1Nc2ccc(Cl)cc2C(c2ccccc2)=NC1O	Oxazepam	amar_data_336+swe2_data_645	True	2.4479	amar+swe2	C1=CC=C(C=C1)C2=NC(C(=O)NC3=C2C=C(C=C3)Cl)O	ADIMAYPTOBDMTL-UHFFFAOYSA-N
O=C1OC(C(O)CO)C(O)=C1O	Ascorbic acid	swe2_data_256	True	-1.4073999999999995	swe2	C([C@@H]([C@@H]1C(=C(C(=O)O1)O)O)O)O	CIWBSHSKHKDKBQ-JLAZNSOCSA-N
O=C1OC(CO)C(O)C(O)C1O	Gluconolactone	aus_data_360	True	-3.0132000000000008	aus	C([C@@H]1[C@H]([C@@H]([C@H](C(=O)O1)O)O)O)O	PHOQVHQSTUBQQK-SQOUGZDYSA-N
O=C1OCC(Cc2cccc(O)c2)C1Cc1cccc(O)c1	Enterolactone	amar_data_199+swe2_data_411	True	2.672200000000001	amar+swe2	C1[C@H]([C@@H](C(=O)O1)CC2=CC(=CC=C2)O)CC3=CC(=CC=C3)O	HVDGDHBAMCBBLR-PBHICJAKSA-N
O=CC=Cc1ccc(O)cc1	p-Coumaraldehyde	amar_data_346+swe2_data_654	True	1.6042999999999998	amar+swe2	C1=CC(=CC=C1/C=C/C=O)O	CJXMVKYNVIGQBS-OWOJBTEDSA-N
O=CCCCCCCCC(=O)O	FA 9:1+1O	swe2_data_424	True	2.0006	swe2	C(CCCC=O)CCCC(=O)O	WLGDDELKYAWBBL-UHFFFAOYSA-N
O=CCc1ccccc1	Phenylacetaldehyde	swe2_data_669	True	1.428	swe2	C1=CC=C(C=C1)CC=O	DTUQWGWMVIHBKE-UHFFFAOYSA-N
O=CNCc1ccccc1	N-Benzylformamide	aus_data_171	True	0.9326	aus	C1=CC=C(C=C1)CNC=O	IIBOGKHTXBPGEI-UHFFFAOYSA-N
O=Cc1c[nH]c2ccccc12	3-Formylindole	amar_data_242+amar_data_58+swe2_data_129	True	1.9804	amar+swe2	C1=CC=C2C(=C1)C(=CN2)C=O	OLNJUISKUQQNIM-UHFFFAOYSA-N
O=Cc1ccc(O)c(O)c1	3,4-Dihydroxybenzaldehyde	swe2_data_112	True	0.9103	swe2	C1=CC(=C(C=C1C=O)O)O	IBGBGRVKPALMCQ-UHFFFAOYSA-N
O=Cc1ccc(O)cc1	4-Hydroxybenzaldehyde	aus_data_30+swe2_data_166	True	1.2047	aus+swe2	C1=CC(=CC=C1C=O)O	RGHHSNMVTDWUBI-UHFFFAOYSA-N
O=Cc1cccc2[nH]ccc12	4-Indolecarbaldehyde	swe2_data_172	True	1.9804	swe2	C1=CC(=C2C=CNC2=C1)C=O	JFDDFGLNZWNJTK-UHFFFAOYSA-N
O=Cc1ccccc1S(=O)(=O)O	2-formylbenzenesulfonate	swe2_data_77	True	0.7458	swe2	C1=CC=C(C(=C1)C=O)S(=O)(=O)O	SHHKMWMIKILKQW-UHFFFAOYSA-N
O=P(O)(O)OC(CO)CO	Glycerol-2-phosphate	swe2_data_455	True	-1.5511	swe2	C(C(CO)OP(=O)(O)O)O	DHCLVCXQIBBOPH-UHFFFAOYSA-N
O=P(O)(O)OCC(O)C(O)C(O)C(O)CO	[(2R,3R,4R,5S)-2,3,4,5,6-pentahydroxyhexyl] dihydrogen phosphate	swe2_data_12	True	-3.4684000000000013	swe2	C([C@@H]([C@H]([C@@H]([C@@H](COP(=O)(O)O)O)O)O)O)O	GACTWZZMVMUKNG-SLPGGIOYSA-N
O=P(OCCCl)(OCCCl)OCCCl	Tris(2-chloroethyl)phosphate	swe2_data_815	True	2.8607000000000014	swe2	C(CCl)OP(=O)(OCCCl)OCCCl	HQUQLFOMPYWACS-UHFFFAOYSA-N
O=P(Oc1ccccc1)(Oc1ccccc1)Oc1ccccc1	Triphenylphosphate	swe2_data_811	True	5.331500000000003	swe2	C1=CC=C(C=C1)OP(=O)(OC2=CC=CC=C2)OC3=CC=CC=C3	XZZNDPSIHUTMOC-UHFFFAOYSA-N
O=P(c1ccccc1)(c1ccccc1)c1ccccc1	triphenylphosphineoxide	swe2_data_812	True	3.3260000000000014	swe2	C1=CC=C(C=C1)P(=O)(C2=CC=CC=C2)C3=CC=CC=C3	FIQMHBFVRAXMOP-UHFFFAOYSA-N
O=P1(N(CCCl)CCCl)NCCCO1	Cyclophosphamide	snf_data_2579+swe2_data_350	True	1.884	snf+swe2	C1CNP(=O)(OC1)N(CCCl)CCCl	CMSMOCZEIVJLDB-UHFFFAOYSA-N
O=P1(NCCCl)OCCCN1CCCl	Ifosfamide	snf_data_2683	True	1.884	snf	C1CN(P(=O)(OC1)NCCCl)CCCl	HOMGKSMUEGBAAB-UHFFFAOYSA-N
O=S(=O)(O)C(F)(F)F	trifluoromethanesulfonic acid	swe2_data_803	True	0.3940000000000002	swe2	C(F)(F)(F)S(=O)(=O)O	ITMCEJHCFYSIIV-UHFFFAOYSA-N
O=S(=O)(O)CC(O)CNC1CCCCC1	CAPSO	amar_data_149	True	0.1573999999999995	amar	C1CCC(CC1)NCC(CS(=O)(=O)O)O	INEWUCPYEUEQTN-UHFFFAOYSA-N
O=S(=O)(O)NC1CCCCC1	Cyclamic acid	amar_data_173+snf_data_2813+swe2_data_346	True	0.7114999999999998	amar+snf+swe2	C1CCC(CC1)NS(=O)(=O)O	HCAJEUSONLESMK-UHFFFAOYSA-N
O=S(=O)(O)Oc1c[nH]c2ccccc12	3-Indoxyl sulphate	aus_data_297+amar_data_62	True	1.3495	aus+amar	C1=CC=C2C(=C1)C(=CN2)OS(=O)(=O)O	BXFFHSIDQOFMLE-UHFFFAOYSA-N
O=S(=O)(O)c1ccc(O)c(O)c1	3,4-Dihydroxybenzenesulfonic acid	aus_data_303	True	0.3445	aus	C1=CC(=C(C=C1S(=O)(=O)O)O)O	LTPDITOEDOAWRU-UHFFFAOYSA-N
O=S(=O)(O)c1ccc(O)cc1	4-Phenolsulfonic acid	aus_data_307+swe2_data_185+swe2_data_167	True	0.6389	aus+swe2	C1=CC(=CC=C1O)S(=O)(=O)O	FEPBITJSIHRMRT-UHFFFAOYSA-N
O=S(=O)(O)c1ccc2ccccc2c1	2-Naphthalenesulfonic acid	aus_data_289	True	2.0865	aus	C1=CC=C2C=C(C=CC2=C1)S(=O)(=O)O	KVBGVZZKJNLNJU-UHFFFAOYSA-N
O=S(=O)(O)c1ccc2nc(-c3ccccc3)[nH]c2c1	Phenylbenzimidazole sulfonic acid	swe2_data_672	True	2.4766000000000004	swe2	C1=CC=C(C=C1)C2=NC3=C(N2)C=C(C=C3)S(=O)(=O)O	UVCJGUGAGLDPAA-UHFFFAOYSA-N
O=S(=O)(O)c1ccccc1	Benzenesulfonic acid	swe2_data_269	True	0.9333	swe2	C1=CC=C(C=C1)S(=O)(=O)O	SRSXLGNVWSONIS-UHFFFAOYSA-N
O=S(=O)(O)c1nc2ccccc2s1	2-Benzothiazolesulfonic acid	amar_data_36	True	1.543	amar	C1=CC=C2C(=C1)N=C(S2)S(=O)(=O)O	ZCXGMSGCBDSEOY-UHFFFAOYSA-N
O=S(=O)([O-])c1ccc2ccccc2c1	2-naphthalenesulfonate	swe2_data_96	True	1.7439000000000002	swe2	C1=CC=C2C=C(C=CC2=C1)S(=O)(=O)[O-]	KVBGVZZKJNLNJU-UHFFFAOYSA-M
O=S(=O)(c1ccc(O)cc1)c1ccc(O)cc1	4,4'-Sulfonyldiphenol	aus_data_308+amar_data_73	True	1.9306	aus+amar	C1=CC(=CC=C1O)S(=O)(=O)C2=CC=C(C=C2)O	VPWNQTHUCYMVMZ-UHFFFAOYSA-N
O=S1CCCC1	Tetramethylene sulfoxide	aus_data_243	True	0.5289	aus	C1CCS(=O)C1	ISXOBTBCNRIIQO-UHFFFAOYSA-N
O=[N+]([O-])N=C1NCCN1Cc1ccc(Cl)nc1	Imidacloprid	amar_data_237+swe2_data_489	True	0.6878999999999995	amar+swe2	C1CN(/C(=N/[N+](=O)[O-])/N1)CC2=CN=C(C=C2)Cl	YWTYJOPNNQFBPC-UHFFFAOYSA-N
O=[N+]([O-])c1ccc(O)c(O)c1	4-Nitrocatechol	swe2_data_181	True	1.0059999999999998	swe2	C1=CC(=C(C=C1[N+](=O)[O-])O)O	XJNPNXSISMKQEX-UHFFFAOYSA-N
O=[N+]([O-])c1ccc(O)c([N+](=O)[O-])c1	2,4-Dinitrophenol	swe2_data_62	True	1.2086	swe2	C1=CC(=C(C=C1[N+](=O)[O-])[N+](=O)[O-])O	UFBJCMHMOXMLKC-UHFFFAOYSA-N
O=[N+]([O-])c1ccc(O)cc1	4-Nitrophenol	amar_data_86+swe2_data_182	True	1.3003999999999998	amar+swe2	C1=CC(=CC=C1[N+](=O)[O-])O	BTJIUGUIPKRLHP-UHFFFAOYSA-N
O=[N+]([O-])c1ccccc1Oc1ccccc1	1-Nitro-2-phenoxybenzene	swe2_data_49	True	3.387100000000001	swe2	C1=CC=C(C=C1)OC2=CC=CC=C2[N+](=O)[O-]	VNHGETRQQSYUGZ-UHFFFAOYSA-N
O=c1[nH]c(=O)c2[nH]c(=O)[nH]c2[nH]1	Uric acid	aus_data_354+amar_data_425+swe2_data_823	True	-1.7672000000000003	aus+amar+swe2	C12=C(NC(=O)N1)NC(=O)NC2=O	LEHOTFFKMJEONL-UHFFFAOYSA-N
O=c1[nH]c(=O)c2[nH]cnc2[nH]1	2,6-Dioxo-1,2,3,6-tetrahydropurine	amar_data_440+amar_data_31+swe2_data_840	False	-1.0605000000000004	amar+swe2	C1=NC2=C(N1)C(=O)NC(=O)N2	LRFVTYWOQMYALW-UHFFFAOYSA-N
O=c1[nH]c(=O)c2ccccc2[nH]1	Quinazoline-2,4-diol	amar_data_368+swe2_data_714	True	0.2164	amar+swe2	C1=CC=C2C(=C1)C(=O)NC(=O)N2	SDQJTWBNWQABLE-UHFFFAOYSA-N
O=c1[nH]c(=O)c2cn[nH]c2[nH]1	Oxypurinol	amar_data_340+swe2_data_241	True	-1.0605000000000004	amar+swe2	C1=NNC2=C1C(=O)NC(=O)N2	HXNFUBHNUDHIGC-UHFFFAOYSA-N
O=c1[nH]c(=O)c2ncn(C3OC(CO)C(O)C3O)c2[nH]1	Xanthosine	amar_data_441+swe2_data_841	True	-2.9756	amar+swe2	C1=NC2=C(N1[C@H]3[C@@H]([C@@H]([C@H](O3)CO)O)O)NC(=O)NC2=O	UBORTCNDUKBEOP-UUOKFMHZSA-N
O=c1[nH]c(=O)c2ncn(C3OC(COP(=O)(O)O)C(O)C3O)c2[nH]1	Xanthosine-5'-monophosphate	swe2_data_842	True	-2.8585999999999987	swe2	C1=NC2=C(N1[C@H]3[C@@H]([C@@H]([C@H](O3)COP(=O)(O)O)O)O)NC(=O)NC2=O	DCTLYFZHFGENCW-UUOKFMHZSA-N
O=c1[nH]c2cc(Cl)ccc2o1	Chloroxazone	amar_data_153	True	1.7745	amar	C1=CC2=C(C=C1Cl)NC(=O)O2	TZFWDZFKRBELIQ-UHFFFAOYSA-N
O=c1[nH]c2ccc(Cl)cc2[nH]c1=O	6-chloro-1,2,3,4-tetrahydroquinoxaline-2,3-dione	swe2_data_201	True	0.8697999999999999	swe2	C1=CC2=C(C=C1Cl)NC(=O)C(=O)N2	RNOLFZACEWWIHP-UHFFFAOYSA-N
O=c1[nH]ccc2c(O)cccc12	1,5-Isoquinolinediol	amar_data_9+swe2_data_25	True	1.2336999999999998	amar+swe2	C1=CC2=C(C=CNC2=O)C(=C1)O	LFUJIPVWTMGYDG-UHFFFAOYSA-N
O=c1[nH]cnc2[nH]ncc12	Allopurinol	snf_data_3336+swe2_data_240	True	-0.3538	snf+swe2	C1=NNC2=C1C(=O)NC=N2	OFCNXPDARWKPPY-UHFFFAOYSA-N
O=c1[nH]cnc2c1ncn2C1CC(O)C(CO)O1	2'-Deoxyinosine	aus_data_20+amar_data_40	True	-1.2397000000000002	aus+amar	C1[C@@H]([C@H](O[C@H]1N2C=NC3=C2N=CNC3=O)CO)O	VGONTNSXDCQUGY-RRKCRQDMSA-N
O=c1[nH]cnc2c1ncn2C1OC(CO)C(O)C1O	Inosine	aus_data_129+amar_data_244+amar_data_99+swe2_data_493	True	-2.2689	aus+amar+swe2	C1=NC2=C(C(=O)N1)N=CN2[C@H]3[C@@H]([C@@H]([C@H](O3)CO)O)O	UGQMRVRMYYASKQ-KQYNXXCUSA-N
O=c1[nH]cnc2nc[nH]c12	Hypoxanthine	aus_data_122+amar_data_236+swe2_data_481	True	-0.3538	aus+amar+swe2	C1=NC2=C(N1)C(=O)NC=N2	FDGQSTZJBFJUBT-UHFFFAOYSA-N
O=c1[nH]cnc2sccc12	thieno[2,3-d]pyrimidin-4(3H)-one	swe2_data_780	True	0.9846	swe2	C1=CSC2=C1C(=O)NC=N2	JEDVKUHCDPPWNR-UHFFFAOYSA-N
O=c1[nH]nc(-c2cccs2)cc1CC1CCCCC1	4-(cyclohexylmethyl)-6-(2-thienyl)-2,3-dihydropyridazin-3-one hydrate	swe2_data_149	True	3.621200000000002	swe2	C1CCC(CC1)CC2=CC(=NNC2=O)C3=CC=CS3.O	OMJWBWGXCXMCTM-UHFFFAOYSA-N
O=c1[nH]sc2ccccc12	1,2-Benzisothiazolin-3-one	aus_data_3+swe2_data_20	True	1.5896	aus+swe2	C1=CC=C2C(=C1)C(=O)NS2	DMSMPAJRVJJAGA-UHFFFAOYSA-N
O=c1c(-c2ccc(O)cc2)coc2cc(O)cc(O)c12	Genistein	swe2_data_450	True	2.576800000000001	swe2	C1=CC(=CC=C1C2=COC3=CC(=CC(=C3C2=O)O)O)O	TZBJGXHYKVUXJN-UHFFFAOYSA-N
O=c1c(-c2ccc(O)cc2)coc2cc(O)ccc12	Daidzein	amar_data_177+swe2_data_355	True	2.871200000000001	amar+swe2	C1=CC(=CC=C1C2=COC3=C(C2=O)C=CC(=C3)O)O	ZQSIJRDFPHDXIC-UHFFFAOYSA-N
O=c1c(N2CCCC2)c(N2CCOCC2)c1=O	3-Morpholino-4-tetrahydro-1H-pyrrol-1-ylcyclobut-3-ene-1,2-dione	aus_data_27	True	-0.2806000000000002	aus	C1CCN(C1)C2=C(C(=O)C2=O)N3CCOCC3	INDCFFAROPASLT-UHFFFAOYSA-N
O=c1c(O)c(-c2cc(O)c(O)c(O)c2)oc2cc(O)cc(O)c12	Myricetin	aus_data_166	True	1.6935999999999998	aus	C1=C(C=C(C(=C1O)O)O)C2=C(C(=O)C3=C(C=C(C=C3O2)O)O)O	IKMDFBPHZNJCSN-UHFFFAOYSA-N
O=c1c(O)c(-c2ccc(O)cc2)oc2cc(O)cc(O)c12	Kaempferol	swe2_data_508	True	2.2824000000000004	swe2	C1=CC(=CC=C1C2=C(C(=O)C3=C(C=C(C=C3O2)O)O)O)O	IYRMWMYZSQPJKC-UHFFFAOYSA-N
O=c1c(O)c(-c2ccccc2)oc2cc(O)cc(O)c12	Galangin	swe2_data_444	True	2.576800000000001	swe2	C1=CC=C(C=C1)C2=C(C(=O)C3=C(C=C(C=C3O2)O)O)O	VCCRNZQBSJXYJD-UHFFFAOYSA-N
O=c1c2cc(-n3cccc3)ccc2oc2ncccc12	7-(1H-pyrrol-1-yl)-5H-chromeno[2,3-b]pyridin-5-one	swe2_data_213	True	3.1319000000000017	swe2	C1=CN(C=C1)C2=CC3=C(C=C2)OC4=C(C3=O)C=CC=N4	FTZKSIMECLSDJF-UHFFFAOYSA-N
O=c1c2ccccc2nc2n1CCC2O	Vasicinone	amar_data_437+swe2_data_132	True	0.8335999999999997	amar+swe2	C1CN2C(=NC3=CC=CC=C3C2=O)[C@H]1O	SDIVYZXRQHWCKF-VIFPVBQESA-N
O=c1cc(-c2ccc(O)c(O)c2)oc2cc(OC3OC(CO)C(O)C(O)C3O)cc(O)c12	Luteolin-7-glucoside	swe2_data_543	True	-0.2445000000000002	swe2	C1=CC(=C(C=C1C2=CC(=O)C3=C(C=C(C=C3O2)O[C@H]4[C@@H]([C@H]([C@@H]([C@H](O4)CO)O)O)O)O)O)O	PEFNSGRTCBGNAN-QNDFHXLGSA-N
O=c1cc(-c2ccccc2)oc2cc(O)cc(O)c12	Chrysin	aus_data_73	True	2.8712000000000013	aus	C1=CC=C(C=C1)C2=CC(=O)C3=C(C=C(C=C3O2)O)O	RTIXKCRFFJGDFG-UHFFFAOYSA-N
O=c1cc(O)c2ccccc2[nH]1	2,4-Quinolinediol	swe2_data_63	True	1.2336999999999998	swe2	C1=CC=C2C(=C1)C(=CC(=O)N2)O	HDHQZCHIXUUSMK-UHFFFAOYSA-N
O=c1cc[nH]c(=O)[nH]1	Uracil	aus_data_268+amar_data_424+swe2_data_822	True	-0.9368	aus+amar+swe2	C1=CNC(=O)NC1=O	ISAKRJDGNUQOIC-UHFFFAOYSA-N
O=c1cc[nH]c2ccccc12	4-Hydroxyquinoline	amar_data_82+swe2_data_171	True	1.5281	amar+swe2	C1=CC=C2C(=C1)C(=O)C=CN2	PMZDQRJGMBOQBF-UHFFFAOYSA-N
O=c1ccc2cc(O)c(O)cc2o1	6,7-Dihydroxycoumarin	swe2_data_199	True	1.2042	swe2	C1=CC(=O)OC2=CC(=C(C=C21)O)O	ILEDWLMCKZNDJK-UHFFFAOYSA-N
O=c1ccc2ccccc2[nH]1	2-Hydroxyquinoline	swe2_data_87	True	1.5280999999999998	swe2	C1=CC=C2C(=C1)C=CC(=O)N2	LISFMEBWQUVKPJ-UHFFFAOYSA-N
O=c1ccc2ccccc2o1	Coumarin	aus_data_79+swe2_data_337	True	1.793	aus+swe2	C1=CC=C2C(=C1)C=CC(=O)O2	ZYGHJZDHTFUPRJ-UHFFFAOYSA-N
O=c1cccc[nH]1	2-Hydroxypyridine	swe2_data_86	True	0.3748999999999999	swe2	C1=CC(=O)NC=C1	UBQKCCHYAOITMY-UHFFFAOYSA-N
O=c1ccn(C2CC(O)C(CO)O2)c(=O)[nH]1	1-((2R,4R,5S)-4-Hydroxy-5-(hydroxymethyl)tetrahydrofuran-2-yl)pyrimidine-2,4(1H,3H)-dione	amar_data_13	True	-1.8226999999999995	amar	C1[C@H]([C@@H](O[C@H]1N2C=CC(=O)NC2=O)CO)O	MXHRCPNRJAMMIM-GKROBHDKSA-N
O=c1ccn(C2OC(CO)C(O)C2O)c(=O)[nH]1	Uridine	aus_data_355+amar_data_426+swe2_data_824	True	-2.8519	aus+amar+swe2	C1=CN(C(=O)NC1=O)[C@H]2[C@@H]([C@@H]([C@H](O2)CO)O)O	DRTQHJPVMGBUCF-XVFCMESISA-N
O=c1ccn(C2OC(COP(=O)(O)O)C(O)C2O)c(=O)[nH]1	Uridylic acid	swe2_data_825	True	-2.7349	swe2	C1=CN(C(=O)NC1=O)[C@H]2[C@@H]([C@@H]([C@H](O2)COP(=O)(O)O)O)O	DJJCXFVJDGTHFX-XVFCMESISA-N
O=c1ccn2c(n1)OC1C(O)C(CO)OC12	3-hydroxy-2-(hydroxymethyl)-2,3,3a,9a-tetrahydro-6H-furo[2',3':4,5][1,3]oxazolo[3,2-a]pyrimidin-6-one	swe2_data_131	True	-1.7451000000000003	swe2	C1=CN2C3C(C(C(O3)CO)O)OC2=NC1=O	UUGITDASWNOAGG-UHFFFAOYSA-N
O=c1n(CCCN2CCN(c3cccc(Cl)c3)CC2)nc2ccccn12	Trazodone	snf_data_10547	True	2.3617	snf	C1CN(CCN1CCCN2C(=O)N3C=CC=CC3=N2)C4=CC(=CC=C4)Cl	PHLBKPHSAVXXEF-UHFFFAOYSA-N
OC(Cn1cncn1)(Cn1cncn1)c1ccc(F)cc1F	Fluconazole	amar_data_209+swe2_data_436	True	0.7357999999999993	amar+swe2	C1=CC(=C(C=C1F)F)C(CN2C=NC=N2)(CN3C=NC=N3)O	RFHAOTPXVQNOHP-UHFFFAOYSA-N
OC(Cn1cncn1)(c1ccc(F)cc1)c1ccccc1F	Flutriafol	swe2_data_441	True	2.492400000000001	swe2	C1=CC=C(C(=C1)C(CN2C=NC=N2)(C3=CC=C(C=C3)F)O)F	JWUCHKBSVLQQCO-UHFFFAOYSA-N
OC1COC(O)C(O)C1O	D-Xylose	aus_data_324	True	-2.5823000000000005	aus	C1[C@H]([C@@H]([C@H](C(O1)O)O)O)O	SRBFZHDQGSBBOR-IOVATXLUSA-N
OCC(Cc1cccc(O)c1)C(CO)Cc1cccc(O)c1	Enterodiol	amar_data_198+swe2_data_410	True	2.1	amar+swe2	C1=CC(=CC(=C1)O)C[C@@H](CO)[C@@H](CC2=CC(=CC=C2)O)CO	DWONJCNDULPHLV-HOTGVXAUSA-N
OCC(O)CN1CCN(c2ccccc2)CC1	Levodropropizine	aus_data_149	True	0.1617999999999997	aus	C1CN(CCN1C[C@@H](CO)O)C2=CC=CC=C2	PTVWPYVOOKLBCG-ZDUSSCGKSA-N
OCC1OC(O)C(O)C(O)C1O	D-Galactose	aus_data_322+aus_data_321	False	-3.2214000000000005	aus	C([C@@H]1[C@@H]([C@@H]([C@H](C(O1)O)O)O)O)O	WQZGKKKJIJFFOK-SVZMEOIVSA-N
OCC1OC(OC2(CCl)OC(CCl)C(O)C2O)C(O)C(O)C1Cl	Sucralose	snf_data_703	True	-1.6561000000000003	snf	C([C@@H]1[C@@H]([C@@H]([C@H]([C@H](O1)O[C@]2([C@H]([C@@H]([C@H](O2)CCl)O)O)CCl)O)O)Cl)O	BAQAVOSOZGMPRM-QBMZZYIRSA-N
OCC1OC(OC2C(CO)OC(O)C(O)C2O)C(O)C(O)C1O	alpha-Lactose	aus_data_359	True	-5.397199999999993	aus	C([C@@H]1[C@@H]([C@@H]([C@H]([C@@H](O1)O[C@@H]2[C@H](O[C@@H]([C@@H]([C@H]2O)O)O)CO)O)O)O)O	GUBGYTABKSRVRQ-XLOQQCSPSA-N
OCC1OC(OC2OC(CO)C(O)C(O)C2O)C(O)C(O)C1O	Trehalose	swe2_data_794	True	-5.397199999999993	swe2	C([C@@H]1[C@H]([C@@H]([C@H]([C@H](O1)O[C@@H]2[C@@H]([C@H]([C@@H]([C@H](O2)CO)O)O)O)O)O)O)O	HDTRYLNUVZCQOY-LIZSDCNHSA-N
OCC=Cc1ccc(O)c(O)c1	Caffeyl alcohol	swe2_data_299	True	1.1032999999999995	swe2	C1=CC(=C(C=C1/C=C/CO)O)O	ZCKDCRKBURQZPT-OWOJBTEDSA-N
OCC=Cc1ccc(O)cc1	p-Coumaryl alcohol	swe2_data_655	True	1.3977	swe2	C1=CC(=CC=C1/C=C/CO)O	PTNLHDGQWUGONS-OWOJBTEDSA-N
OCCN(CCO)CCO	Triethanolamine	aus_data_256+amar_data_416+swe2_data_55	True	-1.734699999999999	aus+amar+swe2	C(CO)N(CCO)CCO	GSEJCLTVZPLZKY-UHFFFAOYSA-N
OCCNCCO	Diethanolamine	aus_data_98+amar_data_186+swe2_data_51	True	-1.4393999999999998	aus+amar+swe2	C(CO)NCCO	ZBCBWPMODOFKDW-UHFFFAOYSA-N
OCCOCCN1CCN(C2=Nc3ccccc3Sc3ccccc32)CC1	Quetiapine	snf_data_10952	True	2.8560000000000016	snf	C1CN(CCN1CCOCCO)C2=NC3=CC=CC=C3SC4=CC=CC=C42	URKOMYMAXPYINW-UHFFFAOYSA-N
OCCOCCOCCOCCOCCO	Pentaethylene glycol	aus_data_203+amar_data_347+swe2_data_665	True	-0.9625999999999986	aus+amar+swe2	C(COCCOCCOCCOCCO)O	JLFNLZLINWHATN-UHFFFAOYSA-N
OCCOCCOCCOCCOCCOCCO	Hexaethylene glycol	aus_data_204+amar_data_349+swe2_data_660	True	-0.9459999999999972	aus+amar+swe2	C(COCCOCCOCCOCCOCCO)O	IIRDTKBZINWQAW-UHFFFAOYSA-N
OCCOCCOCCOCCOCCOCCOCCO	3,6,9,12,15,18-Hexaoxaicosane-1,20-diol	aus_data_205+amar_data_350+swe2_data_661	True	-0.929399999999996	aus+amar+swe2	C(COCCOCCOCCOCCOCCOCCO)O	XPJRQAIZZQMSCM-UHFFFAOYSA-N
OCCOCCOCCOCCOCCOCCOCCOCCO	3,6,9,12,15,18,21-Heptaoxatricosane-1,23-diol	aus_data_206+amar_data_351+swe2_data_662	True	-0.912799999999995	aus+amar+swe2	C(COCCOCCOCCOCCOCCOCCOCCO)O	GLZWNFNQMJAZGY-UHFFFAOYSA-N
OCCOCCOCCOCCOCCOCCOCCOCCOCCOCCO	3,6,9,12,15,18,21,24,27-Nonaoxanonacosane-1,29-diol	aus_data_196+amar_data_348+swe2_data_659	True	-0.8795999999999924	aus+amar+swe2	C(COCCOCCOCCOCCOCCOCCOCCOCCOCCO)O	DTPCFIHYWYONMD-UHFFFAOYSA-N
OCCOCCOCCOCCOCCOCCOCCOCCOCCOCCOCCO	3,6,9,12,15,18,21,24,27,30-Decaoxadotriacontane-1,32-diol	aus_data_197	True	-0.8629999999999911	aus	C(COCCOCCOCCOCCOCCOCCOCCOCCOCCOCCO)O	PSVXZQVXSXSQRO-UHFFFAOYSA-N
OCCOCCOCCOCCOCCOCCOCCOCCOCCOCCOCCOCCO	Dodecaethylene glycol	aus_data_198	True	-0.8463999999999898	aus	C(COCCOCCOCCOCCOCCOCCOCCOCCOCCOCCOCCO)O	WRZXKWFJEFFURH-UHFFFAOYSA-N
OCCOCCOCCOCCOCCOCCOCCOCCOCCOCCOCCOCCOCCO	3,6,9,12,15,18,21,24,27,30,33,36-Dodecaoxaoctatriacontane-1,38-diol	aus_data_199	True	-0.8297999999999885	aus	C(COCCOCCOCCOCCOCCOCCOCCOCCOCCOCCOCCOCCO)O	AKWFJQNBHYVIPY-UHFFFAOYSA-N
OCCOCCOCCOCCOCCOCCOCCOCCOCCOCCOCCOCCOCCOCCO	3,6,9,12,15,18,21,24,27,30,33,36,39-Tridecaoxahentetracontane-1,41-diol	aus_data_200	True	-0.8131999999999873	aus	C(COCCOCCOCCOCCOCCOCCOCCOCCOCCOCCOCCOCCOCCO)O	ILLKMACMBHTSHP-UHFFFAOYSA-N
OCCOCCOCCOCCOCCOCCOCCOCCOCCOCCOCCOCCOCCOCCOCCO	3,6,9,12,15,18,21,24,27,30,33,36,39,42-Tetradecaoxatetratetracontane-1,44-diol	aus_data_201	True	-0.796599999999986	aus	C(COCCOCCOCCOCCOCCOCCOCCOCCOCCOCCOCCOCCOCCOCCO)O	OWTQQPNDSWCHOV-UHFFFAOYSA-N
OCCOCCOCCOCCOCCOCCOCCOCCOCCOCCOCCOCCOCCOCCOCCOCCO	3,6,9,12,15,18,21,24,27,30,33,36,39,42,45-Pentadecaoxaheptatetracontane-1,47-diol	aus_data_202	True	-0.7799999999999876	aus	C(COCCOCCOCCOCCOCCOCCOCCOCCOCCOCCOCCOCCOCCOCCOCCO)O	DHORSBRLGKJPFC-UHFFFAOYSA-N
OCCc1c[nH]c2ccccc12	3-(2-Hydroxyethyl)indole	amar_data_48	True	1.7027	amar	C1=CC=C2C(=C1)C(=CN2)CCO	MBBOMCVGYCRMEA-UHFFFAOYSA-N
OCc1ccc(O)cc1	4-Hydroxybenzylalcohol	swe2_data_170	True	0.8845000000000001	swe2	C1=CC(=CC=C1CO)O	BVJSUAQZOZWCKN-UHFFFAOYSA-N
Oc1ccc(C=Cc2cc(O)cc(O)c2)cc1	Resveratrol	swe2_data_720	True	2.9738000000000016	swe2	C1=CC(=CC=C1/C=C/C2=CC(=CC(=C2)O)O)O	LUKBXSAWLPMMSZ-OWOJBTEDSA-N
Oc1ccc(Cl)cc1	4-Chlorophenol	swe2_data_160	True	2.0456	swe2	C1=CC(=CC=C1O)Cl	WXNZTHHGJRFXKQ-UHFFFAOYSA-N
Oc1ccc(Cl)cc1Cl	2,4-Dichlorophenol	swe2_data_60	True	2.699	swe2	C1=CC(=C(C=C1Cl)Cl)O	HFZWRUODUSTPEG-UHFFFAOYSA-N
Oc1ccc2c3c1OC1C(O)C=CC4C(C2)NCCC341	Normorphine	snf_data_10788	True	0.8558999999999997	snf	C1CN[C@@H]2CC3=C4[C@@]15[C@H]2C=C[C@@H]([C@@H]5OC4=C(C=C3)O)O	ONBWJWYUHXVEJS-ZTYRTETDSA-N
Oc1ccc2ncccc2c1	6-Quinolinol	swe2_data_212	True	1.9404	swe2	C1=CC2=C(C=CC(=C2)O)N=C1	OVYWMEWYEJLIER-UHFFFAOYSA-N
Oc1cccc2[nH]ccc12	4-Hydroxyindole	aus_data_31	True	1.8735	aus	C1=CC2=C(C=CN2)C(=C1)O	NLMQHXUGJIAKTH-UHFFFAOYSA-N
Oc1cccc2ccccc12	1-Naphthol	swe2_data_48	True	2.5454000000000008	swe2	C1=CC=C2C(=C1)C=CC=C2O	KJCVRFUGPWSIIH-UHFFFAOYSA-N
Oc1cccc2cccnc12	8-Hydroxyquinoline	amar_data_98+swe2_data_218	True	1.9404	amar+swe2	C1=CC2=C(C(=C1)O)N=CC=C2	MCJGNVYPOGVAJF-UHFFFAOYSA-N
Oc1ccccc1	Phenol	amar_data_353+swe2_data_667	True	1.3922	amar+swe2	C1=CC=C(C=C1)O	ISWSIDIOOBJBQZ-UHFFFAOYSA-N
Oc1ccccc1-c1ccccc1	2-Phenylphenol	swe2_data_102	True	3.059200000000001	swe2	C1=CC=C(C=C1)C2=CC=CC=C2O	LLEMOWNGBBNAJR-UHFFFAOYSA-N
Oc1ccccc1O	Catechol	swe2_data_310	True	1.0978	swe2	C1=CC=C(C(=C1)O)O	YCIMNLLNPGFGHC-UHFFFAOYSA-N
Oc1cccnc1	3-Hydroxypyridine	aus_data_25+amar_data_70+swe2_data_146	True	0.7871999999999999	aus+amar+swe2	C1=CC(=CN=C1)O	GRFNBEZIAWKNCO-UHFFFAOYSA-N
S=c1[nH]c2ccccc2s1	2-Mercaptobenzothiazole	aus_data_11	True	2.95889	aus	C1=CC=C2C(=C1)NC(=S)S2	YXIWHUQXZSMYRE-UHFFFAOYSA-N
[2H]C([2H])(NC(C)C)C([2H])(O)C([2H])([2H])Oc1ccc(CC(=O)O)cc1	metoprolol acid-d5	amar_data_292	True	1.0514	amar	[2H]C([2H])(C([2H])(C([2H])([2H])OC1=CC=C(C=C1)CC(=O)O)O)NC(C)C	PUQIRTNPJRFRCZ-FPWSDNDASA-N
[2H]C([2H])([2H])C(C#N)(c1cc(Cn2cncn2)cc(C(C#N)(C([2H])([2H])[2H])C([2H])([2H])[2H])c1)C([2H])([2H])[2H]	anastrozole-d12	amar_data_115	True	2.9287600000000014	amar	[2H]C([2H])([2H])C(C#N)(C1=CC(=CC(=C1)CN2C=NC=N2)C(C#N)(C([2H])([2H])[2H])C([2H])([2H])[2H])C([2H])([2H])[2H]	YBBLVLTVTVSKRW-MGKWXGLJSA-N
[2H]C([2H])([2H])C(CCCOc1cc(C)ccc1C)(C(=O)O)C([2H])([2H])[2H]	gemfibrozil-d6	amar_data_218	True	3.573240000000002	amar	[2H]C([2H])([2H])C(CCCOC1=C(C=CC(=C1)C)C)(C(=O)O)C([2H])([2H])[2H]	HEMJJKBWTPKOJG-LIJFRPJRSA-N
[2H]C([2H])([2H])C([2H])(NCC(O)COc1ccc(CC(N)=O)cc1)C([2H])([2H])[2H]	atenolol-d7	amar_data_123	True	0.4520999999999998	amar	[2H]C([2H])([2H])C([2H])(C([2H])([2H])[2H])NCC(COC1=CC=C(C=C1)CC(=O)N)O	METKIMKYRPQLGS-SVMCCORHSA-N
[2H]C([2H])([2H])C([2H])(NCC(O)COc1ccc(CCOC)cc1)C([2H])([2H])[2H]	metoprolol-d7	amar_data_293	True	1.6132	amar	[2H]C([2H])([2H])C([2H])(C([2H])([2H])[2H])NCC(COC1=CC=C(C=C1)CCOC)O	IUBSYMUCCVWXPE-QLWPOVNFSA-N
[2H]C([2H])([2H])C([2H])(NCC(O)COc1cccc2ccccc12)C([2H])([2H])[2H]	propranolol-d7	amar_data_364	True	2.577500000000001	amar	[2H]C([2H])([2H])C([2H])(C([2H])([2H])[2H])NCC(COC1=CC=CC2=CC=CC=C21)O	AQHHHDLHHXJYJD-QLWPOVNFSA-N
[2H]C([2H])([2H])C([2H])([2H])C1=C(C)CN(C(=O)NCCc2ccc(S(=O)(=O)NC(=O)NC3CCC(C)CC3)cc2)C1=O	glimepiride-d5	amar_data_219	True	3.0740000000000016	amar	[2H]C([2H])([2H])C([2H])([2H])C1=C(CN(C1=O)C(=O)NCCC2=CC=C(C=C2)S(=O)(=O)NC(=O)NC3CCC(CC3)C)C	WIGIZIANZCJQQY-SGEUAGPISA-N
[2H]C([2H])([2H])CCCC(=O)N(Cc1ccc(-c2ccccc2-c2nn[nH]n2)cc1)C(C(=O)O)C(C)C	valsartan-d3	amar_data_432	True	4.1617000000000015	amar	[2H]C([2H])([2H])CCCC(=O)N(CC1=CC=C(C=C1)C2=CC=CC=C2C3=NNN=N3)[C@@H](C(C)C)C(=O)O	ACWBQPMHZXGDFX-MVTYLIICSA-N
[2H]C([2H])([2H])N(Cc1ccc(CSCCNC(=C[N+](=O)[O-])NC)o1)C([2H])([2H])[2H]	ranitidine-d6	amar_data_371	True	1.459	amar	[2H]C([2H])([2H])N(CC1=CC=C(O1)CSCCN/C(=C/[N+](=O)[O-])/NC)C([2H])([2H])[2H]	VMXUWOKSQNHOCA-RUESZMOGSA-N
[2H]C([2H])([2H])N(Cc1cnc2nc(N)nc(N)c2n1)c1ccc(C(=O)NC(CCC(=O)O)C(=O)O)cc1	methotrexate-d3	amar_data_287	True	0.2683999999999994	amar	[2H]C([2H])([2H])N(CC1=CN=C2C(=N1)C(=NC(=N2)N)N)C3=CC=C(C=C3)C(=O)N[C@@H](CCC(=O)O)C(=O)O	FBOZXECLQNJBKD-FUPFOCIHSA-N
[2H]C([2H])([2H])Oc1ccc2cc(C(C)C(=O)O)ccc2c1	naproxen-d3	amar_data_313	True	3.036500000000001	amar	[2H]C([2H])([2H])OC1=CC2=C(C=C1)C=C(C=C2)C(C)C(=O)O	CMWTZPSULFXXJA-BMSJAHLVSA-N
[2H]C([2H])([2H])n1c(=O)c2c(ncn2C([2H])([2H])[2H])n(C([2H])([2H])[2H])c1=O	caffeine-d9	amar_data_146	True	-1.0293	amar	[2H]C([2H])([2H])N1C=NC2=C1C(=O)N(C(=O)N2C([2H])([2H])[2H])C([2H])([2H])[2H]	RYYVLZVUVIJVGH-GQALSZNTSA-N
[2H]C([2H])(n1cncn1)C(O)(c1ccc(F)cc1F)C([2H])([2H])n1cncn1	fluconazole-d4	amar_data_211	True	0.7357999999999999	amar	[2H]C([2H])(C(C1=C(C=C(C=C1)F)F)(C([2H])([2H])N2C=NC=N2)O)N3C=NC=N3	RFHAOTPXVQNOHP-CQOLUAMGSA-N
[2H]C1([2H])CC(CN)(CC(=O)O)CC([2H])([2H])C1([2H])[2H]	gabapentin-d6	amar_data_215	True	1.3703	amar	[2H]C1(CC(CC(C1([2H])[2H])([2H])[2H])(CC(=O)O)CN)[2H]	UGJMXCAKCUNAIE-NMFSSPJFSA-N
[2H]C1=C([2H])c2cc([2H])c([2H])c([2H])c2N(C(N)=O)c2c1cc([2H])c([2H])c2[2H]	carbamazepine-d8	amar_data_152	True	3.387200000000001	amar	[2H]C1=C(C(=C2C(=C1)C(=C(C3=CC(=C(C(=C3N2C(=O)N)[2H])[2H])[2H])[2H])[2H])[2H])[2H]	FFGPTBGBLSHEPO-PKSNNKEVSA-N
[2H][13C]([2H])([2H])C(C(=O)O)c1cccc(C(=O)c2ccccc2)c1	ketoprofen-13C,d3	amar_data_254	True	3.105700000000001	amar	[2H][13C]([2H])([2H])C(C1=CC(=CC=C1)C(=O)C2=CC=CC=C2)C(=O)O	DKYWVDODHFEZIM-KQORAOOSSA-N
[2H][13C]1([2H])Nc2cc(Cl)c(S(N)(=O)=O)cc2S(=O)(=O)N1	hydrochlorothiazide-13C,d2	amar_data_234	True	-0.3513000000000001	amar	[2H][13C]1(NC2=CC(=C(C=C2S(=O)(=O)N1)S(=O)(=O)N)Cl)[2H]	JZUFKLXOESDKRF-QFNKQLDQSA-N
[2H]c1c([2H])c(C(=O)NCCc2ccc(OC(C)(C)C(=O)O)cc2)c([2H])c([2H])c1Cl	Bezafibrate-d4	amar_data_130	True	3.5545000000000018	amar	[2H]C1=C(C(=C(C(=C1C(=O)NCCC2=CC=C(C=C2)OC(C)(C)C(=O)O)[2H])[2H])Cl)[2H]	IIBYAHWJQTYFKB-KDWZCNHSSA-N
[2H]c1c([2H])c(C([2H])([2H])N2C(=O)C3(CCCC3)N=C2CCCC)c([2H])c([2H])c1-c1ccccc1-c1nn[nH]n1	irbesartan-d6	amar_data_249	True	4.7774000000000045	amar	[2H]C1=C(C(=C(C(=C1C2=CC=CC=C2C3=NNN=N3)[2H])[2H])C([2H])([2H])N4C(=NC5(C4=O)CCCC5)CCCC)[2H]	YOSHYTLCDANDAN-METDGUFKSA-N
[2H]c1c([2H])c(NC(C)=O)c([2H])c([2H])c1O	acetaminophen-d4	amar_data_104	True	1.3505999999999998	amar	[2H]C1=C(C(=C(C(=C1NC(=O)C)[2H])[2H])O)[2H]	RZVAJINKPMORJF-QFFDRWTDSA-N
[2H]c1c([2H])c(OC(C(=O)C(C)(C)C)n2ccnc2)c([2H])c([2H])c1Cl	climbazole-d4	amar_data_164	True	3.729300000000003	amar	[2H]C1=C(C(=C(C(=C1OC(C(=O)C(C)(C)C)N2C=CN=C2)[2H])[2H])Cl)[2H]	OWEGWHBOCFMBLP-UGWFXTGHSA-N
[2H]c1c([2H])c(OC(C)(C)C(=O)O)c([2H])c([2H])c1Cl	clofibric acid-d4	amar_data_166	True	2.5820000000000007	amar	[2H]C1=C(C(=C(C(=C1OC(C)(C)C(=O)O)[2H])[2H])Cl)[2H]	TXCGAZHTZHNUAI-LNFUJOGGSA-N
[2H]c1c([2H])c(OC(C)C(=O)O)c(C)c([2H])c1Cl	Mecoprop-d3	amar_data_279	True	2.5003200000000003	amar	[2H]C1=C(C(=C(C(=C1OC(C)C(=O)O)C)[2H])Cl)[2H]	WNTGYJSOUMFZEP-QGZYMEECSA-N
[2H]c1c([2H])c(S(=O)(=O)CC(C)(O)C(=O)Nc2ccc(C#N)c(C(F)(F)F)c2)c([2H])c([2H])c1F	bicalutamide-d4	amar_data_132	True	2.8795800000000016	amar	[2H]C1=C(C(=C(C(=C1F)[2H])[2H])S(=O)(=O)CC(C)(C(=O)NC2=CC(=C(C=C2)C#N)C(F)(F)F)O)[2H]	LKJPYSCBVHEWIU-ZDPIWEEJSA-N
[2H]c1c([2H])c(S(=O)(=O)Nc2cc(C)on2)c([2H])c([2H])c1N	Sulfamethoxazole-d4	amar_data_391	True	1.36602	amar	[2H]C1=C(C(=C(C(=C1N)[2H])[2H])S(=O)(=O)NC2=NOC(=C2)C)[2H]	JLKIGFTWXXRPMT-QFFDRWTDSA-N
[2H]c1c([2H])c([2H])c(N)c([2H])c1[2H]	aniline-d5	amar_data_116	True	1.2688	amar	[2H]C1=C(C(=C(C(=C1[2H])[2H])N)[2H])[2H]	PAYRUJLWNCNPSJ-RALIUCGRSA-N
[2H]c1cc([2H])c(C(F)(F)F)c([2H])c1Oc1ncccc1C(=O)Nc1ccc(F)cc1F	diflufenican-d3	amar_data_188	True	5.423200000000002	amar	[2H]C1=CC(=C(C(=C1C(F)(F)F)[2H])OC2=C(C=CC=N2)C(=O)NC3=C(C=C(C=C3)F)F)[2H]	WYEHFWKAOXOVJD-HOKOUOGZSA-N
[2H]c1cc2c(nnn2[2H])c([2H])c1[2H]	1H-benzotriazole-d4	amar_data_20	True	0.9579	amar	[2H]C1=C(C(=C2C(=C1)N(N=N2)[2H])[2H])[2H]	QRUDEWIWKLJBPS-MSWVZFBTSA-N
c1ccc(-c2cnc[nH]2)cc1	4-Phenylimidazole	swe2_data_186	True	2.0767	swe2	C1=CC=C(C=C1)C2=CN=CN2	XHLKOHSAWQPOFO-UHFFFAOYSA-N
c1ccc(C2CN3CCSC3=N2)cc1	Levamisole	aus_data_147+amar_data_265+snf_data_2857+swe2_data_528	True	2.1461	aus+amar+snf+swe2	C1CSC2=N[C@H](CN21)C3=CC=CC=C3	HLFSDGLLUJUHTE-SNVBAGLBSA-N
c1ccc(CN(Cc2ccccc2)Cc2ccccc2)cc1	Tribenzylamine	swe2_data_796	True	4.889000000000004	swe2	C1=CC=C(C=C1)CN(CC2=CC=CC=C2)CC3=CC=CC=C3	MXHTZQSKTCCMFG-UHFFFAOYSA-N
c1ccc(CNCc2ccccc2)cc1	Dibenzylamine	aus_data_96	True	2.9764000000000017	aus	C1=CC=C(C=C1)CNCC2=CC=CC=C2	BWLUMTFWVZZZND-UHFFFAOYSA-N
c1ccc(Nc2ccccc2)cc1	Diphenylamine	aus_data_100	True	3.430200000000001	aus	C1=CC=C(C=C1)NC2=CC=CC=C2	DMBHHRLKUKUOEG-UHFFFAOYSA-N
c1ccc2[nH]c(-c3cscn3)nc2c1	Thiabendazole	aus_data_245	True	2.6864	aus	C1=CC=C2C(=C1)NC(=N2)C3=CSC=N3	WJCNZQLZVWNLKY-UHFFFAOYSA-N
c1ccc2c(c1)CCN2	Indoline	amar_data_243+swe2_data_491	True	1.6545999999999996	amar+swe2	C1CNC2=CC=CC=C21	LPAGFVYQRIESJQ-UHFFFAOYSA-N
c1ccc2c(c1)Cc1ccccc1-2	Fluorene	swe2_data_440	True	3.2578000000000014	swe2	C1C2=CC=CC=C2C3=CC=CC=C31	NIHNNTQXNPWCJQ-UHFFFAOYSA-N
c1ccc2c(c1)[nH]c1cnccc12	Norharman	aus_data_187	True	2.7161	aus	C1=CC=C2C(=C1)C3=C(N2)C=NC=C3	AIFRHYZBTHREPW-UHFFFAOYSA-N
c1ccc2cnccc2c1	Isoquinoline	aus_data_132	True	2.2348	aus	C1=CC=C2C=NC=CC2=C1	AWJUIBRHMBBTKR-UHFFFAOYSA-N
c1ccc2n[nH]nc2c1	Benzotriazole	aus_data_63+amar_data_19+swe2_data_41	True	0.9578999999999998	aus+amar+swe2	C1=CC2=NNN=C2C=C1	QRUDEWIWKLJBPS-UHFFFAOYSA-N
c1ccc2nc3ccccc3cc2c1	Acridine	swe2_data_230	True	3.3880000000000017	swe2	C1=CC=C2C(=C1)C=C3C=CC=CC3=N2	DZBUGLKDJFMEHC-UHFFFAOYSA-N
c1ccc2sc(NC3CCCCC3)nc2c1	N-Cyclohexyl-2-benzothiazol-amine	swe2_data_607	True	4.040900000000002	swe2	C1CCC(CC1)NC2=NC3=CC=CC=C3S2	UPWPIFMHSFSVLE-UHFFFAOYSA-N