compound_id	compound_name	pathway	smiles	scenario_id	study_name	study_description	spike_compound	minormajor	acidity	acidity_unit	temperature	temperature_unit	CEC	CEC_unit	OC	biomass_start	biomass_end	biomass	wst_value	wst_type	humidity	humidity_conditions	soil_texture	sand	silt	clay
https://envipath.org/package/5882df9c-dae1-4d80-a40e-db4724271456/compound/837880a7-3ca0-44bd-a8c0-cc33fc987f4c/structure/189b6054-d792-49d1-929f-6b7732b35aa2	CO2	1,3-Dichloropropene	O=C=O	https://envipath.org/package/5882df9c-dae1-4d80-a40e-db4724271456/scenario/8b41270a-7e24-4d58-a097-18f2fd302d79	Annex IIA 7.1.1.1.1/01, IIA 7.1.1.2.1/01, IIA 7.1.1.2.1/02, Batzer, Smith	no description				pH		&#176;C	9.6	mEq/100g		20.9	55.5	38.2		MHC	40.0		Silt loam	39.0	46.0	15.0
https://envipath.org/package/5882df9c-dae1-4d80-a40e-db4724271456/compound/837880a7-3ca0-44bd-a8c0-cc33fc987f4c/structure/189b6054-d792-49d1-929f-6b7732b35aa2	CO2	1-naphthylacetamide	O=C=O	https://envipath.org/package/5882df9c-dae1-4d80-a40e-db4724271456/scenario/22a55076-7ccf-483f-b4c2-7d3f6d1fa14f	B.8.1.2.1.1, Fahrbach, M., (2009b)	no description				pH		&#176;C	17.89	mEq/100g		415.0	479.0	242.6		pF 2.5			Silt loam	26.4	4.46	9.14
https://envipath.org/package/5882df9c-dae1-4d80-a40e-db4724271456/compound/a6003e9c-06c5-4616-88dd-ec47d220a491/structure/2ebdc6e6-52ab-4433-8be8-e5d2d0dad441	1-methylnaphthalene	1-naphthylacetamide	Cc1cccc2ccccc12	https://envipath.org/package/5882df9c-dae1-4d80-a40e-db4724271456/scenario/22bed58b-ca50-4256-9a16-053bae8c6449	B.8.1.2.1.1, Fahrbach, M., (2009b)	no description				pH		&#176;C	9.0	mEq/100g		274.0	200.0	240.73					Sandy loam	61.9	29.3	8.8
https://envipath.org/package/5882df9c-dae1-4d80-a40e-db4724271456/compound/b7857afc-ec78-46c6-9ba5-9bc98864f2d1/structure/a8a9ee96-37c4-4430-bc38-5bb4c821eae8	naphthaldehyde	1-naphthylacetamide	O=Cc1cccc2ccccc12	https://envipath.org/package/5882df9c-dae1-4d80-a40e-db4724271456/scenario/22a55076-7ccf-483f-b4c2-7d3f6d1fa14f	B.8.1.2.1.1, Fahrbach, M., (2009b)	no description				pH		&#176;C	17.89	mEq/100g		415.0	479.0	292.3		pF 2.5			Silt loam	26.4	4.46	9.14
https://envipath.org/package/5882df9c-dae1-4d80-a40e-db4724271456/compound/77ca7a83-da6b-4d95-8189-76a2cf4b03d7/structure/67e05bab-0aab-4323-89ef-617328a9fb62	1-naphthalenemethanol	1-naphthylacetamide	OCc1cccc2ccccc12	https://envipath.org/package/5882df9c-dae1-4d80-a40e-db4724271456/scenario/22a55076-7ccf-483f-b4c2-7d3f6d1fa14f	B.8.1.2.1.1, Fahrbach, M., (2009b)	no description				pH		&#176;C	17.89	mEq/100g		415.0	479.0	323.24		pF 2.5			Silt loam	26.4	4.46	9.14
https://envipath.org/package/5882df9c-dae1-4d80-a40e-db4724271456/compound/c8dd8052-1273-4d54-8848-1edc13bedb21/structure/84ebf8d3-5c09-457d-9ea9-88e5898a238c	2-(1-naphtyl)acetic acid (M1)	1-naphthylacetic acid (1-naphthalene acetic acid)	O=C(O)Cc1cccc2ccccc12																							
https://envipath.org/package/5882df9c-dae1-4d80-a40e-db4724271456/compound/a6003e9c-06c5-4616-88dd-ec47d220a491/structure/2ebdc6e6-52ab-4433-8be8-e5d2d0dad441	1-methylnaphthalene	1-naphthylacetic acid (1-naphthalene acetic acid)	Cc1cccc2ccccc12	https://envipath.org/package/5882df9c-dae1-4d80-a40e-db4724271456/scenario/ccde4971-3039-4c7c-a683-c157c61d170f	B.8.1.1.1.2, Fahrbach, M., (2009)	no description				pH		&#176;C	8.0	mEq/100g						pF 2.5			Sandy loam	60.8	29.8	9.4
https://envipath.org/package/5882df9c-dae1-4d80-a40e-db4724271456/compound/837880a7-3ca0-44bd-a8c0-cc33fc987f4c/structure/189b6054-d792-49d1-929f-6b7732b35aa2	CO2	1-naphthylacetic acid (1-naphthalene acetic acid)	O=C=O	https://envipath.org/package/5882df9c-dae1-4d80-a40e-db4724271456/scenario/b8957550-3a54-4729-a32a-3db4211e37fd	B.8.1.1.1.3, Shepler, K., (2006a)	no description				pH		&#176;C	5.5	mEq/100g						pF 2	75.0		Loamy sand	85.0	9.0	6.0
https://envipath.org/package/5882df9c-dae1-4d80-a40e-db4724271456/compound/77ca7a83-da6b-4d95-8189-76a2cf4b03d7/structure/67e05bab-0aab-4323-89ef-617328a9fb62	1-naphthalenemethanol	1-naphthylacetic acid (1-naphthalene acetic acid)	OCc1cccc2ccccc12	https://envipath.org/package/5882df9c-dae1-4d80-a40e-db4724271456/scenario/ccde4971-3039-4c7c-a683-c157c61d170f	B.8.1.1.1.2, Fahrbach, M., (2009)	no description				pH		&#176;C	8.0	mEq/100g						pF 2.5			Sandy loam	60.8	29.8	9.4
https://envipath.org/package/5882df9c-dae1-4d80-a40e-db4724271456/compound/b7857afc-ec78-46c6-9ba5-9bc98864f2d1/structure/a8a9ee96-37c4-4430-bc38-5bb4c821eae8	naphthaldehyde	1-naphthylacetic acid (1-naphthalene acetic acid)	O=Cc1cccc2ccccc12	https://envipath.org/package/5882df9c-dae1-4d80-a40e-db4724271456/scenario/ccde4971-3039-4c7c-a683-c157c61d170f	B.8.1.1.1.2, Fahrbach, M., (2009)	no description				pH		&#176;C	8.0	mEq/100g						pF 2.5			Sandy loam	60.8	29.8	9.4
https://envipath.org/package/5882df9c-dae1-4d80-a40e-db4724271456/compound/999a9b61-2f3e-40c7-a712-f6afbc166091/structure/47fae3bf-9055-4dc2-8471-1402c4b96e4d	2,4-Dichloroanisole	2,4-D	COc1ccc(Cl)cc1Cl																							
https://envipath.org/package/5882df9c-dae1-4d80-a40e-db4724271456/compound/837880a7-3ca0-44bd-a8c0-cc33fc987f4c/structure/189b6054-d792-49d1-929f-6b7732b35aa2	CO2	2,4-D	O=C=O	https://envipath.org/package/5882df9c-dae1-4d80-a40e-db4724271456/scenario/d609c455-c3a0-43fe-9247-a01abcfdf6cb	24D_Smith_1991_4	no description				pH													Sandy loam	65.0	25.0	10.0
https://envipath.org/package/5882df9c-dae1-4d80-a40e-db4724271456/compound/ec701df9-090a-48ba-a5f3-43e947ecebe7/structure/96e61292-fa9c-49f3-9c76-f09a0e62ca74	2,4-Dichlorophenol	2,4-D	Oc1ccc(Cl)cc1Cl																							
https://envipath.org/package/5882df9c-dae1-4d80-a40e-db4724271456/compound/837880a7-3ca0-44bd-a8c0-cc33fc987f4c/structure/189b6054-d792-49d1-929f-6b7732b35aa2	CO2	2,4-DB	O=C=O	https://envipath.org/package/5882df9c-dae1-4d80-a40e-db4724271456/scenario/33bf81f6-4ac2-4985-8e43-09ef9254f8c1	B.8.1.1.1.1.,Ridge M.A. (2000)	no description		Major		pH		&#176;C	20.3	mEq/100g		528.0	438.0			MWHC	45.0	MWHC	Sandy loam	55.0	35.0	10.0
https://envipath.org/package/5882df9c-dae1-4d80-a40e-db4724271456/compound/ee5d0899-a1ea-4a23-b974-b9b71be47759/structure/91ebf92d-4e42-4614-880b-f7a72049ad96	2,4-DB-OH	2,4-DB	O=C(O)CC(O)COc1ccc(Cl)cc1Cl	https://envipath.org/package/5882df9c-dae1-4d80-a40e-db4724271456/scenario/909f47a5-cae9-42e9-aaf9-91e1ab1c9162	B.8.1.1.1.1.,Ridge M.A. (2000)	no description		Minor		pH		&#176;C	41.6	mEq/100g		966.0	825.0			MWHC	45.0	MWHC	Clay loam	39.0	32.0	29.0
https://envipath.org/package/5882df9c-dae1-4d80-a40e-db4724271456/compound/837880a7-3ca0-44bd-a8c0-cc33fc987f4c/structure/189b6054-d792-49d1-929f-6b7732b35aa2	CO2	2-Phenylphenol	O=C=O																							
https://envipath.org/package/5882df9c-dae1-4d80-a40e-db4724271456/compound/2b0dc440-db9d-4178-a7cc-c5d2c810e774/structure/76c0334a-1ec8-45d8-b22d-d0171e2552b3	2-Phenylphenol	2-Phenylphenol	Oc1ccccc1-c1ccccc1																							
https://envipath.org/package/5882df9c-dae1-4d80-a40e-db4724271456/compound/837880a7-3ca0-44bd-a8c0-cc33fc987f4c/structure/189b6054-d792-49d1-929f-6b7732b35aa2	CO2	2-naphthyloxyacetic acid	O=C=O	https://envipath.org/package/5882df9c-dae1-4d80-a40e-db4724271456/scenario/f0f543b2-dcad-4ae7-b89d-eb51fa0a2728	B.8.1.2.1.3, Beltran, E., Adtrian, P., (2005)	no description				pH		&#176;C	19.61	mEq/100g						pF2			Clay	37.0	22.0	41.0
https://envipath.org/package/5882df9c-dae1-4d80-a40e-db4724271456/compound/837880a7-3ca0-44bd-a8c0-cc33fc987f4c/structure/189b6054-d792-49d1-929f-6b7732b35aa2	CO2	6-Benzyladenine	O=C=O	https://envipath.org/package/5882df9c-dae1-4d80-a40e-db4724271456/scenario/660e5cee-883b-40fc-bc7b-3ae5954819d2	ANNEX II 7.1.1; ANNEX IIIA 9.1.1, Mc Corquodale G., Coyle D.	no description				pH		&#176;C	30.2	mEq/100g		91200.0	53200.0			MWHC	50.0		Clay loam	4.56	2.58	2.86
https://envipath.org/package/5882df9c-dae1-4d80-a40e-db4724271456/compound/837880a7-3ca0-44bd-a8c0-cc33fc987f4c/structure/189b6054-d792-49d1-929f-6b7732b35aa2	CO2	8-hydroxyquinoline	O=C=O	https://envipath.org/package/5882df9c-dae1-4d80-a40e-db4724271456/scenario/83a02d48-8cdd-4543-9ea3-2d946ef3d96e	Annex II 7.1.1.1.1/01, Annex II 7.1.1.2.1/01;Hennecke,D.	no description				pH		&#176;C	9.9	mEq/100g		762.0	725.0			MWHC	40.0		Silty clay loam	8.4	46.2	45.4
https://envipath.org/package/5882df9c-dae1-4d80-a40e-db4724271456/compound/7ff0bc9f-ca9e-4fea-baf3-9d1d6aaed103/structure/af3efc82-8eed-42f3-afd1-12dc946fd5e5	Phthalic acid	Acequinocyl	O=C(O)c1ccccc1C(=O)O																							
https://envipath.org/package/5882df9c-dae1-4d80-a40e-db4724271456/compound/524ec287-ffe6-4925-874a-defd35171eec/structure/33d9e12b-566c-42f7-a4f2-3931114387c0	AKM-15	Acequinocyl	O=C(O)CCCCCC1=C(O)C(=O)c2ccccc2C1=O																							
https://envipath.org/package/5882df9c-dae1-4d80-a40e-db4724271456/compound/e1de7fbd-9bb8-469e-a2d0-0f605da830e8/structure/9792b151-bf22-49f1-968f-6276321034d5	AKM-13	Acequinocyl	O=C(O)CC1=C(O)C(=O)c2ccccc2C1=O																							
https://envipath.org/package/5882df9c-dae1-4d80-a40e-db4724271456/compound/256bb4c8-92a7-4529-a058-e8dcfb0e8441/structure/d7c0e2f8-1f61-4331-9fdb-d943bad043d8	AKM-14	Acequinocyl	O=C(O)CCCC1=C(O)C(=O)c2ccccc2C1=O																							
https://envipath.org/package/5882df9c-dae1-4d80-a40e-db4724271456/compound/837880a7-3ca0-44bd-a8c0-cc33fc987f4c/structure/189b6054-d792-49d1-929f-6b7732b35aa2	CO2	Acequinocyl	O=C=O	https://envipath.org/package/5882df9c-dae1-4d80-a40e-db4724271456/scenario/e99f3eeb-7189-4a54-b912-012661d41166	Girkin, R. (1997)	no description				pH		&#176;C	6.1	mEq/100g		223.07	126.23			MWHC	40.0		Sandy loam	2.03	4.75	3.22
https://envipath.org/package/5882df9c-dae1-4d80-a40e-db4724271456/compound/942db384-dd1f-45ad-a3ae-5ca2a78d2a5b/structure/6c041e12-2371-4f06-9dd3-3907c5072a46	CBAA	Acequinocyl	O=C(O)C(=O)c1ccccc1C(=O)O																							
https://envipath.org/package/5882df9c-dae1-4d80-a40e-db4724271456/compound/bff4dbfd-d9ef-47bc-954e-eb6088f02ac3/structure/b1fb0bdf-0916-4e27-ad9c-67744012365c	IM-1-3	Acetamiprid	CC(=O)N(C)Cc1ccc(Cl)nc1	https://envipath.org/package/5882df9c-dae1-4d80-a40e-db4724271456/scenario/dec4ac55-e334-47bc-9ee4-b37b02ba3e7e	7.1.1.1/03, Burr. C.M. (1997)	no description		Minor		pH		&#176;C	14.5	mEq/100g		461.0	180.0			MWHC	45.0	MWHC	Clay loam	23.7	52.7	23.7
https://envipath.org/package/5882df9c-dae1-4d80-a40e-db4724271456/compound/837880a7-3ca0-44bd-a8c0-cc33fc987f4c/structure/189b6054-d792-49d1-929f-6b7732b35aa2	CO2	Acetamiprid	O=C=O	https://envipath.org/package/5882df9c-dae1-4d80-a40e-db4724271456/scenario/fd1a25a6-846f-4f0f-a2b1-57b2efa7de72	7.1.1.1/03, Burr. C.M. (1997)	no description				pH		&#176;C	14.5	mEq/100g		461.0	180.0			MWHC	45.0	MWHC	Clay loam	23.7	52.7	23.7
https://envipath.org/package/5882df9c-dae1-4d80-a40e-db4724271456/compound/837880a7-3ca0-44bd-a8c0-cc33fc987f4c/structure/189b6054-d792-49d1-929f-6b7732b35aa2	CO2	Acetic acid	O=C=O	https://envipath.org/package/5882df9c-dae1-4d80-a40e-db4724271456/scenario/89c569f0-0de9-47ec-80a1-54cf0530258f	Nowak, Nowak, 1990	no description				pH		&#176;C							 	MWHC, 33kPa	60.0		Loamy sand	74.0	11.0	15.0
https://envipath.org/package/5882df9c-dae1-4d80-a40e-db4724271456/compound/b3d0034b-ec66-44dd-a427-2cab50be459c/structure/f7522fa6-a148-4a72-ab6a-ddeaef2c0437	s-amide methyl sulfone (10)	Acetochlor	CCc1cccc(C)c1NC(=O)CS(C)(=O)=O	https://envipath.org/package/5882df9c-dae1-4d80-a40e-db4724271456/scenario/9f324a98-5bb2-47aa-9d6d-f7ad94e7956f	Annex II A 7.1.1.1.1/04, Campbell, Hamilton	no description				pH		&#176;C	10.4	mEq/100g									Silt loam	4.6	84.2	10.0
https://envipath.org/package/5882df9c-dae1-4d80-a40e-db4724271456/compound/450d2680-084c-4a4e-b161-f068c9ba1055/structure/2033b39d-64a2-41a8-a929-81b04be40f38	1-ethoxymethyl-5,9-dimethyl-4,1-benzoxazepine-2,3 (1H,5H)-dione (20)	Acetochlor	CCOCN1C(=O)C(=O)OC(C)c2cccc(C)c21	https://envipath.org/package/5882df9c-dae1-4d80-a40e-db4724271456/scenario/9f324a98-5bb2-47aa-9d6d-f7ad94e7956f	Annex II A 7.1.1.1.1/04, Campbell, Hamilton	no description				pH		&#176;C	10.4	mEq/100g									Silt loam	4.6	84.2	10.0
https://envipath.org/package/5882df9c-dae1-4d80-a40e-db4724271456/compound/4423e837-8ffe-4abb-a5e0-dec8f16402bd/structure/ab0db518-794e-449b-90a4-7953a167d444	s-oxanilic acid (12)	Acetochlor	CCc1cccc(C)c1NC(=O)C(=O)O	https://envipath.org/package/5882df9c-dae1-4d80-a40e-db4724271456/scenario/9f324a98-5bb2-47aa-9d6d-f7ad94e7956f	Annex II A 7.1.1.1.1/04, Campbell, Hamilton	no description				pH		&#176;C	10.4	mEq/100g									Silt loam	4.6	84.2	10.0
https://envipath.org/package/5882df9c-dae1-4d80-a40e-db4724271456/compound/837880a7-3ca0-44bd-a8c0-cc33fc987f4c/structure/189b6054-d792-49d1-929f-6b7732b35aa2	CO2	Acetochlor	O=C=O	https://envipath.org/package/5882df9c-dae1-4d80-a40e-db4724271456/scenario/9f324a98-5bb2-47aa-9d6d-f7ad94e7956f	Annex II A 7.1.1.1.1/04, Campbell, Hamilton	no description				pH		&#176;C	10.4	mEq/100g									Silt loam	4.6	84.2	10.0
https://envipath.org/package/5882df9c-dae1-4d80-a40e-db4724271456/compound/70f466f0-4352-4aa6-a4ce-2f671786a7e2/structure/9902dd2f-37c3-41b2-a94f-d5f0480ed991	t-amide methyl sulfoxide (15)	Acetochlor	CCOCN(C(=O)CS(C)=O)c1c(C)cccc1CC	https://envipath.org/package/5882df9c-dae1-4d80-a40e-db4724271456/scenario/9f324a98-5bb2-47aa-9d6d-f7ad94e7956f	Annex II A 7.1.1.1.1/04, Campbell, Hamilton	no description				pH		&#176;C	10.4	mEq/100g									Silt loam	4.6	84.2	10.0
https://envipath.org/package/5882df9c-dae1-4d80-a40e-db4724271456/compound/09732657-db64-4b3a-8e4a-4956ccea89da/structure/738a3142-45d2-435f-9909-69b688b8f65e	N-(2-ethyl-6-methylphenyl)-acetamide (9)	Acetochlor	CCc1cccc(C)c1NC(C)=O	https://envipath.org/package/5882df9c-dae1-4d80-a40e-db4724271456/scenario/9f324a98-5bb2-47aa-9d6d-f7ad94e7956f	Annex II A 7.1.1.1.1/04, Campbell, Hamilton	no description				pH		&#176;C	10.4	mEq/100g									Silt loam	4.6	84.2	10.0
https://envipath.org/package/5882df9c-dae1-4d80-a40e-db4724271456/compound/59c00a00-47bd-4e57-90c3-91b03ad0d634/structure/c7b20774-bc24-4196-bb4d-4b516b7b959c	Metabolite 4	Acetochlor	CCOCN(C(=O)CSCC(=O)O)c1c(C)cccc1CC																							
https://envipath.org/package/5882df9c-dae1-4d80-a40e-db4724271456/compound/60a1807c-b920-4eaf-b063-8fa16c5ead1e/structure/09405055-b77d-4b84-9a0d-7221751ff4ee	Acetochlor-Thiol	Acetochlor	CCOCN(C(=O)CS)c1c(C)cccc1CC	https://envipath.org/package/5882df9c-dae1-4d80-a40e-db4724271456/scenario/c2afcc85-0c69-4590-ade2-7e389cdf5e10	scenario 97	no description		Minor																		
https://envipath.org/package/5882df9c-dae1-4d80-a40e-db4724271456/compound/f1c31fb6-dd38-460f-8fdd-092a0d544ea4/structure/4b6b29d9-0940-416e-a8a9-a5e11ef40956	t-hydroxy acetochlor (17)	Acetochlor	CCOCN(C(=O)CO)c1c(C)cccc1CC	https://envipath.org/package/5882df9c-dae1-4d80-a40e-db4724271456/scenario/9f324a98-5bb2-47aa-9d6d-f7ad94e7956f	Annex II A 7.1.1.1.1/04, Campbell, Hamilton	no description				pH		&#176;C	10.4	mEq/100g									Silt loam	4.6	84.2	10.0
https://envipath.org/package/5882df9c-dae1-4d80-a40e-db4724271456/compound/986a42d8-00b0-4f56-b8a3-e748eb80eba1/structure/278f03f6-90b9-42b3-8cda-352e27c67cdf	2-oxo-N-ethoxymethyl-N-(2-ethyl-6-methylphenyl)acetamide (18)	Acetochlor	CCOCN(C(=O)C=O)c1c(C)cccc1CC	https://envipath.org/package/5882df9c-dae1-4d80-a40e-db4724271456/scenario/9f324a98-5bb2-47aa-9d6d-f7ad94e7956f	Annex II A 7.1.1.1.1/04, Campbell, Hamilton	no description				pH		&#176;C	10.4	mEq/100g									Silt loam	4.6	84.2	10.0
https://envipath.org/package/5882df9c-dae1-4d80-a40e-db4724271456/compound/b37f6f5f-efac-4bc2-9531-9b95dd4adee9/structure/6bc7888a-240e-49b9-a50e-dfbc42ec8aa9	Acetochlor-cysgly	Acetochlor	CCOCN(C(=O)CSSCC(N)C(=O)NCC(=O)O)c1c(C)cccc1CC																							
https://envipath.org/package/5882df9c-dae1-4d80-a40e-db4724271456/compound/937de63e-ce9b-4eb2-a93b-90ae0b5c4bb0/structure/e3c2bf17-4061-409f-96e9-b502ad96c24d	Acetochlor-cys	Acetochlor	CCOCN(C(=O)CSSCC(N)C(=O)O)c1c(C)cccc1CC	https://envipath.org/package/5882df9c-dae1-4d80-a40e-db4724271456/scenario/a0f9469c-ea28-4f42-b941-fc448e226929	scenario 98	no description		Minor																		
https://envipath.org/package/5882df9c-dae1-4d80-a40e-db4724271456/compound/ae91c120-0777-4d2e-b4a0-aede34a7c212/structure/a8e6626f-86d1-4a76-8797-db9000b24817	t- amid methyl sulfone (16)	Acetochlor	CCOCN(C(=O)CS(C)(=O)=O)c1c(C)cccc1CC	https://envipath.org/package/5882df9c-dae1-4d80-a40e-db4724271456/scenario/9f324a98-5bb2-47aa-9d6d-f7ad94e7956f	Annex II A 7.1.1.1.1/04, Campbell, Hamilton	no description				pH		&#176;C	10.4	mEq/100g									Silt loam	4.6	84.2	10.0
https://envipath.org/package/5882df9c-dae1-4d80-a40e-db4724271456/compound/b3d2274b-f418-4d88-b615-94f6ba68aa4b/structure/2e17baf4-a2ab-4474-bc05-22617860e4c0	t-amide methyl sulfide (14)	Acetochlor	CCOCN(C(=O)CSC)c1c(C)cccc1CC	https://envipath.org/package/5882df9c-dae1-4d80-a40e-db4724271456/scenario/9f324a98-5bb2-47aa-9d6d-f7ad94e7956f	Annex II A 7.1.1.1.1/04, Campbell, Hamilton	no description				pH		&#176;C	10.4	mEq/100g									Silt loam	4.6	84.2	10.0
https://envipath.org/package/5882df9c-dae1-4d80-a40e-db4724271456/compound/143498a4-45cb-4d49-b63e-73afc1701dda/structure/5ea746e6-54bf-4a43-a009-3d25633efb53	2-hydroxy-N-(2-ethyl-6-methyl phenyl) acetamide (11)	Acetochlor	CCc1cccc(C)c1NC(=O)CO	https://envipath.org/package/5882df9c-dae1-4d80-a40e-db4724271456/scenario/9f324a98-5bb2-47aa-9d6d-f7ad94e7956f	Annex II A 7.1.1.1.1/04, Campbell, Hamilton	no description				pH		&#176;C	10.4	mEq/100g									Silt loam	4.6	84.2	10.0
https://envipath.org/package/5882df9c-dae1-4d80-a40e-db4724271456/compound/df9a7be8-6e85-4ef2-bd7b-32936ee874fc/structure/c70dbf2f-e7d7-4bee-b153-8eeaba8f88c3	SYN546642	Acibenzolar-S-Methyl	O=C(O)c1c(O)ccc2nnsc12																							
https://envipath.org/package/5882df9c-dae1-4d80-a40e-db4724271456/compound/837880a7-3ca0-44bd-a8c0-cc33fc987f4c/structure/189b6054-d792-49d1-929f-6b7732b35aa2	CO2	Acibenzolar-S-Methyl	O=C=O	https://envipath.org/package/5882df9c-dae1-4d80-a40e-db4724271456/scenario/17dce47a-8978-4b4f-9fa4-b54fa96fe19a	Annex IIA 7.1.1/01, Miner	no description				pH		&#176;C	8.6	mEq/100g		260.1	233.1			moisture @ 0.1 bar			Silt loam	34.0	55.0	11.0
https://envipath.org/package/5882df9c-dae1-4d80-a40e-db4724271456/compound/837880a7-3ca0-44bd-a8c0-cc33fc987f4c/structure/189b6054-d792-49d1-929f-6b7732b35aa2	CO2	Aclonifen	O=C=O	https://envipath.org/package/5882df9c-dae1-4d80-a40e-db4724271456/scenario/9a8b6599-a375-45ac-955a-4340b6943e03	IIA 7.1.1.1.1/03, IIA 7.1.1.1.2.1/01, IIA 7.1.1.2.1.1/03, Schlueter	no description				pH		&#176;C				34.51	34.51			MWHC	40.0		Sandy loam	71.0	11.0	19.0
https://envipath.org/package/5882df9c-dae1-4d80-a40e-db4724271456/compound/a5c508d1-bb7a-4fb7-a2fa-f8d5d9cfa576/structure/99565a5b-867f-4b4d-afc9-ce3b3cdb241a	RPA 508285	Aclonifen	Nc1c([N+](=O)[O-])ccc(O)c1Cl																							
https://envipath.org/package/5882df9c-dae1-4d80-a40e-db4724271456/compound/82c8cc5d-b5a3-4150-ab27-98c7e57b1f1e/structure/45d68b7f-9d17-46c3-b2c6-9b5e15b04f41	RPA 407074	Aclonifen	Nc1c([N+](=O)[O-])ccc(Oc2ccc(O)cc2)c1Cl	https://envipath.org/package/5882df9c-dae1-4d80-a40e-db4724271456/scenario/4a260ce6-e2a8-4f24-a109-d88571343085	IIA 7.1.1.2.1.1/01, IIA 7.1.1.2.1/01 Schanne	no description				pH		&#176;C	4.5	mEq/100g		298.0	176.0			FC	60.0		Loamy sand	82.9	11.7	5.4
https://envipath.org/package/5882df9c-dae1-4d80-a40e-db4724271456/compound/06e49c85-506c-4765-937c-4c78cf335b8d/structure/1ed72183-4e26-4aaa-a143-77f45ff45f41	RPA 407291	Aclonifen	Nc1ccc(Oc2ccccc2)c(Cl)c1N																							
https://envipath.org/package/5882df9c-dae1-4d80-a40e-db4724271456/compound/3f05b948-9090-44f6-aa78-612a76cc8962/structure/a610c42b-6ae6-4f52-8744-daaa12a15229	RPA 407288	Aclonifen	Nc1ccc(O)c(Cl)c1N																							
https://envipath.org/package/5882df9c-dae1-4d80-a40e-db4724271456/compound/971dde96-4136-4e71-a986-5334007766b7/structure/70e8102c-ac55-4533-9181-57ea85cca6d4	Phenol (CGA 73330)	Aclonifen	Oc1ccccc1																							
https://envipath.org/package/5882df9c-dae1-4d80-a40e-db4724271456/compound/33365a7e-24d4-4212-ad80-7b9a92572df5/structure/800173db-0c38-42dd-8843-7298828016b0	[hydroxyphenols]	Aclonifen	Oc1ccc(O)cc1																							
https://envipath.org/package/5882df9c-dae1-4d80-a40e-db4724271456/compound/2fc78d4a-7958-4af5-87d4-bcc2f9b6c9ab/structure/f8bb3b76-d463-49b5-b7de-7c5783f98e0c	3-PBAc	Acrinathrin	O=C(O)c1cccc(Oc2ccccc2)c1	https://envipath.org/package/5882df9c-dae1-4d80-a40e-db4724271456/scenario/c8c41696-d5e2-4965-a174-5113a0dbd71b	Diehl, 2002	no description				pH		&#176;C	19.37	mEq/100g		477.0	409.0			MWHC, pF1	40.0		Silt loam	22.4	51.2	26.4
https://envipath.org/package/5882df9c-dae1-4d80-a40e-db4724271456/compound/a0998038-92a8-4983-a932-84c66e4e66d3/structure/c3b8a022-88fd-4b00-85c3-3b15d3087f63	DP-A	Acrinathrin	CC1(C)C(C=CC(=O)O)C1C(=O)OC(C#N)c1cccc(Oc2ccccc2)c1	https://envipath.org/package/5882df9c-dae1-4d80-a40e-db4724271456/scenario/c8c41696-d5e2-4965-a174-5113a0dbd71b	Diehl, 2002	no description				pH		&#176;C	19.37	mEq/100g		477.0	409.0			MWHC, pF1	40.0		Silt loam	22.4	51.2	26.4
https://envipath.org/package/5882df9c-dae1-4d80-a40e-db4724271456/compound/837880a7-3ca0-44bd-a8c0-cc33fc987f4c/structure/189b6054-d792-49d1-929f-6b7732b35aa2	CO2	Acrinathrin	O=C=O	https://envipath.org/package/5882df9c-dae1-4d80-a40e-db4724271456/scenario/c8c41696-d5e2-4965-a174-5113a0dbd71b	Diehl, 2002	no description				pH		&#176;C	19.37	mEq/100g		477.0	409.0			MWHC, pF1	40.0		Silt loam	22.4	51.2	26.4
https://envipath.org/package/5882df9c-dae1-4d80-a40e-db4724271456/compound/8ea43c04-946b-48f6-8678-9c09b7cf0a69/structure/22bcebea-dd42-451e-9fc9-564a97bf4beb	Met.E, U4 (AE 1569309)	Amidosulfuron	COc1nc(NC(=O)NS(=O)(=O)N(C)S(C)(=O)=O)nc(OC)c1O	https://envipath.org/package/5882df9c-dae1-4d80-a40e-db4724271456/scenario/1e5dfd07-ada5-4516-a2e9-b8b2c950393f	B.8.1.1.1, Till, C.P. (1989)	no description				pH		&#176;C	5.31	mEq/100g					 	MWHC	40.0		Sandy loam	58.6	31.9	9.5
https://envipath.org/package/5882df9c-dae1-4d80-a40e-db4724271456/compound/1bf95fde-4fe8-44bb-aef0-1c4e92a6f8bd/structure/3d1a111d-dbaf-4bcb-8003-24b332cd31a8	AE F094206	Amidosulfuron	Nc1nc(O)cc(O)n1	https://envipath.org/package/5882df9c-dae1-4d80-a40e-db4724271456/scenario/57585fd5-f993-494c-9921-f3b431e92959	B.8.1.1.1, Dorn, R., (2001)	no description				pH		&#176;C	8.0	mEq/100g		464.0	283.0			MWHC	38.0		Loamy sand	3.94	6.72	9.34
https://envipath.org/package/5882df9c-dae1-4d80-a40e-db4724271456/compound/837880a7-3ca0-44bd-a8c0-cc33fc987f4c/structure/189b6054-d792-49d1-929f-6b7732b35aa2	CO2	Amidosulfuron	O=C=O	https://envipath.org/package/5882df9c-dae1-4d80-a40e-db4724271456/scenario/273cabb8-a194-4a3a-9804-6a580ef28dda	B.8.1.2.1, Gildemeister, H. (1993a)	no description				pH		&#176;C	5.79	mEq/100g					 	MWHC	40.0		Sandy loam	52.7	36.5	10.8
https://envipath.org/package/5882df9c-dae1-4d80-a40e-db4724271456/compound/837880a7-3ca0-44bd-a8c0-cc33fc987f4c/structure/189b6054-d792-49d1-929f-6b7732b35aa2	CO2	Aminopyralid	O=C=O	https://envipath.org/package/5882df9c-dae1-4d80-a40e-db4724271456/scenario/5d35f20b-7090-4db7-82a9-cdb6101d9254	Yoder, R.N. and Smith, K.P., (2003a)	no description				pH		&#176;C	6.8	mEq/100g		111.4	39.5			MHC	40.0		Sand	91.0	6.0	3.0
https://envipath.org/package/5882df9c-dae1-4d80-a40e-db4724271456/compound/ed004f3f-5dca-4b2c-8067-6c353658bf03/structure/0f6b6584-c0de-4503-87db-a5d27c1b0888	IT-5	Amisulbrom	O=S(=O)(c1nc[nH]n1)n1c(CO)c(Br)c2ccc(F)cc21	https://envipath.org/package/5882df9c-dae1-4d80-a40e-db4724271456/scenario/32583d9a-b190-497c-83d9-37969a6e77a4	Crowe, A. (2004d)	no description				pH		&#176;C	21.5	mEq/100g		736.0	737.0			pF 2			Sandy loam	65.7	19.0	15.3
https://envipath.org/package/5882df9c-dae1-4d80-a40e-db4724271456/compound/b47b94dc-b5df-445f-89b9-413865c64f4b/structure/90d7fa19-bf70-4a78-8205-936a14c73707	IT-3	Amisulbrom	CN(C)S(=O)(=O)n1cnc(S(=O)(=O)n2c(CO)c(Br)c3cc(O)c(F)cc32)n1	https://envipath.org/package/5882df9c-dae1-4d80-a40e-db4724271456/scenario/32583d9a-b190-497c-83d9-37969a6e77a4	Crowe, A. (2004d)	no description				pH		&#176;C	21.5	mEq/100g		736.0	737.0			pF 2			Sandy loam	65.7	19.0	15.3
https://envipath.org/package/5882df9c-dae1-4d80-a40e-db4724271456/compound/282b8764-4bd0-4b1a-88ee-35d1af88f762/structure/af720a60-2a98-471f-b0f0-61706b6bd6f7	IT-2	Amisulbrom	CN(C)S(=O)(=O)n1cnc(S(=O)(=O)n2c(CO)c(Br)c3ccc(F)cc32)n1	https://envipath.org/package/5882df9c-dae1-4d80-a40e-db4724271456/scenario/32583d9a-b190-497c-83d9-37969a6e77a4	Crowe, A. (2004d)	no description				pH		&#176;C	21.5	mEq/100g		736.0	737.0			pF 2			Sandy loam	65.7	19.0	15.3
https://envipath.org/package/5882df9c-dae1-4d80-a40e-db4724271456/compound/837880a7-3ca0-44bd-a8c0-cc33fc987f4c/structure/189b6054-d792-49d1-929f-6b7732b35aa2	CO2	Amisulbrom	O=C=O	https://envipath.org/package/5882df9c-dae1-4d80-a40e-db4724271456/scenario/32583d9a-b190-497c-83d9-37969a6e77a4	Crowe, A. (2004d)	no description				pH		&#176;C	21.5	mEq/100g		736.0	737.0			pF 2			Sandy loam	65.7	19.0	15.3
https://envipath.org/package/5882df9c-dae1-4d80-a40e-db4724271456/compound/40f10de6-c4c9-46f0-94e4-fa020faeea51/structure/0c5b8880-d5bc-450b-8df4-4e9b46798eb8	IT-14	Amisulbrom	Cc1c(Br)c2ccc(F)cc2n1S(=O)(=O)c1ncn(C)n1	https://envipath.org/package/5882df9c-dae1-4d80-a40e-db4724271456/scenario/32583d9a-b190-497c-83d9-37969a6e77a4	Crowe, A. (2004d)	no description				pH		&#176;C	21.5	mEq/100g		736.0	737.0			pF 2			Sandy loam	65.7	19.0	15.3
https://envipath.org/package/5882df9c-dae1-4d80-a40e-db4724271456/compound/d086af97-2b03-4c10-9cb7-83aa60e742d7/structure/a365c056-0d94-4063-8114-202cf84d6f83	IT-9	Amisulbrom	CN(C)S(=O)(=O)n1cnc(S(=O)(=O)Nc2cc(F)ccc2C(=O)O)n1	https://envipath.org/package/5882df9c-dae1-4d80-a40e-db4724271456/scenario/32583d9a-b190-497c-83d9-37969a6e77a4	Crowe, A. (2004d)	no description				pH		&#176;C	21.5	mEq/100g		736.0	737.0			pF 2			Sandy loam	65.7	19.0	15.3
https://envipath.org/package/5882df9c-dae1-4d80-a40e-db4724271456/compound/8c3debaf-aa15-436f-93f1-1f8710fe17f8/structure/280ad51e-148f-420f-8bfe-879539142213	IT-11	Amisulbrom	CN(C)S(=O)(=O)n1cnc(S(=O)(=O)N2c3cc(F)ccc3C(=O)C2(C)O)n1	https://envipath.org/package/5882df9c-dae1-4d80-a40e-db4724271456/scenario/32583d9a-b190-497c-83d9-37969a6e77a4	Crowe, A. (2004d)	no description				pH		&#176;C	21.5	mEq/100g		736.0	737.0			pF 2			Sandy loam	65.7	19.0	15.3
https://envipath.org/package/5882df9c-dae1-4d80-a40e-db4724271456/compound/837880a7-3ca0-44bd-a8c0-cc33fc987f4c/structure/189b6054-d792-49d1-929f-6b7732b35aa2	CO2	Amitrole	O=C=O	https://envipath.org/package/5882df9c-dae1-4d80-a40e-db4724271456/scenario/0cf73577-d610-460d-91da-f29095075538	Hall, B.E., (1994)	no description				pH		&#176;C	2.25	mEq/100g						0.33 bar	75.0		Sand	7.81	9.16	3.02
https://envipath.org/package/5882df9c-dae1-4d80-a40e-db4724271456/compound/9d29b92b-3bcc-49f4-b535-c52d4907ef02/structure/7069f245-1464-4b17-8e28-d13094670984	5-Hydroxyamitrole	Amitrole	Nc1n[nH]c(O)n1																							
https://envipath.org/package/5882df9c-dae1-4d80-a40e-db4724271456/compound/8afad709-fb0f-4905-be05-00944f9f185f/structure/00bc4e95-0e6e-4f9a-b4a3-97c322f761d3	Cyanamide	Amitrole	N#CN																							
https://envipath.org/package/5882df9c-dae1-4d80-a40e-db4724271456/compound/b0dc3512-5b76-4570-85fd-74517b0dca39/structure/d571a6aa-ae16-465a-94aa-9896904b645a	Aminoguanidine bicarbonate	Amitrole	N=C(N)NN.O=C(O)O																							
https://envipath.org/package/5882df9c-dae1-4d80-a40e-db4724271456/compound/4cbfddab-2551-420e-b8b6-289bb491e7b4/structure/6ce02680-c09e-4aa0-866d-d6a740f4a5ba	Hydrazine	Amitrole	NN																							
https://envipath.org/package/5882df9c-dae1-4d80-a40e-db4724271456/compound/a4a8116a-0fc4-4ad8-b192-1387a253bac6/structure/e15c4bfb-3069-4df2-9391-e66e78ff3a2e	Urea	Amitrole	NC(N)=O																							
https://envipath.org/package/5882df9c-dae1-4d80-a40e-db4724271456/compound/f4583a7f-9018-45bc-9a9c-545a7e4bc025/structure/d44f9306-4946-4e0f-9760-51d9917284ee	N2	Amitrole	N#N																							
https://envipath.org/package/5882df9c-dae1-4d80-a40e-db4724271456/compound/27a89bdf-42f7-478f-91d8-e39881581096/structure/47b41ca7-f8c0-431d-9b3e-964e389db10b	Ammonium	Amitrole	[NH4+]																							
https://envipath.org/package/5882df9c-dae1-4d80-a40e-db4724271456/compound/f6a91237-2ad3-4308-8050-239eb6e555e0/structure/8bdd4a60-b28f-4024-ac84-e065f880eef9	Urazole	Amitrole	Oc1n[nH]c(O)n1																							
https://envipath.org/package/5882df9c-dae1-4d80-a40e-db4724271456/compound/837880a7-3ca0-44bd-a8c0-cc33fc987f4c/structure/189b6054-d792-49d1-929f-6b7732b35aa2	CO2	Asulam	O=C=O	https://envipath.org/package/5882df9c-dae1-4d80-a40e-db4724271456/scenario/43f4e777-6423-4616-b25e-9e50292e168b	Yeomans, 2000a, Yeomans and Swales, 2003a, Hardy and Patel, 2006a	no description				pH		&#176;C	9.8	mEq/100g		126.3	348.3			WHC at pF 0	45.0		Sandy loam	75.0	12.0	13.0
https://envipath.org/package/5882df9c-dae1-4d80-a40e-db4724271456/compound/a73bf127-9a08-4de6-bfbe-7ef1d0ef22c0/structure/bf395af0-6527-42b1-9a2d-962aebff45dc	Sulfanilic acid	Asulam	Nc1ccc(S(=O)(=O)[O-])cc1	https://envipath.org/package/5882df9c-dae1-4d80-a40e-db4724271456/scenario/43f4e777-6423-4616-b25e-9e50292e168b	Yeomans, 2000a, Yeomans and Swales, 2003a, Hardy and Patel, 2006a	no description				pH		&#176;C	9.8	mEq/100g		126.3	348.3			WHC at pF 0	45.0		Sandy loam	75.0	12.0	13.0
https://envipath.org/package/5882df9c-dae1-4d80-a40e-db4724271456/compound/75dccea0-44df-4858-9880-b2e2895be7ee/structure/5d0d88d8-b2c9-477b-ac79-9f9492fcd56a	Benzenesulfonic acid	Asulam	O=S(=O)(O)c1ccccc1																							
https://envipath.org/package/5882df9c-dae1-4d80-a40e-db4724271456/compound/44caa8fc-148b-47bc-81b8-541017eb3624/structure/f9dfe409-0246-42d6-8972-f2429182f018	Acetyl asulam	Asulam	COC(=O)NS(=O)(=O)c1ccc(NC(C)=O)cc1	https://envipath.org/package/5882df9c-dae1-4d80-a40e-db4724271456/scenario/43f4e777-6423-4616-b25e-9e50292e168b	Yeomans, 2000a, Yeomans and Swales, 2003a, Hardy and Patel, 2006a	no description				pH		&#176;C	9.8	mEq/100g		126.3	348.3			WHC at pF 0	45.0		Sandy loam	75.0	12.0	13.0
https://envipath.org/package/5882df9c-dae1-4d80-a40e-db4724271456/compound/ef814d4e-dd98-4bea-bb38-1b4713a3e578/structure/b1a1e1d1-dc6d-4e14-b651-4eb55767b42f	Acetylsulfanilamide	Asulam	CC(=O)Nc1ccc(S(N)(=O)=O)cc1	https://envipath.org/package/5882df9c-dae1-4d80-a40e-db4724271456/scenario/43f4e777-6423-4616-b25e-9e50292e168b	Yeomans, 2000a, Yeomans and Swales, 2003a, Hardy and Patel, 2006a	no description				pH		&#176;C	9.8	mEq/100g		126.3	348.3			WHC at pF 0	45.0		Sandy loam	75.0	12.0	13.0
https://envipath.org/package/5882df9c-dae1-4d80-a40e-db4724271456/compound/d8ff2b54-7927-4b80-a685-0aa3109d168b/structure/16facea9-05a5-4de0-a9c3-64d5d0f29ebc	Benzenesulfonamide	Asulam	NS(=O)(=O)c1ccccc1																							
https://envipath.org/package/5882df9c-dae1-4d80-a40e-db4724271456/compound/e51108b3-403b-4263-81e2-d138f6f9cdbf/structure/84b1ccd1-b6dd-444e-9952-5d2e813dcd69	Methylphenylsulfonylcarbamate	Asulam	COC(=O)NS(=O)(=O)c1ccccc1																							
https://envipath.org/package/5882df9c-dae1-4d80-a40e-db4724271456/compound/837880a7-3ca0-44bd-a8c0-cc33fc987f4c/structure/189b6054-d792-49d1-929f-6b7732b35aa2	CO2	Avermectin B1a	O=C=O	https://envipath.org/package/5882df9c-dae1-4d80-a40e-db4724271456/scenario/9f59baa4-8729-4fbb-a382-348f2b14c9cd	Ku, C.C. & Jacob, T.A. (1983a)	no description				pH			9.3	mEq/100g						FC	75.0		Sandy loam			
https://envipath.org/package/5882df9c-dae1-4d80-a40e-db4724271456/compound/244f5f82-1138-4e24-af48-fb6b406096bc/structure/86a362ac-d22c-4efc-9000-cea0f9309813	Aldehyde form of 8a-hydroxy avermectin B1a	Avermectin B1a	CC[C](C)[C]1OC2(C=C[C]1C)C[C]1C[C](CC=C(C)[C](OC3C[C](OC)[C](OC4C[C](OC)[C](O)[C](C)O4)[C](C)O3)[C](C)C=CC=C(C=O)C3(O)[C](CC(C)C(O)C3O)C(=O)O1)O2																							
https://envipath.org/package/5882df9c-dae1-4d80-a40e-db4724271456/compound/e7a3b162-7aa2-429e-838a-0273c96035f1/structure/fb84fa8b-e2fe-48a8-900e-7043b93f431c	Azadirachtinin	Azadirachtin 	CC=C(C)C(=O)OC1CC(OC(C)=O)C2(C(=O)OC)COC3C2C12COC(O)(C(=O)OC)C2C1(C)C3OC2(C)C3CC(OC4OC=CC43O)C21O	https://envipath.org/package/5882df9c-dae1-4d80-a40e-db4724271456/scenario/a7c49cee-39ed-4385-9375-b5629ca63fde	Annex IIA 7.1.1/01, Kleeberg, H.	no description				pH		&#176;C	4.0	mEq/100g		72.0	38.0			MWHC	40.0		Sand	89.2	9.9	1.8
https://envipath.org/package/5882df9c-dae1-4d80-a40e-db4724271456/compound/d1b95a1b-0b21-4bf7-95c4-826ea47bc714/structure/30bf9a10-6947-4791-be69-4656ef731619	3-Deacetyl-azadirachtinA 	Azadirachtin 	CC=C(C)C(=O)OC1CC(O)C2(C(=O)OC)COC3C(O)C(C)(C(C)C)C4C(O)(C(=O)OC)OCC14C32	https://envipath.org/package/5882df9c-dae1-4d80-a40e-db4724271456/scenario/a7c49cee-39ed-4385-9375-b5629ca63fde	Annex IIA 7.1.1/01, Kleeberg, H.	no description				pH		&#176;C	4.0	mEq/100g		72.0	38.0			MWHC	40.0		Sand	89.2	9.9	1.8
https://envipath.org/package/5882df9c-dae1-4d80-a40e-db4724271456/compound/33aaad51-dc7c-489a-8f7b-01a7791f6bdc/structure/cb175b81-8703-4260-9a7e-55a07f9b605d	3-Deacetyl-azadirachtinin	Azadirachtin 	C.CC=C(C)C(=O)OC1CC(O)C2(C(=O)OC)COC3C2C12COC(O)(C(=O)OC)C2C1(C)C3OC2(C)C3CC(OC4OC=CC43O)C21O	https://envipath.org/package/5882df9c-dae1-4d80-a40e-db4724271456/scenario/a7c49cee-39ed-4385-9375-b5629ca63fde	Annex IIA 7.1.1/01, Kleeberg, H.	no description				pH		&#176;C	4.0	mEq/100g		72.0	38.0			MWHC	40.0		Sand	89.2	9.9	1.8
https://envipath.org/package/5882df9c-dae1-4d80-a40e-db4724271456/compound/837880a7-3ca0-44bd-a8c0-cc33fc987f4c/structure/189b6054-d792-49d1-929f-6b7732b35aa2	CO2	Azimsulfuron	O=C=O	https://envipath.org/package/5882df9c-dae1-4d80-a40e-db4724271456/scenario/7a198929-048d-48b9-855b-09f46be56ede	Shaw, D. (2002)	no description				pH		&#176;C	5.54	mEq/100g		231.0	158.0			MWHC	50.0		Sandy loam	57.2	30.0	12.8
https://envipath.org/package/5882df9c-dae1-4d80-a40e-db4724271456/compound/d00595b1-3548-464f-be7f-348ae209e269/structure/c60a860d-949b-4a48-9a78-f5b7ae1f0909	KQ962	Azimsulfuron	Cn1nnc(-c2cnn(C)c2S(=O)(=O)NC(=O)NC(=N)N)n1	https://envipath.org/package/5882df9c-dae1-4d80-a40e-db4724271456/scenario/f3d09fa1-a89a-4609-a607-bf6e7452d7f4	Sato, K. & Kato, Y. (1993)	no description						&#176;C														
https://envipath.org/package/5882df9c-dae1-4d80-a40e-db4724271456/compound/73506251-1e1f-44dc-8e11-02fe7ca664e6/structure/8808b7c9-11f9-495b-b8f7-7a95335c8426	Compound 36 (R403314)	Azoxystrobin	COC=C(C(=O)O)c1ccccc1Oc1cc(Oc2ccccc2C(N)=O)ncn1	https://envipath.org/package/5882df9c-dae1-4d80-a40e-db4724271456/scenario/ec509461-e6ec-491f-96d6-4a378ea17248	Annex II 7.1.1, Warington, Chalofti, Harvey	no description				pH		&#176;C	14.6	mEq/100g		455.0	276.0			WHC at 0.33 bar	75.0		Sandy loam	55.0	25.0	20.0
https://envipath.org/package/5882df9c-dae1-4d80-a40e-db4724271456/compound/640e18f9-1845-4f8c-a794-56241025d809/structure/50837720-1243-4155-b512-aa519e3b33f5	Compound 10	Azoxystrobin	COC=C(C(=O)OO)c1ccccc1Oc1cc(O)ncn1	https://envipath.org/package/5882df9c-dae1-4d80-a40e-db4724271456/scenario/ec509461-e6ec-491f-96d6-4a378ea17248	Annex II 7.1.1, Warington, Chalofti, Harvey	no description				pH		&#176;C	14.6	mEq/100g		455.0	276.0			WHC at 0.33 bar	75.0		Sandy loam	55.0	25.0	20.0
https://envipath.org/package/5882df9c-dae1-4d80-a40e-db4724271456/compound/837880a7-3ca0-44bd-a8c0-cc33fc987f4c/structure/189b6054-d792-49d1-929f-6b7732b35aa2	CO2	Azoxystrobin	O=C=O	https://envipath.org/package/5882df9c-dae1-4d80-a40e-db4724271456/scenario/ec509461-e6ec-491f-96d6-4a378ea17248	Annex II 7.1.1, Warington, Chalofti, Harvey	no description				pH		&#176;C	14.6	mEq/100g		455.0	276.0			WHC at 0.33 bar	75.0		Sandy loam	55.0	25.0	20.0
https://envipath.org/package/5882df9c-dae1-4d80-a40e-db4724271456/compound/005643bd-80f1-4bbc-b8ce-115af94a6bf2/structure/f2e78e8c-e0cb-4e2a-969e-cec08cf279de	Compound 3 (R219277)	Azoxystrobin	COC=C(C(=O)OC)c1ccccc1Oc1cc(O)ncn1	https://envipath.org/package/5882df9c-dae1-4d80-a40e-db4724271456/scenario/ec509461-e6ec-491f-96d6-4a378ea17248	Annex II 7.1.1, Warington, Chalofti, Harvey	no description				pH		&#176;C	14.6	mEq/100g		455.0	276.0			WHC at 0.33 bar	75.0		Sandy loam	55.0	25.0	20.0
https://envipath.org/package/5882df9c-dae1-4d80-a40e-db4724271456/compound/837880a7-3ca0-44bd-a8c0-cc33fc987f4c/structure/189b6054-d792-49d1-929f-6b7732b35aa2	CO2	BAS 650 F	O=C=O	https://envipath.org/package/5882df9c-dae1-4d80-a40e-db4724271456/scenario/eb343d9d-59f9-4830-8091-b4cab3af4d2c	Horn, A. (2008)	no description				pH		&#176;C	5.0	mEq/100g		112.0	135.0			MWHC	40.0		Loamy sand	83.0	12.0	5.0
https://envipath.org/package/5882df9c-dae1-4d80-a40e-db4724271456/compound/837880a7-3ca0-44bd-a8c0-cc33fc987f4c/structure/189b6054-d792-49d1-929f-6b7732b35aa2	CO2	BAS 700 F (Fluxapyroxad)	O=C=O	https://envipath.org/package/5882df9c-dae1-4d80-a40e-db4724271456/scenario/cf1538ce-56db-4500-ae51-44d5676843aa	IIA 7.1.1/1, IIA 7.2.1/1 Unold, Bayer, 2009a	no description				pH		&#176;C	12.2	mEq/100g		301.0	294.0			MWHC	40.0		Sandy loam	64.4	25.2	10.4
https://envipath.org/package/5882df9c-dae1-4d80-a40e-db4724271456/compound/e079882b-3a45-4b74-a252-edbce539f7d4/structure/3a6d6fe4-b153-4c8e-82cf-aa341d816cbd	M700F003	BAS 700 F (Fluxapyroxad)	Nc1ccccc1-c1cc(F)c(F)c(F)c1	https://envipath.org/package/5882df9c-dae1-4d80-a40e-db4724271456/scenario/94573395-c6a5-4425-abe2-0d9cb6a0f5a8	IIA 7.1.1/1, IIA 7.2.1/1 Unold, Bayer, 2009a	no description				pH		&#176;C	12.2	mEq/100g		301.0	294.0			MWHC	40.0		Sandy loam	64.4	25.2	10.4
https://envipath.org/package/5882df9c-dae1-4d80-a40e-db4724271456/compound/837880a7-3ca0-44bd-a8c0-cc33fc987f4c/structure/189b6054-d792-49d1-929f-6b7732b35aa2	CO2	Benalaxyl-M	O=C=O	https://envipath.org/package/5882df9c-dae1-4d80-a40e-db4724271456/scenario/4d2ee272-0559-48f1-8b00-33afeac7b20d	IIA,07.01.01 .02.01/03M1, Scacchi, Pizzingrilli (1997a)	no description				pH		&#176;C	9.0	mEq/100g					 	WHC	40.0		Sandy loam	63.2	27.4	9.5
https://envipath.org/package/5882df9c-dae1-4d80-a40e-db4724271456/compound/837880a7-3ca0-44bd-a8c0-cc33fc987f4c/structure/189b6054-d792-49d1-929f-6b7732b35aa2	CO2	Benfluralin	O=C=O	https://envipath.org/package/5882df9c-dae1-4d80-a40e-db4724271456/scenario/ebe792b0-8924-4a2f-9904-ff5bd0f2aac9	IIA 7.1.1.1.1/01, Graper, 1990a	no description				pH		&#176;C	8.8	mEq/100g						1/3 bar MHC	75.0		Sandy loam	66.0	21.0	13.0
https://envipath.org/package/5882df9c-dae1-4d80-a40e-db4724271456/compound/04c0d4fa-c4e5-4349-82e0-4caf84a176b7/structure/899651db-b41c-4c78-9a62-5b8fe7f9e31f	B34	Benfluralin	CCCCNc1c([N+](=O)[O-])cc(C(F)(F)F)cc1[N+](=O)[O-]	https://envipath.org/package/5882df9c-dae1-4d80-a40e-db4724271456/scenario/ebe792b0-8924-4a2f-9904-ff5bd0f2aac9	IIA 7.1.1.1.1/01, Graper, 1990a	no description				pH		&#176;C	8.8	mEq/100g						1/3 bar MHC	75.0		Sandy loam	66.0	21.0	13.0
https://envipath.org/package/5882df9c-dae1-4d80-a40e-db4724271456/compound/97f7d95e-dc9a-48b5-9045-953a91173679/structure/8f689779-f6d3-4f77-8eb2-b287bbe4092b	ET-2E	Benfluralin	CCNc1c([N+](=O)[O-])cc(C(F)(F)F)cc1[N+](=O)[O-]	https://envipath.org/package/5882df9c-dae1-4d80-a40e-db4724271456/scenario/ebe792b0-8924-4a2f-9904-ff5bd0f2aac9	IIA 7.1.1.1.1/01, Graper, 1990a	no description				pH		&#176;C	8.8	mEq/100g						1/3 bar MHC	75.0		Sandy loam	66.0	21.0	13.0
https://envipath.org/package/5882df9c-dae1-4d80-a40e-db4724271456/compound/1587b134-a5ef-4c3a-804d-b730b02545c1/structure/054d3c3d-84ab-4dee-8b45-195b1a469cc9	ET-20	Benfluralin	O=[N+]([O-])c1cc(C(F)(F)F)cc([N+](=O)[O-])c1O	https://envipath.org/package/5882df9c-dae1-4d80-a40e-db4724271456/scenario/ebe792b0-8924-4a2f-9904-ff5bd0f2aac9	IIA 7.1.1.1.1/01, Graper, 1990a	no description				pH		&#176;C	8.8	mEq/100g						1/3 bar MHC	75.0		Sandy loam	66.0	21.0	13.0
https://envipath.org/package/5882df9c-dae1-4d80-a40e-db4724271456/compound/d8d9e1bf-e046-402a-8b2c-4e42781e7b00/structure/9c6701e7-f46f-406c-9087-45f54e5f7a30	U6#1	Benfluralin	CCCCc1nc2cc(C(F)(F)F)cc([N+](=O)[O-])c2n1CC	https://envipath.org/package/5882df9c-dae1-4d80-a40e-db4724271456/scenario/ebe792b0-8924-4a2f-9904-ff5bd0f2aac9	IIA 7.1.1.1.1/01, Graper, 1990a	no description				pH		&#176;C	8.8	mEq/100g						1/3 bar MHC	75.0		Sandy loam	66.0	21.0	13.0
https://envipath.org/package/5882df9c-dae1-4d80-a40e-db4724271456/compound/d3744c55-117a-42ab-858a-2fc7a9d94c8c/structure/39e6259c-e3c0-49f3-9b11-f02a3eb9599c	B3	Benfluralin	Nc1c([N+](=O)[O-])cc(C(F)(F)F)cc1[N+](=O)[O-]																							
https://envipath.org/package/5882df9c-dae1-4d80-a40e-db4724271456/compound/d7a3a6de-0c4e-4357-9cb7-be1213933852/structure/faaca96d-acc6-423c-a12d-dfe4d883b7d1	B38	Benfluralin	CCCCNc1c(N)cc(C(F)(F)F)cc1[N+](=O)[O-]																							
https://envipath.org/package/5882df9c-dae1-4d80-a40e-db4724271456/compound/19dd37d2-c9a5-4134-942a-f204fabae026/structure/af5e1dec-8d99-45cc-add0-21edae0169d4	B36	Benfluralin	CCCCN(CC)c1c(N)cc(C(F)(F)F)cc1[N+](=O)[O-]	https://envipath.org/package/5882df9c-dae1-4d80-a40e-db4724271456/scenario/ebe792b0-8924-4a2f-9904-ff5bd0f2aac9	IIA 7.1.1.1.1/01, Graper, 1990a	no description				pH		&#176;C	8.8	mEq/100g						1/3 bar MHC	75.0		Sandy loam	66.0	21.0	13.0
https://envipath.org/package/5882df9c-dae1-4d80-a40e-db4724271456/compound/837880a7-3ca0-44bd-a8c0-cc33fc987f4c/structure/189b6054-d792-49d1-929f-6b7732b35aa2	CO2	Benfuracarb	O=C=O	https://envipath.org/package/5882df9c-dae1-4d80-a40e-db4724271456/scenario/86d8a557-f055-4901-94b7-946d851a8eb8	IIA, 7.1.1.1.1,  7.1.1.2.1.1/01, Van Noorloos, Slangen, 2002a, 2002b	no description				pH		&#176;C	10.0	mEq/100g		71.6	171.6			MWHC	40.0		Sandy loam	57.8	33.3	9.0
https://envipath.org/package/5882df9c-dae1-4d80-a40e-db4724271456/compound/3cf9ae8c-3539-4881-a4e7-ebceb0fad2b3/structure/274b25c2-753d-46f6-91fc-014dcefc70aa	IN-B6895	Bensulfuron methyl	O=C1NS(=O)(=O)Cc2ccccc21	https://envipath.org/package/5882df9c-dae1-4d80-a40e-db4724271456/scenario/152760f9-257d-475a-b72c-b8a88a715854	IIA 7.1.1.1.1/01, Anderson, Swain, 2002	no description				pH		&#176;C	2.59	mEq/100g		49.2	32.5			MWHC at 0 bar	50.0		Loamy sand	78.4	14.8	6.8
https://envipath.org/package/5882df9c-dae1-4d80-a40e-db4724271456/compound/837880a7-3ca0-44bd-a8c0-cc33fc987f4c/structure/189b6054-d792-49d1-929f-6b7732b35aa2	CO2	Bensulfuron methyl	O=C=O	https://envipath.org/package/5882df9c-dae1-4d80-a40e-db4724271456/scenario/8fd30763-b110-476d-ac84-360888048fca	IIA 7.1.1.1.1/03, 7.1.1.2.1/10, Yordy	no description				pH		&#176;C	17.5	mEq/100g					 	MHC	70.0		Silt loam	25.0	63.0	12.0
https://envipath.org/package/5882df9c-dae1-4d80-a40e-db4724271456/compound/b6eea06d-e655-4491-9a6e-dcfe0803b575/structure/f10527b4-703f-4247-8026-fb6199026a64	6-OH-bentazone	Bentazone	CC(C)N1C(=O)c2cc(O)ccc2NS1(=O)=O	https://envipath.org/package/5882df9c-dae1-4d80-a40e-db4724271456/scenario/557b1a28-c1eb-480e-8c20-e5ab39e7263d	scenario 87	no description		Minor																		
https://envipath.org/package/5882df9c-dae1-4d80-a40e-db4724271456/compound/e52a8b49-4a30-4b8b-836a-0a45177be852/structure/7cbb7bbc-60fb-4c3c-b57a-e73881dc18cb	8-OH-bentazone	Bentazone	CC(C)N1C(=O)c2cccc(O)c2NS1(=O)=O	https://envipath.org/package/5882df9c-dae1-4d80-a40e-db4724271456/scenario/d6aa45ce-eabc-4480-a050-bce32815607c	scenario 88	no description		Minor																		
https://envipath.org/package/5882df9c-dae1-4d80-a40e-db4724271456/compound/154de0a0-b48c-421b-bcec-74da01afca1d/structure/82a3528c-08c9-4fad-99d9-7e8faf4cbe79	6-bromo-bentazone	Bentazone	CC(C)N1C(=O)c2cc(Br)ccc2NS1(=O)=O																							
https://envipath.org/package/5882df9c-dae1-4d80-a40e-db4724271456/compound/515e7675-2fad-4e7e-a6fe-1df0c9987424/structure/ef2d98cb-bb9a-4f91-9acf-c451b1d82e03	8-bromo-bentazone	Bentazone	CC(C)N1C(=O)c2cccc(Br)c2NS1(=O)=O																							
https://envipath.org/package/5882df9c-dae1-4d80-a40e-db4724271456/compound/837880a7-3ca0-44bd-a8c0-cc33fc987f4c/structure/189b6054-d792-49d1-929f-6b7732b35aa2	CO2	Bentazone	O=C=O	https://envipath.org/package/5882df9c-dae1-4d80-a40e-db4724271456/scenario/64a37bbc-a594-428e-9a23-84c4bc6fccf9	IIA 7.2.1/01, Tornisielo, Sacchi, 2011b	no description				pH		&#176;C				341.0	270.0			MWHC	40.0		Loamy sand	85.6	9.6	4.8
https://envipath.org/package/5882df9c-dae1-4d80-a40e-db4724271456/compound/04c7826b-ad00-4a6f-bedd-c38512df38fa/structure/e3e4f881-d889-4930-beae-f184428b605a	8-chloro-bentazone	Bentazone	CC(C)N1C(=O)c2cccc(Cl)c2NS1(=O)=O																							
https://envipath.org/package/5882df9c-dae1-4d80-a40e-db4724271456/compound/231d50d3-4fbb-4cff-9de9-0de05d1c9902/structure/68747e7e-17d3-4c86-aa79-451aff4624aa	6-chloro-bentazone	Bentazone	CC(C)N1C(=O)c2cc(Cl)ccc2NS1(=O)=O																							
https://envipath.org/package/5882df9c-dae1-4d80-a40e-db4724271456/compound/91eb363f-2ab3-4757-b873-e23f20e778ce/structure/c26e82ac-11e0-439e-ac7b-f4f5506b21d0	M-3	Benthiavalicarb	CC(O)c1nc2ccc(F)cc2s1																							
https://envipath.org/package/5882df9c-dae1-4d80-a40e-db4724271456/compound/70123d79-25ea-405b-a072-907f0ba771c2/structure/90903e49-f0b3-4b15-ab26-bf7388e1f810	M-8	Benthiavalicarb	CC(=O)NC(C)c1nc2ccc(F)cc2s1																							
https://envipath.org/package/5882df9c-dae1-4d80-a40e-db4724271456/compound/837880a7-3ca0-44bd-a8c0-cc33fc987f4c/structure/189b6054-d792-49d1-929f-6b7732b35aa2	CO2	Benthiavalicarb	O=C=O	https://envipath.org/package/5882df9c-dae1-4d80-a40e-db4724271456/scenario/f043d1bc-2667-46ed-8175-fdcebd2beab0	II A 7.1.1.1.1/01, Purser, Goodyear, 2001a	no description				pH		&#176;C	20.3	mEq/100g						MWHC @ pF 2.5	45.0		Sandy loam	55.0	35.0	10.0
https://envipath.org/package/5882df9c-dae1-4d80-a40e-db4724271456/compound/837880a7-3ca0-44bd-a8c0-cc33fc987f4c/structure/189b6054-d792-49d1-929f-6b7732b35aa2	CO2	Benzoic acid	O=C=O	https://envipath.org/package/5882df9c-dae1-4d80-a40e-db4724271456/scenario/5c6eb7fc-25ce-4fb0-9c12-33c6126ab838	Ward, T. E.; 1985	no description				pH		&#176;C											Sand	88.8	9.25	1.86
https://envipath.org/package/5882df9c-dae1-4d80-a40e-db4724271456/compound/7c843230-ae22-4f4f-869f-345b2224b5d4/structure/421cb03b-9828-45ea-9f48-52db35824f58	CSAA798670	Benzovindiflupyr	Cn1cc(C(=O)O)c(C(F)F)n1	https://envipath.org/package/5882df9c-dae1-4d80-a40e-db4724271456/scenario/ed24f83a-d54e-4c44-b5eb-2f4052720d74	IIA 7.2.3/02, Simmonds, Mackenzie, 2009	no description				pH		&#176;C	8.8	mEq/100g		385.8	295.5			moistue @ pF2			Loam	39.0	49.0	12.0
https://envipath.org/package/5882df9c-dae1-4d80-a40e-db4724271456/compound/608a8779-effb-4a76-b561-9e018de22096/structure/b343e879-5141-4d73-b21a-0ecc285fda1c	CSCD465008	Benzovindiflupyr	NC(=O)c1c[nH]nc1C(F)F																							
https://envipath.org/package/5882df9c-dae1-4d80-a40e-db4724271456/compound/b3423d35-185f-4217-b548-947de4a202c9/structure/bfd2c51b-2b5e-4295-a48a-90b8c105dc6a	SYN546040	Benzovindiflupyr	Cn1cc(C(=O)Nc2cccc3c2C2CC(O)C3C2=C(Cl)Cl)c(C(F)F)n1	https://envipath.org/package/5882df9c-dae1-4d80-a40e-db4724271456/scenario/7f7f3d56-db8d-497f-8b16-99619a04b755	IIA 7.13/01, Nichols, Marshall, Hand, 2012	no description				pH		&#176;C	4.8	mEq/100g						moisture @ 0.33bar			Loamy sand	85.0	11.0	4.0
https://envipath.org/package/5882df9c-dae1-4d80-a40e-db4724271456/compound/837880a7-3ca0-44bd-a8c0-cc33fc987f4c/structure/189b6054-d792-49d1-929f-6b7732b35aa2	CO2	Benzovindiflupyr	O=C=O	https://envipath.org/package/5882df9c-dae1-4d80-a40e-db4724271456/scenario/ed24f83a-d54e-4c44-b5eb-2f4052720d74	IIA 7.2.3/02, Simmonds, Mackenzie, 2009	no description				pH		&#176;C	8.8	mEq/100g		385.8	295.5			moistue @ pF2			Loam	39.0	49.0	12.0
https://envipath.org/package/5882df9c-dae1-4d80-a40e-db4724271456/compound/971dde96-4136-4e71-a986-5334007766b7/structure/70e8102c-ac55-4533-9181-57ea85cca6d4	Phenol (CGA 73330)	Beta-cypermethrin	Oc1ccccc1	https://envipath.org/package/5882df9c-dae1-4d80-a40e-db4724271456/scenario/5e8c9c9d-f84e-4952-8bb4-fea931a0a2f6	IIA 7.1.1/01, MÃ¶ndel, 2009a	no description				pH		&#176;C	8.0	mEq/100g		196.8	226.9			MWHC	50.0		Sandy loam	60.8	29.8	9.4
https://envipath.org/package/5882df9c-dae1-4d80-a40e-db4724271456/compound/c3245acc-b0d7-4c8a-83b7-e250273f4a35/structure/7ddc0e5f-e7da-492f-b6c7-af1d7506e89f	3-phenoxybenzaldehyde	Beta-cypermethrin	O=Cc1cccc(Oc2ccccc2)c1	https://envipath.org/package/5882df9c-dae1-4d80-a40e-db4724271456/scenario/5e8c9c9d-f84e-4952-8bb4-fea931a0a2f6	IIA 7.1.1/01, MÃ¶ndel, 2009a	no description				pH		&#176;C	8.0	mEq/100g		196.8	226.9			MWHC	50.0		Sandy loam	60.8	29.8	9.4
https://envipath.org/package/5882df9c-dae1-4d80-a40e-db4724271456/compound/837880a7-3ca0-44bd-a8c0-cc33fc987f4c/structure/189b6054-d792-49d1-929f-6b7732b35aa2	CO2	Beta-cypermethrin	O=C=O	https://envipath.org/package/5882df9c-dae1-4d80-a40e-db4724271456/scenario/b7761b22-5698-4862-b524-1fec637d4511	IIA 7.1.1/01, MÃ¶ndel, 2009a	no description				pH		&#176;C	10.0	mEq/100g		253.6	207.7			MWHC	50.0		Loamy sand	81.4	12.2	6.4
https://envipath.org/package/5882df9c-dae1-4d80-a40e-db4724271456/compound/837880a7-3ca0-44bd-a8c0-cc33fc987f4c/structure/189b6054-d792-49d1-929f-6b7732b35aa2	CO2	Bifenazate	O=C=O	https://envipath.org/package/5882df9c-dae1-4d80-a40e-db4724271456/scenario/cad68a0d-fd41-4801-ae21-c1f586a0b0a5	Miner et al. 2014a	no description		 		pH		&#176;C	9.3	mEq/100g		1040.0	1412.2			WHC at pF 2.0	40.0	WHC at pF 2.0	Sandy loam	59.0	27.0	14.0
https://envipath.org/package/5882df9c-dae1-4d80-a40e-db4724271456/compound/b7e60cc2-c08b-42c1-86d1-0c531769f0d0/structure/8089cc30-108a-4e6e-849b-382fe1e0464d	RPA 405912	Bifenox	COC(=O)c1cc(Oc2ccc(Cl)cc2Cl)ccc1N	https://envipath.org/package/5882df9c-dae1-4d80-a40e-db4724271456/scenario/cc6c08c8-b3c1-45d1-a5ae-11f2f066cff4	IIA 7.1.1.2.1/01, Simmonds, Burr, 2000	no description				pH		&#176;C	13.1	mEq/100g		413.0	288.0			MWHC	45.0		Sandy loam	60.1	30.1	9.8
https://envipath.org/package/5882df9c-dae1-4d80-a40e-db4724271456/compound/f6cbb34a-7100-4cc6-847a-66b96b6ba2fd/structure/0cd61556-5184-4442-841b-13be29ecf24c	RPA 408354	Bifenox	Nc1ccc(Oc2ccc(Cl)cc2Cl)cc1C(=O)O	https://envipath.org/package/5882df9c-dae1-4d80-a40e-db4724271456/scenario/cc6c08c8-b3c1-45d1-a5ae-11f2f066cff4	IIA 7.1.1.2.1/01, Simmonds, Burr, 2000	no description				pH		&#176;C	13.1	mEq/100g		413.0	288.0			MWHC	45.0		Sandy loam	60.1	30.1	9.8
https://envipath.org/package/5882df9c-dae1-4d80-a40e-db4724271456/compound/837880a7-3ca0-44bd-a8c0-cc33fc987f4c/structure/189b6054-d792-49d1-929f-6b7732b35aa2	CO2	Bifenox	O=C=O	https://envipath.org/package/5882df9c-dae1-4d80-a40e-db4724271456/scenario/cc6c08c8-b3c1-45d1-a5ae-11f2f066cff4	IIA 7.1.1.2.1/01, Simmonds, Burr, 2000	no description				pH		&#176;C	13.1	mEq/100g		413.0	288.0			MWHC	45.0		Sandy loam	60.1	30.1	9.8
https://envipath.org/package/5882df9c-dae1-4d80-a40e-db4724271456/compound/c7ebe3c2-a87c-429a-8340-be105319f4cf/structure/33298840-a03c-4f43-be73-eb7a26fbc23e	BP Aldehyde	Bifenthrin	Cc1c(C=O)cccc1-c1ccccc1																							
https://envipath.org/package/5882df9c-dae1-4d80-a40e-db4724271456/compound/255972cd-df5e-4b49-a0ae-aeea5bdec989/structure/3a0174c8-c4dd-4958-9357-36df0da96f35	BP Acid	Bifenthrin	Cc1c(C(=O)O)cccc1-c1ccccc1	https://envipath.org/package/5882df9c-dae1-4d80-a40e-db4724271456/scenario/d84822aa-ccfa-4bab-a8d8-cb22ba609e55	Reynolds, 1986b	no description				pH		&#176;C	16.1	mEq/100g					 	FMC	65.0		Sandy loam	54.4	35.2	10.4
https://envipath.org/package/5882df9c-dae1-4d80-a40e-db4724271456/compound/bdeb8b1e-72e6-4f17-a4c5-30359e982d72/structure/a0748960-a5a4-4dbf-83d7-4b188fa695b4	BP Alcohol	Bifenthrin	Cc1c(CO)cccc1-c1ccccc1	https://envipath.org/package/5882df9c-dae1-4d80-a40e-db4724271456/scenario/cdd9c255-5d3b-46be-9c86-26bf810746d4	Smith, 1991	no description				pH		&#176;C	10.2	mEq/100g						FMC	63.0		Silt loam	37.0	50.0	13.0
https://envipath.org/package/5882df9c-dae1-4d80-a40e-db4724271456/compound/837880a7-3ca0-44bd-a8c0-cc33fc987f4c/structure/189b6054-d792-49d1-929f-6b7732b35aa2	CO2	Bifenthrin	O=C=O	https://envipath.org/package/5882df9c-dae1-4d80-a40e-db4724271456/scenario/dcc122b2-fec0-4321-9129-c295fe099a73	Smith, 1991	no description				pH		&#176;C	10.2	mEq/100g						FMC	63.0		Silt loam	37.0	50.0	13.0
https://envipath.org/package/5882df9c-dae1-4d80-a40e-db4724271456/compound/837880a7-3ca0-44bd-a8c0-cc33fc987f4c/structure/189b6054-d792-49d1-929f-6b7732b35aa2	CO2	Bispyribac	O=C=O	https://envipath.org/package/5882df9c-dae1-4d80-a40e-db4724271456/scenario/ebe29bd2-34c1-48f1-ad67-7e79012f35ec	IIA, 7.1.1.1.1, IIA, 7.1.1.2.1, Hellpointner, 2001b	no description				pH		&#176;C	10.0	mEq/100g		128.0	129.0			MWHC	49.0		Sandy loam	67.7	23.6	8.7
https://envipath.org/package/5882df9c-dae1-4d80-a40e-db4724271456/compound/405219b6-e06d-4a02-94a3-0a75dda8e4b7/structure/b2367d2f-2419-45dc-93ba-4318cf24e5b6	MeBA M04	Bispyribac	COc1cc(O)nc(O)n1	https://envipath.org/package/5882df9c-dae1-4d80-a40e-db4724271456/scenario/51e2cf41-a491-47e9-ad2d-8c2b15988881	IIA, 7.1.1.1.1, IIA, 7.1.1.2.1, Hellpointner, 2001b, SchÃ¤fer, 2001a	no description				pH		&#176;C	10.0	mEq/100g		128.0	129.0			MWHC	49.0		Sandy loam	67.7	23.6	8.7
https://envipath.org/package/5882df9c-dae1-4d80-a40e-db4724271456/compound/81dae060-eeb6-484e-8ac2-233fb7ca26f8/structure/79a01049-9c43-405f-a969-d24af9b2815f	Me2BA M03	Bispyribac	COc1cc(OC)nc(O)n1	https://envipath.org/package/5882df9c-dae1-4d80-a40e-db4724271456/scenario/51e2cf41-a491-47e9-ad2d-8c2b15988881	IIA, 7.1.1.1.1, IIA, 7.1.1.2.1, Hellpointner, 2001b, SchÃ¤fer, 2001a	no description				pH		&#176;C	10.0	mEq/100g		128.0	129.0			MWHC	49.0		Sandy loam	67.7	23.6	8.7
https://envipath.org/package/5882df9c-dae1-4d80-a40e-db4724271456/compound/4760042f-6f1e-40a6-91ec-ff9abec44de9/structure/60ac720f-d644-4d06-ab89-34d38d8ede82	Na-DesMe-180 M10	Bispyribac	COc1cc(O)nc(Oc2cccc(O)c2C(=O)[O-])n1.[Na+]	https://envipath.org/package/5882df9c-dae1-4d80-a40e-db4724271456/scenario/ebe29bd2-34c1-48f1-ad67-7e79012f35ec	IIA, 7.1.1.1.1, IIA, 7.1.1.2.1, Hellpointner, 2001b	no description				pH		&#176;C	10.0	mEq/100g		128.0	129.0			MWHC	49.0		Sandy loam	67.7	23.6	8.7
https://envipath.org/package/5882df9c-dae1-4d80-a40e-db4724271456/compound/1b6fe73e-e641-4419-bf90-3ec5aafcd03b/structure/1cc5e881-e321-4033-9fde-2d1ebcab4fa4	4-[2-hydroxy-3,3-dimethyl-1-(1H-1,2,4-triazol-1-yl)butoxyl)-benzoic acid	Bitertanol	CC(C)(C)C(O)C(Oc1ccc(C(=O)O)cc1)n1cncn1	https://envipath.org/package/5882df9c-dae1-4d80-a40e-db4724271456/scenario/acd28a19-322d-4ea4-be3e-24b4e1ccb615	Puhl, R.J. & Hurley, J.B. (1979)	no description				pH									 	1/3 bar	75.0		Silt loam	11.0	71.0	18.0
https://envipath.org/package/5882df9c-dae1-4d80-a40e-db4724271456/compound/3c46d9ec-8062-4a0c-95cf-b720b6828c8d/structure/424de194-6923-4b62-961f-0659c50c5845	Triazole alanine	Bitertanol	NC(Cn1cncn1)C(=O)O	https://envipath.org/package/5882df9c-dae1-4d80-a40e-db4724271456/scenario/9bb29560-90ec-4cc8-898b-21ec254b95cf	Scholz, K. (1990)	no description				pH						1386.0	1386.0			MWHC	40.0		Silt loam	33.6	61.1	5.3
https://envipath.org/package/5882df9c-dae1-4d80-a40e-db4724271456/compound/837880a7-3ca0-44bd-a8c0-cc33fc987f4c/structure/189b6054-d792-49d1-929f-6b7732b35aa2	CO2	Bitertanol	O=C=O	https://envipath.org/package/5882df9c-dae1-4d80-a40e-db4724271456/scenario/7534078b-4d6f-47f0-be29-5a0c0a757321	Slangen, P.J. (2000)	no description				pH		&#176;C				294.0	138.0			MWHC	40.0		Loamy sand	78.9	14.4	6.7
https://envipath.org/package/5882df9c-dae1-4d80-a40e-db4724271456/compound/837880a7-3ca0-44bd-a8c0-cc33fc987f4c/structure/189b6054-d792-49d1-929f-6b7732b35aa2	CO2	Bixafen	O=C=O	https://envipath.org/package/5882df9c-dae1-4d80-a40e-db4724271456/scenario/a0a12fc8-8c73-4aba-b8f8-cf6a95dc51cc	Annex IIA 7.1.1,Sneikus J., Koehn D.	no description				pH		&#176;C	6.4	mEq/100g		708.0	231.0			MWHC	55.0		Sandy loam	72.7	18.4	8.9
https://envipath.org/package/5882df9c-dae1-4d80-a40e-db4724271456/compound/5bdeceab-a924-48b5-9023-558309cabaa2/structure/8b305eb1-c7b9-49e0-851f-4ccd0ed9161c	CSCD465008	Bixafen	O=C(O)c1c[nH]nc1C(F)F	https://envipath.org/package/5882df9c-dae1-4d80-a40e-db4724271456/scenario/a0a12fc8-8c73-4aba-b8f8-cf6a95dc51cc	Annex IIA 7.1.1,Sneikus J., Koehn D.	no description				pH		&#176;C	6.4	mEq/100g		708.0	231.0			MWHC	55.0		Sandy loam	72.7	18.4	8.9
https://envipath.org/package/5882df9c-dae1-4d80-a40e-db4724271456/compound/edeb3aeb-f272-4d51-816b-6365aa7c0684/structure/57321f71-84b0-46a9-80b0-83cee64ff4d9	Unk 3 metabolite,M9	Bromadiolone	OC(CC(CC(O)c1ccc(-c2ccc(Br)cc2)cc1)c1ccccc1)c1ccccc1	https://envipath.org/package/5882df9c-dae1-4d80-a40e-db4724271456/scenario/60afc4b7-8357-46ce-80c0-d1ece75d7a73	Annex B 8.1.1, VÃ¶lkl S., Galicia H.	no description				pH		&#176;C	15.5	mEq/100g		234.0	283.0			MWHC	40.0		Loam	11.3	29.3	59.4
https://envipath.org/package/5882df9c-dae1-4d80-a40e-db4724271456/compound/837880a7-3ca0-44bd-a8c0-cc33fc987f4c/structure/189b6054-d792-49d1-929f-6b7732b35aa2	CO2	Bromadiolone	O=C=O																							
https://envipath.org/package/5882df9c-dae1-4d80-a40e-db4724271456/compound/3a71c115-5485-4262-9a3b-4be42fc58422/structure/fa0677a8-33c4-4e11-afe9-5d016cc934df	3-bromo-4-hydroxybenoic acid	Bromoxynil	O=C(O)c1ccc(O)c(Br)c1																							
https://envipath.org/package/5882df9c-dae1-4d80-a40e-db4724271456/compound/5c99d45d-7a68-4a93-9b2c-6ed28964bda2/structure/5b35a4c4-d38d-49b0-b118-b3fed53165b7	3-bromo-4-hydroxybenzamide	Bromoxynil	NC(=O)c1ccc(O)c(Br)c1	https://envipath.org/package/5882df9c-dae1-4d80-a40e-db4724271456/scenario/d6adda53-24d7-40c4-96b6-e680f0013b81	Cameron B.D., Hall B. E., Mackie J.A. (1990)	no description		Minor		pH		&#176;C	6.8	mEq/100g						WHC at 0,33bar	75.0	WHC at 0,33bar	Sandy loam	68.8	20.8	10.4
https://envipath.org/package/5882df9c-dae1-4d80-a40e-db4724271456/compound/76015347-5594-418a-9116-ebdd81f3da52/structure/584c5426-02d9-4457-8e85-7f5c1b426707	4-hydroxy benzonitrile	Bromoxynil	N#Cc1ccc(O)cc1																							
https://envipath.org/package/5882df9c-dae1-4d80-a40e-db4724271456/compound/f84708b6-530d-42c9-9062-bdd9c1d83710/structure/f4f9b925-3e12-4e99-863b-87d2d2cf1758	3-bromo-4-hydroxybenzonitrile	Bromoxynil	N#Cc1ccc(O)c(Br)c1																							
https://envipath.org/package/5882df9c-dae1-4d80-a40e-db4724271456/compound/754adde4-6191-4855-b0f9-6109781dc1ec/structure/eb175822-1dea-427c-a795-2952f6f653a2	Benzoic acid	Bromoxynil	O=C(O)c1ccccc1																							
https://envipath.org/package/5882df9c-dae1-4d80-a40e-db4724271456/compound/837880a7-3ca0-44bd-a8c0-cc33fc987f4c/structure/189b6054-d792-49d1-929f-6b7732b35aa2	CO2	Bromoxynil	O=C=O	https://envipath.org/package/5882df9c-dae1-4d80-a40e-db4724271456/scenario/f69e92eb-c2f0-4169-81a9-471120ac3e8b	Williams C.M. (1984)	no description				pH		&#176;C	19.3	mEq/100g						WHC at 1bar	50.0	WHC at 1bar	Loam	50.0	30.0	22.0
https://envipath.org/package/5882df9c-dae1-4d80-a40e-db4724271456/compound/9cec4f72-8e31-4cd5-bad4-a54227f0259f/structure/01a8ef37-80f9-44c0-80e1-87e4f30a67ef	LS861590	Bromuconazole	O=C1COC(Cn2cncn2)(c2ccc(Cl)cc2Cl)C1																							
https://envipath.org/package/5882df9c-dae1-4d80-a40e-db4724271456/compound/e704be01-bc51-4d74-b0eb-37d2c1c923a6/structure/14dd53d5-6344-4d83-9ed7-615d426aa3a1	LS 860551	Bromuconazole	OC1COC(Cn2cncn2)(c2ccc(Cl)cc2Cl)C1	https://envipath.org/package/5882df9c-dae1-4d80-a40e-db4724271456/scenario/95a4a317-3911-4bdf-a58a-4db9868c282f	Robles, J.M. & Adrian, P. (1990)	no description				pH		&#176;C	8.0	mEq/100g						WHC at 0.33 bar	80.0		Loamy sand	82.8	13.1	4.5
https://envipath.org/package/5882df9c-dae1-4d80-a40e-db4724271456/compound/837880a7-3ca0-44bd-a8c0-cc33fc987f4c/structure/189b6054-d792-49d1-929f-6b7732b35aa2	CO2	Bromuconazole	O=C=O	https://envipath.org/package/5882df9c-dae1-4d80-a40e-db4724271456/scenario/95a4a317-3911-4bdf-a58a-4db9868c282f	Robles, J.M. & Adrian, P. (1990)	no description				pH		&#176;C	8.0	mEq/100g						WHC at 0.33 bar	80.0		Loamy sand	82.8	13.1	4.5
https://envipath.org/package/5882df9c-dae1-4d80-a40e-db4724271456/compound/e729248b-48b3-41f1-a1dc-a21d3e91ee9f/structure/c59e24e8-d5dc-406c-834d-6b6407dd749c	RPA 401527	Bromuconazole	O=C1C=CC(Cn2cncn2)(c2ccc(Cl)cc2Cl)O1	https://envipath.org/package/5882df9c-dae1-4d80-a40e-db4724271456/scenario/95a4a317-3911-4bdf-a58a-4db9868c282f	Robles, J.M. & Adrian, P. (1990)	no description				pH		&#176;C	8.0	mEq/100g						WHC at 0.33 bar	80.0		Loamy sand	82.8	13.1	4.5
https://envipath.org/package/5882df9c-dae1-4d80-a40e-db4724271456/compound/fa0590c1-561d-4ccc-b1a4-cad0112cab6a/structure/77a911a4-f164-4904-8ec0-5da88c064a9d	MWt 257	Bromuconazole	OC(Cn1cncn1)c1ccc(Cl)cc1Cl																							
https://envipath.org/package/5882df9c-dae1-4d80-a40e-db4724271456/compound/1ea586dd-0e62-473f-9139-bf63a4e5086c/structure/a7747e9c-8955-451e-909e-91ee4e79cde5	LS802050	Bromuconazole	O=C(Cn1cncn1)c1ccc(Cl)cc1Cl																							
https://envipath.org/package/5882df9c-dae1-4d80-a40e-db4724271456/compound/681c956b-c1fc-4404-8a74-e4737c78ed41/structure/78db95d5-aa0d-4963-b11c-879d46da10e3	LS-870353	Bromuconazole	O=C1CCC(Cn2cncn2)(c2ccc(Cl)cc2Cl)O1	https://envipath.org/package/5882df9c-dae1-4d80-a40e-db4724271456/scenario/87f8c77e-9763-417e-a355-5b799e15b5b3	McMillan-Staff, S.L. & Lowden, P. (1994)	no description				pH		&#176;C	7.67	mEq/100g		137.31	137.31			WHC at 0.1 bar	16.0		Sandy loam	73.0	12.0	15.0
https://envipath.org/package/5882df9c-dae1-4d80-a40e-db4724271456/compound/1a81e629-93eb-4e23-bd48-2df5220cabb9/structure/cfdb9bdf-287c-4f3e-a8f6-f88cc83aec24	LS860976	Bromuconazole	COC1COC(Cn2cncn2)(c2ccc(Cl)cc2Cl)C1																							
https://envipath.org/package/5882df9c-dae1-4d80-a40e-db4724271456/compound/837880a7-3ca0-44bd-a8c0-cc33fc987f4c/structure/189b6054-d792-49d1-929f-6b7732b35aa2	CO2	Bupirimate	O=C=O																							
https://envipath.org/package/5882df9c-dae1-4d80-a40e-db4724271456/compound/3e11e70d-f4a5-437e-b9f7-b54a53666a88/structure/7e388134-6785-4a86-a5c9-b3fd13dc665c	DE-E (2-ethylamino-6-methylpyrimidin-4-ol	Bupirimate	CCCCc1c(C)nc(N)nc1O	https://envipath.org/package/5882df9c-dae1-4d80-a40e-db4724271456/scenario/331da656-69b7-4ef2-9fda-fcb6c64db981	(Post Inclusion Addendum), Annex IIA 7.1.1, Fiebig S. and Goller S.	no description				pH		&#176;C	10.0	mEq/100g						MWHC	45.0		Sandy loam	8.7	31.2	60.1
https://envipath.org/package/5882df9c-dae1-4d80-a40e-db4724271456/compound/3804e16c-31b1-45d8-aaf0-a6260e056aef/structure/4a29ddf1-8fe8-473a-88b8-76e85c8b7859	BF12	Buprofezin	CC(C)NC(=O)Nc1ccccc1	https://envipath.org/package/5882df9c-dae1-4d80-a40e-db4724271456/scenario/3cb66a22-84ef-4505-8143-db7eea3490ae	IIA 7.1.1.1.1/01, Singer, 1996	no description				pH		&#176;C	11.67	mEq/100g		44.0	74.0			WHC @ 0.33 bar	75.0		Sandy clay loam	58.4	18.4	23.2
https://envipath.org/package/5882df9c-dae1-4d80-a40e-db4724271456/compound/167fca9b-6fca-4a1f-bb48-8618a6e31d83/structure/45137bdc-d4e1-4760-8448-ec6e4855aafe	BF2	Buprofezin	CC(C)N1C(=O)N(c2ccc(O)cc2)CSC1=NC(C)(C)C	https://envipath.org/package/5882df9c-dae1-4d80-a40e-db4724271456/scenario/c6af3f2c-e4ac-4abe-b2cb-68b18804f076	IIA, 7.1.1.2.1/02, Funayama, Sugimoto, 1982	no description				pH		&#176;C	11.0	mEq/100g						"""water content"""	60.0		Sandy loam			
https://envipath.org/package/5882df9c-dae1-4d80-a40e-db4724271456/compound/34f67030-d42b-44a0-80bb-bd2a41a4fe42/structure/4c014b01-0d7b-49dd-8c24-4d9aef7de95d	BF22	Buprofezin	Nc1ccc(O)cc1	https://envipath.org/package/5882df9c-dae1-4d80-a40e-db4724271456/scenario/3cb66a22-84ef-4505-8143-db7eea3490ae	IIA 7.1.1.1.1/01, Singer, 1996	no description				pH		&#176;C	11.67	mEq/100g		44.0	74.0			WHC @ 0.33 bar	75.0		Sandy clay loam	58.4	18.4	23.2
https://envipath.org/package/5882df9c-dae1-4d80-a40e-db4724271456/compound/2c376a23-d424-4b6a-947e-94d6d69bed02/structure/01734d06-2bb4-4ab5-b53b-4423acffbf57	BF10	Buprofezin	CC(C)N1C(=O)N(c2ccccc2)CS(=O)C1=NC(C)(C)C	https://envipath.org/package/5882df9c-dae1-4d80-a40e-db4724271456/scenario/3cb66a22-84ef-4505-8143-db7eea3490ae	IIA 7.1.1.1.1/01, Singer, 1996	no description				pH		&#176;C	11.67	mEq/100g		44.0	74.0			WHC @ 0.33 bar	75.0		Sandy clay loam	58.4	18.4	23.2
https://envipath.org/package/5882df9c-dae1-4d80-a40e-db4724271456/compound/e0a65a8e-3d15-4e2c-95c8-9db60b3ed07b/structure/b0b008b1-0db0-4cc6-a0bb-414344d816a1	BF9	Buprofezin	CC(C)(C)N1C(=O)SCN(c2ccccc2)C1=O																							
https://envipath.org/package/5882df9c-dae1-4d80-a40e-db4724271456/compound/74ce0533-fb2d-42c6-a102-15c34f371923/structure/7f143531-c4a5-4f66-a6c0-b6c516be0028	BF11	Buprofezin	CC(C)N(C(=O)Nc1ccccc1)C(=O)NC(C)(C)C	https://envipath.org/package/5882df9c-dae1-4d80-a40e-db4724271456/scenario/c6af3f2c-e4ac-4abe-b2cb-68b18804f076	IIA, 7.1.1.2.1/02, Funayama, Sugimoto, 1982	no description				pH		&#176;C	11.0	mEq/100g						"""water content"""	60.0		Sandy loam			
https://envipath.org/package/5882df9c-dae1-4d80-a40e-db4724271456/compound/837880a7-3ca0-44bd-a8c0-cc33fc987f4c/structure/189b6054-d792-49d1-929f-6b7732b35aa2	CO2	Buprofezin	O=C=O	https://envipath.org/package/5882df9c-dae1-4d80-a40e-db4724271456/scenario/3cb66a22-84ef-4505-8143-db7eea3490ae	IIA 7.1.1.1.1/01, Singer, 1996	no description				pH		&#176;C	11.67	mEq/100g		44.0	74.0			WHC @ 0.33 bar	75.0		Sandy clay loam	58.4	18.4	23.2
https://envipath.org/package/5882df9c-dae1-4d80-a40e-db4724271456/compound/0e59ed9c-0c73-4c31-884a-ee362e8c016d/structure/0d1367e2-c650-4455-9243-96bf87aed567	BF19	Buprofezin	CC(C)(C)NC1=NC(=O)N(c2ccccc2)CS1	https://envipath.org/package/5882df9c-dae1-4d80-a40e-db4724271456/scenario/3cb66a22-84ef-4505-8143-db7eea3490ae	IIA 7.1.1.1.1/01, Singer, 1996	no description				pH		&#176;C	11.67	mEq/100g		44.0	74.0			WHC @ 0.33 bar	75.0		Sandy clay loam	58.4	18.4	23.2
https://envipath.org/package/5882df9c-dae1-4d80-a40e-db4724271456/compound/63dad58d-819f-40db-a97e-c554d2e27f0b/structure/3eb7d160-419e-489a-82c4-77922cc77a04	DNTBA 4-tert-butyl-2,6-dinitroaniline	Butralin	CC(C)(C)c1cc([N+](=O)[O-])c(N)c([N+](=O)[O-])c1	https://envipath.org/package/5882df9c-dae1-4d80-a40e-db4724271456/scenario/4f282a5b-878c-418d-9fa9-3f51925f9eab	IIA 7.1.1.1.1 /01 IIA 7.1.1.2.1 /01 IIIA 9.1.1.1 /01, Atkins, 1994	no description				pH		&#176;C	5.5	mEq/100g						FC @ 0.33 bar	75.0		Sandy loam	67.0	23.0	10.0
https://envipath.org/package/5882df9c-dae1-4d80-a40e-db4724271456/compound/837880a7-3ca0-44bd-a8c0-cc33fc987f4c/structure/189b6054-d792-49d1-929f-6b7732b35aa2	CO2	Butralin	O=C=O	https://envipath.org/package/5882df9c-dae1-4d80-a40e-db4724271456/scenario/4f282a5b-878c-418d-9fa9-3f51925f9eab	IIA 7.1.1.1.1 /01 IIA 7.1.1.2.1 /01 IIIA 9.1.1.1 /01, Atkins, 1994	no description				pH		&#176;C	5.5	mEq/100g						FC @ 0.33 bar	75.0		Sandy loam	67.0	23.0	10.0
https://envipath.org/package/5882df9c-dae1-4d80-a40e-db4724271456/compound/eb1f4fe1-d386-40be-aa35-6aaeee8ae5a1/structure/b11d6143-30ad-4887-b582-cf091b95c668	2-butane sulfonic acid	Cadusafos	CCC(C)S(=O)(=O)O	https://envipath.org/package/5882df9c-dae1-4d80-a40e-db4724271456/scenario/6f737bdb-c113-4953-b131-c5e1e59222ac	scenario 9	no description		Minor																		
https://envipath.org/package/5882df9c-dae1-4d80-a40e-db4724271456/compound/837880a7-3ca0-44bd-a8c0-cc33fc987f4c/structure/189b6054-d792-49d1-929f-6b7732b35aa2	CO2	Cadusafos	O=C=O	https://envipath.org/package/5882df9c-dae1-4d80-a40e-db4724271456/scenario/86cbd62b-1205-4d7d-b8b5-88cd6f1bde8f	IIA 7.1.1.1.1 /03, Singer, 1988	no description				pH		&#176;C	13.2	mEq/100g					 	FMC	75.0		Silt loam	22.4	52.4	25.2
https://envipath.org/package/5882df9c-dae1-4d80-a40e-db4724271456/compound/dabf189e-ad57-4ea8-a5ec-55db0576e7a8/structure/d13f2da5-e84f-4ce3-9238-2e5ba34eff26	Trichloromethanethiol	Captan	SC(Cl)(Cl)Cl																							
https://envipath.org/package/5882df9c-dae1-4d80-a40e-db4724271456/compound/837880a7-3ca0-44bd-a8c0-cc33fc987f4c/structure/189b6054-d792-49d1-929f-6b7732b35aa2	CO2	Captan	O=C=O	https://envipath.org/package/5882df9c-dae1-4d80-a40e-db4724271456/scenario/92c3ef3c-18ec-4ca6-a3d3-9cba758d9cf7	Annex 7.1.1.1.1/03	no description				pH													Sandy loam	67.0	17.0	16.0
https://envipath.org/package/5882df9c-dae1-4d80-a40e-db4724271456/compound/53614204-bcb8-4d99-96e0-3ecf9441e058/structure/2e1a9263-4c20-45a7-b7f1-ddf4529603be	THPI epoxid	Captan	O=C1NC(=O)C2CC3OC3CC12	https://envipath.org/package/5882df9c-dae1-4d80-a40e-db4724271456/scenario/92c3ef3c-18ec-4ca6-a3d3-9cba758d9cf7	Annex 7.1.1.1.1/03	no description				pH													Sandy loam	67.0	17.0	16.0
https://envipath.org/package/5882df9c-dae1-4d80-a40e-db4724271456/compound/847ae922-b64d-4586-ac06-82c8cbc05063/structure/268c5934-a282-4945-a88d-6778a36f1767	THPAI	Captan	O=C(O)C1CC=CCC1C(=O)O	https://envipath.org/package/5882df9c-dae1-4d80-a40e-db4724271456/scenario/92c3ef3c-18ec-4ca6-a3d3-9cba758d9cf7	Annex 7.1.1.1.1/03	no description				pH													Sandy loam	67.0	17.0	16.0
https://envipath.org/package/5882df9c-dae1-4d80-a40e-db4724271456/compound/80913422-6581-4166-a2c0-5f298b9c6922/structure/88f8e6fc-79e6-48c5-bf5e-84503c1755a9	THPI Diol	Captan	O=C1NC(=O)C2CC(O)C(O)CC12																							
https://envipath.org/package/5882df9c-dae1-4d80-a40e-db4724271456/compound/52c2d3b7-d72f-41d1-b372-45d971a7154e/structure/65102e95-cd0b-47bd-b5b9-c6e918c78b11	NQ	Carbaryl	O=C1C=CC(=O)c2ccccc21																							
https://envipath.org/package/5882df9c-dae1-4d80-a40e-db4724271456/compound/437b0fa2-bdbf-45df-9c69-d710a99d420f/structure/ea65029e-0944-4232-a448-a1ff223fd0d8	1-napthyl-(hydroxymethyl)-carbamate MC	Carbaryl	O=C(NCO)Oc1cccc2ccccc12	https://envipath.org/package/5882df9c-dae1-4d80-a40e-db4724271456/scenario/5b0b2e07-09e9-4499-b975-7705d8babcad	IIA 7.1.1.1.1/01, Miller, 1993b	no description				pH		&#176;C	1.9	mEq/100g						FMC	75.0		Sandy loam	77.0	10.0	13.0
https://envipath.org/package/5882df9c-dae1-4d80-a40e-db4724271456/compound/7abdf20d-38f2-4da2-afbd-7d9efb028cb2/structure/89afed3f-e640-4815-a2a8-61166a534516	1,4-Dihydroxynaphthalene	Carbaryl	Oc1ccc(O)c2ccccc12																							
https://envipath.org/package/5882df9c-dae1-4d80-a40e-db4724271456/compound/837880a7-3ca0-44bd-a8c0-cc33fc987f4c/structure/189b6054-d792-49d1-929f-6b7732b35aa2	CO2	Carbaryl	O=C=O	https://envipath.org/package/5882df9c-dae1-4d80-a40e-db4724271456/scenario/a622c3b4-75af-4071-8b3c-69dcbbb328ea	IIA 7.1.1.1.1/02, Oddy	no description				pH		&#176;C								WHC @ 0.33 bar			Clay loam	7.99	48.6	3.42
https://envipath.org/package/5882df9c-dae1-4d80-a40e-db4724271456/compound/0b1b0b11-c19b-46d1-be85-3339be521106/structure/16300d20-55a3-42f4-b7a0-e301ecb4b1c3	1-Napthol	Carbaryl	Oc1cccc2ccccc12	https://envipath.org/package/5882df9c-dae1-4d80-a40e-db4724271456/scenario/a622c3b4-75af-4071-8b3c-69dcbbb328ea	IIA 7.1.1.1.1/02, Oddy	no description				pH		&#176;C								WHC @ 0.33 bar			Clay loam	7.99	48.6	3.42
https://envipath.org/package/5882df9c-dae1-4d80-a40e-db4724271456/compound/837880a7-3ca0-44bd-a8c0-cc33fc987f4c/structure/189b6054-d792-49d1-929f-6b7732b35aa2	CO2	Carbendazim	O=C=O	https://envipath.org/package/5882df9c-dae1-4d80-a40e-db4724271456/scenario/b3cf34e7-c69e-4ceb-a639-4a3ae7783439	Gildemeister, H. Jordan, H.J. & Remmert, U. (1981)	no description				pH		&#176;C							 	MWHC	40.0		Sand			
https://envipath.org/package/5882df9c-dae1-4d80-a40e-db4724271456/compound/53b22ee2-a22f-49c9-ab8a-679005eddd38/structure/8c41c22c-2ea3-4709-94da-e90c0f37d21e	2-AB (2-Amine-1H-benzimidazole)	Carbendazim	Nc1nc2ccccc2[nH]1	https://envipath.org/package/5882df9c-dae1-4d80-a40e-db4724271456/scenario/b3cf34e7-c69e-4ceb-a639-4a3ae7783439	Gildemeister, H. Jordan, H.J. & Remmert, U. (1981)	no description				pH		&#176;C							 	MWHC	40.0		Sand			
https://envipath.org/package/5882df9c-dae1-4d80-a40e-db4724271456/compound/cbd9060a-b57b-4446-87a9-c8addb66915f/structure/5c3bb44a-fb13-4185-9c89-a78e38aee730	RP 12913	Carbetamide	CC1OC(=O)N(c2ccccc2)C1=O	https://envipath.org/package/5882df9c-dae1-4d80-a40e-db4724271456/scenario/107ac2b2-2a22-4445-9882-5e8d5d146d2b	Annex B.8.1.1.1, Ambrosi D., Desmoras J. (1978)	no description				pH		&#176;C	27.3	mEq/100g						0.33 bar	75.0		Silty clay loam	9.3	52.7	38.0
https://envipath.org/package/5882df9c-dae1-4d80-a40e-db4724271456/compound/837880a7-3ca0-44bd-a8c0-cc33fc987f4c/structure/189b6054-d792-49d1-929f-6b7732b35aa2	CO2	Carbetamide	O=C=O	https://envipath.org/package/5882df9c-dae1-4d80-a40e-db4724271456/scenario/107ac2b2-2a22-4445-9882-5e8d5d146d2b	Annex B.8.1.1.1, Ambrosi D., Desmoras J. (1978)	no description				pH		&#176;C	27.3	mEq/100g						0.33 bar	75.0		Silty clay loam	9.3	52.7	38.0
https://envipath.org/package/5882df9c-dae1-4d80-a40e-db4724271456/compound/8f02d71a-c959-402d-91f7-c871a88882b4/structure/7e0d6c79-d1b3-44a9-977f-265477b70ca1	RP 10810	Carbetamide	CC(OC(=O)Nc1ccccc1)C(=O)NC(=O)O	https://envipath.org/package/5882df9c-dae1-4d80-a40e-db4724271456/scenario/107ac2b2-2a22-4445-9882-5e8d5d146d2b	Annex B.8.1.1.1, Ambrosi D., Desmoras J. (1978)	no description				pH		&#176;C	27.3	mEq/100g						0.33 bar	75.0		Silty clay loam	9.3	52.7	38.0
https://envipath.org/package/5882df9c-dae1-4d80-a40e-db4724271456/compound/6d01b6b2-6bdc-452b-b815-bfbc8c867c33/structure/20d85789-c6a1-42d3-97bd-833a06ef925c	RP 29922	Carbetamide	CC1OC(=O)N(c2ccc(O)cc2)C1=O	https://envipath.org/package/5882df9c-dae1-4d80-a40e-db4724271456/scenario/107ac2b2-2a22-4445-9882-5e8d5d146d2b	Annex B.8.1.1.1, Ambrosi D., Desmoras J. (1978)	no description				pH		&#176;C	27.3	mEq/100g						0.33 bar	75.0		Silty clay loam	9.3	52.7	38.0
https://envipath.org/package/5882df9c-dae1-4d80-a40e-db4724271456/compound/19f1af04-347e-4bcc-b1cb-6996f7566d94/structure/b188f27c-4537-4fdf-9ce6-1e9afa496d95	RP 39791	Carbetamide	CC(O)C(=O)Nc1ccccc1	https://envipath.org/package/5882df9c-dae1-4d80-a40e-db4724271456/scenario/107ac2b2-2a22-4445-9882-5e8d5d146d2b	Annex B.8.1.1.1, Ambrosi D., Desmoras J. (1978)	no description				pH		&#176;C	27.3	mEq/100g						0.33 bar	75.0		Silty clay loam	9.3	52.7	38.0
https://envipath.org/package/5882df9c-dae1-4d80-a40e-db4724271456/compound/20b99649-55bc-415b-b464-1f5623b02f8e/structure/b9e32b93-b988-4cb9-bd18-e4295ef3613f	3-keto-7-phenol	Carbofuran	CC1(C)Oc2c(O)cccc2C1=O	https://envipath.org/package/5882df9c-dae1-4d80-a40e-db4724271456/scenario/f9da9f7c-f8c8-41fc-9788-7a937c1e5bbf	IIA 7.1.1.1.1/05, Matt, 1986	no description				pH		&#176;C	3.3	mEq/100g						FMC @ 1/3 bar	75.0		Sandy loam	64.4	16.4	19.2
https://envipath.org/package/5882df9c-dae1-4d80-a40e-db4724271456/compound/837880a7-3ca0-44bd-a8c0-cc33fc987f4c/structure/189b6054-d792-49d1-929f-6b7732b35aa2	CO2	Carbofuran	O=C=O	https://envipath.org/package/5882df9c-dae1-4d80-a40e-db4724271456/scenario/39ab3d82-7da4-4986-8a1a-8f27a99487fb	II A  7.1.1.1.1/01, VÃ¶lkl, 2002	no description				pH		&#176;C	10.0	mEq/100g		13.7	19.6			MWHC	40.0		Sandy loam	57.8	33.3	9.0
https://envipath.org/package/5882df9c-dae1-4d80-a40e-db4724271456/compound/f2bb2ed1-efa5-40f3-8d38-aa5d27998d00/structure/2315f92d-c3d7-4ed0-b43b-7236fe069ae4	3-OH-7-phenol	Carbofuran	CC1(C)Oc2c(O)cccc2C1O	https://envipath.org/package/5882df9c-dae1-4d80-a40e-db4724271456/scenario/f9da9f7c-f8c8-41fc-9788-7a937c1e5bbf	IIA 7.1.1.1.1/05, Matt, 1986	no description				pH		&#176;C	3.3	mEq/100g						FMC @ 1/3 bar	75.0		Sandy loam	64.4	16.4	19.2
https://envipath.org/package/5882df9c-dae1-4d80-a40e-db4724271456/compound/f71f2a92-5226-4e5c-af5e-bf9d10079588/structure/3a4678f9-55aa-4f79-be03-b0d872f9f6e6	3-OH-carbosulfan	Carbosulfan	CCCCN(CCCC)S(=O)(=O)N(C)C(=O)Oc1cccc2c1OC(C)(C)C2O	https://envipath.org/package/5882df9c-dae1-4d80-a40e-db4724271456/scenario/450dfd89-bae3-4b14-8b85-e1c5fb3a2e1f	IIA 7.1.1.1.1/04, Markle, 1981b	no description				pH		&#176;C	13.1	mEq/100g					 	FC	60.0		Silt loam	16.6	58.2	25.2
https://envipath.org/package/5882df9c-dae1-4d80-a40e-db4724271456/compound/837880a7-3ca0-44bd-a8c0-cc33fc987f4c/structure/189b6054-d792-49d1-929f-6b7732b35aa2	CO2	Carbosulfan	O=C=O	https://envipath.org/package/5882df9c-dae1-4d80-a40e-db4724271456/scenario/b32155ea-4f77-4428-b308-88bcc0ee5fae	IIA 7.1.1.1.1/01, Baumann, 2002	no description				pH		&#176;C	14.5	mEq/100g		266.25	140.19			MWHC	40.0		Loam	46.0	30.7	23.3
https://envipath.org/package/5882df9c-dae1-4d80-a40e-db4724271456/compound/e8d09bb4-b56c-40e6-b497-d802e530eaee/structure/50339fa2-80df-4a6b-b4cb-75b4764830f8	Carbofuran	Carbosulfan	CNC(=O)Oc1cccc2c1OC(C)(C)C2	https://envipath.org/package/5882df9c-dae1-4d80-a40e-db4724271456/scenario/b32155ea-4f77-4428-b308-88bcc0ee5fae	IIA 7.1.1.1.1/01, Baumann, 2002	no description				pH		&#176;C	14.5	mEq/100g		266.25	140.19			MWHC	40.0		Loam	46.0	30.7	23.3
https://envipath.org/package/5882df9c-dae1-4d80-a40e-db4724271456/compound/7515a622-8518-493e-9e8c-673271d165bd/structure/c0b2f8fc-d578-40d7-83e9-7b99db2dc508	3-keto-carbosulfan	Carbosulfan	CCCCN(CCCC)S(=O)(=O)N(C)C(=O)Oc1cccc2c1OC(C)(C)C2=O	https://envipath.org/package/5882df9c-dae1-4d80-a40e-db4724271456/scenario/450dfd89-bae3-4b14-8b85-e1c5fb3a2e1f	IIA 7.1.1.1.1/04, Markle, 1981b	no description				pH		&#176;C	13.1	mEq/100g					 	FC	60.0		Silt loam	16.6	58.2	25.2
https://envipath.org/package/5882df9c-dae1-4d80-a40e-db4724271456/compound/302a374f-4e49-4d20-acec-9ca3d3cac21f/structure/252fd54b-ce8e-489e-84db-c80f97f184e9	Carbosulfan-sulfone	Carbosulfan	CCCCN(CCCC)S(=O)(=O)N(C)C(=O)Oc1cccc2c1OC(C)(C)C2	https://envipath.org/package/5882df9c-dae1-4d80-a40e-db4724271456/scenario/450dfd89-bae3-4b14-8b85-e1c5fb3a2e1f	IIA 7.1.1.1.1/04, Markle, 1981b	no description				pH		&#176;C	13.1	mEq/100g					 	FC	60.0		Silt loam	16.6	58.2	25.2
https://envipath.org/package/5882df9c-dae1-4d80-a40e-db4724271456/compound/b3506416-f866-44d3-aed4-30b4be399c60/structure/1467f8f7-e86d-4e91-8642-bcde2f5ce39c	M5/M7, diastereomers	Carboxin	CC1(O)OCCSC1C(=O)Nc1ccccc1	https://envipath.org/package/5882df9c-dae1-4d80-a40e-db4724271456/scenario/e9f5c6d3-4957-49ec-adfb-5224bce32fea	IIA 7.1.1.1.1/01, Mamouni, 2004, 7.1.1.2.1/01, Wanner, 2004b	no description				pH		&#176;C	24.8	mEq/100g		440.0	385.0			MWHC	40.0		Clay loam	34.0	28.8	37.2
https://envipath.org/package/5882df9c-dae1-4d80-a40e-db4724271456/compound/c5e4ce09-4f02-4786-b70b-441832a33033/structure/e5e4c3bc-0773-4e0e-8d77-fb7cd5341a70	M17	Carboxin	O=C(CS(=O)CCO)Nc1ccccc1	https://envipath.org/package/5882df9c-dae1-4d80-a40e-db4724271456/scenario/c33b5e29-2637-4ebf-89fc-5e101572751d	Additional report, IIA 7.1.1.1.1/06, Mamouni, 2007	no description				pH		&#176;C	7.9	mEq/100g		140.0	240.0			WHC at MWC	40.0		Sandy loam	75.1	15.1	9.8
https://envipath.org/package/5882df9c-dae1-4d80-a40e-db4724271456/compound/5b1e90fe-b53d-4cac-b005-d0d0825ecc47/structure/26ddd548-1881-4a31-b5e5-cd69cc402646	M12-P	Carboxin	O=C(O)C(O)C(=O)Nc1ccccc1	https://envipath.org/package/5882df9c-dae1-4d80-a40e-db4724271456/scenario/c33b5e29-2637-4ebf-89fc-5e101572751d	Additional report, IIA 7.1.1.1.1/06, Mamouni, 2007	no description				pH		&#176;C	7.9	mEq/100g		140.0	240.0			WHC at MWC	40.0		Sandy loam	75.1	15.1	9.8
https://envipath.org/package/5882df9c-dae1-4d80-a40e-db4724271456/compound/837880a7-3ca0-44bd-a8c0-cc33fc987f4c/structure/189b6054-d792-49d1-929f-6b7732b35aa2	CO2	Carboxin	O=C=O	https://envipath.org/package/5882df9c-dae1-4d80-a40e-db4724271456/scenario/e9f5c6d3-4957-49ec-adfb-5224bce32fea	IIA 7.1.1.1.1/01, Mamouni, 2004, 7.1.1.2.1/01, Wanner, 2004b	no description				pH		&#176;C	24.8	mEq/100g		440.0	385.0			MWHC	40.0		Clay loam	34.0	28.8	37.2
https://envipath.org/package/5882df9c-dae1-4d80-a40e-db4724271456/compound/9c7fd746-a380-4509-a58d-9fc55997fded/structure/877bea11-d056-44cf-a595-646a33ceb758	M1 (P/V-10)	Carboxin	C=CS(=O)(=O)CC(=O)Nc1ccccc1	https://envipath.org/package/5882df9c-dae1-4d80-a40e-db4724271456/scenario/e9f5c6d3-4957-49ec-adfb-5224bce32fea	IIA 7.1.1.1.1/01, Mamouni, 2004, 7.1.1.2.1/01, Wanner, 2004b	no description				pH		&#176;C	24.8	mEq/100g		440.0	385.0			MWHC	40.0		Clay loam	34.0	28.8	37.2
https://envipath.org/package/5882df9c-dae1-4d80-a40e-db4724271456/compound/178fc504-ebcc-481e-85b6-341343e3dda7/structure/98f96c1a-b53e-472c-b48e-b3004bd44457	M8 additional	Carboxin	CC1OCCS(=O)C1(O)C(=O)Nc1ccccc1	https://envipath.org/package/5882df9c-dae1-4d80-a40e-db4724271456/scenario/c33b5e29-2637-4ebf-89fc-5e101572751d	Additional report, IIA 7.1.1.1.1/06, Mamouni, 2007	no description				pH		&#176;C	7.9	mEq/100g		140.0	240.0			WHC at MWC	40.0		Sandy loam	75.1	15.1	9.8
https://envipath.org/package/5882df9c-dae1-4d80-a40e-db4724271456/compound/7856249f-c363-4f1f-a83a-c888c41ac642/structure/dbc36b64-09c8-40bd-b293-9787b5a52a56	M8	Carboxin	CSC(=O)C(=O)Nc1ccccc1	https://envipath.org/package/5882df9c-dae1-4d80-a40e-db4724271456/scenario/e9f5c6d3-4957-49ec-adfb-5224bce32fea	IIA 7.1.1.1.1/01, Mamouni, 2004, 7.1.1.2.1/01, Wanner, 2004b	no description				pH		&#176;C	24.8	mEq/100g		440.0	385.0			MWHC	40.0		Clay loam	34.0	28.8	37.2
https://envipath.org/package/5882df9c-dae1-4d80-a40e-db4724271456/compound/850fedf9-a16e-480a-a20c-005c35ec0fc5/structure/da52be54-ece8-422b-b6de-ad18975c6568	PH-3, P/V-05	Carboxin	C=CS(=O)CC(=O)Nc1ccccc1	https://envipath.org/package/5882df9c-dae1-4d80-a40e-db4724271456/scenario/5b5c3e72-9901-4d79-ab79-2a5edfcb78cf	Wanner, 2004a	no description				pH		&#176;C	9.08	mEq/100g		218.0	218.0			WHC @ pF2.5, moisture in study 44% MWHC	44.0		Sandy loam	77.8	2.78	9.34
https://envipath.org/package/5882df9c-dae1-4d80-a40e-db4724271456/compound/2f75cf1b-79d5-4bf8-8ea0-7e19a64efc87/structure/41b0372f-3401-4ecf-a26e-513e46989f63	M6	Carboxin	CC(=O)OCCSC(=O)C(=O)Nc1ccccc1																							
https://envipath.org/package/5882df9c-dae1-4d80-a40e-db4724271456/compound/837880a7-3ca0-44bd-a8c0-cc33fc987f4c/structure/189b6054-d792-49d1-929f-6b7732b35aa2	CO2	Carfentrazone-ethyl	O=C=O	https://envipath.org/package/5882df9c-dae1-4d80-a40e-db4724271456/scenario/1f2a64df-3240-486c-82da-b9d46e584670	Goodyear A. (1995a)	no description				pH		&#176;C				218.0	218.0			FC at 0,33bar	75.0	FC at 0,33bar	Loamy sand	85.9	9.3	4.8
https://envipath.org/package/5882df9c-dae1-4d80-a40e-db4724271456/compound/94684405-6978-433a-a943-05f60e21cd73/structure/dc8b9e0b-2c12-45de-ae1b-5e2dd64c4517	3-hydroxymethyl-F8426-chloropropionic acid	Carfentrazone-ethyl	O=C(O)C(Cl)Cc1cc(-n2nc(CO)n(C(F)F)c2=O)c(F)cc1Cl	https://envipath.org/package/5882df9c-dae1-4d80-a40e-db4724271456/scenario/ac6de8d8-02b8-49a7-8efd-50e54e2354d2	Goodyear A. (1995a)	no description		Minor		pH		&#176;C				218.0	218.0			FC at 0,33bar	50.0	FC at 0,33bar	Loamy sand	85.9	9.3	4.8
https://envipath.org/package/5882df9c-dae1-4d80-a40e-db4724271456/compound/229754d8-ae13-47c3-adaa-84fa4af72746/structure/1b40f6fe-d650-4036-a182-7129e338b35c	3-hydroxymethyl-F8426-cinnamic acid	Carfentrazone-ethyl	O=C(O)C=Cc1cc(-n2nc(CO)n(C(F)F)c2=O)c(F)cc1Cl	https://envipath.org/package/5882df9c-dae1-4d80-a40e-db4724271456/scenario/f5edc637-705b-41c4-ae0b-575fb434bff9	Oddy A. (2014)	no description				pH		&#176;C	19.3	mEq/100g		416.0	335.0			WHC at pF2	100.0	WHC at pF2	Clay	35.0	24.0	41.0
https://envipath.org/package/5882df9c-dae1-4d80-a40e-db4724271456/compound/a55ff09e-153c-4364-aac1-eda7d7f14aac/structure/ef8a06e8-f1ad-4ab7-818e-fb9dd862d990	3-hydroxymethyl-F8246-propionic acid	Carfentrazone-ethyl	O=C(O)CCc1cc(-n2nc(CO)n(C(F)F)c2=O)c(F)cc1Cl	https://envipath.org/package/5882df9c-dae1-4d80-a40e-db4724271456/scenario/01b7fb0f-71c0-4dc6-92d5-5230905d87bd	Oddy A. (2014)	no description		Major		pH		&#176;C	8.8	mEq/100g		201.0	233.0			WHC at pF2	100.0	WHC at pF2	Loamy sand	83.0	10.0	7.0
https://envipath.org/package/5882df9c-dae1-4d80-a40e-db4724271456/compound/837880a7-3ca0-44bd-a8c0-cc33fc987f4c/structure/189b6054-d792-49d1-929f-6b7732b35aa2	CO2	Chlorantraniliprole	O=C=O	https://envipath.org/package/5882df9c-dae1-4d80-a40e-db4724271456/scenario/9a8b3852-2ab8-4a2f-9844-175697e18bb7	Berg, D.S. & Singles, S.K. (2006)	no description				pH		&#176;C	5.63	mEq/100g						moisture at 0 bar	50.0		Sandy loam	72.0	20.0	8.0
https://envipath.org/package/5882df9c-dae1-4d80-a40e-db4724271456/compound/75dc7551-c83a-4a62-a338-ce2192950f7f/structure/b6e2f6bb-8d60-4444-a499-c8aa8b1618ec	IN-F9N04	Chlorantraniliprole	Cc1cc(Cl)cc(C(N)=O)c1NC(=O)c1cc(Br)nn1-c1ncccc1Cl	https://envipath.org/package/5882df9c-dae1-4d80-a40e-db4724271456/scenario/9a8b3852-2ab8-4a2f-9844-175697e18bb7	Berg, D.S. & Singles, S.K. (2006)	no description				pH		&#176;C	5.63	mEq/100g						moisture at 0 bar	50.0		Sandy loam	72.0	20.0	8.0
https://envipath.org/package/5882df9c-dae1-4d80-a40e-db4724271456/compound/67e0f98b-2810-439c-be40-fbd06dc150c6/structure/b34d4a34-6f0e-4641-8977-40cf35f91f4f	IN-EVK64	Chlorantraniliprole	O=C(O)c1cc(Br)n[nH]1	https://envipath.org/package/5882df9c-dae1-4d80-a40e-db4724271456/scenario/e817cb50-21d0-4c2e-8337-cc4fb0cd561d	Berg, D.S. & Singles, S.K. (2006)	no description				pH		&#176;C	5.63	mEq/100g						moisture at 0 bar	50.0		Sandy loam	72.0	20.0	8.0
https://envipath.org/package/5882df9c-dae1-4d80-a40e-db4724271456/compound/837880a7-3ca0-44bd-a8c0-cc33fc987f4c/structure/189b6054-d792-49d1-929f-6b7732b35aa2	CO2	Chloridazon	O=C=O	https://envipath.org/package/5882df9c-dae1-4d80-a40e-db4724271456/scenario/54a47388-bf0e-4d54-ae2b-78916dd88e5d	Annex IIA 7.1.1.1.1/5, Bayer H. (2003)	no description				pH			13.0	mEq/100g		447.0	447.0			Field capacity at 0.33bar	40.0		Sandy loam	70.4	20.1	9.5
https://envipath.org/package/5882df9c-dae1-4d80-a40e-db4724271456/compound/837880a7-3ca0-44bd-a8c0-cc33fc987f4c/structure/189b6054-d792-49d1-929f-6b7732b35aa2	CO2	Chlormequat	O=C=O																							
https://envipath.org/package/5882df9c-dae1-4d80-a40e-db4724271456/compound/8797b51e-be83-48e1-82db-612c84006fdf/structure/940bfe36-513e-458e-b9cc-999b76b87d6f	Chloride	Chloropicrin	[Cl-]	https://envipath.org/package/5882df9c-dae1-4d80-a40e-db4724271456/scenario/c719eb1c-b19e-4fcf-824d-4423d9c30957	Hatton, Shepler, Ruzo, 1995	no description				pH		&#176;C	12.46	mEq/100g						field capacity at 0.33 bar	75.0		Sandy loam	53.2	27.2	19.6
https://envipath.org/package/5882df9c-dae1-4d80-a40e-db4724271456/compound/c28020cf-8ccf-43ac-8c5b-70e4e5f1ac0b/structure/a69cd924-7e6f-4788-8893-2095e6b9a83b	Dichloronitromethane	Chloropicrin	O=[N+]([O-])C(Cl)Cl																							
https://envipath.org/package/5882df9c-dae1-4d80-a40e-db4724271456/compound/55acf3f0-6255-4ad2-81be-c8aed838dc65/structure/95325f28-1f15-4afe-8722-0d53a0cf32cd	Nitromethane	Chloropicrin	C[N+](=O)[O-]	https://envipath.org/package/5882df9c-dae1-4d80-a40e-db4724271456/scenario/c719eb1c-b19e-4fcf-824d-4423d9c30957	Hatton, Shepler, Ruzo, 1995	no description				pH		&#176;C	12.46	mEq/100g						field capacity at 0.33 bar	75.0		Sandy loam	53.2	27.2	19.6
https://envipath.org/package/5882df9c-dae1-4d80-a40e-db4724271456/compound/837880a7-3ca0-44bd-a8c0-cc33fc987f4c/structure/189b6054-d792-49d1-929f-6b7732b35aa2	CO2	Chloropicrin	O=C=O	https://envipath.org/package/5882df9c-dae1-4d80-a40e-db4724271456/scenario/c719eb1c-b19e-4fcf-824d-4423d9c30957	Hatton, Shepler, Ruzo, 1995	no description				pH		&#176;C	12.46	mEq/100g						field capacity at 0.33 bar	75.0		Sandy loam	53.2	27.2	19.6
https://envipath.org/package/5882df9c-dae1-4d80-a40e-db4724271456/compound/1784894a-3cca-4cf4-9109-c0eb94e4c2f0/structure/186e6462-de87-4c86-9b49-2de1d1d40ef0	Carbonate	Chloropicrin	O=C([O-])[O-]	https://envipath.org/package/5882df9c-dae1-4d80-a40e-db4724271456/scenario/c719eb1c-b19e-4fcf-824d-4423d9c30957	Hatton, Shepler, Ruzo, 1995	no description				pH		&#176;C	12.46	mEq/100g						field capacity at 0.33 bar	75.0		Sandy loam	53.2	27.2	19.6
https://envipath.org/package/5882df9c-dae1-4d80-a40e-db4724271456/compound/d491f05e-8e1d-4192-8715-d15632e352cd/structure/52389ee8-d33f-4dc7-bc50-e3f0c62812e4	Chloronitromethane	Chloropicrin	O=[N+]([O-])CCl	https://envipath.org/package/5882df9c-dae1-4d80-a40e-db4724271456/scenario/c719eb1c-b19e-4fcf-824d-4423d9c30957	Hatton, Shepler, Ruzo, 1995	no description				pH		&#176;C	12.46	mEq/100g						field capacity at 0.33 bar	75.0		Sandy loam	53.2	27.2	19.6
https://envipath.org/package/5882df9c-dae1-4d80-a40e-db4724271456/compound/6f28950c-bbec-4086-8d5e-d2bb0a220a57/structure/54eb11ad-b920-47a7-ae86-dcbb2b9c183a	IN-F5475	Chlorsulfuron	Cc1nc(O)nc(O)n1	https://envipath.org/package/5882df9c-dae1-4d80-a40e-db4724271456/scenario/777af6f8-49bb-4572-960e-aabe215d0bf0	Ryan, D.L. & McMillan, J.A. (2002)	no description				pH		&#176;C	11.3	mEq/100g		17.7	20.0			MWHC, humidity stated as being 42% of 0 bar 	42.0		Loam	48.4	30.4	21.2
https://envipath.org/package/5882df9c-dae1-4d80-a40e-db4724271456/compound/837880a7-3ca0-44bd-a8c0-cc33fc987f4c/structure/189b6054-d792-49d1-929f-6b7732b35aa2	CO2	Chlorsulfuron	O=C=O	https://envipath.org/package/5882df9c-dae1-4d80-a40e-db4724271456/scenario/60b08f62-b0dd-432d-b828-8fd5cc92ecf6	Hatzenbeler, C.J. (2002)	no description				pH		&#176;C	17.22	mEq/100g		270.0	266.0			WHC @ 0 bar	50.0		Clay loam	20.8	48.8	30.4
https://envipath.org/package/5882df9c-dae1-4d80-a40e-db4724271456/compound/d01bed44-505e-4de4-84c5-91caaf0ed9b4/structure/cbfc96f9-1051-455a-baed-20c4906b37c1	IN-M6957	Chlorsulfuron	Cc1nc(O)nc(NC(=O)NS(=O)(=O)c2ccccc2Cl)n1	https://envipath.org/package/5882df9c-dae1-4d80-a40e-db4724271456/scenario/777af6f8-49bb-4572-960e-aabe215d0bf0	Ryan, D.L. & McMillan, J.A. (2002)	no description				pH		&#176;C	11.3	mEq/100g		17.7	20.0			MWHC, humidity stated as being 42% of 0 bar 	42.0		Loam	48.4	30.4	21.2
https://envipath.org/package/5882df9c-dae1-4d80-a40e-db4724271456/compound/736293d5-636b-490b-9ad3-7a1024d047ca/structure/9535b7a2-7f2a-480e-9228-093f5032b3bb	Int.1	Chlorsulfuron	CC(=O)N=C(O)N=C(N)NC(=O)NS(=O)(=O)c1ccccc1Cl																							
https://envipath.org/package/5882df9c-dae1-4d80-a40e-db4724271456/compound/d06dd934-15d6-4690-a379-903b3398a530/structure/424e7175-23c1-45fb-b117-9a956577ac7f	O-desmethyl triazine amine (IN-B5528)	Chlorsulfuron	Cc1nc(N)nc(O)n1	https://envipath.org/package/5882df9c-dae1-4d80-a40e-db4724271456/scenario/777af6f8-49bb-4572-960e-aabe215d0bf0	Ryan, D.L. & McMillan, J.A. (2002)	no description				pH		&#176;C	11.3	mEq/100g		17.7	20.0			MWHC, humidity stated as being 42% of 0 bar 	42.0		Loam	48.4	30.4	21.2
https://envipath.org/package/5882df9c-dae1-4d80-a40e-db4724271456/compound/167cf982-c1ea-4b29-aaa7-54e4c925465a/structure/7e70af71-af67-486c-b805-c6161fd67b9a	IN-F5475 hydrated	Chlorsulfuron	CC(=O)NC(=O)NC(N)=O																							
https://envipath.org/package/5882df9c-dae1-4d80-a40e-db4724271456/compound/61951402-056f-4a5c-98f0-85ca2ee27c48/structure/75384dfc-d6d8-4e87-b893-6193dab4be39	IN-V7160	Chlorsulfuron	COc1nc(C)nc(NC(N)=O)n1	https://envipath.org/package/5882df9c-dae1-4d80-a40e-db4724271456/scenario/777af6f8-49bb-4572-960e-aabe215d0bf0	Ryan, D.L. & McMillan, J.A. (2002)	no description				pH		&#176;C	11.3	mEq/100g		17.7	20.0			MWHC, humidity stated as being 42% of 0 bar 	42.0		Loam	48.4	30.4	21.2
https://envipath.org/package/5882df9c-dae1-4d80-a40e-db4724271456/compound/03c6106b-31af-4243-826a-e834dae2bfeb/structure/8590bffc-e902-4b77-a481-b618b54458a7	MPA Monomethyltetrachloroterephtalate	Chlorthal-dimethyl	COC(=O)c1c(Cl)c(Cl)c(C(=O)O)c(Cl)c1Cl	https://envipath.org/package/5882df9c-dae1-4d80-a40e-db4724271456/scenario/7c839d25-9913-443a-9e00-35931354cc21	7.1.1.1.1/01, Duane, Stallard, 1976a	no description				pH		&#176;C								moisture @ 0.33 bar, experimental humidity always â¥ 80%	80.0		Sandy loam	61.3	8.3	30.4
https://envipath.org/package/5882df9c-dae1-4d80-a40e-db4724271456/compound/837880a7-3ca0-44bd-a8c0-cc33fc987f4c/structure/189b6054-d792-49d1-929f-6b7732b35aa2	CO2	Chlorthal-dimethyl	O=C=O	https://envipath.org/package/5882df9c-dae1-4d80-a40e-db4724271456/scenario/5e73f501-d2a3-4a86-9871-77d4aec289d2	7.1.2/05, Swales, 2003a	no description				pH		&#176;C	20.2	mEq/100g		306.92	306.92			WHC pF 0, experimental humidity stated as being 45% MWHC	45.0		Silty clay loam	18.0	63.0	19.0
https://envipath.org/package/5882df9c-dae1-4d80-a40e-db4724271456/compound/bac59e3e-dd9f-45de-b697-60f3e60c4dc9/structure/1b40b614-f874-4e22-a805-9691edbdbd2a	M-006	Chromafenozide	Cc1cc(C)cc(C(=O)N(NC(=O)c2ccc3c(c2C)CCC(=O)O3)C(C)(C)C)c1	https://envipath.org/package/5882df9c-dae1-4d80-a40e-db4724271456/scenario/b8757291-93ad-42a2-9e33-04f7e4c8a77a	7.1.1.1.1/02, Bashir, 1998a	no description				pH		&#176;C	10.2	mEq/100g						FMC @ 0.33 bar	75.0		Silt loam	38.8	50.4	10.8
https://envipath.org/package/5882df9c-dae1-4d80-a40e-db4724271456/compound/2a2176d3-a0cc-45af-9e08-d2ea1b9db275/structure/f42977d3-74be-4d44-8dc3-3d719dc377b5	M-023	Chromafenozide	Cc1cc(C(=O)O)cc(C(=O)N(NC(=O)c2ccc3c(c2C)C(O)CCO3)C(C)(C)C)c1	https://envipath.org/package/5882df9c-dae1-4d80-a40e-db4724271456/scenario/b8757291-93ad-42a2-9e33-04f7e4c8a77a	7.1.1.1.1/02, Bashir, 1998a	no description				pH		&#176;C	10.2	mEq/100g						FMC @ 0.33 bar	75.0		Silt loam	38.8	50.4	10.8
https://envipath.org/package/5882df9c-dae1-4d80-a40e-db4724271456/compound/fb11966b-2b8f-46c8-aaf6-552358016a9f/structure/029440ae-1046-4719-8c9f-41d76e3c8b17	M1 / M-010	Chromafenozide	Cc1cc(C)cc(C(=O)N(NC(=O)c2ccc3c(c2C)C(O)CCO3)C(C)(C)C)c1	https://envipath.org/package/5882df9c-dae1-4d80-a40e-db4724271456/scenario/3724d493-f05a-44f1-91fa-cdc615369a8c	7.1.1.1.1/01, van der Gaauw, 2003	no description				pH		&#176;C	10.0	mEq/100g		166.0	109.0			MWC pF1.0	40.0		Sandy loam	57.8	33.3	9.0
https://envipath.org/package/5882df9c-dae1-4d80-a40e-db4724271456/compound/837880a7-3ca0-44bd-a8c0-cc33fc987f4c/structure/189b6054-d792-49d1-929f-6b7732b35aa2	CO2	Chromafenozide	O=C=O	https://envipath.org/package/5882df9c-dae1-4d80-a40e-db4724271456/scenario/3724d493-f05a-44f1-91fa-cdc615369a8c	7.1.1.1.1/01, van der Gaauw, 2003	no description				pH		&#176;C	10.0	mEq/100g		166.0	109.0			MWC pF1.0	40.0		Sandy loam	57.8	33.3	9.0
https://envipath.org/package/5882df9c-dae1-4d80-a40e-db4724271456/compound/2446662d-34a8-46e3-b68d-db5c766b72cd/structure/9ab1700e-4771-4970-bc42-1da9fbf243bc	Clethodim imine sulfoxide	Clethodim	CCC(=N)C1=C(O)CC(CC(C)S(=O)CC)CC1=O	https://envipath.org/package/5882df9c-dae1-4d80-a40e-db4724271456/scenario/13070d8c-2f59-4055-8387-9de853bfb7cf	Pack, D.E. (1990)	no description				pH		&#176;C	8.1	mEq/100g						FC	75.0		Sandy loam	56.0	32.0	12.0
https://envipath.org/package/5882df9c-dae1-4d80-a40e-db4724271456/compound/9616e785-9fe4-40d1-b977-d9906603fbcb/structure/1bb425fa-286e-41c9-a310-00b958ad3158	Clethodim oxazole	Clethodim	CCSC(C)CC1CC(=O)c2nc(CC)oc2C1	https://envipath.org/package/5882df9c-dae1-4d80-a40e-db4724271456/scenario/569dd26c-2144-44b7-8255-fd45ed219a53	Pack, D.E. (1988)	no description				pH		&#176;C	7.5	mEq/100g						FC	75.0		Sandy loam	70.0	17.0	13.0
https://envipath.org/package/5882df9c-dae1-4d80-a40e-db4724271456/compound/837880a7-3ca0-44bd-a8c0-cc33fc987f4c/structure/189b6054-d792-49d1-929f-6b7732b35aa2	CO2	Clethodim	O=C=O	https://envipath.org/package/5882df9c-dae1-4d80-a40e-db4724271456/scenario/19b63257-7f4c-485f-a123-6dffc4e8d1de	da Silva, P.M. (1994)	no description				pH		&#176;C	12.0	mEq/100g					 	FC	60.0		Clay	9.0	13.0	78.0
https://envipath.org/package/5882df9c-dae1-4d80-a40e-db4724271456/compound/837880a7-3ca0-44bd-a8c0-cc33fc987f4c/structure/189b6054-d792-49d1-929f-6b7732b35aa2	CO2	Clodinafop	O=C=O	https://envipath.org/package/5882df9c-dae1-4d80-a40e-db4724271456/scenario/e8176680-026b-4b89-9dc7-af3bce0d8cb3	7.1.1.1.1/04, Keller, 1992a	no description				pH		&#176;C	6.3	mEq/100g		490.0	470.0		 	pF 2.0	40.0		Sandy loam	59.0	35.0	6.0
https://envipath.org/package/5882df9c-dae1-4d80-a40e-db4724271456/compound/837880a7-3ca0-44bd-a8c0-cc33fc987f4c/structure/189b6054-d792-49d1-929f-6b7732b35aa2	CO2	Clofentezine	O=C=O	https://envipath.org/package/5882df9c-dae1-4d80-a40e-db4724271456/scenario/4a5dab24-003b-4015-8eb6-7b011e54b734	7.1.1.1.1/02, Leake, Arnold, 1983b	no description				pH		&#176;C								MWHC	50.0		Clay	41.7	6.0	49.2
https://envipath.org/package/5882df9c-dae1-4d80-a40e-db4724271456/compound/e4579189-f968-4c55-ae0f-01f48b205bf8/structure/c04956ff-3a99-4f16-963d-f780de1bd710	M01 2-chlorobenzamide	Clofentezine	NC(=O)c1ccccc1Cl	https://envipath.org/package/5882df9c-dae1-4d80-a40e-db4724271456/scenario/4a5dab24-003b-4015-8eb6-7b011e54b734	7.1.1.1.1/02, Leake, Arnold, 1983b	no description				pH		&#176;C								MWHC	50.0		Clay	41.7	6.0	49.2
https://envipath.org/package/5882df9c-dae1-4d80-a40e-db4724271456/compound/98d92e89-d9cd-4204-a261-d1b09c384c43/structure/666de949-c892-4f89-9999-c40a47758133	AE C512898	Clofentezine	O=C(NNC(=O)c1ccccc1Cl)c1ccccc1Cl	https://envipath.org/package/5882df9c-dae1-4d80-a40e-db4724271456/scenario/4a5dab24-003b-4015-8eb6-7b011e54b734	7.1.1.1.1/02, Leake, Arnold, 1983b	no description				pH		&#176;C								MWHC	50.0		Clay	41.7	6.0	49.2
https://envipath.org/package/5882df9c-dae1-4d80-a40e-db4724271456/compound/84c96310-72a4-4746-a431-70f5c6084530/structure/91ca651f-adfd-4d9f-bb15-b011c96c21a3	M02 2-chlorobenzoic acid	Clofentezine	O=C(O)c1ccccc1Cl	https://envipath.org/package/5882df9c-dae1-4d80-a40e-db4724271456/scenario/4a5dab24-003b-4015-8eb6-7b011e54b734	7.1.1.1.1/02, Leake, Arnold, 1983b	no description				pH		&#176;C								MWHC	50.0		Clay	41.7	6.0	49.2
https://envipath.org/package/5882df9c-dae1-4d80-a40e-db4724271456/compound/c05c3f2f-5158-42f7-9bda-20bf66ba276f/structure/aa94e297-2480-4887-94ff-f58636b8dbee	AE C522505	Clofentezine	Clc1ccccc1C1=NN=C(c2ccccc2Cl)NN1	https://envipath.org/package/5882df9c-dae1-4d80-a40e-db4724271456/scenario/af6f7285-c3ce-4482-9bcd-ed8c198fa3f8	7.1.1.1.1/01, Leake, Arnold, 1983a	no description				pH		&#176;C								MWHC	50.0		Loamy sand	77.6	21.0	1.4
https://envipath.org/package/5882df9c-dae1-4d80-a40e-db4724271456/compound/f12eeb31-171f-4cfc-b91f-df145a1d901e/structure/4337a66d-b00b-4616-b460-7dd856ec39cb	(5-Hydroxy-2-chlorobenzene) Clomazone	Clomazone	CC1(C)CON(Cc2cc(O)ccc2Cl)C1=O																							
https://envipath.org/package/5882df9c-dae1-4d80-a40e-db4724271456/compound/369ccbfc-79a5-43b9-8827-bf01009e6007/structure/a21bdd28-d0c2-4495-8f2f-1502c9fc23b3	4,4-Dimethyl-1,2-oxazolidin-3-one	Clomazone	CC1(C)CONC1=O																							
https://envipath.org/package/5882df9c-dae1-4d80-a40e-db4724271456/compound/d34ba62f-c0cb-4a4c-95d8-6c8a2689b3cc/structure/bb0eec21-a15f-410e-a030-16856cf819ee	5-keto Clomazone	Clomazone	CC1(C)C(=O)ON(Cc2ccccc2Cl)C1=O																							
https://envipath.org/package/5882df9c-dae1-4d80-a40e-db4724271456/compound/0c8cd06a-9cce-4714-8d76-357be6286322/structure/f26077d7-b55f-4710-b327-21866a942026	Unknown2	Clomazone	CC(CO)C(=O)N(O)Cc1ccccc1Cl																							
https://envipath.org/package/5882df9c-dae1-4d80-a40e-db4724271456/compound/4bb3a115-4ca3-429e-9643-91d0e4681835/structure/60516d27-4994-4f8c-acce-46b239eaa132	4-hydroxy-2-chlorobenzaldehyde	Clomazone	O=Cc1ccc(O)cc1Cl																							
https://envipath.org/package/5882df9c-dae1-4d80-a40e-db4724271456/compound/e6c892a5-4ed5-468c-9ef0-1eb33beac11a/structure/85a4434d-6bec-4b60-8f7d-b877a9ebbefa	5-Hydroxy Clomazone	Clomazone	CC1(C)C(=O)N(Cc2ccccc2Cl)OC1O																							
https://envipath.org/package/5882df9c-dae1-4d80-a40e-db4724271456/compound/074b1542-f885-498a-ad1e-e38f8ab452e0/structure/f847d319-9df4-4b6b-9a02-3018e4839ef6	Hydroxy-(4,4-Dimethyl-1,2-oxazolidin-3-one)	Clomazone	CC1(C)C(=O)NOC1O																							
https://envipath.org/package/5882df9c-dae1-4d80-a40e-db4724271456/compound/bf514661-2137-467a-870d-0c2c1e9f0cc7/structure/b79c5516-a5f8-42fb-848b-effb91f581fe	4,5-hydroxy-2-chlorobenzoic acid	Clomazone	O=C(O)c1cc(O)c(O)cc1Cl																							
https://envipath.org/package/5882df9c-dae1-4d80-a40e-db4724271456/compound/08d2a795-9b88-4c86-b3e5-65de96903204/structure/492ae0d4-a757-4b44-a7f8-26b7314cae09	2-Chlorobenzaldehyde	Clomazone	O=Cc1ccccc1Cl																							
https://envipath.org/package/5882df9c-dae1-4d80-a40e-db4724271456/compound/db030ae8-c331-4ee4-b634-441f8b4d900b/structure/596b694f-cfe3-4e07-b5fa-196228b66b80	Methylmalonic acid	Clomazone	CC(C(=O)O)C(=O)O																							
https://envipath.org/package/5882df9c-dae1-4d80-a40e-db4724271456/compound/5706b601-a795-47bb-9ec0-34bbe5569538/structure/90d5f290-804f-49cd-b759-f08519af7e2d	(5-hydroxy-2-chlorobenzene)-5-hydroxy Clomazone	Clomazone	CC1(C)C(=O)N(Cc2cc(O)ccc2Cl)OC1O																							
https://envipath.org/package/5882df9c-dae1-4d80-a40e-db4724271456/compound/1d350d50-ce80-4341-ad36-0da4dcf7d066/structure/16328f7f-b0d9-461e-8da0-3cc83ca1c279	4,4-Dimethyl-1,2-oxazolidine-3,5-dione	Clomazone	CC1(C)C(=O)NOC1=O																							
https://envipath.org/package/5882df9c-dae1-4d80-a40e-db4724271456/compound/4435ca6e-ae25-4398-9a6d-405777e29809/structure/f78a289f-33cf-457e-9892-532f1bb512f3	Clomazone acid	Clomazone	CC(C)(C(=O)O)C(=O)N(O)Cc1ccccc1Cl																							
https://envipath.org/package/5882df9c-dae1-4d80-a40e-db4724271456/compound/837880a7-3ca0-44bd-a8c0-cc33fc987f4c/structure/189b6054-d792-49d1-929f-6b7732b35aa2	CO2	Clomazone	O=C=O	https://envipath.org/package/5882df9c-dae1-4d80-a40e-db4724271456/scenario/7fdd5013-c7ca-4553-952d-74c5bd1fa479	7.1.1.1.1/02, Froelich, Bixler, 1982	no description				pH		&#176;C	7.7	mEq/100g							65.0		Clay loam	24.0	41.0	35.0
https://envipath.org/package/5882df9c-dae1-4d80-a40e-db4724271456/compound/71b255cb-e090-43b3-8871-18b04e76f547/structure/db5c4e40-a40f-4491-b0b6-ac64e561dbe0	Unknown1	Clomazone	CC(C)C(=O)N=Cc1ccccc1Cl																							
https://envipath.org/package/5882df9c-dae1-4d80-a40e-db4724271456/compound/db548584-8cf8-4ecb-a034-841f6d6b9c68/structure/3cd02809-2bf7-48fe-bffd-caf0b08c83b1	2-hydroxy Clomazone	Clomazone	CC1(C)CON(C(O)c2ccccc2Cl)C1=O																							
https://envipath.org/package/5882df9c-dae1-4d80-a40e-db4724271456/compound/8797b51e-be83-48e1-82db-612c84006fdf/structure/940bfe36-513e-458e-b9cc-999b76b87d6f	Chloride	Clomazone	[Cl-]																							
https://envipath.org/package/5882df9c-dae1-4d80-a40e-db4724271456/compound/916ae674-8ac8-460e-ad3d-52b5b1440e92/structure/ad333f00-b1df-4ebf-9827-cafc39b56d72	Dimethylmalonic acid	Clomazone	CC(C)(C(=O)O)C(=O)O																							
https://envipath.org/package/5882df9c-dae1-4d80-a40e-db4724271456/compound/84c96310-72a4-4746-a431-70f5c6084530/structure/91ca651f-adfd-4d9f-bb15-b011c96c21a3	M02 2-chlorobenzoic acid	Clomazone	O=C(O)c1ccccc1Cl																							
https://envipath.org/package/5882df9c-dae1-4d80-a40e-db4724271456/compound/30626934-840a-4374-af46-951cc890d8d4/structure/2d5d0670-f4c5-4a23-b60e-1f21ef87e4b5	4-hydroxy-2-chlorobenzoic acid	Clomazone	O=C(O)c1ccc(O)cc1Cl																							
https://envipath.org/package/5882df9c-dae1-4d80-a40e-db4724271456/compound/837880a7-3ca0-44bd-a8c0-cc33fc987f4c/structure/189b6054-d792-49d1-929f-6b7732b35aa2	CO2	Clopyralid	O=C=O	https://envipath.org/package/5882df9c-dae1-4d80-a40e-db4724271456/scenario/c575e7ac-91fc-458d-864b-89743787fa58	7.1.1.1.1/01, Baloch, Grant, 1991	no description				pH		&#176;C	53.3	mEq/100g		313.0	313.0			MHC	40.0		Sandy loam	69.0	22.0	9.0
https://envipath.org/package/5882df9c-dae1-4d80-a40e-db4724271456/compound/837880a7-3ca0-44bd-a8c0-cc33fc987f4c/structure/189b6054-d792-49d1-929f-6b7732b35aa2	CO2	Cyanamide	O=C=O	https://envipath.org/package/5882df9c-dae1-4d80-a40e-db4724271456/scenario/bfe4cc02-ccb1-488c-bce0-7645df8a1bc2	7.1/01, 7.1/02, 7.1/03, Schmidt, 1990	no description				pH		&#176;C	11.6	mEq/100g						0.33 bar moisture percentage	75.0		Sandy loam	56.0	26.0	18.0
https://envipath.org/package/5882df9c-dae1-4d80-a40e-db4724271456/compound/69262335-5752-4bb9-aa2f-1df35ba834f3/structure/5f70112f-67b3-4aa7-b0b2-600fc08ee94d	Dicyandiamide	Cyanamide	N#CN=C(N)N	https://envipath.org/package/5882df9c-dae1-4d80-a40e-db4724271456/scenario/bfe4cc02-ccb1-488c-bce0-7645df8a1bc2	7.1/01, 7.1/02, 7.1/03, Schmidt, 1990	no description				pH		&#176;C	11.6	mEq/100g						0.33 bar moisture percentage	75.0		Sandy loam	56.0	26.0	18.0
https://envipath.org/package/5882df9c-dae1-4d80-a40e-db4724271456/compound/04e89da4-8db6-481c-9326-bcfda38a7ad2/structure/6e368e84-7e9d-42d3-9a48-ac28411fa14d	IN-QKV35	Cyantraniliprole	CNC(=O)c1cc(C#N)cc(C)c1NC(=O)c1cc(Br)nn1-c1ncccc1O																							
https://envipath.org/package/5882df9c-dae1-4d80-a40e-db4724271456/compound/82d5e0ff-3e0f-4b22-bfb2-ae2da7a6cd66/structure/6027093a-5d9e-46c4-afd9-bc75c87667a6	IN-K7H19	Cyantraniliprole	Cc1cc(C(N)=O)cc(C(N)=O)c1NC(=O)c1cc(Br)nn1-c1ncccc1Cl	https://envipath.org/package/5882df9c-dae1-4d80-a40e-db4724271456/scenario/7547c752-d70e-4c07-ac60-ef5f1187b244	Lowrie, C. & Coyle, D. (2006)	no description				pH		&#176;C	8.7	mEq/100g		90.2	879.0			MWHC	45.0		Silt loam	31.0	63.0	6.0
https://envipath.org/package/5882df9c-dae1-4d80-a40e-db4724271456/compound/b1e13485-f6f5-4a7f-be33-e5c462e73d90/structure/5ec46cff-242b-47f5-9420-150e106a13bd	IN-M2G98	Cyantraniliprole	NC(=O)c1cc(Br)nn1-c1ncccc1Cl	https://envipath.org/package/5882df9c-dae1-4d80-a40e-db4724271456/scenario/be46c7cd-0b74-4ba5-93e6-b68d8754c29d	Pedersen, C. (2008)	no description				pH		&#176;C	17.1	mEq/100g		19.0	6.0			WHC @ 0.33 bar	75.0		Silty clay	0.0	59.0	41.0
https://envipath.org/package/5882df9c-dae1-4d80-a40e-db4724271456/compound/395b5472-616b-4eab-bc17-cd39183975b5/structure/42c88c27-3d09-436e-bce5-218cd6256ede	IN-DBC80	Cyantraniliprole	O=C(O)c1cc(Br)nn1-c1ncccc1Cl	https://envipath.org/package/5882df9c-dae1-4d80-a40e-db4724271456/scenario/be46c7cd-0b74-4ba5-93e6-b68d8754c29d	Pedersen, C. (2008)	no description				pH		&#176;C	17.1	mEq/100g		19.0	6.0			WHC @ 0.33 bar	75.0		Silty clay	0.0	59.0	41.0
https://envipath.org/package/5882df9c-dae1-4d80-a40e-db4724271456/compound/0868749f-d628-44cb-b7b9-e8374162e08d/structure/a15cfaf5-c127-47ff-9c83-35fc798fd3c0	IN-NXX69	Cyantraniliprole	CNC(=O)c1cc(C#N)cc(C)c1N=c1oc2cccnc2n2nc(Br)cc12																							
https://envipath.org/package/5882df9c-dae1-4d80-a40e-db4724271456/compound/837880a7-3ca0-44bd-a8c0-cc33fc987f4c/structure/189b6054-d792-49d1-929f-6b7732b35aa2	CO2	Cyantraniliprole	O=C=O	https://envipath.org/package/5882df9c-dae1-4d80-a40e-db4724271456/scenario/302cbfe9-056f-410a-a60f-4ee8e6510f09	Malekani, K. (2008)	no description				pH		&#176;C	5.8	mEq/100g		122.0	69.0			WHC @ 0 bar	41.0		Loam	47.0	36.0	17.0
https://envipath.org/package/5882df9c-dae1-4d80-a40e-db4724271456/compound/e341dcc3-a746-46da-b3a3-66ec207daed3/structure/d635e508-7abb-4200-88b0-1875b468eddd	IN-NXX70	Cyantraniliprole	Cc1cc(C#N)cc2c(=O)n(C)c(-c3cc(Br)nn3-c3ncccc3O)nc12																							
https://envipath.org/package/5882df9c-dae1-4d80-a40e-db4724271456/compound/837880a7-3ca0-44bd-a8c0-cc33fc987f4c/structure/189b6054-d792-49d1-929f-6b7732b35aa2	CO2	Cyazofamid	O=C=O	https://envipath.org/package/5882df9c-dae1-4d80-a40e-db4724271456/scenario/4b27f271-00bb-4749-ba53-eb656df9b4aa	Hartman and Korsch (1999)	no description				pH		&#176;C	25.5	mEq/100g						MWHC	45.0	MWHC	Sandy loam	64.0	24.0	12.0
https://envipath.org/package/5882df9c-dae1-4d80-a40e-db4724271456/compound/7582da87-5b07-4f18-8b16-84f9fce50b45/structure/4ede07c6-b274-4898-b4e3-6fa81c2f5923	YT-1284	Cyclaniliprole	NC(=O)c1cc(Cl)cc(Br)c1NC(=O)c1cc(Br)nn1-c1ncccc1Cl	https://envipath.org/package/5882df9c-dae1-4d80-a40e-db4724271456/scenario/725aec0b-9432-436e-b2ab-b126fec34dfb	McLaughlin, S.P.	no description		Minor		pH		&#176;C	12.6	mEq/100g		400.0	1200.0			MWHC	100.0	WHC at pF2	Sandy loam			
https://envipath.org/package/5882df9c-dae1-4d80-a40e-db4724271456/compound/a389a7a7-1e9a-4527-8de5-b59744b8c744/structure/7926b79d-353a-48a7-a405-5cb84b8f10d6	NSY-27	Cyclaniliprole	O=C(O)c1cc(Cl)cc(Br)c1NC(=O)c1cc(Br)nn1-c1ncccc1Cl	https://envipath.org/package/5882df9c-dae1-4d80-a40e-db4724271456/scenario/54148cc4-156e-4cc3-bd91-198300431a81	McLaughlin, S.P.	no description		Minor		pH		&#176;C	17.0	mEq/100g		500.0	1100.0			WHC at pF2,5	100.0	WHC at pF2	Clay loam			
https://envipath.org/package/5882df9c-dae1-4d80-a40e-db4724271456/compound/837880a7-3ca0-44bd-a8c0-cc33fc987f4c/structure/189b6054-d792-49d1-929f-6b7732b35aa2	CO2	Cyclaniliprole	O=C=O	https://envipath.org/package/5882df9c-dae1-4d80-a40e-db4724271456/scenario/dc5e38d0-7e30-4958-8f68-d02a3d6e352b	Connor S. (2013a)	no description				pH		&#176;C	31.7	mEq/100g		1630.0	1650.0			WHC at pF2,5	100.0	WHC at pF2	Sandy clay loam			
https://envipath.org/package/5882df9c-dae1-4d80-a40e-db4724271456/compound/6e37be32-5980-471a-8a5e-95968b9b53bf/structure/85591361-dfd4-48dc-bee4-67b32713928a	BH 517-T1SO	Cycloxydim 	CCCC(=N)C1=C(O)CC(C2CCCS(=O)C2)CC1=O	https://envipath.org/package/5882df9c-dae1-4d80-a40e-db4724271456/scenario/288e4d92-4afb-4683-9446-2e1ea21f88b7	Bayer, H. 2000	no description				pH		&#176;C	10.9	mEq/100g		294.0	294.0			MWHC	40.0		Loamy sand	1.18	4.98	3.84
https://envipath.org/package/5882df9c-dae1-4d80-a40e-db4724271456/compound/2e8e7960-7dfd-4dfa-91c2-3e683775331f/structure/9a7d119f-22e4-486c-a748-cce9d063b9f1	BH 517-T1S	Cycloxydim 	CCCC(=N)C1=C(O)CC(C2CCCSC2)CC1=O	https://envipath.org/package/5882df9c-dae1-4d80-a40e-db4724271456/scenario/288e4d92-4afb-4683-9446-2e1ea21f88b7	Bayer, H. 2000	no description				pH		&#176;C	10.9	mEq/100g		294.0	294.0			MWHC	40.0		Loamy sand	1.18	4.98	3.84
https://envipath.org/package/5882df9c-dae1-4d80-a40e-db4724271456/compound/848cb8bf-a71d-4072-917b-49d6cdd6015b/structure/788827d8-9ec7-4fd0-905a-8d2d8f71b4b7	BH 517-T2S	Cycloxydim 	CCCc1nc2c(o1)CC(C1CCCSC1)CC2=O	https://envipath.org/package/5882df9c-dae1-4d80-a40e-db4724271456/scenario/288e4d92-4afb-4683-9446-2e1ea21f88b7	Bayer, H. 2000	no description				pH		&#176;C	10.9	mEq/100g		294.0	294.0			MWHC	40.0		Loamy sand	1.18	4.98	3.84
https://envipath.org/package/5882df9c-dae1-4d80-a40e-db4724271456/compound/05a214a2-f60c-4708-acc2-b11faeb12e5b/structure/09cba371-6d52-41be-a648-ebb5c96cf548	BH 517-T1SO2	Cycloxydim 	CCCC(=N)C1=C(O)CC(C2CCCS(=O)(=O)C2)CC1=O	https://envipath.org/package/5882df9c-dae1-4d80-a40e-db4724271456/scenario/9501a31d-33e9-4502-bff4-091700185f8c	Huber, R. 1988	no description				pH		&#176;C	14.8	mEq/100g		857.0	857.0						Loam	29.5	48.9	21.6
https://envipath.org/package/5882df9c-dae1-4d80-a40e-db4724271456/compound/09357ede-9cb8-474f-a64c-d55c99402bf3/structure/20e2641f-02c7-4902-bd38-8ecc9a173dbb	Cycloxydim	Cycloxydim 	CCCC(=NOCC)C1=C(O)CC(C2CCCSC2)CC1=O																							
https://envipath.org/package/5882df9c-dae1-4d80-a40e-db4724271456/compound/837880a7-3ca0-44bd-a8c0-cc33fc987f4c/structure/189b6054-d792-49d1-929f-6b7732b35aa2	CO2	Cycloxydim 	O=C=O	https://envipath.org/package/5882df9c-dae1-4d80-a40e-db4724271456/scenario/632b3d39-5179-44f0-99cb-07e09c6e32a5	Bayer, H. 2000	no description				pH		&#176;C	8.5	mEq/100g		202.0	202.0			MWHC	40.0		Sandy loam	72.2	20.5	7.2
https://envipath.org/package/5882df9c-dae1-4d80-a40e-db4724271456/compound/837880a7-3ca0-44bd-a8c0-cc33fc987f4c/structure/189b6054-d792-49d1-929f-6b7732b35aa2	CO2	Cyflufenamid	O=C=O	https://envipath.org/package/5882df9c-dae1-4d80-a40e-db4724271456/scenario/590c9420-0cba-4dc3-af73-9bc566be9f57	Elsom, (2000a)	no description				pH		&#176;C	14.6	mEq/100g		291.8	141.6			MWHC	40.0		Sandy loam	67.4	1.24	1.36
https://envipath.org/package/5882df9c-dae1-4d80-a40e-db4724271456/compound/117eac9d-a0ab-4f31-8082-c2463156aebd/structure/71625e1b-c179-4eb1-9484-555bdb4177b6	149-(E)-FB	Cyflufenamid	O=C(Cc1ccccc1)NC(=NOCC1CC1)c1c(C(F)(F)F)ccc(F)c1F	https://envipath.org/package/5882df9c-dae1-4d80-a40e-db4724271456/scenario/365420eb-b987-4a8a-a3ba-bf59743c0eef	Elsom, (2000b)	no description				pH		&#176;C	11.5	mEq/100g		603.0	293.1			MWHC	40.0		Sandy loam	7.26	4.64	8.09
https://envipath.org/package/5882df9c-dae1-4d80-a40e-db4724271456/compound/837880a7-3ca0-44bd-a8c0-cc33fc987f4c/structure/189b6054-d792-49d1-929f-6b7732b35aa2	CO2	Cyflumetofen	O=C=O	https://envipath.org/package/5882df9c-dae1-4d80-a40e-db4724271456/scenario/a872ea08-85b3-4c98-9f99-a5c8f962b257	Brands, C. (2008a)	no description				pH		&#176;C	9.0	mEq/100g						MWHC	45.0		Sandy loam	61.0	29.8	9.2
https://envipath.org/package/5882df9c-dae1-4d80-a40e-db4724271456/compound/052bf640-7e22-4955-a51a-1a5a3b30ca74/structure/9045c762-6d16-45dc-a8a5-cfba1cb2dcff	SHL9	Cyflumetofen	CC(C)(C)c1ccc(C(C#N)=C(OC(=C(C#N)c2ccc(C(C)(C)C)cc2)c2ccccc2C(F)(F)F)c2ccccc2C(F)(F)F)cc1	https://envipath.org/package/5882df9c-dae1-4d80-a40e-db4724271456/scenario/b3c1037f-1774-4bc1-99a8-855ade900ffc	Knight, L. (2004d)	no description				pH		&#176;C	15.3	mEq/100g						MWHC	43.0		Sandy loam	70.8	16.8	12.4
https://envipath.org/package/5882df9c-dae1-4d80-a40e-db4724271456/compound/a893ef90-b095-4f1d-880f-48f32096559b/structure/0a2502ad-5518-4fb1-b372-efd1ca2e6b64	SHL10 a/b cis/trans isomers	Cyflumetofen	CC(C)(C)c1ccc(C(C#N)=C(O)c2ccccc2C(F)(F)F)cc1	https://envipath.org/package/5882df9c-dae1-4d80-a40e-db4724271456/scenario/b3c1037f-1774-4bc1-99a8-855ade900ffc	Knight, L. (2004d)	no description				pH		&#176;C	15.3	mEq/100g						MWHC	43.0		Sandy loam	70.8	16.8	12.4
https://envipath.org/package/5882df9c-dae1-4d80-a40e-db4724271456/compound/2b1ddec8-7438-4df1-95e1-74698b1463f2/structure/64043f17-d512-496b-a606-8b022505ac14	Ethyl urea	Cymoxanil	CCNC(N)=O																							
https://envipath.org/package/5882df9c-dae1-4d80-a40e-db4724271456/compound/c85291d2-bb9f-4f78-b6d0-c543bc53b2dc/structure/12dc5bbb-acea-4ff7-9006-b982dfd41316	Oxalic acid	Cymoxanil	O=C(O)C(=O)O	https://envipath.org/package/5882df9c-dae1-4d80-a40e-db4724271456/scenario/3d9905ac-ddb3-4d8d-b186-b10f85447d57	Anderson, J.J. (2001)	no description				pH		&#176;C	3.8	mEq/100g						WHC @ 0.33 bar	75.0		Sandy loam	73.2	18.0	8.8
https://envipath.org/package/5882df9c-dae1-4d80-a40e-db4724271456/compound/097430e1-0499-4bfc-bbe6-a97226732a3d/structure/84ee0e2f-8961-4240-a521-cffbcb7be8ac	IN-T4226	Cymoxanil	CCN1C(=O)NC(=O)C1=O	https://envipath.org/package/5882df9c-dae1-4d80-a40e-db4724271456/scenario/33e599da-ea84-498c-8626-d3fc7d81b4e0	Boucher, C.R. (1994) & Trabue, S.L. (2003)	no description				pH		&#176;C	10.1	mEq/100g						WHC @ 0.33 bar, experiment stated as 50% MWHC	50.0		Sandy loam	59.4	27.5	13.1
https://envipath.org/package/5882df9c-dae1-4d80-a40e-db4724271456/compound/b007dff1-acff-4d46-bef1-ced196a3419d/structure/a37141e1-ba31-4e13-8556-5b84901e2081	IN-R3273	Cymoxanil	CCN1C(=O)NC(=O)C1=NOC	https://envipath.org/package/5882df9c-dae1-4d80-a40e-db4724271456/scenario/66576463-b008-4ae0-9e42-9e2b08ae7349	Boucher, C.R. (1993) & Major, L.J. (1993)	no description				pH		&#176;C	22.5	mEq/100g						MWHC	50.0		Sandy clay loam	50.0	20.2	28.4
https://envipath.org/package/5882df9c-dae1-4d80-a40e-db4724271456/compound/d7679cf9-4721-4dd3-9b9d-5af2101cd6d3/structure/ff1e52bb-a2e1-4dd0-9afc-df6f8946670f	IN-R3274	Cymoxanil	N#CC(=NO)C(=O)O	https://envipath.org/package/5882df9c-dae1-4d80-a40e-db4724271456/scenario/3d9905ac-ddb3-4d8d-b186-b10f85447d57	Anderson, J.J. (2001)	no description				pH		&#176;C	3.8	mEq/100g						WHC @ 0.33 bar	75.0		Sandy loam	73.2	18.0	8.8
https://envipath.org/package/5882df9c-dae1-4d80-a40e-db4724271456/compound/a0dcf712-f4fd-4a43-bba5-e3577745372c/structure/21cb3f41-96ca-475f-88ab-ac375c0faf70	IN-KP533	Cymoxanil	CCNC(=O)NC(=O)C(=O)O	https://envipath.org/package/5882df9c-dae1-4d80-a40e-db4724271456/scenario/50116292-1d2c-4c13-ab50-d65ade703628	Boucher, C.R. (1994) & Trabue, S.L. (2003)	no description				pH		&#176;C	20.2	mEq/100g						WHC @ 0.33 bar, experiment stated as 50% MWHC	50.0		Sandy loam	68.1	15.1	16.7
https://envipath.org/package/5882df9c-dae1-4d80-a40e-db4724271456/compound/837880a7-3ca0-44bd-a8c0-cc33fc987f4c/structure/189b6054-d792-49d1-929f-6b7732b35aa2	CO2	Cymoxanil	O=C=O	https://envipath.org/package/5882df9c-dae1-4d80-a40e-db4724271456/scenario/22542b99-595c-4d7c-832b-6447a09a297d	Melkebeke, T. (1999) & van Noorloos, B. (2006)	no description				pH		&#176;C	20.2	mEq/100g		121.0	135.0			MWHC	40.0		Silt loam	13.0	73.8	13.2
https://envipath.org/package/5882df9c-dae1-4d80-a40e-db4724271456/compound/837880a7-3ca0-44bd-a8c0-cc33fc987f4c/structure/189b6054-d792-49d1-929f-6b7732b35aa2	CO2	Cyproconazole	O=C=O	https://envipath.org/package/5882df9c-dae1-4d80-a40e-db4724271456/scenario/649d6fd6-d84f-4c29-9c5e-9910672ae756	Wisson, M. (1992)	no description				pH		&#176;C	1.93	mEq/100g						WHC @ 0.33 bar	75.0		Loamy sand	83.6	12.1	4.3
https://envipath.org/package/5882df9c-dae1-4d80-a40e-db4724271456/compound/18fb4cda-681d-42e6-a0c4-ed02942fe0c9/structure/ce5d9b97-d407-4d66-bdea-fbdedbd31c5d	Hydroxy-Triazole	Cyproconazole	Oc1nc[nH]n1	https://envipath.org/package/5882df9c-dae1-4d80-a40e-db4724271456/scenario/05b4d463-bf16-4344-97ca-a1f4bd5d18bb	scenario 33	no description		Minor																		
https://envipath.org/package/5882df9c-dae1-4d80-a40e-db4724271456/compound/971dde96-4136-4e71-a986-5334007766b7/structure/70e8102c-ac55-4533-9181-57ea85cca6d4	Phenol (CGA 73330)	Cyprodinil	Oc1ccccc1																							
https://envipath.org/package/5882df9c-dae1-4d80-a40e-db4724271456/compound/837880a7-3ca0-44bd-a8c0-cc33fc987f4c/structure/189b6054-d792-49d1-929f-6b7732b35aa2	CO2	Cyprodinil	O=C=O	https://envipath.org/package/5882df9c-dae1-4d80-a40e-db4724271456/scenario/357fe8d6-2c91-4951-a5ad-2f5dab50dbe0	Volkel, W. (2001)	no description				pH		&#176;C	7.28	mEq/100g		418.0	207.0			MWHC	40.0		Sandy loam	71.7	21.9	6.4
https://envipath.org/package/5882df9c-dae1-4d80-a40e-db4724271456/compound/e3d08faf-79cc-4987-95f5-c5341e487704/structure/acd38048-1452-40c1-a6b1-b9a154a49a1e	CGA 321915	Cyprodinil	Cc1cc(C2CC2)nc(O)n1	https://envipath.org/package/5882df9c-dae1-4d80-a40e-db4724271456/scenario/357fe8d6-2c91-4951-a5ad-2f5dab50dbe0	Volkel, W. (2001)	no description				pH		&#176;C	7.28	mEq/100g		418.0	207.0			MWHC	40.0		Sandy loam	71.7	21.9	6.4
https://envipath.org/package/5882df9c-dae1-4d80-a40e-db4724271456/compound/ef1658bf-3f84-478a-8305-0754f9fc505f/structure/ab4403d4-ff5d-4196-a4ed-fb45a9dc82f1	CGA 263208	Cyprodinil	N=C(N)Nc1ccccc1																							
https://envipath.org/package/5882df9c-dae1-4d80-a40e-db4724271456/compound/19d0d87a-83ae-42ca-9357-dbe0ba1cd9ed/structure/66cd64fe-ce96-46f5-ac53-ca262a109c12	NOA 413167	Cyprodinil	Cc1cc(C2CC2)nc(Nc2ccccc2O)n1																							
https://envipath.org/package/5882df9c-dae1-4d80-a40e-db4724271456/compound/4a6b72b9-8375-4552-9f2b-6b7b796e72f4/structure/0bd87e52-9f76-4b54-bfe3-ff60e00c120a	CGA 304075	Cyprodinil	Cc1cc(C2CC2)nc(Nc2ccc(O)cc2)n1	https://envipath.org/package/5882df9c-dae1-4d80-a40e-db4724271456/scenario/d6ce3bee-772f-4c84-a2a7-ef23b6ac6692	Concha, M. (1995a)	no description				pH		&#176;C	6.5	mEq/100g						FC (pF 2,5)	75.0		Sandy loam	69.0	24.0	7.0
https://envipath.org/package/5882df9c-dae1-4d80-a40e-db4724271456/compound/24a83260-d1f2-44cf-bec7-c436a105bf4d/structure/34a0d33c-3661-4d04-b551-df33401f2354	CGA 232449	Cyprodinil	OCc1cc(C2CC2)nc(Nc2ccccc2)n1																							
https://envipath.org/package/5882df9c-dae1-4d80-a40e-db4724271456/compound/ad4c53f7-5dd9-4c24-8e6b-fcfb2a51fe62/structure/000b5812-69a2-4783-9b17-cb7934986314	Aniline	Cyprodinil	Nc1ccccc1	https://envipath.org/package/5882df9c-dae1-4d80-a40e-db4724271456/scenario/6be262b4-aadd-4867-890d-7c7dcfff50b4	scenario 112	no description		Minor																		
https://envipath.org/package/5882df9c-dae1-4d80-a40e-db4724271456/compound/a8781b59-f0db-474c-a894-c79f1f4d3a1d/structure/33feb9ad-9436-4ba3-b210-31e0217dffad	CGA 304076	Cyprodinil	Cc1nc(Nc2ccccc2)nc(C2CC2)c1O	https://envipath.org/package/5882df9c-dae1-4d80-a40e-db4724271456/scenario/d6ce3bee-772f-4c84-a2a7-ef23b6ac6692	Concha, M. (1995a)	no description				pH		&#176;C	6.5	mEq/100g						FC (pF 2,5)	75.0		Sandy loam	69.0	24.0	7.0
https://envipath.org/package/5882df9c-dae1-4d80-a40e-db4724271456/compound/b929652e-851e-46dd-89ac-436607f0f18f/structure/a1034245-529e-45bc-9907-3f3ce80a3727	CGA 249287	Cyprodinil	Cc1cc(C2CC2)nc(N)n1	https://envipath.org/package/5882df9c-dae1-4d80-a40e-db4724271456/scenario/357fe8d6-2c91-4951-a5ad-2f5dab50dbe0	Volkel, W. (2001)	no description				pH		&#176;C	7.28	mEq/100g		418.0	207.0			MWHC	40.0		Sandy loam	71.7	21.9	6.4
https://envipath.org/package/5882df9c-dae1-4d80-a40e-db4724271456/compound/79ddcf11-8d57-4a01-8c6a-5e02d735106f/structure/9003ec4f-5b64-4018-85aa-31fdd24f4cf3	Hydroxyphenols	Cyprodinil	Oc1ccccc1O	https://envipath.org/package/5882df9c-dae1-4d80-a40e-db4724271456/scenario/e8bd8225-850a-4585-be4b-469e75ece1f4	scenario 111	no description		Minor																		
https://envipath.org/package/5882df9c-dae1-4d80-a40e-db4724271456/compound/56f395b8-b408-4b81-9cc9-cbf6d10afb37/structure/5d1f1901-9c35-4ab6-b6d7-432987de56ba	NOA 435343	Cyromazine	CC(Nc1nc(N)nc(N)n1)C(=O)O	https://envipath.org/package/5882df9c-dae1-4d80-a40e-db4724271456/scenario/ffc39fd1-af54-4244-b785-28787f2d8d05	Annex B.1.1.1, Esser T. (1995)	no description				pH		&#176;C	4.8	mEq/100g						FC at 0,33 bar	75.0		Sandy loam	73.0	22.0	5.0
https://envipath.org/package/5882df9c-dae1-4d80-a40e-db4724271456/compound/837880a7-3ca0-44bd-a8c0-cc33fc987f4c/structure/189b6054-d792-49d1-929f-6b7732b35aa2	CO2	Cyromazine	O=C=O	https://envipath.org/package/5882df9c-dae1-4d80-a40e-db4724271456/scenario/c629d25b-ee01-4bf5-91c9-8dacfcfb1ef3	Annex B.1.1.1, Aalderink R., Deneer J.W., Leistra M. (2003)	no description				pH		&#176;C	9.8	mEq/100g					 	pF2			Loamy sand	79.6	3.8	16.6
https://envipath.org/package/5882df9c-dae1-4d80-a40e-db4724271456/compound/217a6dfa-6bd9-45d4-8198-c94dc1107068/structure/d8484c3e-85ac-46e4-856f-9f94cee79052	Methylamine	Dazomet	CN	https://envipath.org/package/5882df9c-dae1-4d80-a40e-db4724271456/scenario/b0181c29-58e1-4cf9-bc44-df0e609a55d9	Aneex IIA 7.1.1.1.1, Janz U., Bayer H. (2004)	no description				pH		&#176;C	20.9	mEq/100g		353.0	370.0			MWHC	40.0		Loamy sand	59.5	28.1	12.3
https://envipath.org/package/5882df9c-dae1-4d80-a40e-db4724271456/compound/df35cd12-0f45-4313-af6e-f66ed09e2113/structure/d4dc6a3e-c576-459c-92b8-bb20b883c139	TDL-SO	Dazomet	CN1CN(C)S(=O)C1=S	https://envipath.org/package/5882df9c-dae1-4d80-a40e-db4724271456/scenario/333bf4b1-9b28-4346-aea5-60864ddd6973	Annex IIA 7.1.1.1.1, Reinhard K. (2003)	no description				pH		&#176;C	14.0	mEq/100g		302.0	215.0			MWHC	40.0		Loamy sand	62.8	36.8	0.5
https://envipath.org/package/5882df9c-dae1-4d80-a40e-db4724271456/compound/837880a7-3ca0-44bd-a8c0-cc33fc987f4c/structure/189b6054-d792-49d1-929f-6b7732b35aa2	CO2	Dazomet	O=C=O	https://envipath.org/package/5882df9c-dae1-4d80-a40e-db4724271456/scenario/b0181c29-58e1-4cf9-bc44-df0e609a55d9	Aneex IIA 7.1.1.1.1, Janz U., Bayer H. (2004)	no description				pH		&#176;C	20.9	mEq/100g		353.0	370.0			MWHC	40.0		Loamy sand	59.5	28.1	12.3
https://envipath.org/package/5882df9c-dae1-4d80-a40e-db4724271456/compound/837880a7-3ca0-44bd-a8c0-cc33fc987f4c/structure/189b6054-d792-49d1-929f-6b7732b35aa2	CO2	Diazinon	O=C=O	https://envipath.org/package/5882df9c-dae1-4d80-a40e-db4724271456/scenario/87d9bfc5-9682-4ed4-a772-2c16f69b1d33	Annex IIA 7.1.1.1.1, Seyfried, B. (1994)	no description				pH		&#176;C	16.1	mEq/100g					 	FC	60.0		Silt loam			
https://envipath.org/package/5882df9c-dae1-4d80-a40e-db4724271456/compound/6db96e84-cf00-45cc-bb48-0f0fad34ed06/structure/6f8e9c94-3562-4fb1-8049-a28c2b146bf9	G 31144 (2-(1-hydroxy-1-methyl)-ethyl-4-methyl-6-hydroxy-pyrimidine)	Diazinon	Cc1cc(O)nc(C(C)(C)O)n1	https://envipath.org/package/5882df9c-dae1-4d80-a40e-db4724271456/scenario/87d9bfc5-9682-4ed4-a772-2c16f69b1d33	Annex IIA 7.1.1.1.1, Seyfried, B. (1994)	no description				pH		&#176;C	16.1	mEq/100g					 	FC	60.0		Silt loam			
https://envipath.org/package/5882df9c-dae1-4d80-a40e-db4724271456/compound/c3acfce2-565f-4650-a470-d496e37574f5/structure/f8539edb-034b-4cd2-95f6-833f2b94c7a8	2,5-DIOH	Dicamba	O=C(O)c1c(O)c(Cl)cc(O)c1Cl	https://envipath.org/package/5882df9c-dae1-4d80-a40e-db4724271456/scenario/12441adb-32b7-4717-9fdb-5680fe2c1db5	Annex IIA 7.1.1.1.1/01, Figge, K. (1993)	no description				pH		&#176;C				370.0	470.0			MWHC	40.0		Loamy sand	89.4	5.6	5.1
https://envipath.org/package/5882df9c-dae1-4d80-a40e-db4724271456/compound/837880a7-3ca0-44bd-a8c0-cc33fc987f4c/structure/189b6054-d792-49d1-929f-6b7732b35aa2	CO2	Dicamba	O=C=O	https://envipath.org/package/5882df9c-dae1-4d80-a40e-db4724271456/scenario/3fd0284a-3c2c-4039-9c3b-a6329018a662	Annex IIA 7.1.1.1.1/03, Wendt, D.R. (1994)	no description				pH		&#176;C	21.7	mEq/100g						FC	75.0		Silt loam	24.0	52.0	24.0
https://envipath.org/package/5882df9c-dae1-4d80-a40e-db4724271456/compound/24eb4113-5450-461c-8747-e329a3539ec0/structure/c9f564b5-a76e-4ab9-8676-cb02f4008e32	5-OH-Dicamba	Dicamba	COc1c(Cl)cc(O)c(Cl)c1C(=O)O	https://envipath.org/package/5882df9c-dae1-4d80-a40e-db4724271456/scenario/12441adb-32b7-4717-9fdb-5680fe2c1db5	Annex IIA 7.1.1.1.1/01, Figge, K. (1993)	no description				pH		&#176;C				370.0	470.0			MWHC	40.0		Loamy sand	89.4	5.6	5.1
https://envipath.org/package/5882df9c-dae1-4d80-a40e-db4724271456/compound/e3a0232a-e524-4f35-bfa2-db81410b2242/structure/1f898488-6417-421c-b17d-f75d5e90da0e	2,6-dichlorobenzoic acid	Dichlobenil	O=C(O)c1c(Cl)cccc1Cl	https://envipath.org/package/5882df9c-dae1-4d80-a40e-db4724271456/scenario/c2751ea2-6622-454e-afaa-6c11b5957b68	7.1.1.2.1/01, Lynn, 2003	no description				pH		&#176;C	35.5	mEq/100g		894.0	625.0		 	MWHC, but not specified in report	45.0		Clay loam	6.54	1.61	1.84
https://envipath.org/package/5882df9c-dae1-4d80-a40e-db4724271456/compound/837880a7-3ca0-44bd-a8c0-cc33fc987f4c/structure/189b6054-d792-49d1-929f-6b7732b35aa2	CO2	Dichlobenil	O=C=O	https://envipath.org/package/5882df9c-dae1-4d80-a40e-db4724271456/scenario/f8b4d925-64a7-419c-8a64-5dc8e9e58261	7.1.1.2.1/01, Lynn, 2003	no description				pH		&#176;C	29.5	mEq/100g		460.0	238.0		 	MWHC, but not specified in report	45.0		Silt loam	2.86	4.62	2.52
https://envipath.org/package/5882df9c-dae1-4d80-a40e-db4724271456/compound/6792ab10-810f-4b80-bc9b-67b1f20cd6f6/structure/56c92dfe-38c2-480b-9e17-da75dc1b6e02	AE C653711	Dichlobenil	NC(=O)c1c(Cl)cccc1Cl																							
https://envipath.org/package/5882df9c-dae1-4d80-a40e-db4724271456/compound/ec701df9-090a-48ba-a5f3-43e947ecebe7/structure/96e61292-fa9c-49f3-9c76-f09a0e62ca74	2,4-Dichlorophenol	Dichlorprop-p	Oc1ccc(Cl)cc1Cl	https://envipath.org/package/5882df9c-dae1-4d80-a40e-db4724271456/scenario/114379a1-0e13-43fa-a9a2-276f676a1ba7	7.1.1.1.1, Blumhorst, 1993	no description				pH		&#176;C	9.0	mEq/100g						moisture content of 0.33 bar			Sandy loam	54.5	28.9	16.6
https://envipath.org/package/5882df9c-dae1-4d80-a40e-db4724271456/compound/999a9b61-2f3e-40c7-a712-f6afbc166091/structure/47fae3bf-9055-4dc2-8471-1402c4b96e4d	2,4-Dichloroanisole	Dichlorprop-p	COc1ccc(Cl)cc1Cl	https://envipath.org/package/5882df9c-dae1-4d80-a40e-db4724271456/scenario/114379a1-0e13-43fa-a9a2-276f676a1ba7	7.1.1.1.1, Blumhorst, 1993	no description				pH		&#176;C	9.0	mEq/100g						moisture content of 0.33 bar			Sandy loam	54.5	28.9	16.6
https://envipath.org/package/5882df9c-dae1-4d80-a40e-db4724271456/compound/837880a7-3ca0-44bd-a8c0-cc33fc987f4c/structure/189b6054-d792-49d1-929f-6b7732b35aa2	CO2	Dichlorprop-p	O=C=O	https://envipath.org/package/5882df9c-dae1-4d80-a40e-db4724271456/scenario/114379a1-0e13-43fa-a9a2-276f676a1ba7	7.1.1.1.1, Blumhorst, 1993	no description				pH		&#176;C	9.0	mEq/100g						moisture content of 0.33 bar			Sandy loam	54.5	28.9	16.6
https://envipath.org/package/5882df9c-dae1-4d80-a40e-db4724271456/compound/6c37463a-8022-4561-baf8-66df2d4598d2/structure/7ed7ffbc-f57b-4350-bec2-f93bbe716740	2,2-dichloroethanol	Dichlorvos	OCC(Cl)Cl	https://envipath.org/package/5882df9c-dae1-4d80-a40e-db4724271456/scenario/32e4382f-1ab5-4cba-8fee-788d0381ea85	7.1.1.2.1/02, Fritz, Brauner, 1987	no description				pH		&#176;C				345.0	345.0			MWHC	40.0		Loamy sand			
https://envipath.org/package/5882df9c-dae1-4d80-a40e-db4724271456/compound/0d9a7fd1-13d8-4eca-a548-d7023b5568f1/structure/0e18af59-8024-4358-a325-556d62c5ce14	Dichloroacetaldehyd	Dichlorvos	O=CC(Cl)Cl	https://envipath.org/package/5882df9c-dae1-4d80-a40e-db4724271456/scenario/32e4382f-1ab5-4cba-8fee-788d0381ea85	7.1.1.2.1/02, Fritz, Brauner, 1987	no description				pH		&#176;C				345.0	345.0			MWHC	40.0		Loamy sand			
https://envipath.org/package/5882df9c-dae1-4d80-a40e-db4724271456/compound/6a55eb89-e673-4ef4-aa5a-9cc8344a3771/structure/1c9495a1-a893-41da-8049-da022af72e83	dicloroacetic acid	Dichlorvos	O=C(O)C(Cl)Cl	https://envipath.org/package/5882df9c-dae1-4d80-a40e-db4724271456/scenario/d7faf010-2b82-435f-9240-b4d87c24cde4	7.1.1.1.1/01, Fritz, 1987	no description				pH		&#176;C				159.0	159.0			MWHC	40.0					
https://envipath.org/package/5882df9c-dae1-4d80-a40e-db4724271456/compound/837880a7-3ca0-44bd-a8c0-cc33fc987f4c/structure/189b6054-d792-49d1-929f-6b7732b35aa2	CO2	Dichlorvos	O=C=O	https://envipath.org/package/5882df9c-dae1-4d80-a40e-db4724271456/scenario/32e4382f-1ab5-4cba-8fee-788d0381ea85	7.1.1.2.1/02, Fritz, Brauner, 1987	no description				pH		&#176;C				345.0	345.0			MWHC	40.0		Loamy sand			
https://envipath.org/package/5882df9c-dae1-4d80-a40e-db4724271456/compound/45bbb068-bef3-4e66-8625-36f68357afc4/structure/88f235d8-9f60-4ab5-9d1a-08a2bcb45fc7	desmethyldichlorvos sodium salt	Dichlorvos	COP(=O)([O-])OC=C(Cl)Cl.[Na+]	https://envipath.org/package/5882df9c-dae1-4d80-a40e-db4724271456/scenario/32e4382f-1ab5-4cba-8fee-788d0381ea85	7.1.1.2.1/02, Fritz, Brauner, 1987	no description				pH		&#176;C				345.0	345.0			MWHC	40.0		Loamy sand			
https://envipath.org/package/5882df9c-dae1-4d80-a40e-db4724271456/compound/a2f69364-85fb-417a-9550-81d72f81ec6b/structure/8b0f65a5-5881-4246-b650-b0b9e5b97949	Hydroxy-diclofop-acid	Diclofop-methyl	CC(Oc1ccc(Oc2cc(O)c(Cl)cc2Cl)cc1)C(=O)O	https://envipath.org/package/5882df9c-dae1-4d80-a40e-db4724271456/scenario/ddf7f2c8-465e-4b75-84c1-3b3677fe4384	7.1.1.1.1/03, Huang, Cheer, 2000, 7.1.1.2.1.1/04, Kley, 2003a for DT50	no description				pH		&#176;C	24.3	mEq/100g		364.7	364.7			WHC @ ambient pressure	45.0		Clay	2.11	9.33	8.57
https://envipath.org/package/5882df9c-dae1-4d80-a40e-db4724271456/compound/837880a7-3ca0-44bd-a8c0-cc33fc987f4c/structure/189b6054-d792-49d1-929f-6b7732b35aa2	CO2	Diclofop-methyl	O=C=O	https://envipath.org/package/5882df9c-dae1-4d80-a40e-db4724271456/scenario/ddf7f2c8-465e-4b75-84c1-3b3677fe4384	7.1.1.1.1/03, Huang, Cheer, 2000, 7.1.1.2.1.1/04, Kley, 2003a for DT50	no description				pH		&#176;C	24.3	mEq/100g		364.7	364.7			WHC @ ambient pressure	45.0		Clay	2.11	9.33	8.57
https://envipath.org/package/5882df9c-dae1-4d80-a40e-db4724271456/compound/8cc416e9-1da9-4c7f-9e32-28ffaefd05a0/structure/42abe045-88a6-4fdb-ac9f-43ab2ad52783	DCHA	Dicloran	Nc1c(Cl)cc(O)cc1Cl	https://envipath.org/package/5882df9c-dae1-4d80-a40e-db4724271456/scenario/999b8cba-4905-44ca-ac4b-f42653cb9c00	7.1.1.1.1/2, Arnold, Allen, 1988	no description				pH		&#176;C	9.0	mEq/100g					 	MHC	40.0		Sand	89.0	6.0	5.0
https://envipath.org/package/5882df9c-dae1-4d80-a40e-db4724271456/compound/837880a7-3ca0-44bd-a8c0-cc33fc987f4c/structure/189b6054-d792-49d1-929f-6b7732b35aa2	CO2	Dicloran	O=C=O	https://envipath.org/package/5882df9c-dae1-4d80-a40e-db4724271456/scenario/00033e44-e082-4f5f-9c37-b90c6c019e41	7.1.1.1.1/1, VÃ¶lkel, 2003	no description				pH		&#176;C	14.2	mEq/100g		452.0	220.0			MWC pF1.0	40.0		Loamy sand	83.6	6.1	10.3
https://envipath.org/package/5882df9c-dae1-4d80-a40e-db4724271456/compound/fcbe4af4-a426-41e0-a838-58a4e6d5d948/structure/8cc588b0-ce47-4f72-b060-2451467c94c7	DCAA	Dicloran	CC(=O)Nc1cc(Cl)c(N)c(Cl)c1	https://envipath.org/package/5882df9c-dae1-4d80-a40e-db4724271456/scenario/999b8cba-4905-44ca-ac4b-f42653cb9c00	7.1.1.1.1/2, Arnold, Allen, 1988	no description				pH		&#176;C	9.0	mEq/100g					 	MHC	40.0		Sand	89.0	6.0	5.0
https://envipath.org/package/5882df9c-dae1-4d80-a40e-db4724271456/compound/0f694c70-c263-4299-abcc-9649b689a790/structure/1f7685c4-dc0d-4b5a-9358-f1fee621039d	DCPD	Dicloran	Nc1cc(Cl)c(N)c(Cl)c1	https://envipath.org/package/5882df9c-dae1-4d80-a40e-db4724271456/scenario/999b8cba-4905-44ca-ac4b-f42653cb9c00	7.1.1.1.1/2, Arnold, Allen, 1988	no description				pH		&#176;C	9.0	mEq/100g					 	MHC	40.0		Sand	89.0	6.0	5.0
https://envipath.org/package/5882df9c-dae1-4d80-a40e-db4724271456/compound/837880a7-3ca0-44bd-a8c0-cc33fc987f4c/structure/189b6054-d792-49d1-929f-6b7732b35aa2	CO2	Diethofencarb	O=C=O	https://envipath.org/package/5882df9c-dae1-4d80-a40e-db4724271456/scenario/75d50d86-85c1-4df4-9ecf-ae36423d3836	Sakata S., Nambu K., Mikami N., Matsuda T., (1988)	no description				pH		&#176;C	8.1	mEq/100g						WHC @ 0.33 bar	75.0		Sandy loam	70.0	17.5	12.5
https://envipath.org/package/5882df9c-dae1-4d80-a40e-db4724271456/compound/de66594d-2b76-488d-b390-d0f53165aa01/structure/2af70f1a-49e6-4b61-a786-3701a2c1e79d	3,4-(Oet)2-6-NO2-A	Diethofencarb	CCOc1cc(N)c([N+](=O)[O-])cc1OCC	https://envipath.org/package/5882df9c-dae1-4d80-a40e-db4724271456/scenario/712eb0c0-26fa-4ed2-b7fc-d689f2fcdfdd	Lewis, C.J. (2002)	no description				pH		&#176;C	20.4	mEq/100g		422.0	541.0			MWHC	45.0		Clay loam	36.0	33.0	31.0
https://envipath.org/package/5882df9c-dae1-4d80-a40e-db4724271456/compound/1f933b06-98cf-482f-9aaf-5325bba34cbc/structure/982888e9-376c-4a4e-9509-6d9d15c06d31	4-OH-DFC	Diethofencarb	CCOc1cc(NC(=O)OC(C)C)ccc1O	https://envipath.org/package/5882df9c-dae1-4d80-a40e-db4724271456/scenario/ad2742d3-9379-4bb6-b76e-1f61c19c16bd	Lewis, C.J. (2008)	no description				pH		&#176;C	11.0	mEq/100g		431.0	431.0			MWHC			Sandy loam	78.0	12.0	10.0
https://envipath.org/package/5882df9c-dae1-4d80-a40e-db4724271456/compound/94815f0f-3b21-47ba-9ac6-04ef1ba5ee24/structure/9f7c8253-aa30-40c6-bb0d-ea68e0f76bcb	DFC-COOH	Diethofencarb	CCOc1ccc(NC(=O)OC(C)C(=O)O)cc1OCC	https://envipath.org/package/5882df9c-dae1-4d80-a40e-db4724271456/scenario/f390ad9b-0d08-4a4b-b2f5-ad837f2f26e7	Concha, M. (2002)	no description				pH		&#176;C	10.0	mEq/100g		89.97	68.26			MWHC	50.0		Sandy loam	57.8	33.3	9.0
https://envipath.org/package/5882df9c-dae1-4d80-a40e-db4724271456/compound/72d8c6c0-5110-4b6d-b7a9-43ce1cbea186/structure/7c97387e-60e7-497e-a9a8-83012ed2be50	DPO	Diethofencarb	CCOc1ccc(N2C(=O)OC(C)C2=O)cc1OCC	https://envipath.org/package/5882df9c-dae1-4d80-a40e-db4724271456/scenario/f390ad9b-0d08-4a4b-b2f5-ad837f2f26e7	Concha, M. (2002)	no description				pH		&#176;C	10.0	mEq/100g		89.97	68.26			MWHC	50.0		Sandy loam	57.8	33.3	9.0
https://envipath.org/package/5882df9c-dae1-4d80-a40e-db4724271456/compound/837880a7-3ca0-44bd-a8c0-cc33fc987f4c/structure/189b6054-d792-49d1-929f-6b7732b35aa2	CO2	Difenoconazole	O=C=O	https://envipath.org/package/5882df9c-dae1-4d80-a40e-db4724271456/scenario/7670c1f9-e20e-4a85-9485-f24b8ebe57fd	Mamouni, A. (2002)	no description				pH		&#176;C	11.3	mEq/100g		597.0	304.0			MWHC pF 1.0	40.0		Sandy loam	65.7	21.0	13.3
https://envipath.org/package/5882df9c-dae1-4d80-a40e-db4724271456/compound/b9e2409a-7ec6-4078-bbd1-30554fb79f75/structure/3a1d511e-903b-4d3e-a56c-dc933e1b3aa1	CGA 205374	Difenoconazole	O=C(Cn1cncn1)c1ccc(Oc2ccc(Cl)cc2)cc1Cl	https://envipath.org/package/5882df9c-dae1-4d80-a40e-db4724271456/scenario/970ec8cb-60f4-4449-887b-4712be92371c	VÃ¶lkel, W. (2002a)	no description				pH		&#176;C	6.2	mEq/100g		464.0	226.0			MWHC pF 1.0	40.0		Sandy loam	71.5	22.1	6.5
https://envipath.org/package/5882df9c-dae1-4d80-a40e-db4724271456/compound/a6a99d95-8f8e-48a1-97d9-ba8eed6cdb8b/structure/4dbe24a7-9930-4dbc-9cf1-dc0a8a20b321	CGA 189138	Difenoconazole	O=C(O)c1cc(Oc2ccc(Cl)cc2)ccc1Cl																							
https://envipath.org/package/5882df9c-dae1-4d80-a40e-db4724271456/compound/8cf2f2d2-4ddc-4a24-b562-4c66efa838a2/structure/af2e1bce-653a-4b5d-85a5-a6ec1b5c95bf	PCA 4-chloraniline	Diflubenzuron	Nc1ccc(Cl)cc1	https://envipath.org/package/5882df9c-dae1-4d80-a40e-db4724271456/scenario/8b57815b-6bee-464d-9210-18abbba87f54	Walstra, P. & Joustra, K.D. (1990)	no description				pH		&#176;C	4.6	mEq/100g						water content @ 0.33 bar; experimental stated as % of MWHC	10.5		Sandy loam	61.0	24.7	4.3
https://envipath.org/package/5882df9c-dae1-4d80-a40e-db4724271456/compound/837880a7-3ca0-44bd-a8c0-cc33fc987f4c/structure/189b6054-d792-49d1-929f-6b7732b35aa2	CO2	Diflubenzuron	O=C=O	https://envipath.org/package/5882df9c-dae1-4d80-a40e-db4724271456/scenario/61ffcd24-b2bb-46c4-bb10-2fde756eebea	Willems, A.G.M. & Joustra, K.D. (1984)	no description				pH		&#176;C												44.2	40.4	15.4
https://envipath.org/package/5882df9c-dae1-4d80-a40e-db4724271456/compound/399691c0-0aa5-4593-84dd-63c0b388af46/structure/617c55eb-8af9-4d2a-80a5-186d07b62659	Metabolite 4 3-hydroxymethyl-2-(3-trifluoromethylphenoxy))pyridine	Diflufenican	OCc1cccnc1Oc1cccc(C(F)(F)F)c1	https://envipath.org/package/5882df9c-dae1-4d80-a40e-db4724271456/scenario/6760aa01-9683-46e0-bffd-5eb8e9b31546	Buys & Chabassol (1985a)	no description				pH		&#176;C	22.0	mEq/100g						WC @ 0.33 bar	75.0		Clay loam	47.0	28.0	34.0
https://envipath.org/package/5882df9c-dae1-4d80-a40e-db4724271456/compound/837880a7-3ca0-44bd-a8c0-cc33fc987f4c/structure/189b6054-d792-49d1-929f-6b7732b35aa2	CO2	Diflufenican	O=C=O	https://envipath.org/package/5882df9c-dae1-4d80-a40e-db4724271456/scenario/3ef87c43-1427-4073-805a-048c0ed8d7a6	Mahay & Burr (2001a)	no description				pH		&#176;C	61.5	mEq/100g		355.0	543.0			MWHC	45.0		Sandy loam	3.56	6.01	0.43
https://envipath.org/package/5882df9c-dae1-4d80-a40e-db4724271456/compound/e7c6e0d7-48ce-4f2f-aa83-a6253d66a7b7/structure/5b3a2f86-17bb-4533-a728-a48f98ffcd41	CGA 102935	Dimethachlor	Cc1cccc(C)c1N(CC(=O)O)C(=O)C(=O)O	https://envipath.org/package/5882df9c-dae1-4d80-a40e-db4724271456/scenario/23063cf7-da36-42c7-950a-99da972dd98a	Dean, G.M. (1995)	no description				pH		&#176;C	16.8	mEq/100g		930.0	1370.0			MWC pF < 0.3, humidity 75% of FMC	75.0		Silt loam	30.5	56.6	13.0
https://envipath.org/package/5882df9c-dae1-4d80-a40e-db4724271456/compound/bc854d10-04ec-4eba-a80b-122a1829b8c8/structure/8622c265-161a-4f1e-9101-ec4cbf73666d	CGA 369873	Dimethachlor	Cc1cccc(C)c1NC(=O)CS(=O)(=O)[O-].[Na+]	https://envipath.org/package/5882df9c-dae1-4d80-a40e-db4724271456/scenario/83d5f54d-9b4f-4562-be67-79973046750f	Lewis, C.J. et al. (2002)	no description				pH		&#176;C	21.4	mEq/100g		640.0	100.0			WHC at pF 2.5 0.33 bar			Sandy clay loam	46.0	28.0	26.0
https://envipath.org/package/5882df9c-dae1-4d80-a40e-db4724271456/compound/dc6f545e-4fcf-460a-8c87-5f69855195b4/structure/1ac05c66-d62e-447d-afcb-34d6077c5f80	[CGA37734]	Dimethachlor	Cc1cccc(C)c1NC(=O)CO	https://envipath.org/package/5882df9c-dae1-4d80-a40e-db4724271456/scenario/436ba47e-4381-4e36-b36a-0074766de9b4	scenario 104	no description		Minor																		
https://envipath.org/package/5882df9c-dae1-4d80-a40e-db4724271456/compound/893a60bb-8ffb-4efd-88fc-3ba7205864de/structure/d667b0d3-0eef-4af5-b1ce-a8d1d845d6c3	CGA 39981	Dimethachlor	COCCN(C(=O)CO)c1c(C)cccc1C	https://envipath.org/package/5882df9c-dae1-4d80-a40e-db4724271456/scenario/85c5e186-89ba-42ca-92e4-e569f66d2581	Phillips M., Hall B.E., McCovan C., (1995)	no description				pH		&#176;C	9.25	mEq/100g		901.0	798.0			MWC	40.0		Silt loam	23.3	60.6	16.0
https://envipath.org/package/5882df9c-dae1-4d80-a40e-db4724271456/compound/5ad0c7ac-c569-4de1-aa8c-60b0a2a7aeb6/structure/7a66403d-e46c-4767-b681-4bfbe65d2605	CGA 39026	Dimethachlor	Cc1cccc(C)c1N(CCO)C(=O)CCl																							
https://envipath.org/package/5882df9c-dae1-4d80-a40e-db4724271456/compound/044f4e4a-0aa0-447d-b792-f2fbee359033/structure/c0ea7c93-a671-4b9a-9a56-edc1564d2cd5	CGA 373464	Dimethachlor	Cc1cccc(C)c1N(CC(=O)O)C(=O)CS(=O)(=O)[O-].[Na+]																							
https://envipath.org/package/5882df9c-dae1-4d80-a40e-db4724271456/compound/0a46d12f-b016-48f1-8340-a7ea391d87a3/structure/84f0dc78-c616-4540-88d2-42d6d7712ddb	CGA 103699	Dimethachlor	Cc1cccc(C)c1N(CC(=O)O)C(=O)CO	https://envipath.org/package/5882df9c-dae1-4d80-a40e-db4724271456/scenario/d69f92ad-8e54-4ce1-a9b6-19f77e06a071	Phillips M., Hall B.E., McCovan C., (1995)	no description				pH		&#176;C	4.79	mEq/100g		323.0	411.0			MWC	40.0		Silt loam	36.7	55.6	7.7
https://envipath.org/package/5882df9c-dae1-4d80-a40e-db4724271456/compound/3e0c94a5-5319-46eb-91b8-335fa219561c/structure/e9a13c59-7d79-4556-9176-0e8b9c2bb4b3	SYN 530561	Dimethachlor	COCCN(C(=O)CO)c1c(C)cccc1C(=O)O																							
https://envipath.org/package/5882df9c-dae1-4d80-a40e-db4724271456/compound/f72d961a-97ca-485b-b987-3269d1e503b2/structure/85810875-16a2-48d1-99ff-466412e506fe	CGA 42443	Dimethachlor	COCCN(C(C)=O)c1c(C)cccc1C	https://envipath.org/package/5882df9c-dae1-4d80-a40e-db4724271456/scenario/85c5e186-89ba-42ca-92e4-e569f66d2581	Phillips M., Hall B.E., McCovan C., (1995)	no description				pH		&#176;C	9.25	mEq/100g		901.0	798.0			MWC	40.0		Silt loam	23.3	60.6	16.0
https://envipath.org/package/5882df9c-dae1-4d80-a40e-db4724271456/compound/e2bedeaf-4ee6-4ab1-8763-687b8bcf217d/structure/dc481a48-b1eb-485e-805a-c3ac6444063e	SYN 528702	Dimethachlor	Cc1cccc(C)c1N(CCSCC(O)C(=O)O)C(=O)CO																							
https://envipath.org/package/5882df9c-dae1-4d80-a40e-db4724271456/compound/837880a7-3ca0-44bd-a8c0-cc33fc987f4c/structure/189b6054-d792-49d1-929f-6b7732b35aa2	CO2	Dimethachlor	O=C=O	https://envipath.org/package/5882df9c-dae1-4d80-a40e-db4724271456/scenario/23063cf7-da36-42c7-950a-99da972dd98a	Dean, G.M. (1995)	no description				pH		&#176;C	16.8	mEq/100g		930.0	1370.0			MWC pF < 0.3, humidity 75% of FMC	75.0		Silt loam	30.5	56.6	13.0
https://envipath.org/package/5882df9c-dae1-4d80-a40e-db4724271456/compound/4cae4ff5-96f4-4e8f-8291-fdd9daddbaa8/structure/5aeb5f1b-613e-4b26-aff7-b2b4bb3d2c60	CGA 16942	Dimethachlor	Cc1cccc(C)c1NC(=O)CCl																							
https://envipath.org/package/5882df9c-dae1-4d80-a40e-db4724271456/compound/8ec92658-76f1-43f4-a999-1a04e09e4f1a/structure/85abac04-d6e6-4cc5-836c-0bc809cbd92b	Dimethenamid-P, often used isomer	Dimethenamid	COCC(C)N(C(=O)CCl)c1c(C)csc1C	https://envipath.org/package/5882df9c-dae1-4d80-a40e-db4724271456/scenario/931de980-c577-4101-a1fb-4916421ff30f	7.1.1.1.1, 7.1.1.2.1, Wendt, 1997	no description				pH		&#176;C	15.6	mEq/100g						FC @Â 0.33 bar	75.0		Clay loam	24.0	44.0	32.0
https://envipath.org/package/5882df9c-dae1-4d80-a40e-db4724271456/compound/eef2b916-5ef5-4d0b-8227-26cad0bdc62a/structure/a594f591-1573-4606-8250-6ee0f7ba8d7a	M26	Dimethenamid	COCC(C)N(C(=O)CSCC(O)C(=O)O)c1c(C)csc1C	https://envipath.org/package/5882df9c-dae1-4d80-a40e-db4724271456/scenario/c784f5d8-3d5e-438a-8931-93e7ee79089b	7.1.1.1.1, 7.1.1.2.1, Wendt, 1997	no description				pH		&#176;C	15.6	mEq/100g						FC @Â 0.33 bar	75.0		Clay loam	24.0	44.0	32.0
https://envipath.org/package/5882df9c-dae1-4d80-a40e-db4724271456/compound/aac1af41-340c-4c2f-ab6e-3038a7f97eb9/structure/73a4f9e7-892c-4596-bec0-857f1e3c7e8e	M11	Dimethenamid	COCC(C)N(C(=O)CO)c1c(C)csc1C																							
https://envipath.org/package/5882df9c-dae1-4d80-a40e-db4724271456/compound/ed0155bf-f9c5-45b2-af25-a9128f9f4098/structure/c3cf64e4-bb1e-4000-9faf-6efdfa7b197d	M31	Dimethenamid	COCC(C)N(C(=O)CS(=O)CC(=O)O)c1c(C)csc1C	https://envipath.org/package/5882df9c-dae1-4d80-a40e-db4724271456/scenario/6e7497cd-bc7f-4432-8d16-25a5134595b2	7.1.1.1.1, 7.1.1.2.1, KÃ¶nig, 1995	no description				pH		&#176;C	9.5	mEq/100g						MWHC	40.0		Sandy loam	64.0	28.0	8.0
https://envipath.org/package/5882df9c-dae1-4d80-a40e-db4724271456/compound/e2971111-e849-4628-b8a4-5c753a38496c/structure/f4b6b03b-dd8d-44d8-a286-fdcc9452587a	M32	Dimethenamid	COCC(C)N(C(=O)CSCC(=O)O)c1c(C)csc1C	https://envipath.org/package/5882df9c-dae1-4d80-a40e-db4724271456/scenario/c784f5d8-3d5e-438a-8931-93e7ee79089b	7.1.1.1.1, 7.1.1.2.1, Wendt, 1997	no description				pH		&#176;C	15.6	mEq/100g						FC @Â 0.33 bar	75.0		Clay loam	24.0	44.0	32.0
https://envipath.org/package/5882df9c-dae1-4d80-a40e-db4724271456/compound/837880a7-3ca0-44bd-a8c0-cc33fc987f4c/structure/189b6054-d792-49d1-929f-6b7732b35aa2	CO2	Dimethenamid	O=C=O	https://envipath.org/package/5882df9c-dae1-4d80-a40e-db4724271456/scenario/bfa17849-40b9-4a8e-9d3c-8aca13e630dd	7.1.1.1.1, 7.1.1.2.1,Krueger, Bade, 1990	no description				pH		&#176;C	20.4	mEq/100g						FC @Â 0.33 bar	75.0		Loam	34.0	41.0	25.0
https://envipath.org/package/5882df9c-dae1-4d80-a40e-db4724271456/compound/c5360868-7438-4800-b3ce-41465abc1b22/structure/eba0ad7c-1d88-4e0c-b9cc-f74fa06c28ef	M30	Dimethenamid	COCC(C)N(C(=O)CS(=O)CC(O)C(=O)O)c1c(C)csc1C	https://envipath.org/package/5882df9c-dae1-4d80-a40e-db4724271456/scenario/c784f5d8-3d5e-438a-8931-93e7ee79089b	7.1.1.1.1, 7.1.1.2.1, Wendt, 1997	no description				pH		&#176;C	15.6	mEq/100g						FC @Â 0.33 bar	75.0		Clay loam	24.0	44.0	32.0
https://envipath.org/package/5882df9c-dae1-4d80-a40e-db4724271456/compound/6045d409-c789-4f1f-9bfa-d1b3c05ac8b0/structure/0f59bf6c-0790-499e-acf3-123fd5dde345	1,4-dithiane-1,1,4,4-tetraoxide H9	Dimethipin	O=S1(=O)CCS(=O)(=O)CC1	https://envipath.org/package/5882df9c-dae1-4d80-a40e-db4724271456/scenario/95f2b2ce-3d63-483e-b5f4-89d5bcb0f924	scenario 85	no description		Minor																		
https://envipath.org/package/5882df9c-dae1-4d80-a40e-db4724271456/compound/837880a7-3ca0-44bd-a8c0-cc33fc987f4c/structure/189b6054-d792-49d1-929f-6b7732b35aa2	CO2	Dimethipin	O=C=O	https://envipath.org/package/5882df9c-dae1-4d80-a40e-db4724271456/scenario/0898252e-c904-407a-8877-38f604d35ab2	7.1.1.2.1, Curtiss, Wong, Meck, 1978	no description				pH		&#176;C	7.3	mEq/100g						moisture @ 0.33 bar			Sandy loam	68.8	19.6	11.6
https://envipath.org/package/5882df9c-dae1-4d80-a40e-db4724271456/compound/c9a2102a-c7d1-4eae-9665-bd529b231d86/structure/6b4e369a-3ca1-496c-99ec-da5e91e89eac	2-methyl-3-methylene-1,4-dithiane-1,1,4,4-tetraoxide H4	Dimethipin	C=C1C(C)S(=O)(=O)CCS1(=O)=O	https://envipath.org/package/5882df9c-dae1-4d80-a40e-db4724271456/scenario/7abf7017-0f50-4b6d-857b-670df28f718d	scenario 86	no description		Minor																		
https://envipath.org/package/5882df9c-dae1-4d80-a40e-db4724271456/compound/fa0a18d2-495d-4707-a41b-847d045b1b76/structure/42072bf5-d760-4c8f-878e-a11e5adb019a	Omethoate, structurally similar to dimethoate	Dimethoate	CNC(=O)CSP(=O)(OC)OC	https://envipath.org/package/5882df9c-dae1-4d80-a40e-db4724271456/scenario/2e9b9f0e-cf70-40be-a551-9ccbc4372bdf	7.1/01, Kirkpatrick, Hawkins, Shaw, Mobbs, 1989	no description				pH		&#176;C	10.6	mEq/100g					 	retention potential @ 0.33 bar	75.0		Sandy loam	64.0	25.0	11.0
https://envipath.org/package/5882df9c-dae1-4d80-a40e-db4724271456/compound/05ea8702-8365-4b0b-9c35-c46d6bff11de/structure/3a7779bb-8449-4024-9f1b-cfdefa0fc3f9	O-Desmethyl dimethoate	Dimethoate	CNC(=O)CSP(O)(=S)OC	https://envipath.org/package/5882df9c-dae1-4d80-a40e-db4724271456/scenario/2e9b9f0e-cf70-40be-a551-9ccbc4372bdf	7.1/01, Kirkpatrick, Hawkins, Shaw, Mobbs, 1989	no description				pH		&#176;C	10.6	mEq/100g					 	retention potential @ 0.33 bar	75.0		Sandy loam	64.0	25.0	11.0
https://envipath.org/package/5882df9c-dae1-4d80-a40e-db4724271456/compound/8aed484c-5c67-4bcd-a1c7-deed9841c7ec/structure/f7742607-8626-4452-8060-98cd16093707	O,O-Dimethyl thiophosphoric acid	Dimethoate	COP(O)(=S)OC	https://envipath.org/package/5882df9c-dae1-4d80-a40e-db4724271456/scenario/2e9b9f0e-cf70-40be-a551-9ccbc4372bdf	7.1/01, Kirkpatrick, Hawkins, Shaw, Mobbs, 1989	no description				pH		&#176;C	10.6	mEq/100g					 	retention potential @ 0.33 bar	75.0		Sandy loam	64.0	25.0	11.0
https://envipath.org/package/5882df9c-dae1-4d80-a40e-db4724271456/compound/837880a7-3ca0-44bd-a8c0-cc33fc987f4c/structure/189b6054-d792-49d1-929f-6b7732b35aa2	CO2	Dimethoate	O=C=O	https://envipath.org/package/5882df9c-dae1-4d80-a40e-db4724271456/scenario/2e9b9f0e-cf70-40be-a551-9ccbc4372bdf	7.1/01, Kirkpatrick, Hawkins, Shaw, Mobbs, 1989	no description				pH		&#176;C	10.6	mEq/100g					 	retention potential @ 0.33 bar	75.0		Sandy loam	64.0	25.0	11.0
https://envipath.org/package/5882df9c-dae1-4d80-a40e-db4724271456/compound/837880a7-3ca0-44bd-a8c0-cc33fc987f4c/structure/189b6054-d792-49d1-929f-6b7732b35aa2	CO2	Dimethomorph	O=C=O	https://envipath.org/package/5882df9c-dae1-4d80-a40e-db4724271456/scenario/1347794a-642c-400f-b156-280178c36a93	7.1.1.1.1, 7.1.1.2.1, Edwards, Standen, 1990, 7.1.1.2.1, Beigel, 2001	no description				pH		&#176;C	17.8	mEq/100g						FC @ 0.33 bar			Silty clay loam	10.0	71.0	19.0
https://envipath.org/package/5882df9c-dae1-4d80-a40e-db4724271456/compound/837880a7-3ca0-44bd-a8c0-cc33fc987f4c/structure/189b6054-d792-49d1-929f-6b7732b35aa2	CO2	Dimoxystrobin	O=C=O	https://envipath.org/package/5882df9c-dae1-4d80-a40e-db4724271456/scenario/cd732020-0aaa-4311-b08b-92b26c3a07db	71.1.2.1/8, Platz, 2000a; 7.1.1.1.1/1, 7.1.1.2.1/1, Stephan, 1999a; 7.1.1.1.1/1, 7.1.1.2.1/2, Ebert, 1999	no description				pH		&#176;C	15.6	mEq/100g		457.0	347.0			MWC	40.0		Sandy loam	66.0	21.0	13.0
https://envipath.org/package/5882df9c-dae1-4d80-a40e-db4724271456/compound/837880a7-3ca0-44bd-a8c0-cc33fc987f4c/structure/189b6054-d792-49d1-929f-6b7732b35aa2	CO2	Diquat	O=C=O	https://envipath.org/package/5882df9c-dae1-4d80-a40e-db4724271456/scenario/37700d30-37aa-4d2e-88cd-efcc8b974b02	Dixon, (2012)	no description				pH		&#176;C	18.9	mEq/100g		391.0	313.0			MC at pF2	100.0	MC at pF2	Sandy clay loam	51.0	24.0	25.0
https://envipath.org/package/5882df9c-dae1-4d80-a40e-db4724271456/compound/18ccb928-5b4f-4f3e-8dca-fe3233da7544/structure/2fe7d992-c0db-4d69-a111-db479b1159cf	SYN-546442	Diquat	O=C1CC=CC2c3cccc[n+]3CCN12	https://envipath.org/package/5882df9c-dae1-4d80-a40e-db4724271456/scenario/0a03a9ab-3d9d-4e23-b635-5ebb5636cc93	Dixon, (2012)	no description		Minor		pH		&#176;C	10.8	mEq/100g		412.0	296.0			MC at pF2	100.0	MC at pF2	Loam	45.0	43.0	12.0
https://envipath.org/package/5882df9c-dae1-4d80-a40e-db4724271456/compound/ad82c39b-2edb-4953-b971-79a2d2ea6e26/structure/cf8b0680-4433-480f-965a-9bbce972c55a	Phosphate	Disodium phosphonate	O=P([O-])([O-])[O-]																							
https://envipath.org/package/5882df9c-dae1-4d80-a40e-db4724271456/compound/9eea3dee-1f4a-4289-9cf4-41d49e50856a/structure/7d3e846e-2c84-4c9a-acf2-76a8e6c1113d	Dipotassium phosphonate	Disodium phosphonate	O=[PH]([O-])[O-].[K+].[K+]	https://envipath.org/package/5882df9c-dae1-4d80-a40e-db4724271456/scenario/4cb54d61-3718-439d-80e7-6e439e7077e5	Speiser & Berner (1995)	no description				pH									 	MWHC	50.0			6.9	67.7	25.4
https://envipath.org/package/5882df9c-dae1-4d80-a40e-db4724271456/compound/72696d0b-ee6f-4186-8ba8-3baeddcfcfa4/structure/d2c402a5-a5e0-4635-b5f3-3eafa9bbb196	ROI 8(2)	Dithianon	N#Cc1[nH]c2c(c1C#N)C(=O)c1ccccc1C2=O																							
https://envipath.org/package/5882df9c-dae1-4d80-a40e-db4724271456/compound/12c0692e-d00c-4adf-9b82-ca8642b22d68/structure/54bd1ad3-ea3e-45b6-8011-23fa485e80ed	ROI 10	Dithianon	NC(=O)CC(SC1=CC(=O)c2ccccc2C1=O)C(N)=O																							
https://envipath.org/package/5882df9c-dae1-4d80-a40e-db4724271456/compound/52c2d3b7-d72f-41d1-b372-45d971a7154e/structure/65102e95-cd0b-47bd-b5b9-c6e918c78b11	NQ	Dithianon	O=C1C=CC(=O)c2ccccc21	https://envipath.org/package/5882df9c-dae1-4d80-a40e-db4724271456/scenario/42e35374-fdc2-47ef-a46c-b89efbe3605c	scenario 81	no description		Minor																		
https://envipath.org/package/5882df9c-dae1-4d80-a40e-db4724271456/compound/ac69038b-e95d-49ed-a649-db473adad152/structure/27b73aaa-a8dd-43d3-a285-6b9239e18ae2	D15 (CL902200)	Dithianon	N#Cc1sc2c(=O)c3ccccc3c(=O)c=2sc1C(N)=O	https://envipath.org/package/5882df9c-dae1-4d80-a40e-db4724271456/scenario/2e6ba14e-b678-4cb2-a36f-32a9faa98bb8	scenario 80	no description		Minor																		
https://envipath.org/package/5882df9c-dae1-4d80-a40e-db4724271456/compound/62e1791f-05a6-4c3d-be52-94d506d73b56/structure/bdbc9cae-2bef-481a-b5e7-53fca9d0e39a	ROI 8	Dithianon	N#CC1=C(C#N)SC(C(=O)c2ccccc2O)=C(C(=O)O)S1																							
https://envipath.org/package/5882df9c-dae1-4d80-a40e-db4724271456/compound/00cd6390-1493-4638-8ef3-6a453f7eb9c0/structure/860e1456-6e4d-447c-aec0-80723bb1632b	D8 (CL902198)	Dithianon	N#Cc1sc2c(c1C#N)C(=O)c1ccccc1C2=O																							
https://envipath.org/package/5882df9c-dae1-4d80-a40e-db4724271456/compound/fe308772-0155-4e38-80fd-4a2c6e493271/structure/6871e79b-7d2e-423a-a882-ba5d26d09110	ROI 4 not clear which one	Dithianon	N#CC(O)=C(C#N)SC1=CC(=O)c2ccccc2C1=O.N#CC=C(C#N)SC1=C(O)C(=O)c2ccccc2C1=O																							
https://envipath.org/package/5882df9c-dae1-4d80-a40e-db4724271456/compound/3d067b01-59ad-4a66-8b60-71402a11b461/structure/74bbb5ac-32fe-4ffd-b185-8715d9907d25	ROI 4(2)	Dithianon	N#Cc1sc2c(c1C(N)=O)C(=O)c1ccccc1C2=O																							
https://envipath.org/package/5882df9c-dae1-4d80-a40e-db4724271456/compound/5095ab65-ccae-48c6-ab99-e53b924f5d5a/structure/55de6cd6-f4df-4b80-885d-cad6fa2baead	D3 (CL902195)	Dithianon	N#Cc1snc2sc3c(=O)c4ccccc4c(=O)c=3sc12																							
https://envipath.org/package/5882df9c-dae1-4d80-a40e-db4724271456/compound/7bb0f652-9788-408b-94a6-a30a6548800e/structure/8c0038a7-44b1-432e-bef9-56e7df602695	D4 (CL 66629)	Dithianon	O=c1c2ccccc2c(=O)c2sc3c(=O)c4ccccc4c(=O)c3sc12																							
https://envipath.org/package/5882df9c-dae1-4d80-a40e-db4724271456/compound/6e0837b5-b1c2-4255-90ba-fa5ece77e580/structure/2e9ea286-e9f0-4ae5-ad84-b52b63ee2328	Phthalaldehyde or Phenylenedimethan	Dithianon	O=Cc1ccccc1C=O.OCc1ccccc1CO	https://envipath.org/package/5882df9c-dae1-4d80-a40e-db4724271456/scenario/071c2cab-a319-4f18-988e-2614186b83c1	scenario 82	no description		Minor																		
https://envipath.org/package/5882df9c-dae1-4d80-a40e-db4724271456/compound/837880a7-3ca0-44bd-a8c0-cc33fc987f4c/structure/189b6054-d792-49d1-929f-6b7732b35aa2	CO2	Dithianon	O=C=O	https://envipath.org/package/5882df9c-dae1-4d80-a40e-db4724271456/scenario/fc437944-95bd-4c01-8371-6e7f97036101	Steinfuhrer, T. & Buch, T. (1993)	no description				pH		&#176;C	9.7	mEq/100g		370.0	270.0			MWHC	41.0		Sandy loam	82.0	13.0	5.1
https://envipath.org/package/5882df9c-dae1-4d80-a40e-db4724271456/compound/f0efdec8-29ac-483a-8e80-46f7165e4c32/structure/a8b82d04-c43d-4a22-b8f8-fb4b6e9a6c36	D5 (4,11-dithia-2-aza-cyclopenta[b]anthracene-1,3,5,10-tetraone)	Dithianon	O=c1[nH]c(=O)c2sc3c(=O)c4ccccc4c(=O)c3sc12	https://envipath.org/package/5882df9c-dae1-4d80-a40e-db4724271456/scenario/fc437944-95bd-4c01-8371-6e7f97036101	Steinfuhrer, T. & Buch, T. (1993)	no description				pH		&#176;C	9.7	mEq/100g		370.0	270.0			MWHC	41.0		Sandy loam	82.0	13.0	5.1
https://envipath.org/package/5882df9c-dae1-4d80-a40e-db4724271456/compound/88622df6-2647-4607-9216-45d7b022191e/structure/1dd776db-a2cb-4afe-bb3e-9a8c8589e279	DCA	Diuron	Nc1ccc(Cl)c(Cl)c1	https://envipath.org/package/5882df9c-dae1-4d80-a40e-db4724271456/scenario/e792a45a-657f-4816-b289-4fc2507a0d25	Annex IIA sec.5 pt.7.7.1.1.1/02	no description				pH		&#176;C	9.05	mEq/100g						MWHC	35.0		Sandy loam	58.2	24.1	17.7
https://envipath.org/package/5882df9c-dae1-4d80-a40e-db4724271456/compound/b8a6cb19-8517-4052-8404-a29474dd07d1/structure/543af1b5-0d10-40a4-9323-a68ee5ef206f	DCPU	Diuron	NC(=O)Nc1ccc(Cl)c(Cl)c1	https://envipath.org/package/5882df9c-dae1-4d80-a40e-db4724271456/scenario/6f399b9b-1a5d-45bf-8b5d-0c5ba1243531	Annex IIA sec.5 pt.7.7.1.1.1/01	no description				pH		&#176;C	8.9	mEq/100g					 	0.33 bar	75.0		Silt loam	22.0	59.0	19.0
https://envipath.org/package/5882df9c-dae1-4d80-a40e-db4724271456/compound/837880a7-3ca0-44bd-a8c0-cc33fc987f4c/structure/189b6054-d792-49d1-929f-6b7732b35aa2	CO2	Diuron	O=C=O																							
https://envipath.org/package/5882df9c-dae1-4d80-a40e-db4724271456/compound/837880a7-3ca0-44bd-a8c0-cc33fc987f4c/structure/189b6054-d792-49d1-929f-6b7732b35aa2	CO2	Dodemorph	O=C=O	https://envipath.org/package/5882df9c-dae1-4d80-a40e-db4724271456/scenario/87983541-ff52-4ca2-951b-88a32fd3cb48	7.1.1.1.1/01, Fathulla, 1991	no description				pH		&#176;C									70.0		Sandy loam			
https://envipath.org/package/5882df9c-dae1-4d80-a40e-db4724271456/compound/78e55cd2-5bbd-4f7e-8440-7a2c3923f819/structure/e4885071-1161-40e0-bdcf-af730751efdc	Guanidine	Dodine	N=C(N)N																							
https://envipath.org/package/5882df9c-dae1-4d80-a40e-db4724271456/compound/0eb3754d-bcf2-47c8-ac41-e1e03bae4e43/structure/5aeb6874-eba8-43c9-8d23-ac6d83a2e4f9	Decanol	Dodine	CCCCCCCCCCO																							
https://envipath.org/package/5882df9c-dae1-4d80-a40e-db4724271456/compound/5e4989fc-13d3-45d4-ad57-3be380a9d3c0/structure/001ae332-266b-42f3-9737-3e1c793221dc	Acetic acid	Dodine	CC(=O)O	https://envipath.org/package/5882df9c-dae1-4d80-a40e-db4724271456/scenario/8941c2e2-c5ea-4a48-8931-6861c6c88075	7.1.1.1.1/01, Cooper, 1996	no description				pH		&#176;C	6.2	mEq/100g		366.0	366.0			MHC @ 0.33 bar	75.0		Sandy loam	62.7	28.5	8.8
https://envipath.org/package/5882df9c-dae1-4d80-a40e-db4724271456/compound/e0ccb30a-a3e9-41cb-95b2-dd7f84c2be4d/structure/c481ce55-c93f-423b-9a99-ab03bc5f69a0	Dodecane	Dodine	CCCCCCCCCCCC	https://envipath.org/package/5882df9c-dae1-4d80-a40e-db4724271456/scenario/8941c2e2-c5ea-4a48-8931-6861c6c88075	7.1.1.1.1/01, Cooper, 1996	no description				pH		&#176;C	6.2	mEq/100g		366.0	366.0			MHC @ 0.33 bar	75.0		Sandy loam	62.7	28.5	8.8
https://envipath.org/package/5882df9c-dae1-4d80-a40e-db4724271456/compound/837880a7-3ca0-44bd-a8c0-cc33fc987f4c/structure/189b6054-d792-49d1-929f-6b7732b35aa2	CO2	Dodine	O=C=O	https://envipath.org/package/5882df9c-dae1-4d80-a40e-db4724271456/scenario/c6173c2e-f89b-44df-9566-a3d6b34886cc	7.1.1.1.1/02, Lowden, 1997	no description				pH		&#176;C	5.1	mEq/100g		185.0	107.0			MC @ pF2.5, maintained throughout experiment			Silt loam	45.5	45.1	9.3
https://envipath.org/package/5882df9c-dae1-4d80-a40e-db4724271456/compound/837880a7-3ca0-44bd-a8c0-cc33fc987f4c/structure/189b6054-d792-49d1-929f-6b7732b35aa2	CO2	Emamectin	O=C=O	https://envipath.org/package/5882df9c-dae1-4d80-a40e-db4724271456/scenario/7a73d7eb-2a6c-435b-982b-0b21d1821585	Hand, L.H. & Fleming, E.A. (2006)	no description				pH		&#176;C	22.5	mEq/100g		305.2	399.4			"MHC @ 0.1 bar, experimental stated as ""moisture content approaching pF 2: %"""	28.5		Sandy clay loam	56.0	20.0	24.0
https://envipath.org/package/5882df9c-dae1-4d80-a40e-db4724271456/compound/55d3d10f-ee62-4d00-a8dd-faebda02238e/structure/3b509157-335b-42ca-ac72-4d9d9de3da2c	Aglycone	Emamectin	CCC(C)C1OC2(C=CC1C)CC1CC(CC=C(C)C(O)C(C)C=CC=C3COC4C(O)C(C)=CC(C(=O)O1)C34O)O2	https://envipath.org/package/5882df9c-dae1-4d80-a40e-db4724271456/scenario/7a73d7eb-2a6c-435b-982b-0b21d1821585	Hand, L.H. & Fleming, E.A. (2006)	no description				pH		&#176;C	22.5	mEq/100g		305.2	399.4			"MHC @ 0.1 bar, experimental stated as ""moisture content approaching pF 2: %"""	28.5		Sandy clay loam	56.0	20.0	24.0
https://envipath.org/package/5882df9c-dae1-4d80-a40e-db4724271456/compound/716235f4-15e0-4d40-9da5-67d367674795/structure/994ebaef-0ec6-4fdf-8f4b-44330880912e	FAB 1a	Emamectin	CCC(C)C1OC2(C=CC1C)CC1CC(CC=C(C)C(OC3CC(OC)C(OC4CC(OC)C(NC=O)C(C)O4)C(C)O3)C(C)C=CC=C3COC4C(O)C(C)=CC(C(=O)O1)C34O)O2	https://envipath.org/package/5882df9c-dae1-4d80-a40e-db4724271456/scenario/ecb5af39-58ba-4876-ae06-b15dd59625be	Clark, A. (2003)	no description				pH		&#176;C	17.7	mEq/100g		999.0	1284.0			FMC @ 1/3 bar,	75.0		Sandy loam			
https://envipath.org/package/5882df9c-dae1-4d80-a40e-db4724271456/compound/23027900-2b8d-452c-9cd4-255784677b59/structure/f092942b-00cb-4c1e-b4c1-993f2b858bbd	Carboxylic acid	Emamectin	CCC(C)C1OC2(C=CC1C)CC(O)CC(CC(=O)O)O2	https://envipath.org/package/5882df9c-dae1-4d80-a40e-db4724271456/scenario/f1f5f272-32b8-4cd4-9446-2b97bdbe4b29	scenario 11	no description		Minor																		
https://envipath.org/package/5882df9c-dae1-4d80-a40e-db4724271456/compound/32714063-2628-4e8e-b476-f362c09dd24f/structure/ced1e77f-44b3-4dc8-ab2a-6cfa32dedca7	AB 1a	Emamectin	CCC(C)C1OC2(C=CC1C)CC1CC(CC=C(C)C(OC3CC(OC)C(OC4CC(OC)C(N)C(C)O4)C(C)O3)C(C)C=CC=C3COC4C(O)C(C)=CC(C(=O)O1)C34O)O2	https://envipath.org/package/5882df9c-dae1-4d80-a40e-db4724271456/scenario/7a73d7eb-2a6c-435b-982b-0b21d1821585	Hand, L.H. & Fleming, E.A. (2006)	no description				pH		&#176;C	22.5	mEq/100g		305.2	399.4			"MHC @ 0.1 bar, experimental stated as ""moisture content approaching pF 2: %"""	28.5		Sandy clay loam	56.0	20.0	24.0
https://envipath.org/package/5882df9c-dae1-4d80-a40e-db4724271456/compound/6c4efc5d-ee6f-4563-ac31-d2b5c147b196/structure/9543505d-9de7-48a5-b32a-5c19e5475451	MSB 1a	Emamectin	CCC(C)C1OC2(C=CC1C)CC1CC(CC=C(C)C(OC3CC(OC)C(O)C(C)O3)C(C)C=CC=C3COC4C(O)C(C)=CC(C(=O)O1)C34O)O2	https://envipath.org/package/5882df9c-dae1-4d80-a40e-db4724271456/scenario/b9898165-05c5-4c1a-9d12-b134882d7046	Jungmann, V. & Nicollier, G. (2006)	no description				pH		&#176;C	15.5	mEq/100g		808.0	501.0			MWC	40.0		Silt loam	39.9	50.6	9.5
https://envipath.org/package/5882df9c-dae1-4d80-a40e-db4724271456/compound/28cd4044-03c4-4d14-89ac-88ef7fcdb066/structure/3ccb41ed-62d5-4cec-949e-aeb4713c3208	8a-oxo MAB 1a	Emamectin	CCC(C)C1OC2(C=CC1C)CC1CC(CC=C(C)C(OC3CC(OC)C(OC4CC(OC)C(NC)C(C)O4)C(C)O3)C(C)C=CC=C3C(=O)OC4C(O)C(C)=CC(C(=O)O1)C34O)O2	https://envipath.org/package/5882df9c-dae1-4d80-a40e-db4724271456/scenario/7a73d7eb-2a6c-435b-982b-0b21d1821585	Hand, L.H. & Fleming, E.A. (2006)	no description				pH		&#176;C	22.5	mEq/100g		305.2	399.4			"MHC @ 0.1 bar, experimental stated as ""moisture content approaching pF 2: %"""	28.5		Sandy clay loam	56.0	20.0	24.0
https://envipath.org/package/5882df9c-dae1-4d80-a40e-db4724271456/compound/18fb4cda-681d-42e6-a0c4-ed02942fe0c9/structure/ce5d9b97-d407-4d66-bdea-fbdedbd31c5d	Hydroxy-Triazole	Epoxiconazole	Oc1nc[nH]n1	https://envipath.org/package/5882df9c-dae1-4d80-a40e-db4724271456/scenario/0d47a685-af07-4bb0-a5b5-9dba1e08b15d	Scholz, 1990	no description				pH						1386.0	1386.0			MWC	40.0		Silt loam	33.6	61.1	5.3
https://envipath.org/package/5882df9c-dae1-4d80-a40e-db4724271456/compound/6f680f5a-5f06-499b-ab76-f55e1e00e586/structure/f33feebc-8e36-4325-acbd-bbefd82a9d3c	BF 480 alcohol	Epoxiconazole	OC(c1ccccc1Cl)C(Cn1cncn1)c1ccc(F)cc1																							
https://envipath.org/package/5882df9c-dae1-4d80-a40e-db4724271456/compound/837880a7-3ca0-44bd-a8c0-cc33fc987f4c/structure/189b6054-d792-49d1-929f-6b7732b35aa2	CO2	Epoxiconazole	O=C=O	https://envipath.org/package/5882df9c-dae1-4d80-a40e-db4724271456/scenario/6d759975-b2b2-43be-9acc-a7843a82b11b	Baranowski, 1989a, rate stated by Hauck, 2002	no description				pH		&#176;C	21.7	mEq/100g		3137.0	993.0			MWC	40.0		Clay loam	21.8	36.6	41.6
https://envipath.org/package/5882df9c-dae1-4d80-a40e-db4724271456/compound/4f5eedbf-ff10-434d-a612-71ef2eec521b/structure/1fe565dc-f03c-463a-a97e-773e8221bcdc	BF 480-11	Epoxiconazole	OC(c1ccccc1Cl)C(O)(Cn1cncn1)c1ccc(F)cc1																							
https://envipath.org/package/5882df9c-dae1-4d80-a40e-db4724271456/compound/b2d4f1be-b12f-4813-973e-a5bb89fc4c08/structure/c312f91c-3487-4b38-a8af-e38a00362dc7	1,2,4 triazole acetic-acid 	Epoxiconazole	O=C(O)Cn1cncn1																							
https://envipath.org/package/5882df9c-dae1-4d80-a40e-db4724271456/compound/da1808ce-7f07-4a2b-908d-963adba1b50b/structure/58d0aa4a-c8a4-44bc-b8f2-4b253fb85f8e	BF 480 entriazol	Epoxiconazole	Fc1ccc(C(=Cc2ccccc2Cl)Cn2cncn2)cc1																							
https://envipath.org/package/5882df9c-dae1-4d80-a40e-db4724271456/compound/3c46d9ec-8062-4a0c-95cf-b720b6828c8d/structure/424de194-6923-4b62-961f-0659c50c5845	Triazole alanine	Epoxiconazole	NC(Cn1cncn1)C(=O)O	https://envipath.org/package/5882df9c-dae1-4d80-a40e-db4724271456/scenario/0d47a685-af07-4bb0-a5b5-9dba1e08b15d	Scholz, 1990	no description				pH						1386.0	1386.0			MWC	40.0		Silt loam	33.6	61.1	5.3
https://envipath.org/package/5882df9c-dae1-4d80-a40e-db4724271456/compound/837880a7-3ca0-44bd-a8c0-cc33fc987f4c/structure/189b6054-d792-49d1-929f-6b7732b35aa2	CO2	Esfenvalerate	O=C=O																							
https://envipath.org/package/5882df9c-dae1-4d80-a40e-db4724271456/compound/3ce7a8c3-7f61-4d77-b3d8-a7cd06325829/structure/fcc4c344-88a0-4eb7-986f-c6be83344014	Dec-fen	Esfenvalerate	CC(C)C(c1ccc(Cl)cc1)C(C#N)c1cccc(Oc2ccccc2)c1																							
https://envipath.org/package/5882df9c-dae1-4d80-a40e-db4724271456/compound/a53811b9-5c56-4f31-92b7-b6b71e6d4c61/structure/dc488e92-a76b-4154-8c45-5217c33f7c52	CPIA	Esfenvalerate	CC(C)C(C(=O)O)c1ccc(Cl)cc1	https://envipath.org/package/5882df9c-dae1-4d80-a40e-db4724271456/scenario/64ae8911-eab9-408c-b386-a382f92aed1d	B.8.1.1.1, Itoh K. et al. (1995)	no description				pH		&#176;C	4.9	mEq/100g						MWHC	80.0		Sand	92.1	4.4	3.5
https://envipath.org/package/5882df9c-dae1-4d80-a40e-db4724271456/compound/2fc78d4a-7958-4af5-87d4-bcc2f9b6c9ab/structure/f8bb3b76-d463-49b5-b7de-7c5783f98e0c	3-PBAc	Esfenvalerate	O=C(O)c1cccc(Oc2ccccc2)c1	https://envipath.org/package/5882df9c-dae1-4d80-a40e-db4724271456/scenario/43794341-bde3-47dc-b394-d09205c25960	B.1.1.1, Nambu K. & Yoshimura J. (1988)	no description				pH		&#176;C	10.3	mEq/100g						FC at 0,33 bar	75.0		Sandy loam	59.0	34.0	7.0
https://envipath.org/package/5882df9c-dae1-4d80-a40e-db4724271456/compound/03f02861-b0f8-42e3-a0bd-22840aeb491d/structure/3ada738d-fa90-484b-960b-dba140bfd10b	ET-28E	Ethalfluralin 	CCNc1c([NH+]=[NH+]c2cc(C(F)(F)F)cc([N+](=O)[O-])c2NCC)cc(C(F)(F)F)cc1[N+](=O)[O-]	https://envipath.org/package/5882df9c-dae1-4d80-a40e-db4724271456/scenario/785113df-8bc0-4340-8668-629168571201	B.8.1.1.1, Graper L.K. (1990)	no description				pH		&#176;C	8.8	mEq/100g						WHC at 0,33 bar	75.0		Sandy loam	66.0	21.0	13.0
https://envipath.org/package/5882df9c-dae1-4d80-a40e-db4724271456/compound/7ba44560-c2a0-48d8-9688-0217839eaeec/structure/a429e44d-1dfc-4683-a61a-6c5684b563f8	ET-4	Ethalfluralin 	C=C(C)CN(CC)c1c(N)cc(C(F)(F)F)cc1[N+](=O)[O-]	https://envipath.org/package/5882df9c-dae1-4d80-a40e-db4724271456/scenario/785113df-8bc0-4340-8668-629168571201	B.8.1.1.1, Graper L.K. (1990)	no description				pH		&#176;C	8.8	mEq/100g						WHC at 0,33 bar	75.0		Sandy loam	66.0	21.0	13.0
https://envipath.org/package/5882df9c-dae1-4d80-a40e-db4724271456/compound/e27e1564-1823-4e1d-ad90-495fe6355404/structure/46f72c10-04fa-4a4d-ab48-431b33ef897c	M1	Ethalfluralin 	C=C1CNc2cc(C(F)(F)F)cc([N+](=O)[O-])c2N(CC)C1																							
https://envipath.org/package/5882df9c-dae1-4d80-a40e-db4724271456/compound/837880a7-3ca0-44bd-a8c0-cc33fc987f4c/structure/189b6054-d792-49d1-929f-6b7732b35aa2	CO2	Ethalfluralin 	O=C=O	https://envipath.org/package/5882df9c-dae1-4d80-a40e-db4724271456/scenario/785113df-8bc0-4340-8668-629168571201	B.8.1.1.1, Graper L.K. (1990)	no description				pH		&#176;C	8.8	mEq/100g						WHC at 0,33 bar	75.0		Sandy loam	66.0	21.0	13.0
https://envipath.org/package/5882df9c-dae1-4d80-a40e-db4724271456/compound/97f7d95e-dc9a-48b5-9045-953a91173679/structure/8f689779-f6d3-4f77-8eb2-b287bbe4092b	ET-2E	Ethalfluralin 	CCNc1c([N+](=O)[O-])cc(C(F)(F)F)cc1[N+](=O)[O-]	https://envipath.org/package/5882df9c-dae1-4d80-a40e-db4724271456/scenario/785113df-8bc0-4340-8668-629168571201	B.8.1.1.1, Graper L.K. (1990)	no description				pH		&#176;C	8.8	mEq/100g						WHC at 0,33 bar	75.0		Sandy loam	66.0	21.0	13.0
https://envipath.org/package/5882df9c-dae1-4d80-a40e-db4724271456/compound/0ca81d67-5f26-4bd3-b5f9-290c83e1e4e4/structure/f8a31179-2536-4fe0-8bb3-a56c10684748	ET-15M	Ethalfluralin 	Cc1nc2cc(C(F)(F)F)cc([N+](=O)[O-])c2[nH]1	https://envipath.org/package/5882df9c-dae1-4d80-a40e-db4724271456/scenario/8f313f1b-8e6f-4ee3-8b93-4bf5a055771e	B.8.1.1.1, Diehl M. (2003)	no description				pH		&#176;C	7.7	mEq/100g		270.0	211.0			MWHC	40.0		Loamy sand	72.2	21.8	6.0
https://envipath.org/package/5882df9c-dae1-4d80-a40e-db4724271456/compound/28ad5a14-4b38-4455-bc6b-9723e37ea67a/structure/ac5461cc-8898-4895-aee7-45a1f14d2390	ET-2M	Ethalfluralin 	C=C(C)CNc1c([N+](=O)[O-])cc(C(F)(F)F)cc1[N+](=O)[O-]	https://envipath.org/package/5882df9c-dae1-4d80-a40e-db4724271456/scenario/785113df-8bc0-4340-8668-629168571201	B.8.1.1.1, Graper L.K. (1990)	no description				pH		&#176;C	8.8	mEq/100g						WHC at 0,33 bar	75.0		Sandy loam	66.0	21.0	13.0
https://envipath.org/package/5882df9c-dae1-4d80-a40e-db4724271456/compound/0fcb2f1e-80f7-4b24-bfef-57fcbf088470/structure/caf38225-e629-4509-829e-cf6dde5956e1	ET-17E	Ethalfluralin 	CCn1cnc2cc(C(F)(F)F)cc([N+](=O)[O-])c21	https://envipath.org/package/5882df9c-dae1-4d80-a40e-db4724271456/scenario/785113df-8bc0-4340-8668-629168571201	B.8.1.1.1, Graper L.K. (1990)	no description				pH		&#176;C	8.8	mEq/100g						WHC at 0,33 bar	75.0		Sandy loam	66.0	21.0	13.0
https://envipath.org/package/5882df9c-dae1-4d80-a40e-db4724271456/compound/1587b134-a5ef-4c3a-804d-b730b02545c1/structure/054d3c3d-84ab-4dee-8b45-195b1a469cc9	ET-20	Ethalfluralin 	O=[N+]([O-])c1cc(C(F)(F)F)cc([N+](=O)[O-])c1O	https://envipath.org/package/5882df9c-dae1-4d80-a40e-db4724271456/scenario/8f313f1b-8e6f-4ee3-8b93-4bf5a055771e	B.8.1.1.1, Diehl M. (2003)	no description				pH		&#176;C	7.7	mEq/100g		270.0	211.0			MWHC	40.0		Loamy sand	72.2	21.8	6.0
https://envipath.org/package/5882df9c-dae1-4d80-a40e-db4724271456/compound/9952c600-5afe-46d2-a88a-65b05736c39e/structure/77936305-0f79-43ea-94dd-641f046ec7e4	Saccharin (IN-00581)	Ethametsulfuron methyl	O=C1NS(=O)(=O)c2ccccc21	https://envipath.org/package/5882df9c-dae1-4d80-a40e-db4724271456/scenario/ecf1cdd9-c510-477f-b500-d32801342d63	B.8.1.1.1, Mc Corquodale (2011)	no description				pH		&#176;C	9.5	mEq/100g		310.5	219.4			MWHC	50.0		Sandy loam	59.0	28.0	13.0
https://envipath.org/package/5882df9c-dae1-4d80-a40e-db4724271456/compound/837880a7-3ca0-44bd-a8c0-cc33fc987f4c/structure/189b6054-d792-49d1-929f-6b7732b35aa2	CO2	Ethametsulfuron methyl	O=C=O	https://envipath.org/package/5882df9c-dae1-4d80-a40e-db4724271456/scenario/ecf1cdd9-c510-477f-b500-d32801342d63	B.8.1.1.1, Mc Corquodale (2011)	no description				pH		&#176;C	9.5	mEq/100g		310.5	219.4			MWHC	50.0		Sandy loam	59.0	28.0	13.0
https://envipath.org/package/5882df9c-dae1-4d80-a40e-db4724271456/compound/594a1cec-5bb9-4e2e-bbef-2ceda447789c/structure/8f300666-43b0-4955-aed6-2f48516f0bf9	Ethylene	Ethephon	C=C	https://envipath.org/package/5882df9c-dae1-4d80-a40e-db4724271456/scenario/6d551cb1-aaa3-490a-9308-d5e975dd17ff	Annex IIA 7.1.1.1.1/02, Das Y.T. (1991)	no description				pH		&#176;C	4.78	mEq/100g						Fiel moisture holding capacity	75.0		Sandy loam	54.0	28.0	18.0
https://envipath.org/package/5882df9c-dae1-4d80-a40e-db4724271456/compound/96254ee1-6ea9-4a72-bf32-779f7edd55c3/structure/02e3a711-51a4-4e66-b659-11d2216a3b29	2-hydroxyethanephosphonic acid	Ethephon	O=P(O)(O)CCO	https://envipath.org/package/5882df9c-dae1-4d80-a40e-db4724271456/scenario/b02368ad-6dd5-4d0e-9f4b-529eb2c0fecf	Annex IIA 7.1.1.1.1/01, Burr C.M. (2001)	no description				pH		&#176;C	11.4	mEq/100g		347.0	364.0			MWHC	45.0		Sandy loam	9.96	0.89	9.42
https://envipath.org/package/5882df9c-dae1-4d80-a40e-db4724271456/compound/837880a7-3ca0-44bd-a8c0-cc33fc987f4c/structure/189b6054-d792-49d1-929f-6b7732b35aa2	CO2	Ethofumesate	O=C=O	https://envipath.org/package/5882df9c-dae1-4d80-a40e-db4724271456/scenario/9c3a2694-a5ee-4206-b62f-57d6f58591dd	Hein W. (2012)	no description				pH		&#176;C								MC at pF2	50.0	MWHC	Loam	45.7	37.9	16.4
https://envipath.org/package/5882df9c-dae1-4d80-a40e-db4724271456/compound/837880a7-3ca0-44bd-a8c0-cc33fc987f4c/structure/189b6054-d792-49d1-929f-6b7732b35aa2	CO2	Ethoprophos	O=C=O	https://envipath.org/package/5882df9c-dae1-4d80-a40e-db4724271456/scenario/f69376bd-d4d1-49e1-ae7d-837ee6355652	Jordan, E.G. et al. (1986a)	no description				pH		&#176;C	5.9	mEq/100g						WHC @ 0.33 bar	75.0		Loamy sand	80.4	12.0	7.6
https://envipath.org/package/5882df9c-dae1-4d80-a40e-db4724271456/compound/72f9d4f9-ddc7-4ee9-908c-277679303d95/structure/b030ad0a-5c89-49a6-b9de-a845bbe06316	AE 0592496 (O-ethyl-S-propylphosphorothioic acid)	Ethoprophos	CCCSP(=O)(O)OCC	https://envipath.org/package/5882df9c-dae1-4d80-a40e-db4724271456/scenario/f69376bd-d4d1-49e1-ae7d-837ee6355652	Jordan, E.G. et al. (1986a)	no description				pH		&#176;C	5.9	mEq/100g						WHC @ 0.33 bar	75.0		Loamy sand	80.4	12.0	7.6
https://envipath.org/package/5882df9c-dae1-4d80-a40e-db4724271456/compound/afe41c4c-1a60-43de-a94d-42d355b7694b/structure/1e223b8c-99fc-41a7-9239-b828e9c9af3f	PENA	Etofenprox	CCOc1ccc(C(C)(C)CO)cc1																							
https://envipath.org/package/5882df9c-dae1-4d80-a40e-db4724271456/compound/837880a7-3ca0-44bd-a8c0-cc33fc987f4c/structure/189b6054-d792-49d1-929f-6b7732b35aa2	CO2	Etofenprox	O=C=O	https://envipath.org/package/5882df9c-dae1-4d80-a40e-db4724271456/scenario/73d6dd2e-4f09-4e7c-a602-486873ba06e7	Voelkl 2001	no description				pH		&#176;C	19.33	mEq/100g		300.0	275.0			MWHC	40.0		Silty clay	19.9	51.0	29.1
https://envipath.org/package/5882df9c-dae1-4d80-a40e-db4724271456/compound/2fc78d4a-7958-4af5-87d4-bcc2f9b6c9ab/structure/f8bb3b76-d463-49b5-b7de-7c5783f98e0c	3-PBAc	Etofenprox	O=C(O)c1cccc(Oc2ccccc2)c1	https://envipath.org/package/5882df9c-dae1-4d80-a40e-db4724271456/scenario/73d6dd2e-4f09-4e7c-a602-486873ba06e7	Voelkl 2001	no description				pH		&#176;C	19.33	mEq/100g		300.0	275.0			MWHC	40.0		Silty clay	19.9	51.0	29.1
https://envipath.org/package/5882df9c-dae1-4d80-a40e-db4724271456/compound/de880d39-2f37-4412-9d39-87b64f36e959/structure/566a1ae2-5b34-4243-8817-a8a8c9f32355	gamma-CO	Etofenprox	CCOc1ccc(C(C)(C)C(=O)OCc2cccc(Oc3ccccc3)c2)cc1	https://envipath.org/package/5882df9c-dae1-4d80-a40e-db4724271456/scenario/7afc86d1-02bb-4dd7-ac40-a60146bf8bad	scenario 83	no description		Minor																		
https://envipath.org/package/5882df9c-dae1-4d80-a40e-db4724271456/compound/2027f863-1496-4235-ae8f-93ab63fa5896/structure/780017f0-01ae-44f1-a52f-4a23f8421969	EPMP	Etofenprox	CCOc1ccc(C(C)(C)C(=O)O)cc1																							
https://envipath.org/package/5882df9c-dae1-4d80-a40e-db4724271456/compound/5215dd76-9ff6-49a6-bcac-550d0bbf4a49/structure/cad458ca-10e3-4b3a-9d6b-5155a4ad1162	mPB-alcohol	Etofenprox	OCc1cccc(Oc2ccccc2)c1	https://envipath.org/package/5882df9c-dae1-4d80-a40e-db4724271456/scenario/90efa65f-007b-44e8-aa6a-4314f706a9d8	scenario 84	no description		Minor																		
https://envipath.org/package/5882df9c-dae1-4d80-a40e-db4724271456/compound/90cfdd97-f525-415f-9667-8b0d16213c1d/structure/d472b7a3-f64b-411b-bb96-4d4f5010dd63	3-carboxy-5-hydroxy-1,2,4-thiadiazole	Etridiazole	O=C(O)c1nsc(O)n1	https://envipath.org/package/5882df9c-dae1-4d80-a40e-db4724271456/scenario/b657b72b-90c4-45e3-b06f-0e83759b37c3	7.1.1.2.1/01, VÃ¶lkel, 2000	no description				pH		&#176;C	7.0	mEq/100g		138.0	87.0			MWHC	45.0		Sandy loam	69.0	26.0	5.0
https://envipath.org/package/5882df9c-dae1-4d80-a40e-db4724271456/compound/837880a7-3ca0-44bd-a8c0-cc33fc987f4c/structure/189b6054-d792-49d1-929f-6b7732b35aa2	CO2	Etridiazole	O=C=O	https://envipath.org/package/5882df9c-dae1-4d80-a40e-db4724271456/scenario/b657b72b-90c4-45e3-b06f-0e83759b37c3	7.1.1.2.1/01, VÃ¶lkel, 2000	no description				pH		&#176;C	7.0	mEq/100g		138.0	87.0			MWHC	45.0		Sandy loam	69.0	26.0	5.0
https://envipath.org/package/5882df9c-dae1-4d80-a40e-db4724271456/compound/233ee0a1-fbb5-4ffe-8aab-b513ae49ee28/structure/4723fc54-d034-497c-9249-fb5c5babf490	IN-KZ007	Famoxadone	CC1(c2ccc(Oc3ccc(O)cc3)cc2)OC(=O)N(Nc2ccccc2)C1=O																							
https://envipath.org/package/5882df9c-dae1-4d80-a40e-db4724271456/compound/837880a7-3ca0-44bd-a8c0-cc33fc987f4c/structure/189b6054-d792-49d1-929f-6b7732b35aa2	CO2	Famoxadone	O=C=O	https://envipath.org/package/5882df9c-dae1-4d80-a40e-db4724271456/scenario/7671c36c-8e31-40b9-9349-79b60e8b0c0f	Manjunatha S. (2011)	no description				pH		&#176;C	15.5	mEq/100g		1068.76	1068.76			MWHC	50.0	MWHC	Clay loam	23.0	42.0	35.0
https://envipath.org/package/5882df9c-dae1-4d80-a40e-db4724271456/compound/3839a196-f371-4d96-8494-5d6934fbb898/structure/3a625ba3-6f40-4505-b81c-c5e638b14440	IN-JS940	Famoxadone	CC(O)(C(=O)O)c1ccc(Oc2ccccc2)cc1																							
https://envipath.org/package/5882df9c-dae1-4d80-a40e-db4724271456/compound/db10ef67-6ac7-41d1-9ebc-5effe098c125/structure/92905a4a-b715-4207-9286-22bfab7e5c61	Famoxadone	Famoxadone	CC1(c2ccc(Oc3ccccc3)cc2)OC(=O)N(Nc2ccccc2)C1=O																							
https://envipath.org/package/5882df9c-dae1-4d80-a40e-db4724271456/compound/837880a7-3ca0-44bd-a8c0-cc33fc987f4c/structure/189b6054-d792-49d1-929f-6b7732b35aa2	CO2	Fatty acids	O=C=O																							
https://envipath.org/package/5882df9c-dae1-4d80-a40e-db4724271456/compound/837880a7-3ca0-44bd-a8c0-cc33fc987f4c/structure/189b6054-d792-49d1-929f-6b7732b35aa2	CO2	Fenamidone	O=C=O	https://envipath.org/package/5882df9c-dae1-4d80-a40e-db4724271456/scenario/a24cb2ee-4445-479d-ab0f-2568bbc4a959	Simmonds M.B. & Burr C.M. (1999b)	no description				pH		&#176;C	4.7	mEq/100g		170.0	75.0			MWHC			Sandy loam	5.85	7.73	6.42
https://envipath.org/package/5882df9c-dae1-4d80-a40e-db4724271456/compound/837880a7-3ca0-44bd-a8c0-cc33fc987f4c/structure/189b6054-d792-49d1-929f-6b7732b35aa2	CO2	Fenamiphos	O=C=O	https://envipath.org/package/5882df9c-dae1-4d80-a40e-db4724271456/scenario/2c6b8298-ea0d-403d-8f58-4c0eaf1b41b9	Schaefer, H (2001a)	no description				pH		&#176;C	27.6	mEq/100g		85.0	41.0			MWHC	40.0		Sand			
https://envipath.org/package/5882df9c-dae1-4d80-a40e-db4724271456/compound/acc5519c-c40b-49ee-80bd-b6bf1cb24b3e/structure/9d6a2732-761b-408b-b0bf-16301843048f	Fenamiphos-sulfone anisole	Fenamiphos	COc1ccc(S(C)(=O)=O)c(C)c1	https://envipath.org/package/5882df9c-dae1-4d80-a40e-db4724271456/scenario/d21bf1db-60c3-4a14-8bb7-26c12963ba8f	Schaefer, H (2001a)	no description				pH		&#176;C	34.4	mEq/100g		616.0	267.0			MWHC	40.0		Sandy loam			
https://envipath.org/package/5882df9c-dae1-4d80-a40e-db4724271456/compound/f9396694-7a9d-4e97-8567-33fced4aaf96/structure/300a5ff4-40d8-4227-88b4-939a95fac3de	M11	Fenamiphos	CSc1ccc(O)cc1C																							
https://envipath.org/package/5882df9c-dae1-4d80-a40e-db4724271456/compound/837880a7-3ca0-44bd-a8c0-cc33fc987f4c/structure/189b6054-d792-49d1-929f-6b7732b35aa2	CO2	Fenazaquin	O=C=O	https://envipath.org/package/5882df9c-dae1-4d80-a40e-db4724271456/scenario/0adab71b-b045-4d4f-bb74-15f7d85965c9	7.1 .1.1.1/03, Osborne, Wahle, 1992	no description				pH		&#176;C	9.7	mEq/100g		286.0	150.0		 	FMC	40.0		Loamy sand	82.0	13.0	5.0
https://envipath.org/package/5882df9c-dae1-4d80-a40e-db4724271456/compound/8c040eda-f208-4d70-a732-9658b64ef84b/structure/5685e213-6442-4b0f-9669-d5b72479ff34	Unnamed 7	Fenazaquin	CC(C)(C(=O)O)c1ccc(CCOc2nc(=O)[nH]c3ccccc23)cc1																							
https://envipath.org/package/5882df9c-dae1-4d80-a40e-db4724271456/compound/a60f791d-6ae2-4484-b4a2-c2dcb5a27bed/structure/5abddcf8-9e74-4e0c-9e71-d8bbcc254a3f	M2 4-(2-(4-(1,1-Dimethyl ethanoic acid)phenyl)ethoxy)quinazoline	Fenazaquin	CC(C)(C(=O)O)c1ccc(CCOc2ncnc3ccccc23)cc1	https://envipath.org/package/5882df9c-dae1-4d80-a40e-db4724271456/scenario/0adab71b-b045-4d4f-bb74-15f7d85965c9	7.1 .1.1.1/03, Osborne, Wahle, 1992	no description				pH		&#176;C	9.7	mEq/100g		286.0	150.0		 	FMC	40.0		Loamy sand	82.0	13.0	5.0
https://envipath.org/package/5882df9c-dae1-4d80-a40e-db4724271456/compound/7355f0bf-7a64-4dd9-84b0-7d188e03dacc/structure/9cc5b2c2-7614-4afc-a4ae-d4b5f4f6501b	Unnamed 2	Fenazaquin	CC(C)(C(=O)O)c1ccc(CO)cc1																							
https://envipath.org/package/5882df9c-dae1-4d80-a40e-db4724271456/compound/9c9d2696-d5e3-43e5-8caa-f411bb08aacd/structure/f8bff2db-aa60-49f1-bfb7-fa8bf1bc9578	M3 Phenyl-1-ethanoic acid-4-(1,1-dimethyl ethanoic acid)	Fenazaquin	CC(C)(C(=O)O)c1ccc(CC(=O)O)cc1	https://envipath.org/package/5882df9c-dae1-4d80-a40e-db4724271456/scenario/0adab71b-b045-4d4f-bb74-15f7d85965c9	7.1 .1.1.1/03, Osborne, Wahle, 1992	no description				pH		&#176;C	9.7	mEq/100g		286.0	150.0		 	FMC	40.0		Loamy sand	82.0	13.0	5.0
https://envipath.org/package/5882df9c-dae1-4d80-a40e-db4724271456/compound/2683cf40-6f70-46b0-8ab1-ee627f1d72c2/structure/453ef943-07d7-4141-95d1-1e114c622084	Unnamed 4	Fenazaquin	COC(=O)c1ccc(C(C)(C)C(=O)OC)cc1																							
https://envipath.org/package/5882df9c-dae1-4d80-a40e-db4724271456/compound/a5397bf0-d94f-48fd-96af-d0daaeb0611e/structure/487b1381-c402-4a24-abe1-4ac8a2ae4fa2	Unnamed 6	Fenazaquin	CC(C)(C)c1ccc(CC(=O)O)cc1																							
https://envipath.org/package/5882df9c-dae1-4d80-a40e-db4724271456/compound/5144b0be-2759-48c7-9494-a2e17f35594c/structure/de039511-409c-4f3b-8860-4fb996908e48	Unnamed 1	Fenazaquin	CC(C)(C)c1ccc(C(=O)COc2ncnc3ccccc23)cc1																							
https://envipath.org/package/5882df9c-dae1-4d80-a40e-db4724271456/compound/d5204b36-ad82-4742-9eed-ec69e7d61609/structure/d6a2c904-25e1-4f74-8982-27f65e1be8a4	Unnamed 5	Fenazaquin	Oc1nc(O)c2ccccc2n1																							
https://envipath.org/package/5882df9c-dae1-4d80-a40e-db4724271456/compound/165e82bb-2f53-4618-8eb8-cb026872ac67/structure/79b4cf78-8523-4bfa-a03e-591b61ba23af	Unnamed 3	Fenazaquin	COC(=O)c1ccc(C(C)(C)C(=O)O)cc1																							
https://envipath.org/package/5882df9c-dae1-4d80-a40e-db4724271456/compound/4f98abab-b736-4780-b380-a04c5e85a60a/structure/55d3fb5a-9914-42f8-b790-76bfbaec70e6	M4 2-(Formylamino)-2-(4-(1,1-dimethylethyl)phenyl) ethyl benzoate	Fenazaquin	CC(C)(C)c1ccc(CCOC(=O)c2ccccc2NC=O)cc1	https://envipath.org/package/5882df9c-dae1-4d80-a40e-db4724271456/scenario/0adab71b-b045-4d4f-bb74-15f7d85965c9	7.1 .1.1.1/03, Osborne, Wahle, 1992	no description				pH		&#176;C	9.7	mEq/100g		286.0	150.0		 	FMC	40.0		Loamy sand	82.0	13.0	5.0
https://envipath.org/package/5882df9c-dae1-4d80-a40e-db4724271456/compound/a4bbc324-3041-464e-8f3c-8baa85969100/structure/b82c1185-6fa9-4afd-af7d-32e956df7e00	"RH-6468 ""iminolactone"""	Fenbuconazole	N=C1OC(c2ccc(Cl)cc2)CC1(Cn1cncn1)c1ccccc1	https://envipath.org/package/5882df9c-dae1-4d80-a40e-db4724271456/scenario/eba57c91-f7d8-4177-b310-7006ec8538ce	scenario 13	no description		Minor																		
https://envipath.org/package/5882df9c-dae1-4d80-a40e-db4724271456/compound/3c46d9ec-8062-4a0c-95cf-b720b6828c8d/structure/424de194-6923-4b62-961f-0659c50c5845	Triazole alanine	Fenbuconazole	NC(Cn1cncn1)C(=O)O	https://envipath.org/package/5882df9c-dae1-4d80-a40e-db4724271456/scenario/4b809955-c767-44ae-bbe0-b2be6873e0c0	Scholz, 2000	no description				pH		&#176;C				826.0	352.0			MWHC	40.0		Silt loam	5.0	80.3	14.7
https://envipath.org/package/5882df9c-dae1-4d80-a40e-db4724271456/compound/b2d4f1be-b12f-4813-973e-a5bb89fc4c08/structure/c312f91c-3487-4b38-a8af-e38a00362dc7	1,2,4 triazole acetic-acid 	Fenbuconazole	O=C(O)Cn1cncn1	https://envipath.org/package/5882df9c-dae1-4d80-a40e-db4724271456/scenario/08843c08-1fff-4b81-b305-d35f5ecf90e3	Slangen, 2000	no description				pH		&#176;C				252.0	138.0			WHC	40.0		Silt loam	36.9	51.1	12.0
https://envipath.org/package/5882df9c-dae1-4d80-a40e-db4724271456/compound/18fb4cda-681d-42e6-a0c4-ed02942fe0c9/structure/ce5d9b97-d407-4d66-bdea-fbdedbd31c5d	Hydroxy-Triazole	Fenbuconazole	Oc1nc[nH]n1																							
https://envipath.org/package/5882df9c-dae1-4d80-a40e-db4724271456/compound/837880a7-3ca0-44bd-a8c0-cc33fc987f4c/structure/189b6054-d792-49d1-929f-6b7732b35aa2	CO2	Fenbuconazole	O=C=O	https://envipath.org/package/5882df9c-dae1-4d80-a40e-db4724271456/scenario/4b809955-c767-44ae-bbe0-b2be6873e0c0	Scholz, 2000	no description				pH		&#176;C				826.0	352.0			MWHC	40.0		Silt loam	5.0	80.3	14.7
https://envipath.org/package/5882df9c-dae1-4d80-a40e-db4724271456/compound/757a26f3-224a-4ca3-b252-78237a8b5c29/structure/12a86859-70c6-4d59-bd4b-0aa7ee034105	RH-6467 4-(4-chlorophenyl)-2-(methyl-1H-1,2,4-triazole)-4-oxo-2-phenyl butane nitrile	Fenbuconazole	N#CC(CC(=O)c1ccc(Cl)cc1)(Cn1cncn1)c1ccccc1	https://envipath.org/package/5882df9c-dae1-4d80-a40e-db4724271456/scenario/3a363034-08f1-4994-8588-f66977cec3e9	Schieber, 1988b	no description				pH		&#176;C	8.3	mEq/100g						WC @ field capacity	13.25		Silty clay loam	9.2	60.8	30.0
https://envipath.org/package/5882df9c-dae1-4d80-a40e-db4724271456/compound/ce420aaf-d839-4667-bc2f-4e24aaf821b6/structure/2f34f80a-b7fd-4bd2-adfe-f887ce486c89	RH-9129 cis-5-(4-chlorophenyl) dihydro-3-phenyl-3-(1H-1,2,3-triazol-1-yl)methyl-2(3H)-furanone	Fenbuconazole	O=C1OC(c2ccc(Cl)cc2)CC1(Cn1cncn1)c1ccccc1	https://envipath.org/package/5882df9c-dae1-4d80-a40e-db4724271456/scenario/3a363034-08f1-4994-8588-f66977cec3e9	Schieber, 1988b	no description				pH		&#176;C	8.3	mEq/100g						WC @ field capacity	13.25		Silty clay loam	9.2	60.8	30.0
https://envipath.org/package/5882df9c-dae1-4d80-a40e-db4724271456/compound/7d301a31-2b7e-4909-a605-16dd1bbb6dc1/structure/8454f792-18c0-43a7-a50d-3fa0a3e7f3ab	1,2 dihydro-triazolone	Fenbuconazole	O=c1nc[nH][nH]1	https://envipath.org/package/5882df9c-dae1-4d80-a40e-db4724271456/scenario/4b809955-c767-44ae-bbe0-b2be6873e0c0	Scholz, 2000	no description				pH		&#176;C				826.0	352.0			MWHC	40.0		Silt loam	5.0	80.3	14.7
https://envipath.org/package/5882df9c-dae1-4d80-a40e-db4724271456/compound/cf06a468-f2fe-462f-84a4-f102123dbaab/structure/d31a36ac-78d3-41a7-bd04-6b0e2fd5052c	Hydroxy Fenbuconazole	Fenbuconazole	N#CC(CC(O)c1ccc(Cl)cc1)(Cn1cncn1)c1ccccc1	https://envipath.org/package/5882df9c-dae1-4d80-a40e-db4724271456/scenario/07b141fe-7fc2-4ee5-a75a-3320cd2b89c2	scenario 12	no description		Minor																		
https://envipath.org/package/5882df9c-dae1-4d80-a40e-db4724271456/compound/837880a7-3ca0-44bd-a8c0-cc33fc987f4c/structure/189b6054-d792-49d1-929f-6b7732b35aa2	CO2	Fenbutatin oxide	O=C=O	https://envipath.org/package/5882df9c-dae1-4d80-a40e-db4724271456/scenario/f9cbc74f-65ad-409d-a8c2-ed8b6cf147df	Annex IIA 7.1.1.1.1, (Baumann J., 2003)	no description				pH		&#176;C	19.0	mEq/100g						MWHC	40.0					
https://envipath.org/package/5882df9c-dae1-4d80-a40e-db4724271456/compound/837880a7-3ca0-44bd-a8c0-cc33fc987f4c/structure/189b6054-d792-49d1-929f-6b7732b35aa2	CO2	Fenhexamid	O=C=O	https://envipath.org/package/5882df9c-dae1-4d80-a40e-db4724271456/scenario/49f6392a-74b3-4869-a6e2-65228079619e	Schaefer, Unold, 2012	no description				pH		&#176;C	12.1	mEq/100g		8400.0	1690.0			MWHC	55.0		Silt loam	23.0	60.0	17.0
https://envipath.org/package/5882df9c-dae1-4d80-a40e-db4724271456/compound/4b2003bf-9d3e-4e6d-91e3-a24858c095ac/structure/f045fb2b-9d95-48f3-b691-38008e419ddd	M09	Fenhexamid	COc1ccc(NC(=O)C2(C)CCCCC2)c(Cl)c1Cl	https://envipath.org/package/5882df9c-dae1-4d80-a40e-db4724271456/scenario/1d0ab671-15e1-410f-9c51-27b4797394d5	Brumhard, Bornatsch, 1996b	no description				pH		&#176;C							 	WHC			Sandy loam			
https://envipath.org/package/5882df9c-dae1-4d80-a40e-db4724271456/compound/56add479-4c77-4fc6-a5f4-1673dcb964dc/structure/ae92758f-b854-4b6f-99bc-bbcb751e454c	M22, trimer	Fenhexamid	CC1(C(=O)Nc2ccc(Oc3cc(NC(=O)C4(C)CCCCC4)c(Cl)c(Cl)c3Oc3cc(NC(=O)C4(C)CCCCC4)c(Cl)c(Cl)c3O)c(Cl)c2Cl)CCCCC1	https://envipath.org/package/5882df9c-dae1-4d80-a40e-db4724271456/scenario/1d0ab671-15e1-410f-9c51-27b4797394d5	Brumhard, Bornatsch, 1996b	no description				pH		&#176;C							 	WHC			Sandy loam			
https://envipath.org/package/5882df9c-dae1-4d80-a40e-db4724271456/compound/38c2ecaa-049c-4ec2-8d6c-f7abedb8a9cc/structure/90bb4f31-0d5b-40d7-ae7d-0255ca56eee0	M21, [C-O-C] dimer	Fenhexamid	CC1(C(=O)Nc2cc(Oc3c(NC(=O)C4(C)CCCCC4)ccc(O)c3Cl)c(O)c(Cl)c2Cl)CCCCC1	https://envipath.org/package/5882df9c-dae1-4d80-a40e-db4724271456/scenario/1d0ab671-15e1-410f-9c51-27b4797394d5	Brumhard, Bornatsch, 1996b	no description				pH		&#176;C							 	WHC			Sandy loam			
https://envipath.org/package/5882df9c-dae1-4d80-a40e-db4724271456/compound/67bd3c4f-6af4-424c-b97f-eed2b6eefd3d/structure/3b3ca0a0-d6ff-441e-a60c-9fec183cc27f	M25	Fenhexamid	CC1(c2nc(C(=O)O)c(C(=O)O)o2)CCCCC1	https://envipath.org/package/5882df9c-dae1-4d80-a40e-db4724271456/scenario/1d0ab671-15e1-410f-9c51-27b4797394d5	Brumhard, Bornatsch, 1996b	no description				pH		&#176;C							 	WHC			Sandy loam			
https://envipath.org/package/5882df9c-dae1-4d80-a40e-db4724271456/compound/bd774f79-8d0a-4250-878b-70834ea944c4/structure/438d6554-f849-44cc-8595-bb77c3306321	M20, [C-O-C] dimer	Fenhexamid	CC1(C(=O)Nc2ccc(Oc3cc(NC(=O)C4(C)CCCCC4)c(Cl)c(Cl)c3O)c(Cl)c2Cl)CCCCC1	https://envipath.org/package/5882df9c-dae1-4d80-a40e-db4724271456/scenario/8a776a68-d5a5-47d7-97e4-924220efa0b4	Schaefer, Unold, 2011	no description				pH		&#176;C	13.4	mEq/100g		9850.0	5580.0			MWHC	55.0		Silt loam	23.0	60.0	17.0
https://envipath.org/package/5882df9c-dae1-4d80-a40e-db4724271456/compound/578a103c-888f-487a-9bb2-d76d5c486f7e/structure/34b16ac8-845b-41b8-9cbf-8738d0d572e6	M23, trimer	Fenhexamid	CC1(C(=O)Nc2cc(Oc3c(Oc4ccc(NC(=O)C5(C)CCCCC5)c(Cl)c4Cl)cc(NC(=O)C4(C)CCCCC4)c(Cl)c3Cl)c(O)cc2Cl)CCCCC1	https://envipath.org/package/5882df9c-dae1-4d80-a40e-db4724271456/scenario/1d0ab671-15e1-410f-9c51-27b4797394d5	Brumhard, Bornatsch, 1996b	no description				pH		&#176;C							 	WHC			Sandy loam			
https://envipath.org/package/5882df9c-dae1-4d80-a40e-db4724271456/compound/d94e6756-89ef-4caa-904f-d75f18a375ff/structure/07197675-efa4-43a2-ae8b-36e7588ae054	AM-FNT	Fenitrothion	COP(=S)(OC)Oc1ccc(N)c(C)c1																							
https://envipath.org/package/5882df9c-dae1-4d80-a40e-db4724271456/compound/837880a7-3ca0-44bd-a8c0-cc33fc987f4c/structure/189b6054-d792-49d1-929f-6b7732b35aa2	CO2	Fenitrothion	O=C=O	https://envipath.org/package/5882df9c-dae1-4d80-a40e-db4724271456/scenario/ebba0d9d-8f35-4cb0-a75b-83340ce56afe	7.1.1.1.1/02, Yeaomans, Swales, 2001	no description				pH		&#176;C	14.6	mEq/100g		451.0	373.0			MWHC @ 0.33 bar	45.0		Sandy loam	52.0	37.0	11.0
https://envipath.org/package/5882df9c-dae1-4d80-a40e-db4724271456/compound/d2fea381-d626-4a5e-9193-a4cd6699acff/structure/814557c7-fd2d-4c71-be3e-1d6a2e5727c7	DM-FNT	Fenitrothion	COP(O)(=S)Oc1ccc([N+](=O)[O-])c(C)c1	https://envipath.org/package/5882df9c-dae1-4d80-a40e-db4724271456/scenario/641be05d-e83c-4daf-8ac6-3d9e0ce4032c	7.1.1.1.1/01, Cranor, Daly, 1989	no description				pH		&#176;C	9.5	mEq/100g						WHC @ 0.33 bar	75.0		Sandy loam	64.0	20.0	16.0
https://envipath.org/package/5882df9c-dae1-4d80-a40e-db4724271456/compound/d7229449-e913-47de-b499-772d3cd1e3ce/structure/318d5b1c-93a9-4f15-8e07-7266a5e04e6f	DM-FNO	Fenitrothion	COP(=O)(O)Oc1ccc(N=O)c(C)c1	https://envipath.org/package/5882df9c-dae1-4d80-a40e-db4724271456/scenario/641be05d-e83c-4daf-8ac6-3d9e0ce4032c	7.1.1.1.1/01, Cranor, Daly, 1989	no description				pH		&#176;C	9.5	mEq/100g						WHC @ 0.33 bar	75.0		Sandy loam	64.0	20.0	16.0
https://envipath.org/package/5882df9c-dae1-4d80-a40e-db4724271456/compound/9130c0d5-54c9-4e86-b40a-e260f5c58790/structure/ae402e57-f30a-4a71-8f77-6fdf67f6ee36	NMA	Fenitrothion	COc1ccc([N+](=O)[O-])c(C)c1	https://envipath.org/package/5882df9c-dae1-4d80-a40e-db4724271456/scenario/ebba0d9d-8f35-4cb0-a75b-83340ce56afe	7.1.1.1.1/02, Yeaomans, Swales, 2001	no description				pH		&#176;C	14.6	mEq/100g		451.0	373.0			MWHC @ 0.33 bar	45.0		Sandy loam	52.0	37.0	11.0
https://envipath.org/package/5882df9c-dae1-4d80-a40e-db4724271456/compound/f63ac9e1-c6b1-4010-983d-d1ce767f2e5a/structure/ea7b39e1-232b-43fc-8b5d-4b53e2403de5	FA-FNT	Fenitrothion	COP(=S)(OC)Oc1ccc(NC=O)c(C)c1	https://envipath.org/package/5882df9c-dae1-4d80-a40e-db4724271456/scenario/641be05d-e83c-4daf-8ac6-3d9e0ce4032c	7.1.1.1.1/01, Cranor, Daly, 1989	no description				pH		&#176;C	9.5	mEq/100g						WHC @ 0.33 bar	75.0		Sandy loam	64.0	20.0	16.0
https://envipath.org/package/5882df9c-dae1-4d80-a40e-db4724271456/compound/1746b655-dd59-4cde-b3f4-52615649fe25/structure/430b7ff2-da84-461c-a12b-cfc84d8eca1e	FNO	Fenitrothion	COP(=O)(OC)Oc1ccc([N+](=O)[O-])c(C)c1	https://envipath.org/package/5882df9c-dae1-4d80-a40e-db4724271456/scenario/641be05d-e83c-4daf-8ac6-3d9e0ce4032c	7.1.1.1.1/01, Cranor, Daly, 1989	no description				pH		&#176;C	9.5	mEq/100g						WHC @ 0.33 bar	75.0		Sandy loam	64.0	20.0	16.0
https://envipath.org/package/5882df9c-dae1-4d80-a40e-db4724271456/compound/b66a535b-2158-48be-b38e-0615d958b078/structure/2309c483-4ba4-4fa6-b7a8-5c8d6d9896fa	AE F040356	Fenoxaprop-P-ethyl	Oc1ccc(Oc2nc3ccc(Cl)cc3o2)cc1																							
https://envipath.org/package/5882df9c-dae1-4d80-a40e-db4724271456/compound/f10ff3cd-5928-4b99-82d9-b42dced6c646/structure/f4ea91c1-fc02-45d2-99b0-f553a26d6ecf	AE F096918	Fenoxaprop-P-ethyl	CC(Oc1ccc(O)cc1)C(=O)O																							
https://envipath.org/package/5882df9c-dae1-4d80-a40e-db4724271456/compound/837880a7-3ca0-44bd-a8c0-cc33fc987f4c/structure/189b6054-d792-49d1-929f-6b7732b35aa2	CO2	Fenoxaprop-P-ethyl	O=C=O	https://envipath.org/package/5882df9c-dae1-4d80-a40e-db4724271456/scenario/8a805cd5-48af-4cb3-9c1b-7ae0b126f01c	Stumpf, 1988	no description				pH		&#176;C	5.6	mEq/100g		150.0	153.0			MWHC	40.0		Sandy loam	58.8	34.3	6.9
https://envipath.org/package/5882df9c-dae1-4d80-a40e-db4724271456/compound/8f81a733-0e9a-4e2e-a8ea-8fb976eb958f/structure/aad6584a-8e01-43e9-883d-dbb03a6b9003	CGA-197810	Fenoxycarb	NCCOc1ccc(Oc2ccccc2)cc1	https://envipath.org/package/5882df9c-dae1-4d80-a40e-db4724271456/scenario/998a8c38-576d-4225-a184-846d2c024e44	7.1.1.1.1/05, Spare, 1995b, 7.1.1.1.1/06, Thede, 1995b	no description				pH		&#176;C	10.6	mEq/100g						moisture @ 0.33 bar	75.0		Sandy loam	71.0	12.0	17.0
https://envipath.org/package/5882df9c-dae1-4d80-a40e-db4724271456/compound/77391602-7d72-4f74-be64-c357185831c0/structure/498db08a-d52f-49e9-8f45-eb70143e92eb	CGA-26021	Fenoxycarb	Oc1ccc(Oc2ccccc2)cc1	https://envipath.org/package/5882df9c-dae1-4d80-a40e-db4724271456/scenario/998a8c38-576d-4225-a184-846d2c024e44	7.1.1.1.1/05, Spare, 1995b, 7.1.1.1.1/06, Thede, 1995b	no description				pH		&#176;C	10.6	mEq/100g						moisture @ 0.33 bar	75.0		Sandy loam	71.0	12.0	17.0
https://envipath.org/package/5882df9c-dae1-4d80-a40e-db4724271456/compound/bc60bd77-f01e-448d-9d8c-9e3be8b10150/structure/5f982697-2e66-4ad6-b423-26a54fa3bd3f	CGA 294847	Fenoxycarb	CCOC(=O)NCCOc1ccc(O)cc1																							
https://envipath.org/package/5882df9c-dae1-4d80-a40e-db4724271456/compound/7ad67dc9-a1cf-4c99-a935-a1fd2bae5d1c/structure/c1cfc641-8aa1-4a42-a6c1-adf6c1ff2854	CGA-294850 / Ro 16-8797	Fenoxycarb	CCOC(=O)NCCOc1ccc(Oc2ccc(O)cc2)cc1	https://envipath.org/package/5882df9c-dae1-4d80-a40e-db4724271456/scenario/532b7451-ed4e-4917-b2cb-e7d995c8d7a7	7.1.1.1.1/01, Adam, Nicollier, 2001	no description				pH		&#176;C	13.9	mEq/100g		550.0	550.0			MWC	40.0		Silt loam	36.0	52.0	12.0
https://envipath.org/package/5882df9c-dae1-4d80-a40e-db4724271456/compound/15ea403f-88a4-406a-820e-de7f0a996fe3/structure/7102bab4-9a8c-45c9-b8ad-7b136fcae9a9	CGA-294848	Fenoxycarb	O=C(O)COc1ccc(Oc2ccc(O)cc2)cc1	https://envipath.org/package/5882df9c-dae1-4d80-a40e-db4724271456/scenario/0f98faf9-7c21-44b5-8dff-751ae837745d	7.1.1.1.1/03, Spare, 1995a, 7.1.1.1.1/04, Thede, 1995a	no description				pH		&#176;C	10.9	mEq/100g						moisture @ 0.33 bar	75.0		Sandy loam	74.0	16.0	10.0
https://envipath.org/package/5882df9c-dae1-4d80-a40e-db4724271456/compound/be7a99e3-9b3c-4b01-80b9-096a9f20a8e4/structure/ee694821-5fa6-4e95-b1e1-eeb8b0051f5f	CGA-344889	Fenoxycarb	NCCOc1ccc(Oc2ccc(O)cc2)cc1																							
https://envipath.org/package/5882df9c-dae1-4d80-a40e-db4724271456/compound/0fc8c3bd-5914-403a-8fb0-78de83d0de5e/structure/df8471bd-460d-4958-8c98-2aefe6de5831	CGA-197811	Fenoxycarb	OCCOc1ccc(Oc2ccccc2)cc1	https://envipath.org/package/5882df9c-dae1-4d80-a40e-db4724271456/scenario/0f98faf9-7c21-44b5-8dff-751ae837745d	7.1.1.1.1/03, Spare, 1995a, 7.1.1.1.1/04, Thede, 1995a	no description				pH		&#176;C	10.9	mEq/100g						moisture @ 0.33 bar	75.0		Sandy loam	74.0	16.0	10.0
https://envipath.org/package/5882df9c-dae1-4d80-a40e-db4724271456/compound/6961c247-ed19-4bee-8bbb-44ff397e3c29/structure/62bd6273-63f5-4688-84e0-c7c3165e7f2c	CGA-195935	Fenoxycarb	Oc1ccc(Oc2ccc(O)cc2)cc1	https://envipath.org/package/5882df9c-dae1-4d80-a40e-db4724271456/scenario/998a8c38-576d-4225-a184-846d2c024e44	7.1.1.1.1/05, Spare, 1995b, 7.1.1.1.1/06, Thede, 1995b	no description				pH		&#176;C	10.6	mEq/100g						moisture @ 0.33 bar	75.0		Sandy loam	71.0	12.0	17.0
https://envipath.org/package/5882df9c-dae1-4d80-a40e-db4724271456/compound/a961c486-4d41-4c47-9677-2d7cb84ab0ee/structure/5bf798bc-9147-4aa0-b7cb-8b9f58dce0cb	CGA -294851 / Ro 17-3192	Fenoxycarb	O=C(NCCOc1ccc(Oc2ccc(O)cc2)cc1)OCCO	https://envipath.org/package/5882df9c-dae1-4d80-a40e-db4724271456/scenario/998a8c38-576d-4225-a184-846d2c024e44	7.1.1.1.1/05, Spare, 1995b, 7.1.1.1.1/06, Thede, 1995b	no description				pH		&#176;C	10.6	mEq/100g						moisture @ 0.33 bar	75.0		Sandy loam	71.0	12.0	17.0
https://envipath.org/package/5882df9c-dae1-4d80-a40e-db4724271456/compound/837880a7-3ca0-44bd-a8c0-cc33fc987f4c/structure/189b6054-d792-49d1-929f-6b7732b35aa2	CO2	Fenoxycarb	O=C=O	https://envipath.org/package/5882df9c-dae1-4d80-a40e-db4724271456/scenario/532b7451-ed4e-4917-b2cb-e7d995c8d7a7	7.1.1.1.1/01, Adam, Nicollier, 2001	no description				pH		&#176;C	13.9	mEq/100g		550.0	550.0			MWC	40.0		Silt loam	36.0	52.0	12.0
https://envipath.org/package/5882df9c-dae1-4d80-a40e-db4724271456/compound/5a92b0d5-c5f4-4537-bf5b-d73b240acf04/structure/d117d6a0-79f9-49db-9147-41b0b6e2c556	NOA 406116	Fenpropidin	CC(C)(C)c1ccc(CC(CN2CCCCC2)C(=O)O)cc1																							
https://envipath.org/package/5882df9c-dae1-4d80-a40e-db4724271456/compound/4c75a355-8666-4c4b-9df3-18d86fd3b422/structure/4ac02b87-0d97-48c7-967c-10b2e96be0ae	CGA 289274	Fenpropidin	CC(Cc1ccc(C(C)(C)C)cc1)C(=O)O																							
https://envipath.org/package/5882df9c-dae1-4d80-a40e-db4724271456/compound/78e3562b-ed90-4330-b596-afb849897817/structure/11374d85-bf8f-426f-9dbd-96ca0ac2eb7a	CGA 289269	Fenpropidin	CC(Cc1ccc(C(C)(C)C)cc1)CN1CCC(O)CC1	https://envipath.org/package/5882df9c-dae1-4d80-a40e-db4724271456/scenario/77ff6dbd-dd63-45f8-8c92-604dd41799a5	7.1.1.1.1/01, 7.1.1.2.1/01, Dieterle, Frei, 1984a, rate by Harradine, 2002	no description				pH		&#176;C								MWC; for experimental it is stated that samples were pre-conditioned at 75% of 0.33 bar moisture and then kept at 60% humidity			Loam	39.2	36.2	24.6
https://envipath.org/package/5882df9c-dae1-4d80-a40e-db4724271456/compound/15e83449-8ad8-4adf-a1fc-1f54186f8c68/structure/29076d0d-3627-4a89-8069-08b25e3e7bbd	CGA 289268	Fenpropidin	CC(Cc1ccc(C(C)(C)CO)cc1)CN1CCCCC1																							
https://envipath.org/package/5882df9c-dae1-4d80-a40e-db4724271456/compound/854d3aad-9dc3-4f46-8e6f-fcb23920c24d/structure/7579139e-c7e8-4519-b2e3-69ee241fa123	CGA 289273	Fenpropidin	CC(C=O)Cc1ccc(C(C)(C)C)cc1	https://envipath.org/package/5882df9c-dae1-4d80-a40e-db4724271456/scenario/8d7e56c8-80f4-4f62-8b01-1cea6e671a98	scenario 14	no description		Minor																		
https://envipath.org/package/5882df9c-dae1-4d80-a40e-db4724271456/compound/837880a7-3ca0-44bd-a8c0-cc33fc987f4c/structure/189b6054-d792-49d1-929f-6b7732b35aa2	CO2	Fenpropidin	O=C=O	https://envipath.org/package/5882df9c-dae1-4d80-a40e-db4724271456/scenario/77ff6dbd-dd63-45f8-8c92-604dd41799a5	7.1.1.1.1/01, 7.1.1.2.1/01, Dieterle, Frei, 1984a, rate by Harradine, 2002	no description				pH		&#176;C								MWC; for experimental it is stated that samples were pre-conditioned at 75% of 0.33 bar moisture and then kept at 60% humidity			Loam	39.2	36.2	24.6
https://envipath.org/package/5882df9c-dae1-4d80-a40e-db4724271456/compound/9eaacdf1-2686-46ce-a439-643db367e1e0/structure/232ef77f-bd92-4f25-a92a-2b11902fb760	CGA 289253	Fenpropidin	CC(Cc1ccc(C(C)(C)C)cc1)C[N+]1([O-])CCCCC1																							
https://envipath.org/package/5882df9c-dae1-4d80-a40e-db4724271456/compound/512f4467-ab62-4c52-9cf1-4d582246658f/structure/bb9413be-e971-41a8-ba42-0ddf9ea6529b	NOA 406117	Fenpropidin	CC(C)(C)c1ccc(CC(CO)CN2CCCCC2)cc1																							
https://envipath.org/package/5882df9c-dae1-4d80-a40e-db4724271456/compound/f315d78c-233c-4c4c-9dbb-8f9244419924/structure/ee10472b-e275-4fc6-86e7-946fac5caa80	BF421-7	Fenpropimorph	CC(O)CNCC(C)Cc1ccc(C(C)(C)C)cc1																							
https://envipath.org/package/5882df9c-dae1-4d80-a40e-db4724271456/compound/b429d1a5-75bd-418b-b3e5-498102fb1b98/structure/755ecce5-f402-418a-8c83-b8e60751e25a	BF 421-2	Fenpropimorph	CC(Cc1ccc(C(C)(C)C(=O)O)cc1)CN1CC(C)OC(C)C1	https://envipath.org/package/5882df9c-dae1-4d80-a40e-db4724271456/scenario/84d16874-f5a6-4f48-9cad-b1cf9e7fd085	7.1.1.1.1/1, Huber, 1979, 7.1.1.1.1/2, Huber,  2000	no description				pH		&#176;C	8.6	mEq/100g					 	MWHC	40.0		Sandy loam	26.8	34.7	38.5
https://envipath.org/package/5882df9c-dae1-4d80-a40e-db4724271456/compound/837880a7-3ca0-44bd-a8c0-cc33fc987f4c/structure/189b6054-d792-49d1-929f-6b7732b35aa2	CO2	Fenpropimorph	O=C=O	https://envipath.org/package/5882df9c-dae1-4d80-a40e-db4724271456/scenario/8f569838-e94f-4e46-8eea-b889b30bcbb5	7.1.1.1.1/5, Elsom, 1998	no description				pH		&#176;C	13.9	mEq/100g		395.0	395.0			MWHC	40.0		Sandy loam	5.62	2.44	1.94
https://envipath.org/package/5882df9c-dae1-4d80-a40e-db4724271456/compound/86bd5af9-2a76-446f-b911-206ea3351bf9/structure/81155070-2b62-4159-bf9d-d4642ec448da	BF 421-8	Fenpropimorph	CC(CNCCO)Cc1ccc(C(C)(C)C)cc1	https://envipath.org/package/5882df9c-dae1-4d80-a40e-db4724271456/scenario/84d16874-f5a6-4f48-9cad-b1cf9e7fd085	7.1.1.1.1/1, Huber, 1979, 7.1.1.1.1/2, Huber,  2000	no description				pH		&#176;C	8.6	mEq/100g					 	MWHC	40.0		Sandy loam	26.8	34.7	38.5
https://envipath.org/package/5882df9c-dae1-4d80-a40e-db4724271456/compound/837880a7-3ca0-44bd-a8c0-cc33fc987f4c/structure/189b6054-d792-49d1-929f-6b7732b35aa2	CO2	Fenpyrazamine	O=C=O	https://envipath.org/package/5882df9c-dae1-4d80-a40e-db4724271456/scenario/e1722b8a-046e-4f16-9817-267ca961b3d5	Lewis, Scholey, 2006, rate by Jarvis, Callow, 2009	no description				pH		&#176;C	38.4	mEq/100g		874.0	740.0			WHC @ pF 0; humidity stated directly at experimental humidity, is between pF2.0 and pF2.5	34.6		Loam	38.0	36.0	26.0
https://envipath.org/package/5882df9c-dae1-4d80-a40e-db4724271456/compound/80a38422-da70-4e82-80a8-bba6c94bcb26/structure/de6ead94-9481-474c-8b40-9f71c9d3278e	S-2188-OH	Fenpyrazamine	Cc1ccccc1C1(O)C(=O)N(C(C)C)N=C1N	https://envipath.org/package/5882df9c-dae1-4d80-a40e-db4724271456/scenario/e1722b8a-046e-4f16-9817-267ca961b3d5	Lewis, Scholey, 2006, rate by Jarvis, Callow, 2009	no description				pH		&#176;C	38.4	mEq/100g		874.0	740.0			WHC @ pF 0; humidity stated directly at experimental humidity, is between pF2.0 and pF2.5	34.6		Loam	38.0	36.0	26.0
https://envipath.org/package/5882df9c-dae1-4d80-a40e-db4724271456/compound/d6bd809e-16aa-4c18-8d85-3b23d9dc247f/structure/4dff0cc5-8e80-4e94-aef2-15be9c63a23e	S-2188-DC	Fenpyrazamine	Cc1ccccc1-c1c(N)[nH]n(C(C)C)c1=O	https://envipath.org/package/5882df9c-dae1-4d80-a40e-db4724271456/scenario/e1722b8a-046e-4f16-9817-267ca961b3d5	Lewis, Scholey, 2006, rate by Jarvis, Callow, 2009	no description				pH		&#176;C	38.4	mEq/100g		874.0	740.0			WHC @ pF 0; humidity stated directly at experimental humidity, is between pF2.0 and pF2.5	34.6		Loam	38.0	36.0	26.0
https://envipath.org/package/5882df9c-dae1-4d80-a40e-db4724271456/compound/837880a7-3ca0-44bd-a8c0-cc33fc987f4c/structure/189b6054-d792-49d1-929f-6b7732b35aa2	CO2	Fenpyroximate	O=C=O	https://envipath.org/package/5882df9c-dae1-4d80-a40e-db4724271456/scenario/545fdf35-abfe-47a9-b9ce-83bdf8fd2ce0	7.1.1.1.1/01, Funayama, 1990	no description				pH		&#176;C	45.8	mEq/100g						MWHC, humidity is water content %	50.7		Loam	61.2	28.8	10.0
https://envipath.org/package/5882df9c-dae1-4d80-a40e-db4724271456/compound/005aa755-a97b-4cd5-be94-682b34da1919/structure/ffcf1a92-b907-44d9-9338-db80a44877db	M-6	Fenpyroximate	Cc1nn(C)c(Oc2ccccc2)c1C=O	https://envipath.org/package/5882df9c-dae1-4d80-a40e-db4724271456/scenario/545fdf35-abfe-47a9-b9ce-83bdf8fd2ce0	7.1.1.1.1/01, Funayama, 1990	no description				pH		&#176;C	45.8	mEq/100g						MWHC, humidity is water content %	50.7		Loam	61.2	28.8	10.0
https://envipath.org/package/5882df9c-dae1-4d80-a40e-db4724271456/compound/f85a4c54-3028-4d0e-bc02-a992bb013528/structure/6f281ccf-1622-4609-b926-b7dedcb8dcd1	M-16	Fenpyroximate	O=C(O)c1ccc(CO)cc1	https://envipath.org/package/5882df9c-dae1-4d80-a40e-db4724271456/scenario/7ed4da85-47b5-4af3-b465-07aea5407ed4	7.1.1.1.1/01, Funayama, 1990	no description				pH		&#176;C	13.4	mEq/100g						MWHC, humidity is water content %	15.1		Sand	90.0	5.3	4.7
https://envipath.org/package/5882df9c-dae1-4d80-a40e-db4724271456/compound/491b1e7c-3035-4ae9-b321-91623d7601f1/structure/1847c315-818e-4339-9159-86efca8a8dc5	M-3	Fenpyroximate	Cc1nn(C)c(Oc2ccccc2)c1C=NOCc1ccc(C(=O)O)cc1																							
https://envipath.org/package/5882df9c-dae1-4d80-a40e-db4724271456/compound/c8696d2f-26e7-4f6b-9371-95f4ad9ecb55/structure/5c4f4747-403e-467c-b3cf-016686fad5ce	M-8	Fenpyroximate	Cc1nn(C)c(Oc2ccccc2)c1C(=O)O																							
https://envipath.org/package/5882df9c-dae1-4d80-a40e-db4724271456/compound/96b258b4-1bb2-4c31-b685-7a3fa3feee74/structure/5ee091d9-753e-4a45-940d-ce8508d56db5	M-13	Fenpyroximate	Cc1nn(C)c(Oc2ccccc2)c1C=NO	https://envipath.org/package/5882df9c-dae1-4d80-a40e-db4724271456/scenario/545fdf35-abfe-47a9-b9ce-83bdf8fd2ce0	7.1.1.1.1/01, Funayama, 1990	no description				pH		&#176;C	45.8	mEq/100g						MWHC, humidity is water content %	50.7		Loam	61.2	28.8	10.0
https://envipath.org/package/5882df9c-dae1-4d80-a40e-db4724271456/compound/825ca736-f7db-4ad6-bc0e-d3b51668987a/structure/2e8b79c9-d417-4ca8-a390-964fb44c33cb	M-15	Fenpyroximate	CC(C)(C)OC(=O)Cc1ccc(CO)cc1																							
https://envipath.org/package/5882df9c-dae1-4d80-a40e-db4724271456/compound/35543a2a-8826-4c14-8797-82b5c95c685d/structure/d582aa5c-15a1-4d9f-9971-08a702653ef1	M-2	Fenpyroximate	Cc1nn(C)c(Oc2ccc(O)cc2)c1C=NOCc1ccc(C(=O)OC(C)(C)C)cc1	https://envipath.org/package/5882df9c-dae1-4d80-a40e-db4724271456/scenario/545fdf35-abfe-47a9-b9ce-83bdf8fd2ce0	7.1.1.1.1/01, Funayama, 1990	no description				pH		&#176;C	45.8	mEq/100g						MWHC, humidity is water content %	50.7		Loam	61.2	28.8	10.0
https://envipath.org/package/5882df9c-dae1-4d80-a40e-db4724271456/compound/ba447b33-5684-4dfc-8892-970af6d727f6/structure/16fb6be2-1aa3-4d41-af8f-57a4191c7c43	M-12	Fenpyroximate	Cc1n[nH]c(Oc2ccccc2)c1C=NOCc1ccc(C(=O)OC(C)(C)C)cc1	https://envipath.org/package/5882df9c-dae1-4d80-a40e-db4724271456/scenario/545fdf35-abfe-47a9-b9ce-83bdf8fd2ce0	7.1.1.1.1/01, Funayama, 1990	no description				pH		&#176;C	45.8	mEq/100g						MWHC, humidity is water content %	50.7		Loam	61.2	28.8	10.0
https://envipath.org/package/5882df9c-dae1-4d80-a40e-db4724271456/compound/08be4e02-9521-4412-8116-82d811eac1a4/structure/41afb3cd-62b5-4c70-a9e8-1ac2c77c3164	M-9	Fenpyroximate	Cc1n[nH]c(Oc2ccccc2)c1C=O	https://envipath.org/package/5882df9c-dae1-4d80-a40e-db4724271456/scenario/545fdf35-abfe-47a9-b9ce-83bdf8fd2ce0	7.1.1.1.1/01, Funayama, 1990	no description				pH		&#176;C	45.8	mEq/100g						MWHC, humidity is water content %	50.7		Loam	61.2	28.8	10.0
https://envipath.org/package/5882df9c-dae1-4d80-a40e-db4724271456/compound/4f819a50-aed2-42a5-bd8f-940265bb79de/structure/400bd275-c48e-453a-9d55-6a955ef34236	M-19	Fenpyroximate	Cn1nc(C(=O)O)c(C=NOCc2ccc(C(=O)OC(C)(C)C)cc2)c1Oc1ccccc1	https://envipath.org/package/5882df9c-dae1-4d80-a40e-db4724271456/scenario/545fdf35-abfe-47a9-b9ce-83bdf8fd2ce0	7.1.1.1.1/01, Funayama, 1990	no description				pH		&#176;C	45.8	mEq/100g						MWHC, humidity is water content %	50.7		Loam	61.2	28.8	10.0
https://envipath.org/package/5882df9c-dae1-4d80-a40e-db4724271456/compound/03234eb4-14cc-46f5-9178-edcefb087ee7/structure/bc1720c2-2315-40da-909b-16516269b187	M-20	Fenpyroximate	Cn1nc(CO)c(C=NOCc2ccc(C(=O)OC(C)(C)C)cc2)c1Oc1ccccc1	https://envipath.org/package/5882df9c-dae1-4d80-a40e-db4724271456/scenario/545fdf35-abfe-47a9-b9ce-83bdf8fd2ce0	7.1.1.1.1/01, Funayama, 1990	no description				pH		&#176;C	45.8	mEq/100g						MWHC, humidity is water content %	50.7		Loam	61.2	28.8	10.0
https://envipath.org/package/5882df9c-dae1-4d80-a40e-db4724271456/compound/b3953961-0dd5-4ed9-85ae-f2ca035deb37/structure/0fe0d955-8210-4f87-a542-4c6378142dda	M-11	Fenpyroximate	Cc1nn(C)c(Oc2ccccc2)c1C#N																							
https://envipath.org/package/5882df9c-dae1-4d80-a40e-db4724271456/compound/0bf90372-17da-494b-8b9c-a3e664ca1984/structure/83b5d208-f9ed-458a-9ce7-d09ddf9dc9d8	MB 46126	Fipronil	NC(=O)c1nn(-c2c(Cl)cc(C(F)(F)F)cc2Cl)c(N)c1SC(F)(F)F																							
https://envipath.org/package/5882df9c-dae1-4d80-a40e-db4724271456/compound/5c92c1d5-8003-4f22-977a-8b8d84687e49/structure/185b7a6a-c4ed-43f0-b2b8-e95a9a38b53a	MB 46233	Fipronil	Nc1c(SC(F)(F)F)c(C(=O)O)nn1-c1c(Cl)cc(C(F)(F)F)cc1Cl																							
https://envipath.org/package/5882df9c-dae1-4d80-a40e-db4724271456/compound/122314b1-056d-4828-82a8-7f2deeb2ea0d/structure/952598eb-112f-46c0-892d-97e253f19a04	RPA 200766	Fipronil	NC(=O)c1nn(-c2c(Cl)cc(C(F)(F)F)cc2Cl)c(N)c1S(=O)C(F)(F)F	https://envipath.org/package/5882df9c-dae1-4d80-a40e-db4724271456/scenario/8c40078b-858f-4e82-85b6-1fe834d1c07e	Fitzmaurice, Mackenzie, 2002	no description				pH		&#176;C	3.8	mEq/100g		145.0	58.0			MWHC	45.0		Sandy loam	3.37	15.8	0.83
https://envipath.org/package/5882df9c-dae1-4d80-a40e-db4724271456/compound/837880a7-3ca0-44bd-a8c0-cc33fc987f4c/structure/189b6054-d792-49d1-929f-6b7732b35aa2	CO2	Fipronil	O=C=O	https://envipath.org/package/5882df9c-dae1-4d80-a40e-db4724271456/scenario/1b8654a4-7eff-4ccd-962e-5008913770f7	Waring, 1993a	no description				pH		&#176;C	3.3	mEq/100g		414.41	414.41			MC @ 0.33 bar	75.0		Loam	88.0	9.0	3.0
https://envipath.org/package/5882df9c-dae1-4d80-a40e-db4724271456/compound/3ce53ea8-d8a1-4287-b848-c37516bccd07/structure/bad75999-e8a7-46f1-9175-740e2ce6e4eb	RPA 106681	Fipronil	Nc1c(S(=O)(=O)C(F)(F)F)c(C(=O)O)nn1-c1c(Cl)cc(C(F)(F)F)cc1Cl																							
https://envipath.org/package/5882df9c-dae1-4d80-a40e-db4724271456/compound/a2516445-551d-42d6-87a0-e4c2a4ffbc6a/structure/17c3300f-5c6f-4b58-82c6-9410f8075221	MB 45950	Fipronil	N#Cc1nn(-c2c(Cl)cc(C(F)(F)F)cc2Cl)c(N)c1SC(F)(F)F	https://envipath.org/package/5882df9c-dae1-4d80-a40e-db4724271456/scenario/8c40078b-858f-4e82-85b6-1fe834d1c07e	Fitzmaurice, Mackenzie, 2002	no description				pH		&#176;C	3.8	mEq/100g		145.0	58.0			MWHC	45.0		Sandy loam	3.37	15.8	0.83
https://envipath.org/package/5882df9c-dae1-4d80-a40e-db4724271456/compound/48079a9b-e30c-4bd1-a04c-00fccd2c6e26/structure/0b43eb7c-342c-449f-a4ed-d2ef45f79995	MB 46136	Fipronil	N#Cc1nn(-c2c(Cl)cc(C(F)(F)F)cc2Cl)c(N)c1S(=O)(=O)C(F)(F)F	https://envipath.org/package/5882df9c-dae1-4d80-a40e-db4724271456/scenario/8c40078b-858f-4e82-85b6-1fe834d1c07e	Fitzmaurice, Mackenzie, 2002	no description				pH		&#176;C	3.8	mEq/100g		145.0	58.0			MWHC	45.0		Sandy loam	3.37	15.8	0.83
https://envipath.org/package/5882df9c-dae1-4d80-a40e-db4724271456/compound/a672d8ed-990f-46a4-8839-33572ba33b49/structure/77e81523-33bf-4202-b13d-8b4a97f910df	RPA 200761	Fipronil	Nc1c(S(=O)C(F)(F)F)c(C(=O)O)nn1-c1c(Cl)cc(C(F)(F)F)cc1Cl																							
https://envipath.org/package/5882df9c-dae1-4d80-a40e-db4724271456/compound/0d81ee51-baa2-42b2-bd01-7b5502e8f923/structure/2499bf50-e841-463e-8c0f-bba8afd8c2ac	RPA 105320	Fipronil	NC(=O)c1nn(-c2c(Cl)cc(C(F)(F)F)cc2Cl)c(N)c1S(=O)(=O)C(F)(F)F																							
https://envipath.org/package/5882df9c-dae1-4d80-a40e-db4724271456/compound/837880a7-3ca0-44bd-a8c0-cc33fc987f4c/structure/189b6054-d792-49d1-929f-6b7732b35aa2	CO2	Flazasulfuron	O=C=O	https://envipath.org/package/5882df9c-dae1-4d80-a40e-db4724271456/scenario/399694d3-2284-43c0-ab7b-4aac394080f6	Duane W.C. (1997)	no description				pH		&#176;C	7.7	mEq/100g						MWHC	50.0	MWHC	Sandy loam	59.2	25.6	15.2
https://envipath.org/package/5882df9c-dae1-4d80-a40e-db4724271456/compound/837880a7-3ca0-44bd-a8c0-cc33fc987f4c/structure/189b6054-d792-49d1-929f-6b7732b35aa2	CO2	Flonicamid	O=C=O	https://envipath.org/package/5882df9c-dae1-4d80-a40e-db4724271456/scenario/bb8f81a8-f8cb-40ba-bcda-adf162bbf8b8	7.1.1.2.1/06, Lentz, 2002d	no description				pH		&#176;C	3.3	mEq/100g						WHC 0 bar	50.0		Sand	92.0	6.0	2.0
https://envipath.org/package/5882df9c-dae1-4d80-a40e-db4724271456/compound/97535890-a9d8-4c2d-a106-6bc0aadb27d5/structure/7f642f6a-7bef-48db-a0e1-83db7ad75342	DFP-TSA	Florasulam	O=S(=O)(Nc1c(F)cccc1F)c1ncn[nH]1	https://envipath.org/package/5882df9c-dae1-4d80-a40e-db4724271456/scenario/65ac62a3-2283-49f6-ae30-edd1926135c5	Pillar, F. (1997)	no description				pH		&#176;C	14.1	mEq/100g		117.0	117.0			field capacity 0.05 bar experimental; MWHC			Sandy loam	8.51	2.06	9.43
https://envipath.org/package/5882df9c-dae1-4d80-a40e-db4724271456/compound/837880a7-3ca0-44bd-a8c0-cc33fc987f4c/structure/189b6054-d792-49d1-929f-6b7732b35aa2	CO2	Florasulam	O=C=O	https://envipath.org/package/5882df9c-dae1-4d80-a40e-db4724271456/scenario/e2425e41-4157-48fc-88f3-437bc003d90f	Jackson R. & Ghosh D. (1997)	no description				pH		&#176;C	9.0	mEq/100g		354.0	422.0			MWHC	40.0		Sandy clay loam	48.2	23.0	28.8
https://envipath.org/package/5882df9c-dae1-4d80-a40e-db4724271456/compound/ea45d644-21ac-4ede-9d12-7bf4c0ddc36a/structure/39debf86-a0a0-491f-a127-8b27e321f5f6	Fluazifop-P-butyl	Fluazifop-P-butyl	CCCCOC(=O)C(C)Oc1ccc(Oc2ccc(C(F)(F)F)cn2)cc1	https://envipath.org/package/5882df9c-dae1-4d80-a40e-db4724271456/scenario/810a1ea2-0af6-4a04-aa89-cbe89f56398e	Harvey, Vincent, Mistry, Arnold, 1981, Harvey, Hill, 1983	no description				pH		&#176;C	7.0	mEq/100g						MWHC (MHC saturation)	40.0		Sandy loam	70.0	23.0	7.0
https://envipath.org/package/5882df9c-dae1-4d80-a40e-db4724271456/compound/d9a34a78-ff86-469d-87ba-e6152f1b1c2e/structure/f7317912-5008-4389-8d74-3aced06fe65f	Compound 3 (R118106)	Fluazifop-P-butyl	CC(Oc1ccc(O)cc1)C(=O)O																							
https://envipath.org/package/5882df9c-dae1-4d80-a40e-db4724271456/compound/f2079310-d406-47d9-8983-757bc197de60/structure/9f9a5647-9c6f-424b-871f-a3dde6e3675d	Fluazifop-P-butyl S isomer	Fluazifop-P-butyl	CCCCOC(=O)C(C)Oc1ccc(Oc2ccc(C(F)(F)F)cn2)cc1	https://envipath.org/package/5882df9c-dae1-4d80-a40e-db4724271456/scenario/06b9c466-398c-4335-bee7-0cc998dc2085	Bewick, 1983	no description				pH		&#176;C							 	MHC	40.0		Sandy loam	61.0	10.0	29.0
https://envipath.org/package/5882df9c-dae1-4d80-a40e-db4724271456/compound/9e7b3aa2-606e-4322-8fad-e9ba4484751e/structure/e4220755-865f-4279-9c0b-3c78d1017655	Compound 4 (R150397)	Fluazifop-P-butyl	Oc1ccc(Oc2ccc(C(F)(F)F)cn2)cc1																							
https://envipath.org/package/5882df9c-dae1-4d80-a40e-db4724271456/compound/a1135a5f-4ebb-4289-bf62-36f419f8ca76/structure/d072f730-febd-45c6-960d-e3fee011fafc	Compound 10 (R154719, 5-trifluoromethyl-pyrid- 2-one)	Fluazifop-P-butyl	O=c1ccc(C(F)(F)F)c[nH]1																							
https://envipath.org/package/5882df9c-dae1-4d80-a40e-db4724271456/compound/837880a7-3ca0-44bd-a8c0-cc33fc987f4c/structure/189b6054-d792-49d1-929f-6b7732b35aa2	CO2	Fluazifop-P-butyl	O=C=O	https://envipath.org/package/5882df9c-dae1-4d80-a40e-db4724271456/scenario/810a1ea2-0af6-4a04-aa89-cbe89f56398e	Harvey, Vincent, Mistry, Arnold, 1981, Harvey, Hill, 1983	no description				pH		&#176;C	7.0	mEq/100g						MWHC (MHC saturation)	40.0		Sandy loam	70.0	23.0	7.0
https://envipath.org/package/5882df9c-dae1-4d80-a40e-db4724271456/compound/74a7b4a0-a371-41aa-9ec4-e3d58ccd352c/structure/e2e31e45-a4fe-49aa-821b-d8cb8216899c	Compound 7	Fluazifop-P-butyl	O=C1C=CC(=O)C=C1																							
https://envipath.org/package/5882df9c-dae1-4d80-a40e-db4724271456/compound/c3ad116b-918b-4498-addd-a22ff7b9c178/structure/bbb9c62d-1fd0-405b-82cd-170ad262fd72	Compound 2 (R156172, Fluazifop acid)	Fluazifop-P-butyl	CC(Oc1ccc(Oc2ccc(C(F)(F)F)cn2)cc1)C(=O)O																							
https://envipath.org/package/5882df9c-dae1-4d80-a40e-db4724271456/compound/837880a7-3ca0-44bd-a8c0-cc33fc987f4c/structure/189b6054-d792-49d1-929f-6b7732b35aa2	CO2	Fluazinam	O=C=O	https://envipath.org/package/5882df9c-dae1-4d80-a40e-db4724271456/scenario/449001d8-bd1a-4029-8b54-7989a9fd59d4	Bharti, H. & Bewick, D.W. (1985)	no description				pH		&#176;C	16.0	mEq/100g						MHC zero suction	40.0		Sandy loam	61.0	17.0	22.0
https://envipath.org/package/5882df9c-dae1-4d80-a40e-db4724271456/compound/634f320b-9935-4c37-8099-a2dd32d6267c/structure/2ce143f3-b860-411f-aea9-fb2bc15fa129	MAPA compound VII	Fluazinam	Nc1c(Cl)c(C(F)(F)F)cc([N+](=O)[O-])c1Nc1ncc(C(F)(F)F)cc1Cl	https://envipath.org/package/5882df9c-dae1-4d80-a40e-db4724271456/scenario/449001d8-bd1a-4029-8b54-7989a9fd59d4	Bharti, H. & Bewick, D.W. (1985)	no description				pH		&#176;C	16.0	mEq/100g						MHC zero suction	40.0		Sandy loam	61.0	17.0	22.0
https://envipath.org/package/5882df9c-dae1-4d80-a40e-db4724271456/compound/5b1210c6-bcbf-4d62-9bcb-74b449408181/structure/86b34cab-7c83-4af2-945b-09b8e269f149	DAPA compound VIII	Fluazinam	Nc1cc(C(F)(F)F)c(Cl)c(N)c1Nc1ncc(C(F)(F)F)cc1Cl	https://envipath.org/package/5882df9c-dae1-4d80-a40e-db4724271456/scenario/449001d8-bd1a-4029-8b54-7989a9fd59d4	Bharti, H. & Bewick, D.W. (1985)	no description				pH		&#176;C	16.0	mEq/100g						MHC zero suction	40.0		Sandy loam	61.0	17.0	22.0
https://envipath.org/package/5882df9c-dae1-4d80-a40e-db4724271456/compound/1bd84b3e-de96-4e10-a63e-7827cfbe83a0/structure/6361c46b-058c-48a2-bf7c-aed37d2d7ea6	CGA 265378	Fludioxonil	N#CC1=C(c2cccc3c2OC(F)(F)O3)C(=O)NC1=O																							
https://envipath.org/package/5882df9c-dae1-4d80-a40e-db4724271456/compound/837880a7-3ca0-44bd-a8c0-cc33fc987f4c/structure/189b6054-d792-49d1-929f-6b7732b35aa2	CO2	Fludioxonil	O=C=O	https://envipath.org/package/5882df9c-dae1-4d80-a40e-db4724271456/scenario/498f3cc9-a667-4cc8-8f31-b6ed80d5d1f6	Ulbrich, R. (1998)	no description				pH		&#176;C	8.1	mEq/100g		140.0	260.0			MWC	40.0		Sandy loam	3.72	0.16	6.12
https://envipath.org/package/5882df9c-dae1-4d80-a40e-db4724271456/compound/837880a7-3ca0-44bd-a8c0-cc33fc987f4c/structure/189b6054-d792-49d1-929f-6b7732b35aa2	CO2	Flufenoxuron	O=C=O	https://envipath.org/package/5882df9c-dae1-4d80-a40e-db4724271456/scenario/e1207439-b483-42ca-83ff-6c81a38687d8	Standen, Hill, 1993	no description				pH		&#176;C	16.1	mEq/100g		556.0	351.0			MWHC	40.0		Clay loam	30.0	42.0	28.0
https://envipath.org/package/5882df9c-dae1-4d80-a40e-db4724271456/compound/e682fbfa-9c52-4686-838d-04ef61afd7ee/structure/d6eccfc8-8413-4885-8cb3-286478492748	241208	Flufenoxuron	Nc1ccc(Oc2ccc(C(F)(F)F)cc2Cl)cc1F	https://envipath.org/package/5882df9c-dae1-4d80-a40e-db4724271456/scenario/e1207439-b483-42ca-83ff-6c81a38687d8	Standen, Hill, 1993	no description				pH		&#176;C	16.1	mEq/100g		556.0	351.0			MWHC	40.0		Clay loam	30.0	42.0	28.0
https://envipath.org/package/5882df9c-dae1-4d80-a40e-db4724271456/compound/648240b4-1dae-4e90-bce5-8b24ad10c52d/structure/b745eef3-9a66-46fe-9940-b9d83c6102d4	CGA 149776	Flufenoxuron	O=C(O)c1c(F)cccc1F	https://envipath.org/package/5882df9c-dae1-4d80-a40e-db4724271456/scenario/0e75354b-809e-4e2e-a0a1-27e14c2a4cba	scenario 15	no description		Major																		
https://envipath.org/package/5882df9c-dae1-4d80-a40e-db4724271456/compound/837880a7-3ca0-44bd-a8c0-cc33fc987f4c/structure/189b6054-d792-49d1-929f-6b7732b35aa2	CO2	Flumetralin	O=C=O	https://envipath.org/package/5882df9c-dae1-4d80-a40e-db4724271456/scenario/25b53e0f-3d0a-4bc6-b468-20d324db897d	Lewis, C. J. & Gilbert, J. (2010)	no description				pH		&#176;C	15.0	mEq/100g		148.3	131.0			WHC pF0			Sandy loam	61.7	27.7	10.6
https://envipath.org/package/5882df9c-dae1-4d80-a40e-db4724271456/compound/ced26ce7-ea42-4299-87a0-67125c99c349/structure/d2855c19-ffe5-40b9-ab2c-787aa59c4a09	CGA276432	Flumetralin	CCN(Cc1c(F)cccc1Cl)c1c(N)cc(C(F)(F)F)cc1N	https://envipath.org/package/5882df9c-dae1-4d80-a40e-db4724271456/scenario/c7f65e1b-0aab-4ca7-9c0a-94062533a96b	Hawkins D. R., Kirkpatrick D., Dean G.M., Aikens P.J. (1992)	no description				pH		&#176;C	22.2	mEq/100g		550.0	550.0			WHC @ 0.33 bar, calculated from 75% value given in study	75.0		Sandy loam	54.0	30.0	16.0
https://envipath.org/package/5882df9c-dae1-4d80-a40e-db4724271456/compound/9895f31f-7615-4510-94a4-dc8068099147/structure/d80c0b7d-3884-4839-accd-171c1c868ceb	CGA146467	Flumetralin	O=[N+]([O-])c1cc(C(F)(F)F)cc([N+](=O)[O-])c1NCc1c(F)cccc1Cl	https://envipath.org/package/5882df9c-dae1-4d80-a40e-db4724271456/scenario/25b53e0f-3d0a-4bc6-b468-20d324db897d	Lewis, C. J. & Gilbert, J. (2010)	no description				pH		&#176;C	15.0	mEq/100g		148.3	131.0			WHC pF0			Sandy loam	61.7	27.7	10.6
https://envipath.org/package/5882df9c-dae1-4d80-a40e-db4724271456/compound/b2d4a33f-d8e7-4dbe-ab08-6c7094ceb3c5/structure/05a29442-1ae7-4c42-8075-dc49ec5bd6ff	CGA275536	Flumetralin	CCN(Cc1c(F)cccc1Cl)c1c(N)cc(C(F)(F)F)cc1[N+](=O)[O-]	https://envipath.org/package/5882df9c-dae1-4d80-a40e-db4724271456/scenario/c7f65e1b-0aab-4ca7-9c0a-94062533a96b	Hawkins D. R., Kirkpatrick D., Dean G.M., Aikens P.J. (1992)	no description				pH		&#176;C	22.2	mEq/100g		550.0	550.0			WHC @ 0.33 bar, calculated from 75% value given in study	75.0		Sandy loam	54.0	30.0	16.0
https://envipath.org/package/5882df9c-dae1-4d80-a40e-db4724271456/compound/099960e6-6200-45ed-aa19-95681aa2a32d/structure/a0d64ff7-3b8a-4c9f-ac65-4e356d35215b	THPA	Flumioxazin	O=C(O)C1=C(C(=O)O)CCCC1	https://envipath.org/package/5882df9c-dae1-4d80-a40e-db4724271456/scenario/26220016-1463-46da-ab0d-7dbd8859c411	Fathulla, 1993a	no description				pH		&#176;C	6.41	mEq/100g						moisture @ 33 kPa	75.0		Sandy loam	61.2	30.0	8.8
https://envipath.org/package/5882df9c-dae1-4d80-a40e-db4724271456/compound/12802167-79d3-4609-a3a1-8b1ebe5ac757/structure/4e01d6b7-c4bb-487c-b504-cde3e817208d	482-HA	Flumioxazin	C#CCN1C(=O)COc2cc(F)c(NC(=O)C3=C(C(=O)O)CCCC3)cc21	https://envipath.org/package/5882df9c-dae1-4d80-a40e-db4724271456/scenario/a4221c80-bea6-4b98-9db5-32804181c07c	Ridge, 1997	no description				pH		&#176;C				235.0	780.0		 	MWHC	45.0		Sandy loam	54.0	23.0	23.0
https://envipath.org/package/5882df9c-dae1-4d80-a40e-db4724271456/compound/837880a7-3ca0-44bd-a8c0-cc33fc987f4c/structure/189b6054-d792-49d1-929f-6b7732b35aa2	CO2	Flumioxazin	O=C=O	https://envipath.org/package/5882df9c-dae1-4d80-a40e-db4724271456/scenario/0ecfde6f-5fee-4ed3-bd59-d882d5674895	Purser et al., 1994b	no description				pH		&#176;C	27.6	mEq/100g		428.0	403.0			moisture @ 20 kPa, experimental also			Sandy loam	51.0	28.0	21.0
https://envipath.org/package/5882df9c-dae1-4d80-a40e-db4724271456/compound/35711235-f897-4807-bcf1-d48d941736b4/structure/9b261365-3e87-4fef-a336-48ad358d80b0	APF	Flumioxazin	C#CCN1C(=O)COc2cc(F)c(N)cc21	https://envipath.org/package/5882df9c-dae1-4d80-a40e-db4724271456/scenario/a4221c80-bea6-4b98-9db5-32804181c07c	Ridge, 1997	no description				pH		&#176;C				235.0	780.0		 	MWHC	45.0		Sandy loam	54.0	23.0	23.0
https://envipath.org/package/5882df9c-dae1-4d80-a40e-db4724271456/compound/f68b5234-71fe-4634-b85f-b16422340059/structure/7eddb845-d7ae-4587-ab94-94637aca0d8a	482-CA	Flumioxazin	O=C(O)CCN1C(=O)COc2cc(F)c(N3C(=O)C4=C(CCCC4)C3=O)cc21	https://envipath.org/package/5882df9c-dae1-4d80-a40e-db4724271456/scenario/0ecfde6f-5fee-4ed3-bd59-d882d5674895	Purser et al., 1994b	no description				pH		&#176;C	27.6	mEq/100g		428.0	403.0			moisture @ 20 kPa, experimental also			Sandy loam	51.0	28.0	21.0
https://envipath.org/package/5882df9c-dae1-4d80-a40e-db4724271456/compound/9efc305a-3a48-44e4-903a-a843035f7c78/structure/3e3f1ba1-af61-44dc-bc23-742e418b3646	IMOXA	Flumioxazin	O=C1COc2cc(F)c(N3C(=O)C4=C(CCCC4)C3=O)cc2N1	https://envipath.org/package/5882df9c-dae1-4d80-a40e-db4724271456/scenario/a4221c80-bea6-4b98-9db5-32804181c07c	Ridge, 1997	no description				pH		&#176;C				235.0	780.0		 	MWHC	45.0		Sandy loam	54.0	23.0	23.0
https://envipath.org/package/5882df9c-dae1-4d80-a40e-db4724271456/compound/fbb769b5-9968-4b82-8c21-6477c0f4295e/structure/bc26d9c6-5b89-470b-be34-37986786b9ca	delta-TPA	Flumioxazin	O=C1OC(=O)C2=C1CCCC2	https://envipath.org/package/5882df9c-dae1-4d80-a40e-db4724271456/scenario/26220016-1463-46da-ab0d-7dbd8859c411	Fathulla, 1993a	no description				pH		&#176;C	6.41	mEq/100g						moisture @ 33 kPa	75.0		Sandy loam	61.2	30.0	8.8
https://envipath.org/package/5882df9c-dae1-4d80-a40e-db4724271456/compound/837880a7-3ca0-44bd-a8c0-cc33fc987f4c/structure/189b6054-d792-49d1-929f-6b7732b35aa2	CO2	Fluometuron	O=C=O	https://envipath.org/package/5882df9c-dae1-4d80-a40e-db4724271456/scenario/d29833ef-6ecb-464b-b436-e16ead8fbf7c	Spare, W.C. (1986)	no description				pH		&#176;C	8.9	mEq/100g						WHC 0.33 bar	75.0		Loam	49.6	41.2	9.2
https://envipath.org/package/5882df9c-dae1-4d80-a40e-db4724271456/compound/d60d2c01-f8ed-4c6c-a2a5-9dd427715e69/structure/b17a5d89-a7d9-438b-ac90-7bc636efb490	CGA 72903	Fluometuron	Nc1cccc(C(F)(F)F)c1	https://envipath.org/package/5882df9c-dae1-4d80-a40e-db4724271456/scenario/d69b5e24-6990-4e82-8b40-ae9605447577	Wicks, 2002b	no description				pH		&#176;C	15.0	mEq/100g		373.0	373.0			WHC 0 bar, experimental @ pF 2			Clay loam	3.74	3.67	22.6
https://envipath.org/package/5882df9c-dae1-4d80-a40e-db4724271456/compound/6c476d3b-4085-4a16-904d-d19a4425b83a/structure/deaccfe2-3e19-4b15-8efa-fbe90d4f6b87	CGA 41685	Fluometuron	NC(=O)Nc1cccc(C(F)(F)F)c1	https://envipath.org/package/5882df9c-dae1-4d80-a40e-db4724271456/scenario/d69b5e24-6990-4e82-8b40-ae9605447577	Wicks, 2002b	no description				pH		&#176;C	15.0	mEq/100g		373.0	373.0			WHC 0 bar, experimental @ pF 2			Clay loam	3.74	3.67	22.6
https://envipath.org/package/5882df9c-dae1-4d80-a40e-db4724271456/compound/27f32e02-38c7-41bb-a429-f1f1e47902c9/structure/16067aeb-a1c6-4969-8d2a-7adbbf1f4657	3-sulfo-5-trifluoromethyl pyridine-2-carboxylic acid	Fluopicolide	O=C(O)c1ncc(C(F)(F)F)cc1S																							
https://envipath.org/package/5882df9c-dae1-4d80-a40e-db4724271456/compound/837880a7-3ca0-44bd-a8c0-cc33fc987f4c/structure/189b6054-d792-49d1-929f-6b7732b35aa2	CO2	Fluopicolide	O=C=O	https://envipath.org/package/5882df9c-dae1-4d80-a40e-db4724271456/scenario/539515a8-26c9-4ef1-8fd8-080ad2d230f7	Liu & Abott, (2003a)	no description				pH		&#176;C	3.9	mEq/100g		100.9	59.0			MWHC	40.0		Sandy loam	68.0	24.0	8.0
https://envipath.org/package/5882df9c-dae1-4d80-a40e-db4724271456/compound/ba8e889b-d3dc-444c-a9e4-e3cc7801092e/structure/fd3034f1-ae87-460a-b7e6-fc7cf51e2b89	AE 06080000	Fluopicolide	O=C(NC(O)c1ncc(C(F)(F)F)cc1Cl)c1c(Cl)cccc1Cl																							
https://envipath.org/package/5882df9c-dae1-4d80-a40e-db4724271456/compound/90fa037d-db36-45ec-a737-807730bd644e/structure/ea8e1d89-c3e3-4e73-b26f-ea11c708c2de	AE 1344123	Fluopicolide	O=C(O)c1ncc(C(F)(F)F)cc1S(=O)(=O)O																							
https://envipath.org/package/5882df9c-dae1-4d80-a40e-db4724271456/compound/370ef2e7-26d6-44a4-bbb0-e1dd987e0f2d/structure/8eafcfd2-2ecd-4f51-ad7b-2734dead51d4	M-11/12	Fluopicolide	O=C(O)c1nc(O)c(C(F)(F)F)cc1S(=O)(=O)O	https://envipath.org/package/5882df9c-dae1-4d80-a40e-db4724271456/scenario/4e3d19fd-d9e1-4876-85aa-cf218e34e185	scenario 18	no description		Minor																		
https://envipath.org/package/5882df9c-dae1-4d80-a40e-db4724271456/compound/ee44eec9-358b-4e84-bb21-82b54bb5a29d/structure/fe753c74-6cfd-42ca-a2d2-ce3a08aeafd0	AE 1388273	Fluopicolide	CS(=O)(=O)c1cc(C(F)(F)F)cnc1O																							
https://envipath.org/package/5882df9c-dae1-4d80-a40e-db4724271456/compound/b77abdd1-7144-4d06-9a9b-b56860b9de23/structure/d72d62f4-764b-4bba-99dc-55414fed26a1	7-hydroxy	Fluopyram	O=C(NCC(O)c1ncc(C(F)(F)F)cc1Cl)c1ccccc1C(F)(F)F	https://envipath.org/package/5882df9c-dae1-4d80-a40e-db4724271456/scenario/30c8dab2-9742-4a26-82ab-aca09ef20043	Menke, Telscher, 2008	no description				pH		&#176;C	9.6	mEq/100g		4290.0	2170.0			MWHC, calculated from reported 55% values	55.0		Sandy loam	59.0	24.0	17.0
https://envipath.org/package/5882df9c-dae1-4d80-a40e-db4724271456/compound/c9552d9e-2e85-425d-86bf-08afb3a79e1c/structure/242bb1ca-1583-441b-8611-7441fff5728e	AE 1344122	Fluopyram	CS(=O)c1cc(C(F)(F)F)cnc1C(=O)O																							
https://envipath.org/package/5882df9c-dae1-4d80-a40e-db4724271456/compound/837880a7-3ca0-44bd-a8c0-cc33fc987f4c/structure/189b6054-d792-49d1-929f-6b7732b35aa2	CO2	Fluopyram	O=C=O	https://envipath.org/package/5882df9c-dae1-4d80-a40e-db4724271456/scenario/30c8dab2-9742-4a26-82ab-aca09ef20043	Menke, Telscher, 2008	no description				pH		&#176;C	9.6	mEq/100g		4290.0	2170.0			MWHC, calculated from reported 55% values	55.0		Sandy loam	59.0	24.0	17.0
https://envipath.org/package/5882df9c-dae1-4d80-a40e-db4724271456/compound/36511f88-b2d4-40c0-a782-c6ce0929783a/structure/c50bee11-7fe2-4d58-84a4-935d8390d5d7	benzamide	Fluopyram	NC(=O)c1ccccc1C(F)(F)F	https://envipath.org/package/5882df9c-dae1-4d80-a40e-db4724271456/scenario/9694559d-dda2-48aa-b6c3-978e5e18d195	Babczinski, 2008	no description				pH		&#176;C	9.4	mEq/100g		9130.0	4840.0			MWHC, calculated from reported 55% values	55.0		Sandy loam	72.9	16.2	10.9
https://envipath.org/package/5882df9c-dae1-4d80-a40e-db4724271456/compound/f4e4203d-87cd-4367-ab39-6a6042ca4000/structure/7c2fd1ad-70ac-4b77-80fc-3304d11f58c5	AE C657188	Fluopyram	O=C(O)c1ncc(C(F)(F)F)cc1Cl																							
https://envipath.org/package/5882df9c-dae1-4d80-a40e-db4724271456/compound/837880a7-3ca0-44bd-a8c0-cc33fc987f4c/structure/189b6054-d792-49d1-929f-6b7732b35aa2	CO2	Fluoxastrobin	O=C=O	https://envipath.org/package/5882df9c-dae1-4d80-a40e-db4724271456/scenario/2d0eb3c0-d0e6-43fd-8e55-91ead249a3f5	Brumhard, B. (2001b)	no description				pH		&#176;C	4.29	mEq/100g		88.0	17.0			0.33 bar	75.0		Loamy sand			
https://envipath.org/package/5882df9c-dae1-4d80-a40e-db4724271456/compound/771ea08e-7f37-4665-aef3-942a753d8bd3/structure/f2f0b588-73b7-4d3e-ab33-18a793cd5b3a	Metabolite 5	Fluoxastrobin	CON=C(C1=NOCCO1)c1ccccc1Oc1ncnc(Oc2cc(O)ccc2Cl)c1F	https://envipath.org/package/5882df9c-dae1-4d80-a40e-db4724271456/scenario/8a7c3432-6225-43ef-a68b-ac68d06359f3	Brumhard, B. (2001a)	no description				pH		&#176;C				385.0	303.0		 	0.33 bar	75.0		Sandy loam			
https://envipath.org/package/5882df9c-dae1-4d80-a40e-db4724271456/compound/fa8ce4e2-2917-46ba-8656-90bdaa4adbfb/structure/604bc631-1423-43ed-88b1-9f80ae4d4c1a	Metabolite 4 (HEC5725-E-4-hydroxyphenyl)	Fluoxastrobin	CON=C(C1=NOCCO1)c1ccccc1Oc1ncnc(Oc2ccc(O)cc2Cl)c1F	https://envipath.org/package/5882df9c-dae1-4d80-a40e-db4724271456/scenario/8a7c3432-6225-43ef-a68b-ac68d06359f3	Brumhard, B. (2001a)	no description				pH		&#176;C				385.0	303.0		 	0.33 bar	75.0		Sandy loam			
https://envipath.org/package/5882df9c-dae1-4d80-a40e-db4724271456/compound/fbc6ba9a-e63d-4e90-b07d-04529a69bde8/structure/5d298587-ade1-4c7f-9c72-aa4a229f48c3	Metabolite 2 (HEC 5725-E-4-hydroxyphenyl)	Fluoxastrobin	CON=C(C1=NOCCO1)c1ccccc1Oc1ncnc(Oc2cccc(O)c2Cl)c1F	https://envipath.org/package/5882df9c-dae1-4d80-a40e-db4724271456/scenario/e0e231f9-2db0-4071-b23e-5c5949fe0fcf	scenario 19	no description		Minor																		
https://envipath.org/package/5882df9c-dae1-4d80-a40e-db4724271456/compound/feecca78-ffff-4e43-9ccf-faf0998af743/structure/b8aaa836-2f70-46cc-8860-768d32bdc0f0	M38 (HEC 5725-amide)	Fluoxastrobin	CON=C(C(N)=O)c1ccccc1Oc1ncnc(Oc2ccccc2Cl)c1F	https://envipath.org/package/5882df9c-dae1-4d80-a40e-db4724271456/scenario/2d0eb3c0-d0e6-43fd-8e55-91ead249a3f5	Brumhard, B. (2001b)	no description				pH		&#176;C	4.29	mEq/100g		88.0	17.0			0.33 bar	75.0		Loamy sand			
https://envipath.org/package/5882df9c-dae1-4d80-a40e-db4724271456/compound/58b2a7be-684b-4db6-ac30-3528359f9c9a/structure/906bc34e-c73a-4077-afd9-b3e6377a6ad5	DFA	Flupyradifurone	O=C(O)C(F)F	https://envipath.org/package/5882df9c-dae1-4d80-a40e-db4724271456/scenario/f079a9b5-f8cc-4a83-9027-73b5802752cd	Menke, U. & Unold, M. (2011)	no description				pH		&#176;C	25.6	mEq/100g		2831.0	1753.0			MWHC	55.0		Clay loam	43.0	26.0	31.0
https://envipath.org/package/5882df9c-dae1-4d80-a40e-db4724271456/compound/60f274c6-4950-49bf-8d80-a79bedf11a17/structure/4a08592e-16f3-4c54-a0f1-5c93384cea21	6-chloronicotinic-acid	Flupyradifurone	O=C(O)c1ccc(Cl)nc1	https://envipath.org/package/5882df9c-dae1-4d80-a40e-db4724271456/scenario/4bd11434-29a9-451f-902d-0a7fb8653095	Shepherd, J.J. (2011)	no description				pH		&#176;C	6.3	mEq/100g		234.0	202.0			moisture @ pF 2.5, experimental as well			Sandy loam	67.8	25.0	7.2
https://envipath.org/package/5882df9c-dae1-4d80-a40e-db4724271456/compound/47dd722a-7676-4843-b023-edea81d75afb/structure/d3b66396-ec83-40c1-9a0d-27c65f1f760c	BYI 02960-desdifluoroethyl	Flupyradifurone	O=C1C=C(NCc2ccc(Cl)nc2)CO1																							
https://envipath.org/package/5882df9c-dae1-4d80-a40e-db4724271456/compound/43b28455-78f4-4595-a365-6ab4c58b04a4/structure/51c4d030-64df-4c7a-a417-a68005d8530a	BYI 02960-chloro	Flupyradifurone	O=C1OCC(N(Cc2ccc(Cl)nc2)CC(F)F)=C1Cl	https://envipath.org/package/5882df9c-dae1-4d80-a40e-db4724271456/scenario/debff37e-4595-4537-ace6-c074273b10c2	Menke, U. & Unold, M. (2011)	no description				pH		&#176;C	10.5	mEq/100g		751.0	336.0			MWHC	55.0		Silt loam	27.0	53.0	20.0
https://envipath.org/package/5882df9c-dae1-4d80-a40e-db4724271456/compound/837880a7-3ca0-44bd-a8c0-cc33fc987f4c/structure/189b6054-d792-49d1-929f-6b7732b35aa2	CO2	Flupyradifurone	O=C=O	https://envipath.org/package/5882df9c-dae1-4d80-a40e-db4724271456/scenario/a2eaf122-ab8d-46a4-b247-e293b575b1d9	Menke, U. (2011)	no description				pH		&#176;C	20.5	mEq/100g		1908.0	1375.0			MWHC	55.0		Clay loam	37.0	34.0	29.0
https://envipath.org/package/5882df9c-dae1-4d80-a40e-db4724271456/compound/3f3fb0a5-0884-4ef9-99ee-468ae9d84928/structure/5aa5c3ea-61d4-4ea7-9372-9556d8a8b1a1	IN-KF311	Flupyrsulfuron-methyl	O=C1NC(=O)C(c2nc(O)cc(O)n2)c2cnc(C(F)(F)F)cc21	https://envipath.org/package/5882df9c-dae1-4d80-a40e-db4724271456/scenario/2e8e9f46-13e1-4d98-bd94-755894c76b15	scenario 102	no description		Minor																		
https://envipath.org/package/5882df9c-dae1-4d80-a40e-db4724271456/compound/d29b216b-35f6-4b62-8b2b-051a3f43dbc3/structure/350c17da-e224-45f9-816e-8e887f98d9df	IN-JE127	Flupyrsulfuron-methyl	COC(=O)c1ccc(C(F)(F)F)nc1S(N)(=O)=O	https://envipath.org/package/5882df9c-dae1-4d80-a40e-db4724271456/scenario/9a273e09-0b47-4252-b62d-a174c3c83b43	scenario 101	no description		Minor																		
https://envipath.org/package/5882df9c-dae1-4d80-a40e-db4724271456/compound/837880a7-3ca0-44bd-a8c0-cc33fc987f4c/structure/189b6054-d792-49d1-929f-6b7732b35aa2	CO2	Flupyrsulfuron-methyl	O=C=O	https://envipath.org/package/5882df9c-dae1-4d80-a40e-db4724271456/scenario/799c909b-31b8-474d-895a-17c2b3b846bd	Aikens, P.J. (2001)	no description				pH		&#176;C	5.61	mEq/100g		667.0	430.0			MWHC	50.0		Sandy loam	52.4	36.8	10.8
https://envipath.org/package/5882df9c-dae1-4d80-a40e-db4724271456/compound/b2d4f1be-b12f-4813-973e-a5bb89fc4c08/structure/c312f91c-3487-4b38-a8af-e38a00362dc7	1,2,4 triazole acetic-acid 	Fluquinconazole	O=C(O)Cn1cncn1	https://envipath.org/package/5882df9c-dae1-4d80-a40e-db4724271456/scenario/8c1ad8ae-f334-45bc-81dc-60f7109b90ea	Slangen, P.J. (2000)	no description				pH		&#176;C	9.6	mEq/100g		334.0	198.0			MWHC	40.0		Sandy loam	72.4	22.6	5.0
https://envipath.org/package/5882df9c-dae1-4d80-a40e-db4724271456/compound/7d301a31-2b7e-4909-a605-16dd1bbb6dc1/structure/8454f792-18c0-43a7-a50d-3fa0a3e7f3ab	1,2 dihydro-triazolone	Fluquinconazole	O=c1nc[nH][nH]1	https://envipath.org/package/5882df9c-dae1-4d80-a40e-db4724271456/scenario/8c1ad8ae-f334-45bc-81dc-60f7109b90ea	Slangen, P.J. (2000)	no description				pH		&#176;C	9.6	mEq/100g		334.0	198.0			MWHC	40.0		Sandy loam	72.4	22.6	5.0
https://envipath.org/package/5882df9c-dae1-4d80-a40e-db4724271456/compound/3c46d9ec-8062-4a0c-95cf-b720b6828c8d/structure/424de194-6923-4b62-961f-0659c50c5845	Triazole alanine	Fluquinconazole	NC(Cn1cncn1)C(=O)O	https://envipath.org/package/5882df9c-dae1-4d80-a40e-db4724271456/scenario/ff572c4a-068b-40c2-ae2f-a5b07640794b	Scholz, K. (1990)	no description				pH		&#176;C				826.0	826.0			MWHC	40.0		Silt loam	5.0	80.3	14.7
https://envipath.org/package/5882df9c-dae1-4d80-a40e-db4724271456/compound/fcc85f16-7d03-4057-a1a3-4c4c88731d57/structure/cabeb963-32b4-4c08-b72e-1fc86ccec735	SN 617406	Fluquinconazole	Cn1c(=O)n(-c2ccc(Cl)cc2Cl)c(=O)c2cc(F)ccc21	https://envipath.org/package/5882df9c-dae1-4d80-a40e-db4724271456/scenario/3ac3a338-4cf8-4e3b-8c0e-ddee8866cf3f	Cordell, P.M. & Carlton, R. (1994)	no description				pH		&#176;C	33.0	mEq/100g		7608.0	4827.0			MWHC	40.0		Sandy loam	66.0	19.0	15.0
https://envipath.org/package/5882df9c-dae1-4d80-a40e-db4724271456/compound/837880a7-3ca0-44bd-a8c0-cc33fc987f4c/structure/189b6054-d792-49d1-929f-6b7732b35aa2	CO2	Fluquinconazole	O=C=O	https://envipath.org/package/5882df9c-dae1-4d80-a40e-db4724271456/scenario/8c1ad8ae-f334-45bc-81dc-60f7109b90ea	Slangen, P.J. (2000)	no description				pH		&#176;C	9.6	mEq/100g		334.0	198.0			MWHC	40.0		Sandy loam	72.4	22.6	5.0
https://envipath.org/package/5882df9c-dae1-4d80-a40e-db4724271456/compound/837880a7-3ca0-44bd-a8c0-cc33fc987f4c/structure/189b6054-d792-49d1-929f-6b7732b35aa2	CO2	Flurochloridone	O=C=O	https://envipath.org/package/5882df9c-dae1-4d80-a40e-db4724271456/scenario/5b24ab78-7ced-46aa-ac26-c810ec42af05	7.1.1.1.2/02, Miaullis, Vispetto, 1985	no description						&#176;C	20.4	mEq/100g							40.0		Silt loam	27.4	54.0	18.4
https://envipath.org/package/5882df9c-dae1-4d80-a40e-db4724271456/compound/81e4adf8-5e7b-4fc0-8602-127eeaded62e/structure/b7d87317-432c-4051-b870-1f53107e6eb0	R406639	Flurochloridone	O=C1C(O)C(CCl)CN1c1cccc(C(F)(F)F)c1	https://envipath.org/package/5882df9c-dae1-4d80-a40e-db4724271456/scenario/5b24ab78-7ced-46aa-ac26-c810ec42af05	7.1.1.1.2/02, Miaullis, Vispetto, 1985	no description						&#176;C	20.4	mEq/100g							40.0		Silt loam	27.4	54.0	18.4
https://envipath.org/package/5882df9c-dae1-4d80-a40e-db4724271456/compound/67769d2c-ba97-4fdf-b8b0-37df972b09bf/structure/5e1ff91f-cded-4843-b79c-caa637a91741	Fluroxypyr acid	Fluroxypyr	Nc1c(Cl)c(F)nc(OCC(=O)O)c1Cl	https://envipath.org/package/5882df9c-dae1-4d80-a40e-db4724271456/scenario/1f148796-69ec-4971-bea8-48fdf32e53c0	Lehman, Miller, 1989	no description				pH		&#176;C								pF 2			Clay			
https://envipath.org/package/5882df9c-dae1-4d80-a40e-db4724271456/compound/5e4989fc-13d3-45d4-ad57-3be380a9d3c0/structure/001ae332-266b-42f3-9737-3e1c793221dc	Acetic acid	Fluroxypyr	CC(=O)O																							
https://envipath.org/package/5882df9c-dae1-4d80-a40e-db4724271456/compound/969d0227-3069-4e44-9525-7ae7bad84170/structure/fd42323e-fe20-41fd-999e-90ef655a5fae	H2O	Fluroxypyr	O																							
https://envipath.org/package/5882df9c-dae1-4d80-a40e-db4724271456/compound/fb091a89-debd-4cec-8c32-3144da815344/structure/36e67f52-a64d-46c1-b961-f0cf804a6462	Octan-2-ol	Fluroxypyr	CCCCCCC(C)O																							
https://envipath.org/package/5882df9c-dae1-4d80-a40e-db4724271456/compound/837880a7-3ca0-44bd-a8c0-cc33fc987f4c/structure/189b6054-d792-49d1-929f-6b7732b35aa2	CO2	Fluroxypyr	O=C=O	https://envipath.org/package/5882df9c-dae1-4d80-a40e-db4724271456/scenario/1f148796-69ec-4971-bea8-48fdf32e53c0	Lehman, Miller, 1989	no description				pH		&#176;C								pF 2			Clay			
https://envipath.org/package/5882df9c-dae1-4d80-a40e-db4724271456/compound/837880a7-3ca0-44bd-a8c0-cc33fc987f4c/structure/189b6054-d792-49d1-929f-6b7732b35aa2	CO2	Flurprimidol	O=C=O	https://envipath.org/package/5882df9c-dae1-4d80-a40e-db4724271456/scenario/e3632269-a2f0-40d7-986d-6e9297cc308f	Jackson, R. (1994a)	no description				pH		&#176;C				327.0	327.0			MWHC	40.0		Loamy sand	81.0	12.0	7.0
https://envipath.org/package/5882df9c-dae1-4d80-a40e-db4724271456/compound/837880a7-3ca0-44bd-a8c0-cc33fc987f4c/structure/189b6054-d792-49d1-929f-6b7732b35aa2	CO2	Flurtamone	O=C=O	https://envipath.org/package/5882df9c-dae1-4d80-a40e-db4724271456/scenario/ac601898-e09b-4476-bc95-b9680376db81	B.8.1.1.1.1, Eckermann N. & Weuthen M. (2012a)	no description				pH		&#176;C	9.4	mEq/100g		756.0	470.0			WHC at pF 2.5	55.0	WHC at pF 2.5	Loamy sand	78.0	16.0	6.0
https://envipath.org/package/5882df9c-dae1-4d80-a40e-db4724271456/compound/5aafdd17-fcc4-44b2-a5c6-bff7c8744792/structure/7bb4e41f-a427-43c5-9e1e-94edd5fedfc7	Flurtamone-trifluoromethyl-N-methyl-mendelamide (M02)	Flurtamone	CNC(=O)C(O)c1cccc(C(F)(F)F)c1	https://envipath.org/package/5882df9c-dae1-4d80-a40e-db4724271456/scenario/495e5c9b-86e8-4a85-8f84-a51e0f03d033	B.8.1.1.1.1 Tucker B.V. (1991)	no description		Minor		pH		&#176;C	8.1	mEq/100g						WHC at 0.33 bar	75.0	WHC at 0.33 bar	Sandy loam	56.0	32.0	12.0
https://envipath.org/package/5882df9c-dae1-4d80-a40e-db4724271456/compound/83c3a296-0cc2-4095-be86-6b7ee113a2fe/structure/befb1bbb-6f30-486e-a1e6-201378d6ce46	Flurtamone-desmethyl (M01)	Flurtamone	NC1=C(c2cccc(C(F)(F)F)c2)C(=O)C(c2ccccc2)O1																							
https://envipath.org/package/5882df9c-dae1-4d80-a40e-db4724271456/compound/bd38fc23-90c3-462d-9379-256e51c8faf9/structure/6c7ef763-7d77-4b8d-9e6f-ac87d0aff56e	Flurtamone-trifluoromethyl-mandelic acid (M03) 	Flurtamone	O=C(O)C(O)c1cccc(C(F)(F)F)c1																							
https://envipath.org/package/5882df9c-dae1-4d80-a40e-db4724271456/compound/837880a7-3ca0-44bd-a8c0-cc33fc987f4c/structure/189b6054-d792-49d1-929f-6b7732b35aa2	CO2	Flutianil	O=C=O	https://envipath.org/package/5882df9c-dae1-4d80-a40e-db4724271456/scenario/82c7b735-88af-4078-985e-7b6d2e8c54e7	Brice, A. (2008a)	no description				pH		&#176;C	32.5	mEq/100g						WHC pF 2.5, experimental mean between pF 2 and pF 2.5			Silt loam	20.0	60.0	20.0
https://envipath.org/package/5882df9c-dae1-4d80-a40e-db4724271456/compound/8bbab8f8-bc1d-4bd9-b4a1-d28ea148c063/structure/024ae0b6-366a-4285-9456-be7581e148a2	OC 53279	Flutianil	COc1ccccc1N1C(=C(C#N)Sc2cc(C(F)(F)F)ccc2F)SCC1O	https://envipath.org/package/5882df9c-dae1-4d80-a40e-db4724271456/scenario/cfe8bc99-99cd-4776-ba4a-f32248dadbbb	Brice, A. & Gilbert, J. (2010)	no description				pH		&#176;C	19.2	mEq/100g		325.3	450.1			WHC pF 2.5, experimental mean between pF 2 and pF 2.5			Sandy loam	69.0	17.0	14.0
https://envipath.org/package/5882df9c-dae1-4d80-a40e-db4724271456/compound/1c878a1f-728f-4e18-ad54-4b6706d4b906/structure/ecf5f6a2-3e40-4b17-ae96-117153f47e75	M-2 HFT	Flutolanil	CC(C)Oc1cc(NC(=O)c2ccccc2C(F)(F)F)ccc1O																							
https://envipath.org/package/5882df9c-dae1-4d80-a40e-db4724271456/compound/2111e237-2d27-42c5-b2cb-b7a4466d824d/structure/24f4da09-773f-4490-b8e1-50d6c265ae25	M-7 HMD	Flutolanil	COc1cc(NC(=O)c2ccccc2C(F)(F)F)ccc1O																							
https://envipath.org/package/5882df9c-dae1-4d80-a40e-db4724271456/compound/d508e734-d3b8-4483-995c-c9a93e35013a/structure/5dabc6bb-68d6-4f9e-b364-75349881ce43	M-4/DIP	Flutolanil	O=C(Nc1cccc(O)c1)c1ccccc1C(F)(F)F	https://envipath.org/package/5882df9c-dae1-4d80-a40e-db4724271456/scenario/0065b1be-ad61-4eb5-9317-2c9224048b91	Volkl, 2001	no description				pH		&#176;C	11.0	mEq/100g		573.0	377.0			MWHC	40.0		Loamy sand	75.9	16.8	7.5
https://envipath.org/package/5882df9c-dae1-4d80-a40e-db4724271456/compound/58f74d22-c0c3-49d7-b321-d5b4b84b199a/structure/1b58aa3d-10fd-444b-afa7-1b3468a39a5b	M-11	Flutolanil	CC(Oc1cccc(NC(=O)c2ccccc2C(F)(F)F)c1)C(=O)O																							
https://envipath.org/package/5882df9c-dae1-4d80-a40e-db4724271456/compound/837880a7-3ca0-44bd-a8c0-cc33fc987f4c/structure/189b6054-d792-49d1-929f-6b7732b35aa2	CO2	Flutolanil	O=C=O	https://envipath.org/package/5882df9c-dae1-4d80-a40e-db4724271456/scenario/fcd125d5-6679-4c05-8548-a858f17d43c0	Morgenroth, 1993	no description				pH		&#176;C	3.3	mEq/100g		125.0	64.0			MWHC, experimental 100% of field capacity	100.0		Sand	94.5	2.0	3.5
https://envipath.org/package/5882df9c-dae1-4d80-a40e-db4724271456/compound/072d8de1-58d4-4ac0-b496-5a04979764ec/structure/79f5b7b2-d282-4a2b-a427-2b021f20f2bc	M-3 HIP	Flutolanil	CC(CO)Oc1cccc(NC(=O)c2ccccc2C(F)(F)F)c1																							
https://envipath.org/package/5882df9c-dae1-4d80-a40e-db4724271456/compound/88809285-4e82-4806-b3bf-a4a972e04906/structure/10f2856f-ef50-49e8-8323-4c63a8caef4d	M-6/MDP	Flutolanil	COc1cccc(NC(=O)c2ccccc2C(F)(F)F)c1	https://envipath.org/package/5882df9c-dae1-4d80-a40e-db4724271456/scenario/0065b1be-ad61-4eb5-9317-2c9224048b91	Volkl, 2001	no description				pH		&#176;C	11.0	mEq/100g		573.0	377.0			MWHC	40.0		Loamy sand	75.9	16.8	7.5
https://envipath.org/package/5882df9c-dae1-4d80-a40e-db4724271456/compound/8bd23e43-fbd7-416a-9e2c-2cda4104ebf9/structure/e31513d5-8ec1-4335-8de5-df54fc76cfb9	M-5 HDP	Flutolanil	O=C(Nc1ccc(O)c(O)c1)c1ccccc1C(F)(F)F																							
https://envipath.org/package/5882df9c-dae1-4d80-a40e-db4724271456/compound/837880a7-3ca0-44bd-a8c0-cc33fc987f4c/structure/189b6054-d792-49d1-929f-6b7732b35aa2	CO2	Flutriafol	O=C=O	https://envipath.org/package/5882df9c-dae1-4d80-a40e-db4724271456/scenario/9e310a2b-a2be-4639-9da4-855473bd8370	Vincent, Harvey, Arnold, Hill (1982)	no description				pH		&#176;C	14.4	mEq/100g						MWHC	40.0		Loamy sand	80.0	2.0	17.0
https://envipath.org/package/5882df9c-dae1-4d80-a40e-db4724271456/compound/837880a7-3ca0-44bd-a8c0-cc33fc987f4c/structure/189b6054-d792-49d1-929f-6b7732b35aa2	CO2	Folpet	O=C=O	https://envipath.org/package/5882df9c-dae1-4d80-a40e-db4724271456/scenario/d3670fef-36cd-4ad6-af75-ecf0ed5025c8	Daly, D. (1991a)	no description				pH		&#176;C	3.9	mEq/100g						WHC at 0.33bar	75.0		Sandy loam	64.0	19.0	17.0
https://envipath.org/package/5882df9c-dae1-4d80-a40e-db4724271456/compound/3dd6b0b4-80f7-44cd-aa27-4dbe1bf8e14f/structure/345f18c1-117b-47e6-8b0d-870d796acdd2	S12 (N-(4,6-dimethoxypyrimidin-2-yl)urea	Foramsulfuron	COc1cc(OC)nc(NC(N)=O)n1																							
https://envipath.org/package/5882df9c-dae1-4d80-a40e-db4724271456/compound/837880a7-3ca0-44bd-a8c0-cc33fc987f4c/structure/189b6054-d792-49d1-929f-6b7732b35aa2	CO2	Foramsulfuron	O=C=O	https://envipath.org/package/5882df9c-dae1-4d80-a40e-db4724271456/scenario/6e116897-e5eb-40ec-b1c9-cf87bfb8c037	Judge D.N., Abbott P.B., Allen R. (2000c)	no description				pH		&#176;C	7.99	mEq/100g							40.0	MWHC	Clay loam	29.8	38.0	32.2
https://envipath.org/package/5882df9c-dae1-4d80-a40e-db4724271456/compound/940dc508-030b-4ab8-9253-34ce9501c093/structure/6f5b583f-f0f1-49e3-baa7-4ab9bccbe3e2	AE F148003	Foramsulfuron	CN(C)C(=O)c1ccc(N)cc1S(N)(=O)=O	https://envipath.org/package/5882df9c-dae1-4d80-a40e-db4724271456/scenario/718ee3e5-3c58-4b4c-8d29-2c63bb039e47	Sheperd, Ripperger (2012)	no description		Minor		pH		&#176;C	5.7	mEq/100g		165.0	140.0			MC at pF2	55.0	MWHC	Loamy sand	80.3	14.6	5.1
https://envipath.org/package/5882df9c-dae1-4d80-a40e-db4724271456/compound/212445eb-7a10-4906-8f37-ad68e7609bff/structure/151f0683-b52d-48aa-8d32-baa066906fe5	3-AP (3-Aminophenol)	Formetanate	Nc1cccc(O)c1	https://envipath.org/package/5882df9c-dae1-4d80-a40e-db4724271456/scenario/f37876c8-9ad5-498d-82a6-f1fe43475ac5	Bruehl (1986)	no description				pH		&#176;C								MWHC	75.0		Loamy sand	91.6	3.6	4.8
https://envipath.org/package/5882df9c-dae1-4d80-a40e-db4724271456/compound/837880a7-3ca0-44bd-a8c0-cc33fc987f4c/structure/189b6054-d792-49d1-929f-6b7732b35aa2	CO2	Formetanate	O=C=O	https://envipath.org/package/5882df9c-dae1-4d80-a40e-db4724271456/scenario/00edb2d9-1138-4dfe-81c3-0a3f93fdb0ff	Celorio, (1984)	no description				pH		&#176;C								MWHC	75.0		Sandy loam	80.0	9.9	10.1
https://envipath.org/package/5882df9c-dae1-4d80-a40e-db4724271456/compound/a4a354fd-5003-4b7b-b11b-f54204aea384/structure/e71dbe46-496c-49fa-8d7b-70604366265a	Ethanol	Fosetyl-AL	CCO	https://envipath.org/package/5882df9c-dae1-4d80-a40e-db4724271456/scenario/64afb91b-6570-412b-92eb-52ea7cafec0c	Bertrand A., Buys M. (1982a)	no description				pH		&#176;C	21.0	mEq/100g					 	Moisture at 33 kPa	75.0		Clay loam	34.0	27.6	37.5
https://envipath.org/package/5882df9c-dae1-4d80-a40e-db4724271456/compound/837880a7-3ca0-44bd-a8c0-cc33fc987f4c/structure/189b6054-d792-49d1-929f-6b7732b35aa2	CO2	Fosetyl-AL	O=C=O	https://envipath.org/package/5882df9c-dae1-4d80-a40e-db4724271456/scenario/1aecaa5a-9db1-4297-b65e-05e740018636	Bertrand A., Buys M. (1982a)	no description				pH		&#176;C	14.0	mEq/100g					 	Moisture at 33 kPa	75.0		Silt loam	15.2	55.3	23.0
https://envipath.org/package/5882df9c-dae1-4d80-a40e-db4724271456/compound/837880a7-3ca0-44bd-a8c0-cc33fc987f4c/structure/189b6054-d792-49d1-929f-6b7732b35aa2	CO2	Fuberidazole	O=C=O	https://envipath.org/package/5882df9c-dae1-4d80-a40e-db4724271456/scenario/5bc677bf-1aff-459a-8b4f-877c1ae2777e	Arthur & Shepherd, 2002	no description				pH		&#176;C				459.0	242.0			MWHC	50.0		Sandy loam	72.4	22.6	5.0
https://envipath.org/package/5882df9c-dae1-4d80-a40e-db4724271456/compound/ca68eccd-7fe1-426b-af4d-0b16190e17ec/structure/707f50cd-cdd1-426f-82ec-8dc8fe58afa9	M11 2-Acetylbenzimidazole	Fuberidazole	CC(=O)c1nc2ccccc2[nH]1	https://envipath.org/package/5882df9c-dae1-4d80-a40e-db4724271456/scenario/5bc677bf-1aff-459a-8b4f-877c1ae2777e	Arthur & Shepherd, 2002	no description				pH		&#176;C				459.0	242.0			MWHC	50.0		Sandy loam	72.4	22.6	5.0
https://envipath.org/package/5882df9c-dae1-4d80-a40e-db4724271456/compound/230ca022-9699-4868-b141-ba6e7ac616fc/structure/6b54c054-7574-4a4f-a77b-a2a80874d74a	DMCPA	Gamma-cyhalothrin	CC1(C)C(C=C(Cl)C(F)(F)F)C1C(=O)O	https://envipath.org/package/5882df9c-dae1-4d80-a40e-db4724271456/scenario/e5483325-466f-486e-b221-cae13e963a00	B.1.1.2, Bharti, Bewick and White (1985)	no description				pH		&#176;C	17.0	mEq/100g						MWHC	40.0		Sandy loam	30.0	17.0	22.0
https://envipath.org/package/5882df9c-dae1-4d80-a40e-db4724271456/compound/837880a7-3ca0-44bd-a8c0-cc33fc987f4c/structure/189b6054-d792-49d1-929f-6b7732b35aa2	CO2	Gamma-cyhalothrin	O=C=O																							
https://envipath.org/package/5882df9c-dae1-4d80-a40e-db4724271456/compound/2fc78d4a-7958-4af5-87d4-bcc2f9b6c9ab/structure/f8bb3b76-d463-49b5-b7de-7c5783f98e0c	3-PBAc	Gamma-cyhalothrin	O=C(O)c1cccc(Oc2ccccc2)c1	https://envipath.org/package/5882df9c-dae1-4d80-a40e-db4724271456/scenario/e5483325-466f-486e-b221-cae13e963a00	B.1.1.2, Bharti, Bewick and White (1985)	no description				pH		&#176;C	17.0	mEq/100g						MWHC	40.0		Sandy loam	30.0	17.0	22.0
https://envipath.org/package/5882df9c-dae1-4d80-a40e-db4724271456/compound/5f080299-daab-47bc-babb-c06ec63a87d4/structure/17d89b65-4a9f-4190-8541-d5ffcec563ba	9-epiallogibberic acid	Gibberellic acid	C=C1CC23CC1(O)CCC2c1cccc(C)c1C3C(=O)O	https://envipath.org/package/5882df9c-dae1-4d80-a40e-db4724271456/scenario/bd2624ca-4595-4255-93db-e92ad0ab4252	B.1.2.1., Komatsu K. & Yabusaki T. (2002)	no description				pH		&#176;C	16.4	mEq/100g						MWHC	60.0		Clay			
https://envipath.org/package/5882df9c-dae1-4d80-a40e-db4724271456/compound/182d05e9-a48e-4c2c-b8f8-cdde8a6b77e5/structure/9579a300-1ef2-4618-8388-6f53a1c9d506	Gibberellenic acid	Gibberellic acid	C=C1CC23CC1(O)CCC2C1C=CC(O)C(C)(C(=O)O)C1C3C(=O)O	https://envipath.org/package/5882df9c-dae1-4d80-a40e-db4724271456/scenario/bd2624ca-4595-4255-93db-e92ad0ab4252	B.1.2.1., Komatsu K. & Yabusaki T. (2002)	no description				pH		&#176;C	16.4	mEq/100g						MWHC	60.0		Clay			
https://envipath.org/package/5882df9c-dae1-4d80-a40e-db4724271456/compound/7eae32fb-5d91-49df-ba25-3490a5e4e65b/structure/5c8896b6-8589-4ced-af92-329574c89bf5	Isogibberellic acid	Gibberellic acid	C=C1CC23CC1(O)CCC2C1=CC2OC(=O)C(C)(C2O)C1C3C(=O)O	https://envipath.org/package/5882df9c-dae1-4d80-a40e-db4724271456/scenario/bd2624ca-4595-4255-93db-e92ad0ab4252	B.1.2.1., Komatsu K. & Yabusaki T. (2002)	no description				pH		&#176;C	16.4	mEq/100g						MWHC	60.0		Clay			
https://envipath.org/package/5882df9c-dae1-4d80-a40e-db4724271456/compound/35dfa069-f2f9-4678-9b3e-e519ff457dd5/structure/dc710e68-56a1-46b9-8006-176d612facfd	AE 0015081 (P-X)	Glufosinate ammonium	CP(=O)(O)C=CC(=O)O	https://envipath.org/package/5882df9c-dae1-4d80-a40e-db4724271456/scenario/d4b051a9-1d42-4908-b4bf-53e255b240d0	scenario 105	no description		Minor																		
https://envipath.org/package/5882df9c-dae1-4d80-a40e-db4724271456/compound/b9ac3a19-8042-4f45-a317-ebbd8fb5934b/structure/84dc3de2-4817-4ce8-ad23-c07d8084039a	Methylphosphinic acid	Glufosinate ammonium	C[PH](=O)O	https://envipath.org/package/5882df9c-dae1-4d80-a40e-db4724271456/scenario/b15ebf88-86d4-458b-b993-4fb7f51ef2ed	scenario 107	no description		Minor																		
https://envipath.org/package/5882df9c-dae1-4d80-a40e-db4724271456/compound/837880a7-3ca0-44bd-a8c0-cc33fc987f4c/structure/189b6054-d792-49d1-929f-6b7732b35aa2	CO2	Glufosinate ammonium	O=C=O	https://envipath.org/package/5882df9c-dae1-4d80-a40e-db4724271456/scenario/b450c123-0db6-4258-aa29-b13a9581baef	B.8.1.1.1, Zumdick (1996a)	no description				pH		&#176;C	8.8	mEq/100g						MWHC	40.0		Sandy loam	65.0	23.0	12.0
https://envipath.org/package/5882df9c-dae1-4d80-a40e-db4724271456/compound/26770830-2780-48d0-a57c-ecc35bb2e46e/structure/35864866-6f5f-4d26-87d1-9084d02a3424	AE F065594	Glufosinate ammonium	CP(=O)(O)CCC(=O)C(=O)O	https://envipath.org/package/5882df9c-dae1-4d80-a40e-db4724271456/scenario/0945f172-abb9-4f93-8f62-753643569bc3	scenario 106	no description		Minor																		
https://envipath.org/package/5882df9c-dae1-4d80-a40e-db4724271456/compound/b0f8deba-12a3-40a8-b972-a182db39d38f/structure/0497f01a-a1e0-43c6-be78-5209bb479b6a	methylphosphinico-formic acid (P-Y, MPF)	Glufosinate ammonium	CP(=O)(O)C(=O)O	https://envipath.org/package/5882df9c-dae1-4d80-a40e-db4724271456/scenario/b8b33b4d-3e01-474b-b1e0-0c3f93bda74b	B.8.1.1.1, Zumdick (1995b)	no description				pH		&#176;C	5.3	mEq/100g		320.0	180.0			MWHC	40.0		Sandy loam	60.0	30.0	10.0
https://envipath.org/package/5882df9c-dae1-4d80-a40e-db4724271456/compound/78ccf73c-4fec-47dd-bdda-d9d6097da6aa/structure/70ae92af-6759-42a9-b496-770d0bfb82b5	methylphosphonic acid 	Glufosinate ammonium	CP(=O)(O)O	https://envipath.org/package/5882df9c-dae1-4d80-a40e-db4724271456/scenario/c7073d7c-e4c2-4dfa-9185-64818cd87bfa	B.8.1.1, Stumpf and Schink (1987a)	no description				pH		&#176;C	5.6	mEq/100g						MWHC	40.0		Sandy loam	59.0	34.0	6.9
https://envipath.org/package/5882df9c-dae1-4d80-a40e-db4724271456/compound/3518b86e-c544-440d-95dc-3ff0fe3a676c/structure/de37ce05-99ed-4b43-a5f6-b2baa646612b	L-glufosinate	Glufosinate ammonium	CP(=O)(O)CCC(N)C(=O)O	https://envipath.org/package/5882df9c-dae1-4d80-a40e-db4724271456/scenario/c7073d7c-e4c2-4dfa-9185-64818cd87bfa	B.8.1.1, Stumpf and Schink (1987a)	no description				pH		&#176;C	5.6	mEq/100g						MWHC	40.0		Sandy loam	59.0	34.0	6.9
https://envipath.org/package/5882df9c-dae1-4d80-a40e-db4724271456/compound/837880a7-3ca0-44bd-a8c0-cc33fc987f4c/structure/189b6054-d792-49d1-929f-6b7732b35aa2	CO2	Glyphosate	O=C=O	https://envipath.org/package/5882df9c-dae1-4d80-a40e-db4724271456/scenario/27ac8efd-a51b-4e21-a0b4-d3f74b153a6c	Annex IIA 7.1.1/01, Ponte (2010)	no description				pH		&#176;C	13.6	mEq/100g		37.5	59.2			WHC at 0,33bar	50.0		Loam	49.0	38.0	13.0
https://envipath.org/package/5882df9c-dae1-4d80-a40e-db4724271456/compound/7b30a371-49e7-4ec0-8e0d-fe958d37663e/structure/091fe98e-1e95-45c7-aabf-f1a5a07ce81a	GGN	Guazatine	CC(=O)[O-].CC(=O)[O-].CC(=O)[O-].N=C(N)NCCCCCCCCN(CCCCCCCCN)C(=N)N																							
https://envipath.org/package/5882df9c-dae1-4d80-a40e-db4724271456/compound/c84bf294-c0bd-4f61-8254-053916dcc76a/structure/3b639a90-4037-4d49-a67e-ab78c73cd4c8	NGN	Guazatine	CC(=O)[O-].CC(=O)[O-].CC(=O)[O-].N=C(N)N(CCCCCCCCN)CCCCCCCCN																							
https://envipath.org/package/5882df9c-dae1-4d80-a40e-db4724271456/compound/674f4a49-f061-4a08-8916-a5b123f7b313/structure/2caf5f38-3e30-41c0-98cc-1d98d86502e7	NN	Guazatine	NCCCCCCCCN																							
https://envipath.org/package/5882df9c-dae1-4d80-a40e-db4724271456/compound/ae426f64-5fb3-4783-ba60-5e9f13980898/structure/5c1f7bf4-fa98-4a4f-9a4c-df08584d21f3	GNG	Guazatine	CC(=O)[O-].CC(=O)[O-].CC(=O)[O-].N=C(N)NCCCCCCCCNCCCCCCCCNC(=N)N																							
https://envipath.org/package/5882df9c-dae1-4d80-a40e-db4724271456/compound/a4448a4c-e230-4658-9257-9e1e5509d46f/structure/fe40c559-0bfb-4021-ae68-e7fbfec8b8a5	NNN	Guazatine	CC(=O)[O-].CC(=O)[O-].CC(=O)[O-].NCCCCCCCCNCCCCCCCCN																							
https://envipath.org/package/5882df9c-dae1-4d80-a40e-db4724271456/compound/837880a7-3ca0-44bd-a8c0-cc33fc987f4c/structure/189b6054-d792-49d1-929f-6b7732b35aa2	CO2	Guazatine	O=C=O	https://envipath.org/package/5882df9c-dae1-4d80-a40e-db4724271456/scenario/17daceab-a787-4f40-b1d0-0620a7092007	Class T. (2004)	no description				pH		&#176;C	17.0	mEq/100g		690.0	320.0			MWHC			Loam			
https://envipath.org/package/5882df9c-dae1-4d80-a40e-db4724271456/compound/1f653324-8046-48cf-9918-7e5270049238/structure/d7a7d2b8-7e93-4e2b-8358-837b4ecd1791	GNN	Guazatine	CC(=O)[O-].CC(=O)[O-].CC(=O)[O-].N=C(N)NCCCCCCCCNCCCCCCCCN																							
https://envipath.org/package/5882df9c-dae1-4d80-a40e-db4724271456/compound/837880a7-3ca0-44bd-a8c0-cc33fc987f4c/structure/189b6054-d792-49d1-929f-6b7732b35aa2	CO2	Halauxifen-methyl 	O=C=O	https://envipath.org/package/5882df9c-dae1-4d80-a40e-db4724271456/scenario/6ae2e259-e8ec-458f-b952-fdc6eb80fe0e	B.8.1.1.1, Yoder et al (2011a)	no description				pH		&#176;C	14.8	mEq/100g		211.1	239.5			MHC	50.0		Loam	33.0	46.0	21.0
https://envipath.org/package/5882df9c-dae1-4d80-a40e-db4724271456/compound/837880a7-3ca0-44bd-a8c0-cc33fc987f4c/structure/189b6054-d792-49d1-929f-6b7732b35aa2	CO2	Halosulfuron-methyl	O=C=O	https://envipath.org/package/5882df9c-dae1-4d80-a40e-db4724271456/scenario/53577ebc-a912-496e-aa4b-a22ee3f11bc6	IIA 7.1.1; Annex IIIA 9.1.1 Knight, L. (2004)	no description				pH		&#176;C	10.8	mEq/100g									Loam	9.48	5.92	24.6
https://envipath.org/package/5882df9c-dae1-4d80-a40e-db4724271456/compound/6358408d-2559-4ec1-ab03-3e83eeb5e54e/structure/46fd611f-3642-4579-b877-fb0497ef8b86	S13 (2-amino-4,6-dimethoxypyrimidine)	Halosulfuron-methyl	COc1cc(OC)nc(N)n1	https://envipath.org/package/5882df9c-dae1-4d80-a40e-db4724271456/scenario/53577ebc-a912-496e-aa4b-a22ee3f11bc6	IIA 7.1.1; Annex IIIA 9.1.1 Knight, L. (2004)	no description				pH		&#176;C	10.8	mEq/100g									Loam	9.48	5.92	24.6
https://envipath.org/package/5882df9c-dae1-4d80-a40e-db4724271456/compound/9adb2400-11f9-4653-857d-fe398f862e4d/structure/c7b9b7d5-4a1c-4e19-80e2-8483c59bb3bc	Halosulfuron (HS)	Halosulfuron-methyl	COc1cc(OC)nc(NC(=O)NS(=O)(=O)C2C(C(=O)O)=C(Cl)NN2C)n1	https://envipath.org/package/5882df9c-dae1-4d80-a40e-db4724271456/scenario/53577ebc-a912-496e-aa4b-a22ee3f11bc6	IIA 7.1.1; Annex IIIA 9.1.1 Knight, L. (2004)	no description				pH		&#176;C	10.8	mEq/100g									Loam	9.48	5.92	24.6
https://envipath.org/package/5882df9c-dae1-4d80-a40e-db4724271456/compound/64e1e95a-5a93-4417-ab17-4d49decf3af3/structure/01ff5464-cf41-4877-a526-518bcd30045c	O-demethyl halosulfuron-methyl (ODHSM)	Halosulfuron-methyl	COC(=O)C1=C(Cl)NN(C)C1S(=O)(=O)NC(=O)Nc1nc(O)cc(OC)n1	https://envipath.org/package/5882df9c-dae1-4d80-a40e-db4724271456/scenario/53577ebc-a912-496e-aa4b-a22ee3f11bc6	IIA 7.1.1; Annex IIIA 9.1.1 Knight, L. (2004)	no description				pH		&#176;C	10.8	mEq/100g									Loam	9.48	5.92	24.6
https://envipath.org/package/5882df9c-dae1-4d80-a40e-db4724271456/compound/a17c33c0-ca57-4653-ba1f-d75b5267ae9b/structure/2f5609cb-6129-4aeb-b694-f658afac4c58	Chlorosulfonamide acid (CSA)	Halosulfuron-methyl	Cn1nc(Cl)c(C(=O)O)c1S(N)(=O)=O	https://envipath.org/package/5882df9c-dae1-4d80-a40e-db4724271456/scenario/53577ebc-a912-496e-aa4b-a22ee3f11bc6	IIA 7.1.1; Annex IIIA 9.1.1 Knight, L. (2004)	no description				pH		&#176;C	10.8	mEq/100g									Loam	9.48	5.92	24.6
https://envipath.org/package/5882df9c-dae1-4d80-a40e-db4724271456/compound/c5784e88-958a-4482-bfc1-08486b0c767f/structure/1167e087-9c97-41a1-b5b1-314c0b0643fc	Halosulfuron rearrangment (HSR)	Halosulfuron-methyl	COc1cc(OC)nc(Nc2c(C(=O)O)c(Cl)nn2C)n1	https://envipath.org/package/5882df9c-dae1-4d80-a40e-db4724271456/scenario/53577ebc-a912-496e-aa4b-a22ee3f11bc6	IIA 7.1.1; Annex IIIA 9.1.1 Knight, L. (2004)	no description				pH		&#176;C	10.8	mEq/100g									Loam	9.48	5.92	24.6
https://envipath.org/package/5882df9c-dae1-4d80-a40e-db4724271456/compound/837880a7-3ca0-44bd-a8c0-cc33fc987f4c/structure/189b6054-d792-49d1-929f-6b7732b35aa2	CO2	Haloxyfop-P (DE-535)	O=C=O	https://envipath.org/package/5882df9c-dae1-4d80-a40e-db4724271456/scenario/39ea4830-852d-4129-a8e1-13def29242ac	Yon,D.A. (2001)	no description				pH		&#176;C				429.0	512.0			MWHC	40.0		Sandy clay loam	48.0	23.0	29.0
https://envipath.org/package/5882df9c-dae1-4d80-a40e-db4724271456/compound/f956d0e7-7890-462f-8203-a49fa2ea8be3/structure/01965aac-6ded-44c0-a219-a909feb78ac9	Haloxyfop-P	Haloxyfop-P (DE-535)	COC(=O)C(C)Oc1ccc(Oc2ncc(C(F)(F)F)cc2Cl)cc1																							
https://envipath.org/package/5882df9c-dae1-4d80-a40e-db4724271456/compound/d637c5b2-a088-447d-b119-5df059d789bb/structure/0cb7dde9-c629-4521-a32f-48b7eed3667e	PT-1-8	Hexythiazox 	CC1C(c2ccc(Cl)cc2)SC(=O)N1C(=O)NC1CCC(O)CC1	https://envipath.org/package/5882df9c-dae1-4d80-a40e-db4724271456/scenario/627d0250-4416-443d-86df-676a295d1015	Shiotani, H. (2002)	no description				pH		&#176;C	6.0	mEq/100g		4.003	2.441			MWHC	40.0		Sand	93.5	2.7	3.9
https://envipath.org/package/5882df9c-dae1-4d80-a40e-db4724271456/compound/837880a7-3ca0-44bd-a8c0-cc33fc987f4c/structure/189b6054-d792-49d1-929f-6b7732b35aa2	CO2	Hexythiazox 	O=C=O	https://envipath.org/package/5882df9c-dae1-4d80-a40e-db4724271456/scenario/60394039-452b-4bd9-88f5-fc7dece3828d	Lewis, C.J. (2003)	no description				pH		&#176;C	1.2	mEq/100g		446.5	235.2			MWHC	45.0		Sandy loam	55.0	32.0	13.0
https://envipath.org/package/5882df9c-dae1-4d80-a40e-db4724271456/compound/e4318984-d4ca-432a-baa1-154ccd72c707/structure/4441ee3a-b316-477e-b10a-e3735e13fc29	PT-1-4	Hexythiazox 	CC1C(c2ccc(Cl)cc2)SC(=O)N1C(=O)NC1CCCC(O)C1	https://envipath.org/package/5882df9c-dae1-4d80-a40e-db4724271456/scenario/4ed38f3c-8d1b-40d7-a009-d8c49c1bcd27	scenario 21	no description		Minor																		
https://envipath.org/package/5882df9c-dae1-4d80-a40e-db4724271456/compound/1132687d-b2b7-4cd1-bf27-f2c9769d3aab/structure/703d5742-ce8c-4a24-90cf-cba0876d8a11	PT-1-5	Hexythiazox 	CC1C(c2ccc(Cl)cc2)SC(=O)N1C(=O)NC1CCCC(=O)C1	https://envipath.org/package/5882df9c-dae1-4d80-a40e-db4724271456/scenario/cdce4e91-2309-42ff-92fa-1e86dd63a35a	Anonymous (1984)_T15	no description				pH		&#176;C	35.6	mEq/100g					 	MWHC	50.0		Sandy loam	58.0	24.0	18.0
https://envipath.org/package/5882df9c-dae1-4d80-a40e-db4724271456/compound/1c7e907a-8092-4b7c-8676-ad9e7aa17d61/structure/3bcee053-d30d-42c5-b970-db1428936887	Hexythiazox	Hexythiazox 	CC1C(c2ccc(Cl)cc2)SC(=O)N1C(=O)NC1CCCCC1																							
https://envipath.org/package/5882df9c-dae1-4d80-a40e-db4724271456/compound/bc3bbff7-8f3b-41c2-8c14-185f5293072a/structure/edc40797-2e05-46d6-b10d-018f809dce89	S3 (4-chlorobenzoic acid)	Hexythiazox 	O=C(O)c1ccc(Cl)cc1	https://envipath.org/package/5882df9c-dae1-4d80-a40e-db4724271456/scenario/2e55396e-ed14-47a5-91ed-89440ad982dd	Lewis, C.J. (2003)	no description				pH		&#176;C	22.9	mEq/100g		93.4	75.2			MWHC	45.0		Sandy loam	74.0	12.0	14.0
https://envipath.org/package/5882df9c-dae1-4d80-a40e-db4724271456/compound/c7d146e1-6121-424c-9550-2c9ce79f1b91/structure/1fef9d33-448d-4f7b-a8a4-22c724964296	Acetoacetamide	Hymexazol	CC(=O)CC(N)=O	https://envipath.org/package/5882df9c-dae1-4d80-a40e-db4724271456/scenario/faa851b7-2cd7-4633-8013-c1bf30dc15a6	scenario 27	no description		Minor																		
https://envipath.org/package/5882df9c-dae1-4d80-a40e-db4724271456/compound/c7d3904a-a2ab-4e04-8933-d57d61dca653/structure/da525c59-7d62-4280-8e77-568356149424	2-keto-propylamine	Hymexazol	CC(=O)CN	https://envipath.org/package/5882df9c-dae1-4d80-a40e-db4724271456/scenario/5eb6981a-96ea-40f4-ae2f-cbbd3f91ff9f	scenario 25	no description		Minor																		
https://envipath.org/package/5882df9c-dae1-4d80-a40e-db4724271456/compound/837880a7-3ca0-44bd-a8c0-cc33fc987f4c/structure/189b6054-d792-49d1-929f-6b7732b35aa2	CO2	Hymexazol	O=C=O	https://envipath.org/package/5882df9c-dae1-4d80-a40e-db4724271456/scenario/3426e3f6-8297-481b-bca6-dd6cc5229ed0	IIA 7.1.1.2.1 Goodyear, A. (1998)	no description				pH		&#176;C	7.8	mEq/100g		108.1	0.1			pF 2.5			Sand	7.81	7.58	4.6
https://envipath.org/package/5882df9c-dae1-4d80-a40e-db4724271456/compound/c7b54d77-7600-43ca-a5ae-d5c110bfbc80/structure/a4ecbdb2-3587-4c4f-ac79-e15daf42c043	5-methyl-2(3H)-oxazolone	Hymexazol	Cc1c[nH]c(=O)o1	https://envipath.org/package/5882df9c-dae1-4d80-a40e-db4724271456/scenario/594f3e90-9be4-4d84-bc84-97b32e0b0e4c	scenario 26	no description		Minor																		
https://envipath.org/package/5882df9c-dae1-4d80-a40e-db4724271456/compound/1d5be1e0-4890-4396-a3bf-af5789c697c6/structure/fb1e76c0-0f6d-4564-a1b3-c5815d207b2b	Acetoacetic acid	Hymexazol	CC(=O)CC(=O)O	https://envipath.org/package/5882df9c-dae1-4d80-a40e-db4724271456/scenario/f0e4f6fb-ef6d-4c71-8512-c0109986cba6	scenario 29	no description		Minor																		
https://envipath.org/package/5882df9c-dae1-4d80-a40e-db4724271456/compound/71162963-44f3-44dc-ad05-276192a69154/structure/42771295-a418-4d06-a056-cb70b18fe692	Acetone	Hymexazol	CC(C)=O	https://envipath.org/package/5882df9c-dae1-4d80-a40e-db4724271456/scenario/f1ce3057-43dc-4c5c-a7f5-538ccf0887cc	scenario 28	no description		Minor																		
https://envipath.org/package/5882df9c-dae1-4d80-a40e-db4724271456/compound/837880a7-3ca0-44bd-a8c0-cc33fc987f4c/structure/189b6054-d792-49d1-929f-6b7732b35aa2	CO2	Imazalil	O=C=O	https://envipath.org/package/5882df9c-dae1-4d80-a40e-db4724271456/scenario/ef44587e-ecbc-40af-97da-a0c5cd06dec4	Post inclusion addendum, Annex IIA 7.1.1/03, MÃ¶ndel (2012a)	no description				pH		&#176;C	8.96	mEq/100g		387.0	598.2			WHC at pF 2,5			Sandy loam	4.63	6.55	8.82
https://envipath.org/package/5882df9c-dae1-4d80-a40e-db4724271456/compound/837880a7-3ca0-44bd-a8c0-cc33fc987f4c/structure/189b6054-d792-49d1-929f-6b7732b35aa2	CO2	Imazamox	O=C=O	https://envipath.org/package/5882df9c-dae1-4d80-a40e-db4724271456/scenario/28be7a3e-9288-44dc-a45d-6e991ad659d9	Ta C. (1995c)	no description				pH		&#176;C	5.8	mEq/100g						FC at 0.33 bar	75.0	FC at 0.33 bar	Sandy loam	53.2	34.4	12.4
https://envipath.org/package/5882df9c-dae1-4d80-a40e-db4724271456/compound/ad731a43-5cca-43a4-b190-a9cea0dccc26/structure/f98a892b-be35-4222-b2a2-9c5c5dcebbd5	CL 263875 (quinoline-2,3-di-carboxylic acid)	Imazaquin	O=C(O)c1cc2ccccc2nc1C(=O)O	https://envipath.org/package/5882df9c-dae1-4d80-a40e-db4724271456/scenario/06d5202e-bc2c-47ff-a9b7-89c085816f69	Annex IIA 7.1.1.1.1, Ta C. & David M. (2000)	no description				pH		&#176;C	7.2	mEq/100g		489.4	186.4			WHC at 0,33bar	75.0		Sandy loam	59.0	29.0	12.0
https://envipath.org/package/5882df9c-dae1-4d80-a40e-db4724271456/compound/a2eab4ce-2cd2-4834-921b-c4893bdf8757/structure/3e963a5a-0dea-436d-a4aa-bc6cbf97cc5e	CL 75947 (quinoline-3-carboxylic acid)	Imazaquin	O=C(O)c1cnc2ccccc2c1	https://envipath.org/package/5882df9c-dae1-4d80-a40e-db4724271456/scenario/63c7f8af-e38c-40e1-a961-0442eb9ecf9c	Annex IIA 7.1.1.1.1, Shepler K. (2003)	no description				pH		&#176;C	11.4	mEq/100g		845.0	443.0			MWHC	45.0		Loamy sand	79.0	18.0	3.0
https://envipath.org/package/5882df9c-dae1-4d80-a40e-db4724271456/compound/837880a7-3ca0-44bd-a8c0-cc33fc987f4c/structure/189b6054-d792-49d1-929f-6b7732b35aa2	CO2	Imazaquin	O=C=O	https://envipath.org/package/5882df9c-dae1-4d80-a40e-db4724271456/scenario/13396b38-7d6d-46f7-96c4-6d0c63d2e6d3	Annex  IIA 7.1.1.1.1, Shepler K. (2002)	no description				pH		&#176;C	8.9	mEq/100g		205.0	165.0			MWHC	50.0		Silt loam	20.0	64.0	16.0
https://envipath.org/package/5882df9c-dae1-4d80-a40e-db4724271456/compound/837880a7-3ca0-44bd-a8c0-cc33fc987f4c/structure/189b6054-d792-49d1-929f-6b7732b35aa2	CO2	Imazosulfuron	O=C=O	https://envipath.org/package/5882df9c-dae1-4d80-a40e-db4724271456/scenario/ffb68961-54b5-40ae-ae2d-33645da7c2ef	7.1.2.1.2/05, McLaughlin, S.P.(2014)	no description				pH		&#176;C	27.1	mEq/100g		282.0	62.0			WHC at pF2.5			Loam	43.0	30.0	27.0
https://envipath.org/package/5882df9c-dae1-4d80-a40e-db4724271456/compound/1571de3d-1cdd-41af-a4b3-fff7f2715b34/structure/ff55c034-c46c-415a-afb7-85492a5290ad	IPSA 	Imazosulfuron	O=S(=O)(O)c1c(Cl)nc2ccccn12	https://envipath.org/package/5882df9c-dae1-4d80-a40e-db4724271456/scenario/8d56cacf-d4df-4fc7-a298-744ea808d4d6	7.1.1.1/02, SchnÃ¶der, F. (1997), Drechsler S., Geibel E. (2014)	no description		Minor		pH		&#176;C	9.0	mEq/100g						MWHC	45.0	MWHC	Loamy sand	78.5	14.9	6.6
https://envipath.org/package/5882df9c-dae1-4d80-a40e-db4724271456/compound/8feadc90-e3e2-4dd4-b472-bcd889c08c92/structure/152ca1af-2bdb-4e97-8cdb-72cb8eb08065	NTN33893-urea	Imidacloprid 	O=C1NCCN1Cc1ccc(Cl)nc1	https://envipath.org/package/5882df9c-dae1-4d80-a40e-db4724271456/scenario/d2d2fefd-ab4e-4cab-8899-c7319b338453	Annex IIA 7.1.1.1.1, Anderson C., Fritz R. and Brauner A. (1990)	no description				pH		&#176;C				405.0	150.0			MWHC	40.0		Loamy sand	79.6	11.5	8.9
https://envipath.org/package/5882df9c-dae1-4d80-a40e-db4724271456/compound/7c9c682f-59ec-4b4f-bf9a-b33a585c6a55/structure/c0c3c946-404a-4598-893f-5f4b5c82fa4f	NTN33893-4-keto-urea	Imidacloprid 	O=C1CN(Cc2ccc(Cl)nc2)C(=O)N1	https://envipath.org/package/5882df9c-dae1-4d80-a40e-db4724271456/scenario/d2d2fefd-ab4e-4cab-8899-c7319b338453	Annex IIA 7.1.1.1.1, Anderson C., Fritz R. and Brauner A. (1990)	no description				pH		&#176;C				405.0	150.0			MWHC	40.0		Loamy sand	79.6	11.5	8.9
https://envipath.org/package/5882df9c-dae1-4d80-a40e-db4724271456/compound/5c3b106f-6d65-4ee8-b258-ea638a156fee/structure/341115ff-f96d-4008-bc4b-c659dd1ee956	NTN33893 - desnitro olefine	Imidacloprid 	N=c1[nH]ccn1Cc1ccc(Cl)nc1	https://envipath.org/package/5882df9c-dae1-4d80-a40e-db4724271456/scenario/0df66fae-a912-4d37-9ce8-5c3c711deab0	scenario 103	no description		Minor																		
https://envipath.org/package/5882df9c-dae1-4d80-a40e-db4724271456/compound/fec3748c-4c41-403a-b94f-8cff1bed2dc7/structure/9c1beb30-df7b-430a-9584-ac3d025d0597	NTN33893-desnitro	Imidacloprid 	N=C1NCCN1Cc1ccc(Cl)nc1	https://envipath.org/package/5882df9c-dae1-4d80-a40e-db4724271456/scenario/d2d2fefd-ab4e-4cab-8899-c7319b338453	Annex IIA 7.1.1.1.1, Anderson C., Fritz R. and Brauner A. (1990)	no description				pH		&#176;C				405.0	150.0			MWHC	40.0		Loamy sand	79.6	11.5	8.9
https://envipath.org/package/5882df9c-dae1-4d80-a40e-db4724271456/compound/8e674816-cff5-4aa2-8486-e681437f238d/structure/853c8eeb-c353-45de-9011-b633b903c918	NTN33893-nitrosimine	Imidacloprid 	O=NN=C1NCCN1Cc1ccc(Cl)nc1																							
https://envipath.org/package/5882df9c-dae1-4d80-a40e-db4724271456/compound/b0aec7a3-9b38-4ed4-9f6d-64a3ab53fa67/structure/2062a2af-87b7-43e1-afd0-b00b097f2226	NTN33893-ring-open-nitroguanidine	Imidacloprid 	NC(=N[N+](=O)[O-])NCc1ccc(Cl)nc1	https://envipath.org/package/5882df9c-dae1-4d80-a40e-db4724271456/scenario/d2d2fefd-ab4e-4cab-8899-c7319b338453	Annex IIA 7.1.1.1.1, Anderson C., Fritz R. and Brauner A. (1990)	no description				pH		&#176;C				405.0	150.0			MWHC	40.0		Loamy sand	79.6	11.5	8.9
https://envipath.org/package/5882df9c-dae1-4d80-a40e-db4724271456/compound/284621bc-7cf3-4e85-abd1-66a89da05535/structure/2dd48a74-496d-495c-81c3-dd6032e052cc	NTN33893-5-hydroxy	Imidacloprid 	O=[N+]([O-])N=C1NCC(O)N1Cc1ccnc(Cl)c1	https://envipath.org/package/5882df9c-dae1-4d80-a40e-db4724271456/scenario/d2d2fefd-ab4e-4cab-8899-c7319b338453	Annex IIA 7.1.1.1.1, Anderson C., Fritz R. and Brauner A. (1990)	no description				pH		&#176;C				405.0	150.0			MWHC	40.0		Loamy sand	79.6	11.5	8.9
https://envipath.org/package/5882df9c-dae1-4d80-a40e-db4724271456/compound/25ae21e2-4b1a-4cbf-98b9-35111470fa38/structure/3bf39c89-dcfa-4e0b-864e-3787b9e6087c	NTN33893-5-keto-urea	Imidacloprid 	O=C1CNC(=O)N1Cc1ccc(Cl)nc1	https://envipath.org/package/5882df9c-dae1-4d80-a40e-db4724271456/scenario/d2d2fefd-ab4e-4cab-8899-c7319b338453	Annex IIA 7.1.1.1.1, Anderson C., Fritz R. and Brauner A. (1990)	no description				pH		&#176;C				405.0	150.0			MWHC	40.0		Loamy sand	79.6	11.5	8.9
https://envipath.org/package/5882df9c-dae1-4d80-a40e-db4724271456/compound/837880a7-3ca0-44bd-a8c0-cc33fc987f4c/structure/189b6054-d792-49d1-929f-6b7732b35aa2	CO2	Imidacloprid 	O=C=O	https://envipath.org/package/5882df9c-dae1-4d80-a40e-db4724271456/scenario/d2d2fefd-ab4e-4cab-8899-c7319b338453	Annex IIA 7.1.1.1.1, Anderson C., Fritz R. and Brauner A. (1990)	no description				pH		&#176;C				405.0	150.0			MWHC	40.0		Loamy sand	79.6	11.5	8.9
https://envipath.org/package/5882df9c-dae1-4d80-a40e-db4724271456/compound/814aa07e-ca61-4e4b-b569-eda2dd8389ae/structure/f84a8f03-64f7-47e8-a8c1-1df314a9e8bc	NTN33893-olefine	Imidacloprid 	O=[N+]([O-])N=c1[nH]ccn1Cc1ccc(Cl)nc1	https://envipath.org/package/5882df9c-dae1-4d80-a40e-db4724271456/scenario/d2d2fefd-ab4e-4cab-8899-c7319b338453	Annex IIA 7.1.1.1.1, Anderson C., Fritz R. and Brauner A. (1990)	no description				pH		&#176;C				405.0	150.0			MWHC	40.0		Loamy sand	79.6	11.5	8.9
https://envipath.org/package/5882df9c-dae1-4d80-a40e-db4724271456/compound/60f274c6-4950-49bf-8d80-a79bedf11a17/structure/4a08592e-16f3-4c54-a0f1-5c93384cea21	6-chloronicotinic-acid	Imidacloprid 	O=C(O)c1ccc(Cl)nc1	https://envipath.org/package/5882df9c-dae1-4d80-a40e-db4724271456/scenario/17e2730b-49c8-4f40-8b46-ad789c335b3c	Annex IIA 7.1.1.1.1, Scholz K. (1992)	no description				pH		&#176;C				1047.0	1047.0			MWHC	40.0		Loamy sand	79.6	11.5	8.9
https://envipath.org/package/5882df9c-dae1-4d80-a40e-db4724271456/compound/837880a7-3ca0-44bd-a8c0-cc33fc987f4c/structure/189b6054-d792-49d1-929f-6b7732b35aa2	CO2	Iodosulfuron-methyl-sodium	O=C=O	https://envipath.org/package/5882df9c-dae1-4d80-a40e-db4724271456/scenario/a2f7d01a-ca5f-48cc-bd0c-db4073717e9f	Gildemeister (1998e)	no description				pH		&#176;C	39.8	mEq/100g		221.0	228.0			1/3 bar = pF2.5	25.0		Clay	24.3	28.2	47.4
https://envipath.org/package/5882df9c-dae1-4d80-a40e-db4724271456/compound/706a7060-6b95-4e13-8a7a-f668bf640b33/structure/a59fc386-e0c0-4ebc-8e3a-7749846c897b	KNF-317-M-11	Ipconazole	CC(C)C1CCC(C(=O)c2ccc(Cl)cc2)C1(O)Cn1cncn1	https://envipath.org/package/5882df9c-dae1-4d80-a40e-db4724271456/scenario/f3e7bb09-4206-493b-a9f5-1ed3d71f6f0b	Annex II 7.1.1 a), Shaw (2005a)	no description				pH		&#176;C	13.6	mEq/100g		823.0	686.0		 	pF2			Sandy loam	6.13	6.37	7.51
https://envipath.org/package/5882df9c-dae1-4d80-a40e-db4724271456/compound/5746ec4d-8818-46b2-a0e0-1b50a24a60af/structure/8eb0ec04-1f8b-4792-aa9c-711a0ff9d881	KNF-317-M-1	Ipconazole	CC(C)(O)C1CCC(Cc2ccc(Cl)cc2)C1(O)Cn1cncn1	https://envipath.org/package/5882df9c-dae1-4d80-a40e-db4724271456/scenario/f3e7bb09-4206-493b-a9f5-1ed3d71f6f0b	Annex II 7.1.1 a), Shaw (2005a)	no description				pH		&#176;C	13.6	mEq/100g		823.0	686.0		 	pF2			Sandy loam	6.13	6.37	7.51
https://envipath.org/package/5882df9c-dae1-4d80-a40e-db4724271456/compound/837880a7-3ca0-44bd-a8c0-cc33fc987f4c/structure/189b6054-d792-49d1-929f-6b7732b35aa2	CO2	Ipconazole	O=C=O	https://envipath.org/package/5882df9c-dae1-4d80-a40e-db4724271456/scenario/f3e7bb09-4206-493b-a9f5-1ed3d71f6f0b	Annex II 7.1.1 a), Shaw (2005a)	no description				pH		&#176;C	13.6	mEq/100g		823.0	686.0		 	pF2			Sandy loam	6.13	6.37	7.51
https://envipath.org/package/5882df9c-dae1-4d80-a40e-db4724271456/compound/cbc958aa-d47c-453f-b927-0bece0a54108/structure/d6773849-65df-4c18-a54f-fff7d0cba710	RP 36233	Iprodione	CC(C)NC(=O)CNC(=O)Nc1cc(Cl)cc(Cl)c1																							
https://envipath.org/package/5882df9c-dae1-4d80-a40e-db4724271456/compound/2651c012-758d-4ee0-a618-1fe8be36ae58/structure/5588d507-cae2-4c1f-9d6c-f8f8a9370e95	RP 37176	Iprodione	CC(C)NC(=O)NCC(=O)Nc1cc(Cl)cc(Cl)c1																							
https://envipath.org/package/5882df9c-dae1-4d80-a40e-db4724271456/compound/837880a7-3ca0-44bd-a8c0-cc33fc987f4c/structure/189b6054-d792-49d1-929f-6b7732b35aa2	CO2	Iprodione	O=C=O	https://envipath.org/package/5882df9c-dae1-4d80-a40e-db4724271456/scenario/202c5f19-5325-4c69-ac91-e706184fff99	Hartman M. et al., (2014a)	no description				pH		&#176;C	10.2	mEq/100g		261.0	200.0			MWHC	40.0	MWHC	Sandy loam	59.5	27.9	12.6
https://envipath.org/package/5882df9c-dae1-4d80-a40e-db4724271456/compound/9415ec51-175f-4a28-aca5-bec2875118c7/structure/57a50cce-f816-4e6d-97f9-491c17d9f48a	terephthalic acid	Iprovalicarb	O=C(O)c1ccc(C(=O)O)cc1	https://envipath.org/package/5882df9c-dae1-4d80-a40e-db4724271456/scenario/343af007-4c0e-43ba-846c-08eff35f22b6	HennebÃ¶l, Bornatsch (1997), HennebÃ¶le (1997a), HennebÃ¶le (1997b), Eckermann (2011)	no description				pH		&#176;C	9.6	mEq/100g		589.0	510.0			MHWC	55.0		Sandy loam	75.0	19.0	6.0
https://envipath.org/package/5882df9c-dae1-4d80-a40e-db4724271456/compound/837880a7-3ca0-44bd-a8c0-cc33fc987f4c/structure/189b6054-d792-49d1-929f-6b7732b35aa2	CO2	Iprovalicarb	O=C=O																							
https://envipath.org/package/5882df9c-dae1-4d80-a40e-db4724271456/compound/31182b89-8717-4e21-b7ba-2d9eeef78113/structure/0c159ecf-69ef-4b0a-8425-d3bc29d83c4f	SZX 0722-carboxylic acid	Iprovalicarb	CC(C)OC(=O)NC(C(=O)NC(C)c1ccc(C(=O)O)cc1)C(C)C	https://envipath.org/package/5882df9c-dae1-4d80-a40e-db4724271456/scenario/c1b05816-c37d-4bb4-a460-5bd9b01cd1f2	HennebÃ¶l, Bornatsch (1997), HennebÃ¶le (1997a), HennebÃ¶le (1997b), Eckermann (2011)	no description				pH		&#176;C	21.2	mEq/100g		3133.0	3064.0			MHWC	55.0		Loam	35.0	41.0	24.0
https://envipath.org/package/5882df9c-dae1-4d80-a40e-db4724271456/compound/079ec44e-e520-4ee8-9211-fc2a7ed353ec/structure/9f6ecdea-abc0-4ede-90f5-1e6b9bd1c7a8	PMPA	Iprovalicarb	Cc1ccc(C(C)N)cc1	https://envipath.org/package/5882df9c-dae1-4d80-a40e-db4724271456/scenario/c1b05816-c37d-4bb4-a460-5bd9b01cd1f2	HennebÃ¶l, Bornatsch (1997), HennebÃ¶le (1997a), HennebÃ¶le (1997b), Eckermann (2011)	no description				pH		&#176;C	21.2	mEq/100g		3133.0	3064.0			MHWC	55.0		Loam	35.0	41.0	24.0
https://envipath.org/package/5882df9c-dae1-4d80-a40e-db4724271456/compound/4c5f7854-0adf-4c25-b4d5-826611afa6c2/structure/8ecf6683-7b21-49fe-a128-9795cc0410c1	3-MTCA	Isofetamid	Cc1ccsc1C(=O)O	https://envipath.org/package/5882df9c-dae1-4d80-a40e-db4724271456/scenario/5f9b90db-0494-4dfe-8f39-3580c80d2f04	Lewis CJ., Alderman D. (2010a)	no description		Minor		pH		&#176;C	13.4	mEq/100g		154.0	218.0			WHC at pF2	100.0	WHC at pF2	Loamy sand	85.0	8.0	7.0
https://envipath.org/package/5882df9c-dae1-4d80-a40e-db4724271456/compound/c9cd498a-05a8-4808-b340-01931b03d05b/structure/d918db60-d283-4c30-b85c-42f6d5460a9a	PPA	Isofetamid	Cc1cc(OC(C)C(=O)O)ccc1C(=O)C(C)(C)NC(=O)c1sccc1C	https://envipath.org/package/5882df9c-dae1-4d80-a40e-db4724271456/scenario/7904ccd7-3607-4642-b959-e02277aae2eb	Lewis CJ., Alderman D. (2010a)	no description		Minor		pH		&#176;C	13.4	mEq/100g		154.0	218.0			WHC at pF2	100.0	WHC at pF2	Loamy sand	85.0	8.0	7.0
https://envipath.org/package/5882df9c-dae1-4d80-a40e-db4724271456/compound/84dbf63c-06ab-4153-b53b-19352f6739ff/structure/6dfcf578-45f0-4f97-9377-06bb02757cd6	3-MTCAM	Isofetamid	Cc1ccsc1C(N)=O	https://envipath.org/package/5882df9c-dae1-4d80-a40e-db4724271456/scenario/0ac91b6e-5715-4159-8370-a000a7ad985d	Lewis CJ., Alderman D. (2010a)	no description		Minor		pH		&#176;C	13.4	mEq/100g		154.0	218.0			WHC at pF2	100.0	WHC at pF2	Loamy sand	85.0	8.0	7.0
https://envipath.org/package/5882df9c-dae1-4d80-a40e-db4724271456/compound/837880a7-3ca0-44bd-a8c0-cc33fc987f4c/structure/189b6054-d792-49d1-929f-6b7732b35aa2	CO2	Isofetamid	O=C=O	https://envipath.org/package/5882df9c-dae1-4d80-a40e-db4724271456/scenario/f40b5a4f-1db2-451d-ad5b-19c35666b4fe	Lewis CJ., Alderman D. (2010a)	no description				pH		&#176;C	13.4	mEq/100g		154.0	218.0			WHC at pF2	100.0	WHC at pF2	Loamy sand	85.0	8.0	7.0
https://envipath.org/package/5882df9c-dae1-4d80-a40e-db4724271456/compound/837880a7-3ca0-44bd-a8c0-cc33fc987f4c/structure/189b6054-d792-49d1-929f-6b7732b35aa2	CO2	Isoproturon	O=C=O	https://envipath.org/package/5882df9c-dae1-4d80-a40e-db4724271456/scenario/d6b7a070-ee7b-4f60-b0db-129ee3a9648e	Girkin (2001)	no description				pH		&#176;C	5.3	mEq/100g		161.0	161.0			MHWC 	40.0		Sandy loam	9.83	6.27	13.9
https://envipath.org/package/5882df9c-dae1-4d80-a40e-db4724271456/compound/dc5d2657-ba63-4611-a39d-77627418ff5e/structure/a0f241fe-2ea7-4c69-812b-b8920c70f1b1	RPA 710989	Isoproturon	CC(C)c1ccc(N)cc1	https://envipath.org/package/5882df9c-dae1-4d80-a40e-db4724271456/scenario/073ec1f1-2b30-4d76-b060-b719678bd522	McMillan-Staff, Knight (1999)	no description				pH		&#176;C	13.4	mEq/100g		325.4	490.6		 	water content during incubation stated in experimental humidity	17.45		Loam	2.14	2.98	4.89
https://envipath.org/package/5882df9c-dae1-4d80-a40e-db4724271456/compound/cd3e1b8d-5e4a-4b02-95d7-62b12b44c36d/structure/d458b296-c6fe-4e75-8ac7-9edb3d8507f2	RPA 410365	Isoproturon	CC(C)(O)c1ccc(NC(N)=O)cc1																							
https://envipath.org/package/5882df9c-dae1-4d80-a40e-db4724271456/compound/ff12f064-877a-4017-b0c2-4803eee804a2/structure/a75aa422-f824-46b5-b8a5-644750274fcb	RPA 415044	Isoproturon	CNC(=O)Nc1ccc(C(C)(C)O)cc1																							
https://envipath.org/package/5882df9c-dae1-4d80-a40e-db4724271456/compound/0ec87158-ac7b-4f48-92b9-a7bef2817f52/structure/e37bcb9a-5152-4e68-9c86-591668a0c733	RPA 409657	Isoproturon	CC(C(=O)O)c1ccc(NC(N)=O)cc1	https://envipath.org/package/5882df9c-dae1-4d80-a40e-db4724271456/scenario/47f0a2b7-08fc-4c06-a942-3f5b49a0322a	McMillan-Staff, Knight (1999)	no description				pH		&#176;C	13.4	mEq/100g		325.4	490.6		 	water content during incubation stated in experimental humidity	17.45		Loam	2.14	2.98	4.89
https://envipath.org/package/5882df9c-dae1-4d80-a40e-db4724271456/compound/837880a7-3ca0-44bd-a8c0-cc33fc987f4c/structure/189b6054-d792-49d1-929f-6b7732b35aa2	CO2	Isopyrazam	O=C=O	https://envipath.org/package/5882df9c-dae1-4d80-a40e-db4724271456/scenario/e50414bf-c8e0-49e3-aab4-b18ecc4fd267	Marshall (2008)	no description				pH		&#176;C	17.8	mEq/100g		610.1	309.5			pF 2, experimental @ pF 2			Loam	50.0	28.0	22.0
https://envipath.org/package/5882df9c-dae1-4d80-a40e-db4724271456/compound/85978a22-209f-445d-837c-6f70eee6b3b0/structure/c685dc17-e10e-4c78-8202-cc00e7078d05	CSCD459489 (anti)	Isopyrazam	Cn1cc(C(=O)Nc2cccc3c2C2CCC3C2C(C)(C)O)c(C(F)F)n1	https://envipath.org/package/5882df9c-dae1-4d80-a40e-db4724271456/scenario/e50414bf-c8e0-49e3-aab4-b18ecc4fd267	Marshall (2008)	no description				pH		&#176;C	17.8	mEq/100g		610.1	309.5			pF 2, experimental @ pF 2			Loam	50.0	28.0	22.0
https://envipath.org/package/5882df9c-dae1-4d80-a40e-db4724271456/compound/50967346-5d40-4028-9792-cd0513195c80/structure/42a5aa5d-9b85-49cd-90f6-284cc7edb49c	Oxypropyl isoxaben	Isoxaben	CCC(C)(C(C)=O)c1cc(NC(=O)c2c(OC)cccc2OC)on1	https://envipath.org/package/5882df9c-dae1-4d80-a40e-db4724271456/scenario/e0fdae0b-7481-42d7-bcf0-6d3acf57b237	Huhtanen & Heim (2003)	no description				pH		&#176;C	15.0	mEq/100g		248.0	228.3			MWHC	45.0		Sandy loam	61.0	24.0	15.0
https://envipath.org/package/5882df9c-dae1-4d80-a40e-db4724271456/compound/837880a7-3ca0-44bd-a8c0-cc33fc987f4c/structure/189b6054-d792-49d1-929f-6b7732b35aa2	CO2	Isoxaben	O=C=O	https://envipath.org/package/5882df9c-dae1-4d80-a40e-db4724271456/scenario/e0fdae0b-7481-42d7-bcf0-6d3acf57b237	Huhtanen & Heim (2003)	no description				pH		&#176;C	15.0	mEq/100g		248.0	228.3			MWHC	45.0		Sandy loam	61.0	24.0	15.0
https://envipath.org/package/5882df9c-dae1-4d80-a40e-db4724271456/compound/e8278062-2856-4a67-95e5-243f2b22a6c4/structure/2b3b6f74-918e-45bb-855e-1ac52c12a636	Hydroxyethyl isoxaben	Isoxaben	COc1cccc(OC)c1C(=O)Nc1cc(C(C)O)no1	https://envipath.org/package/5882df9c-dae1-4d80-a40e-db4724271456/scenario/585012c4-e0e2-465d-a7be-16b5124ac33a	Huhtanen & Heim (2003)	no description				pH		&#176;C	15.0	mEq/100g		139.3	208.2			MWHC	45.0		Sandy loam	61.0	24.0	15.0
https://envipath.org/package/5882df9c-dae1-4d80-a40e-db4724271456/compound/e75694f7-ca17-4046-87ac-a71e82e993dc/structure/1798d84a-3334-447b-88c1-5965880a2f78	Desmethyl isoxaben	Isoxaben	CCC(C)(CC)c1cc(NC(=O)c2c(O)cccc2OC)on1	https://envipath.org/package/5882df9c-dae1-4d80-a40e-db4724271456/scenario/e0fdae0b-7481-42d7-bcf0-6d3acf57b237	Huhtanen & Heim (2003)	no description				pH		&#176;C	15.0	mEq/100g		248.0	228.3			MWHC	45.0		Sandy loam	61.0	24.0	15.0
https://envipath.org/package/5882df9c-dae1-4d80-a40e-db4724271456/compound/530e5758-6e02-4e9f-a8df-0ee754151aee/structure/0fa50425-d698-4348-9cec-0ed4e99f4368	RPA 205834	Isoxaflutole	CS(=O)(=O)c1cc(C(F)(F)F)ccc1C(=O)C(=CN)C(=O)C1CC1	https://envipath.org/package/5882df9c-dae1-4d80-a40e-db4724271456/scenario/8bac7016-9c58-4072-ac02-957e3fc032b0	7.1.2.1.1/04, Ferreira E. M., Bullus C. M., Jones M.K., Simmonds M.B. (1996)	no description		Minor		pH		&#176;C	69.0	mEq/100g						WHC at pF2.5	40.0	MWHC	Loamy sand			
https://envipath.org/package/5882df9c-dae1-4d80-a40e-db4724271456/compound/837880a7-3ca0-44bd-a8c0-cc33fc987f4c/structure/189b6054-d792-49d1-929f-6b7732b35aa2	CO2	Isoxaflutole	O=C=O	https://envipath.org/package/5882df9c-dae1-4d80-a40e-db4724271456/scenario/7a40357a-dca6-4cf5-b28c-be6d4763ed9e	7.1.2.1.1/04, Ferreira E. M., Bullus C. M., Jones M.K., Simmonds M.B. (1996)	no description				pH		&#176;C	69.0	mEq/100g						WHC at pF2.5	40.0	MWHC	Loamy sand			
https://envipath.org/package/5882df9c-dae1-4d80-a40e-db4724271456/compound/345b1e6d-58bd-4fa8-ab8c-9c3f103f61a1/structure/341c6ce5-9ff3-4da9-911e-c690a07f93f2	490M4	Kresoxim-methyl	CON=C(C(=O)O)c1ccccc1COc1ccccc1C(=O)O	https://envipath.org/package/5882df9c-dae1-4d80-a40e-db4724271456/scenario/5a70c72f-4519-4ab5-a595-d1be432e5848	Kellner (1994c)	no description				pH		&#176;C	4.1	mEq/100g						 0.33 bar	75.0		Sandy loam	74.0	16.0	10.0
https://envipath.org/package/5882df9c-dae1-4d80-a40e-db4724271456/compound/837880a7-3ca0-44bd-a8c0-cc33fc987f4c/structure/189b6054-d792-49d1-929f-6b7732b35aa2	CO2	Kresoxim-methyl	O=C=O	https://envipath.org/package/5882df9c-dae1-4d80-a40e-db4724271456/scenario/22ff3ff8-cf0d-46cb-95be-279e557d0cf4	Ebert (1998)	no description				pH		&#176;C				195.0	195.0			MWHC	40.0		Sand	88.0	10.0	2.0
https://envipath.org/package/5882df9c-dae1-4d80-a40e-db4724271456/compound/837880a7-3ca0-44bd-a8c0-cc33fc987f4c/structure/189b6054-d792-49d1-929f-6b7732b35aa2	CO2	Lambda-Cythalothrin	O=C=O																							
https://envipath.org/package/5882df9c-dae1-4d80-a40e-db4724271456/compound/a19ed9e2-bcc6-4f06-8323-02ee30270877/structure/34fa1a31-4c58-46a9-af56-4100ccdb31ff	R173948	Lambda-Cythalothrin	CC1(CO)C(C=C(Cl)C(F)(F)F)C1C(=O)O																							
https://envipath.org/package/5882df9c-dae1-4d80-a40e-db4724271456/compound/444f6ebd-a7d6-492a-a24c-6793edee5a1e/structure/af7eaca5-a6c1-49b8-a6c4-7fbc6ef83b17	Unknown Polar 3	Lenacil	NC(=O)NC(=O)C1=C(OS(=O)(=O)O)CCC1	https://envipath.org/package/5882df9c-dae1-4d80-a40e-db4724271456/scenario/cabbd0fc-1662-4e5e-8eb5-03f6ab29f0e8	Dixon and Alderman (2011)	no description				pH		&#176;C	10.0	mEq/100g		323.8	323.8		 	pF0	46.5		Loamy sand	80.7	12.8	6.4
https://envipath.org/package/5882df9c-dae1-4d80-a40e-db4724271456/compound/784fa69c-6296-4d56-946b-bf39e605692b/structure/78e651f0-ee67-46f4-a43e-9899c7126e55	Hydroxy-Lenacil	Lenacil	O=c1[nH]c2c(c(=O)n1C1CCCCC1)C(O)CC2	https://envipath.org/package/5882df9c-dae1-4d80-a40e-db4724271456/scenario/70ba1249-dd37-41a5-b41f-2e9d2918e4a9	scenario 89	no description		Minor																		
https://envipath.org/package/5882df9c-dae1-4d80-a40e-db4724271456/compound/25ae67d3-f988-4e20-972b-c9909cbd60cd/structure/dd8ff3aa-9602-4432-a950-62511f923931	Proposed polar metabolite 3	Lenacil	NC1=C(C(=O)O)C(O)CC1	https://envipath.org/package/5882df9c-dae1-4d80-a40e-db4724271456/scenario/e28478ac-c65a-4523-9d92-ee4e70c63ba4	scenario 93	no description		Minor																		
https://envipath.org/package/5882df9c-dae1-4d80-a40e-db4724271456/compound/0b694787-1cec-4605-8a83-33a81f9df2a1/structure/63bd4dda-d3c1-48cc-9af5-d358d3701222	Sulfuric acid-Lenacil	Lenacil	O=c1[nH]c2c(c(=O)n1C1CCCCC1)C(OS(=O)(=O)O)CC2	https://envipath.org/package/5882df9c-dae1-4d80-a40e-db4724271456/scenario/dcf9a5d9-4d01-4e16-b956-100b6a636b05	scenario 94	no description		Minor																		
https://envipath.org/package/5882df9c-dae1-4d80-a40e-db4724271456/compound/be5d9659-482e-4ea5-b17e-fc2b0ffccc58/structure/68be5103-cc2c-4f40-aff2-8dcc61c2da07	[Pentanedioic acid]	Lenacil	O=C(O)CCCC(=O)O	https://envipath.org/package/5882df9c-dae1-4d80-a40e-db4724271456/scenario/59109c92-bb8a-465d-bdac-a637589cd351	scenario 95	no description		Minor																		
https://envipath.org/package/5882df9c-dae1-4d80-a40e-db4724271456/compound/b3bc4a7b-6cc5-4d11-8b64-8ee9b4f52bc8/structure/d25000a4-15f7-40be-aa51-a411c54b747a	Proposed polar metabolite 2	Lenacil	NC(=O)NC1=C(C(=O)O)C(O)CC1	https://envipath.org/package/5882df9c-dae1-4d80-a40e-db4724271456/scenario/cbae5afb-ff15-44ce-a3c6-88b67a17f5da	scenario 92	no description		Minor																		
https://envipath.org/package/5882df9c-dae1-4d80-a40e-db4724271456/compound/d90af8c8-f363-4006-a072-288a00d70dcc/structure/d931a914-4efc-41de-a8a9-e3bec8bb7e64	IN-KD304	Lenacil	O=c1[nH]c2c(c(=O)n1C1CCC(O)CC1)CCC2																							
https://envipath.org/package/5882df9c-dae1-4d80-a40e-db4724271456/compound/4ddc6ff8-76c4-4b63-8bb8-b0fbb4b671ce/structure/b77781ad-c2ef-496f-b5f0-9bf7c2fb7018	IN-KD302	Lenacil	O=C1CCc2c1[nH]c(=O)n(C1CCCCC1)c2=O	https://envipath.org/package/5882df9c-dae1-4d80-a40e-db4724271456/scenario/c816535c-38b3-4017-a1a6-915162ca69b5	Berg, D.S. (1994a)	no description				pH		&#176;C	7.7	mEq/100g						pF 2,5			Sandy loam	62.4	34.4	3.2
https://envipath.org/package/5882df9c-dae1-4d80-a40e-db4724271456/compound/837880a7-3ca0-44bd-a8c0-cc33fc987f4c/structure/189b6054-d792-49d1-929f-6b7732b35aa2	CO2	Lenacil	O=C=O	https://envipath.org/package/5882df9c-dae1-4d80-a40e-db4724271456/scenario/c816535c-38b3-4017-a1a6-915162ca69b5	Berg, D.S. (1994a)	no description				pH		&#176;C	7.7	mEq/100g						pF 2,5			Sandy loam	62.4	34.4	3.2
https://envipath.org/package/5882df9c-dae1-4d80-a40e-db4724271456/compound/a7453e13-726b-4781-997a-98bc4a0c3ea4/structure/fa953209-eef7-4fd1-9079-3379d8c1cc62	N-Cyclohexylurea	Lenacil	NC(=O)NC1CCCCC1	https://envipath.org/package/5882df9c-dae1-4d80-a40e-db4724271456/scenario/073f5249-90c2-4373-87bf-bbf27a39880a	scenario 90	no description		Minor																		
https://envipath.org/package/5882df9c-dae1-4d80-a40e-db4724271456/compound/682db1e3-7a08-40ab-8fa2-a68c4a9c4c59/structure/312b8043-9805-44fe-b8e4-3b8553f6eb9e	descyclohexene-hydroxy-Lenacil	Lenacil	O=c1[nH]c2c(c(=O)[nH]1)C(O)CC2	https://envipath.org/package/5882df9c-dae1-4d80-a40e-db4724271456/scenario/e1daf915-cf34-4d7d-a6bb-689fca7c1f5a	scenario 96	no description		Minor																		
https://envipath.org/package/5882df9c-dae1-4d80-a40e-db4724271456/compound/70d0ea79-82d9-4b76-b50b-aa6db3ae0d15/structure/0d5c445b-5c14-4f8d-bf54-fbb83bf725fc	Proposed polar metabolite 1	Lenacil	O=C(O)C1C(=O)NC(=O)N(C2CCCCC2)C1=O	https://envipath.org/package/5882df9c-dae1-4d80-a40e-db4724271456/scenario/681ae969-fae3-4e41-a96f-8a06c7ef87e8	scenario 91	no description		Minor																		
https://envipath.org/package/5882df9c-dae1-4d80-a40e-db4724271456/compound/702e526f-6e5b-4645-90b2-65e2ec66c5db/structure/e1909521-cd28-45c9-82dc-723736dadd10	IN-KE 121	Lenacil	O=C1CCC(n2c(=O)[nH]c3c(c2=O)CCC3)CC1	https://envipath.org/package/5882df9c-dae1-4d80-a40e-db4724271456/scenario/1b83d504-e207-48b1-8b1b-723e7ae4a64b	Girkin, R. (2003)	no description				pH		&#176;C	15.1	mEq/100g		509.0	509.0			MWHC	40.0		Sandy loam	8.59	9.03	2.38
https://envipath.org/package/5882df9c-dae1-4d80-a40e-db4724271456/compound/b21e035d-5336-41ee-9ac6-5a0e48c125b1/structure/f5b7981b-1ce8-494c-ae25-2a6743c476bc	DCPMU	Linuron	CNC(=O)Nc1ccc(Cl)c(Cl)c1	https://envipath.org/package/5882df9c-dae1-4d80-a40e-db4724271456/scenario/996f7a00-b5c9-428e-9661-223fa03d07d8	Mc Laughlin S. (2014)	no description		Major		pH		&#176;C	27.2	mEq/100g		1122.0	217.0			WHC at pF2	100.0	WHC at pF2	Sandy clay loam	51.0	23.0	26.0
https://envipath.org/package/5882df9c-dae1-4d80-a40e-db4724271456/compound/b8a6cb19-8517-4052-8404-a29474dd07d1/structure/543af1b5-0d10-40a4-9323-a68ee5ef206f	DCPU	Linuron	NC(=O)Nc1ccc(Cl)c(Cl)c1	https://envipath.org/package/5882df9c-dae1-4d80-a40e-db4724271456/scenario/fb7d6eda-9e62-4fb5-a066-6a60ccffe499	Mc Laughlin S. (2014)	no description		Minor		pH		&#176;C	10.3	mEq/100g		534.0	66.0			WHC at pF2,5	100.0	WHC at pF2	Sandy loam	71.0	19.0	10.0
https://envipath.org/package/5882df9c-dae1-4d80-a40e-db4724271456/compound/8fcdf2ec-f9ff-4b48-9b8b-11993b501a0d/structure/6a1b1f4d-c8bc-493c-912a-b9a20b943cb2	Desmethyl-linuron 	Linuron	CONC(=O)Nc1ccc(Cl)c(Cl)c1	https://envipath.org/package/5882df9c-dae1-4d80-a40e-db4724271456/scenario/0f9d671d-3423-46ea-b176-5302e4599061	Dulka (1980)	no description		Minor		pH		&#176;C								MWHC	70.0	MWHC	Silt loam			
https://envipath.org/package/5882df9c-dae1-4d80-a40e-db4724271456/compound/837880a7-3ca0-44bd-a8c0-cc33fc987f4c/structure/189b6054-d792-49d1-929f-6b7732b35aa2	CO2	Linuron	O=C=O	https://envipath.org/package/5882df9c-dae1-4d80-a40e-db4724271456/scenario/c981d609-4fb3-4ef3-bd54-5b05e9a84fd2	Mc Laughlin S. (2014)	no description				pH		&#176;C	7.9	mEq/100g		63.0	14.0			WHC at pF2,5	100.0	WHC at pF2	Sandy loam	73.0	23.0	4.0
https://envipath.org/package/5882df9c-dae1-4d80-a40e-db4724271456/compound/837880a7-3ca0-44bd-a8c0-cc33fc987f4c/structure/189b6054-d792-49d1-929f-6b7732b35aa2	CO2	Lufenuron (CGA 184699)	O=C=O	https://envipath.org/package/5882df9c-dae1-4d80-a40e-db4724271456/scenario/e10b569b-9d77-42ed-a850-c3a1709b01aa	Ellgehausen H (1991)	no description				pH		&#176;C	13.1	mEq/100g		2995.0	1290.0			0,3bar	75.0		Loam	48.3	35.2	16.5
https://envipath.org/package/5882df9c-dae1-4d80-a40e-db4724271456/compound/12e67096-92d8-42df-a544-0cd442684867/structure/6d561df4-767a-49ba-b943-c96f89e6a8d2	lactic acid 	Malathion	CC(O)C(=O)O	https://envipath.org/package/5882df9c-dae1-4d80-a40e-db4724271456/scenario/9fb83f25-71f1-4af9-902f-c1f859d631d8	Saxena, A.M. (1998)	no description				pH		&#176;C							 	0,3bar	75.0		Sandy loam	80.8	15.6	3.6
https://envipath.org/package/5882df9c-dae1-4d80-a40e-db4724271456/compound/98bd3c44-0b7c-4ba9-bd90-2fab6c0b74ae/structure/38de1515-7c10-4301-a69f-95eb0080b9f5	malic acid	Malathion	O=C(O)CC(O)C(=O)O	https://envipath.org/package/5882df9c-dae1-4d80-a40e-db4724271456/scenario/9fb83f25-71f1-4af9-902f-c1f859d631d8	Saxena, A.M. (1998)	no description				pH		&#176;C							 	0,3bar	75.0		Sandy loam	80.8	15.6	3.6
https://envipath.org/package/5882df9c-dae1-4d80-a40e-db4724271456/compound/837880a7-3ca0-44bd-a8c0-cc33fc987f4c/structure/189b6054-d792-49d1-929f-6b7732b35aa2	CO2	Malathion	O=C=O	https://envipath.org/package/5882df9c-dae1-4d80-a40e-db4724271456/scenario/b1ed6565-a940-458b-a6ea-e9ffe740891f	Knoch, E. (2001)	no description				pH		&#176;C	28.0	mEq/100g						MWHC	45.0		Silty clay	13.8	42.5	43.7
https://envipath.org/package/5882df9c-dae1-4d80-a40e-db4724271456/compound/9c138683-030a-48c1-9f0d-59d89cf96607/structure/71174a48-1afa-4ba1-8d02-d091ecf7fb18	Malaoxon	Malathion	CCOC(=O)CC(SP(=O)(OC)OC)C(=O)OCC	https://envipath.org/package/5882df9c-dae1-4d80-a40e-db4724271456/scenario/96c38dbb-9cd7-42d4-9f03-e81bde914d49	Blumhorst, M.R. (1990)	no description				pH		&#176;C	10.3	mEq/100g							75.0		Loam	43.0	41.0	16.0
https://envipath.org/package/5882df9c-dae1-4d80-a40e-db4724271456/compound/6377658b-03f6-4fed-a5bf-ff0f2389b693/structure/b0aaffe5-2a0e-4e23-a428-207bcf7ec31c	[butanedioic acid]	Maleic hydrazide	O=C(O)CCC(=O)O																							
https://envipath.org/package/5882df9c-dae1-4d80-a40e-db4724271456/compound/837880a7-3ca0-44bd-a8c0-cc33fc987f4c/structure/189b6054-d792-49d1-929f-6b7732b35aa2	CO2	Maleic hydrazide	O=C=O	https://envipath.org/package/5882df9c-dae1-4d80-a40e-db4724271456/scenario/476b261f-82c6-4925-8332-11b909a6cc2e	Walsh K.J. and Herczog K.J.S. (2014a)	no description				pH		&#176;C	17.0	mEq/100g		185.79	185.79				100.0	MC at pF 2	Clay	11.0	32.0	57.0
https://envipath.org/package/5882df9c-dae1-4d80-a40e-db4724271456/compound/a2f1b22a-403f-4cb8-97bc-bba3079b1aa4/structure/087ca42f-52e2-4c85-8fb5-de1a4c374c6c	Maleimide	Maleic hydrazide	O=C1C=CC(=O)N1	https://envipath.org/package/5882df9c-dae1-4d80-a40e-db4724271456/scenario/894a9fef-13dc-487b-94fc-f7ec2a201b0d	Mackie et al. (1991a)	no description		Minor		pH		&#176;C	5.7	mEq/100g						MHC at 0,33bar			Loamy sand	83.4	5.5	11.1
https://envipath.org/package/5882df9c-dae1-4d80-a40e-db4724271456/compound/837880a7-3ca0-44bd-a8c0-cc33fc987f4c/structure/189b6054-d792-49d1-929f-6b7732b35aa2	CO2	Mandestrobin	O=C=O	https://envipath.org/package/5882df9c-dae1-4d80-a40e-db4724271456/scenario/3697d7e2-f5a6-4da0-ac92-7efeca3d2e69	Annex IIA 7.1.1, Graham R., Gilbert J. (2011a)	no description				pH		&#176;C	15.0	mEq/100g		171.0	170.0			WHC at pF2	100.0		Sandy loam	62.0	28.0	11.0
https://envipath.org/package/5882df9c-dae1-4d80-a40e-db4724271456/compound/1fd25ba0-6559-4cac-96e8-644d2c5e4391/structure/d9f7fb90-0f88-4cab-954b-947a773a3d0f	MCBX	Mandestrobin	CNC(=O)C(O)c1ccccc1COc1cc(C)ccc1C	https://envipath.org/package/5882df9c-dae1-4d80-a40e-db4724271456/scenario/3697d7e2-f5a6-4da0-ac92-7efeca3d2e69	Annex IIA 7.1.1, Graham R., Gilbert J. (2011a)	no description				pH		&#176;C	15.0	mEq/100g		171.0	170.0			WHC at pF2	100.0		Sandy loam	62.0	28.0	11.0
https://envipath.org/package/5882df9c-dae1-4d80-a40e-db4724271456/compound/d2aedd24-8988-4405-bfa8-d78eb784e7bc/structure/10ea382e-aaf6-47b3-9f93-4f5f6a06e6d1	DX-CA-S-2200	Mandestrobin	CNC(=O)C(OC)c1ccccc1C(=O)O	https://envipath.org/package/5882df9c-dae1-4d80-a40e-db4724271456/scenario/dfcf1cd0-6bc3-41e9-b464-af005969daf8	Annex IIA 7.2.3, Lewis C., Gilbert J. (2010a)	no description				pH		&#176;C	30.6	mEq/100g		1421.0	800.0			WHC at pF2	100.0		Clay loam	38.0	27.0	35.0
https://envipath.org/package/5882df9c-dae1-4d80-a40e-db4724271456/compound/ec0e3e05-a3b0-4eff-b623-6098b958fb9b/structure/6865a27d-c83e-447a-9496-1aeb07062f12	De-Xy-S-2200	Mandestrobin	CNC(=O)C(OC)c1ccccc1CO	https://envipath.org/package/5882df9c-dae1-4d80-a40e-db4724271456/scenario/49b7b2ff-9036-42c2-acf2-e6271c5a9c22	Annex IIA, Graham R., Gilbert J. (2011b)	no description				pH		&#176;C	25.0	mEq/100g		967.0	419.0			WHC at pF 2	100.0		Silt loam	25.0	55.0	20.0
https://envipath.org/package/5882df9c-dae1-4d80-a40e-db4724271456/compound/cd5f30cd-970b-4eff-962e-973b84f26084/structure/9a63c825-eef7-47ce-bc63-0b888dd17cfe	NOA 459119	Mandipropamid	O=C(O)C(O)c1ccc(Cl)cc1																							
https://envipath.org/package/5882df9c-dae1-4d80-a40e-db4724271456/compound/837880a7-3ca0-44bd-a8c0-cc33fc987f4c/structure/189b6054-d792-49d1-929f-6b7732b35aa2	CO2	Mandipropamid	O=C=O	https://envipath.org/package/5882df9c-dae1-4d80-a40e-db4724271456/scenario/56db6eb2-fe78-4e2b-8bc6-46c43e6d7a1a	Annex IIA 7.2.1, Nicollier G., GlÃ¤nzel A. (2002)	no description				pH		&#176;C	82.0	mEq/100g		274.0	215.0			MWHC	40.0		Loamy sand	77.5	15.9	6.6
https://envipath.org/package/5882df9c-dae1-4d80-a40e-db4724271456/compound/3131b1e5-ac02-4f21-aac5-42b41cdd5142/structure/77245652-88ec-4c76-ace6-2c4a0a039704	NOA 458422	Mandipropamid	C#CCOC(C(=O)NCCc1ccc(O)c(OC)c1)c1ccc(Cl)cc1	https://envipath.org/package/5882df9c-dae1-4d80-a40e-db4724271456/scenario/56db6eb2-fe78-4e2b-8bc6-46c43e6d7a1a	Annex IIA 7.2.1, Nicollier G., GlÃ¤nzel A. (2002)	no description				pH		&#176;C	82.0	mEq/100g		274.0	215.0			MWHC	40.0		Loamy sand	77.5	15.9	6.6
https://envipath.org/package/5882df9c-dae1-4d80-a40e-db4724271456/compound/a5a54714-294f-421d-a9fd-a83f0156bad9/structure/2c868e3d-9c13-465e-aad5-102322821a95	CGA 380775	Mandipropamid	COc1cc(CCNC(=O)C(O)c2ccc(Cl)cc2)ccc1O	https://envipath.org/package/5882df9c-dae1-4d80-a40e-db4724271456/scenario/5795a95f-9d06-4bfb-a81f-a259c8ab443e	Annex IIA 7.1.1, Clark A. (2004)	no description				pH		&#176;C	88.0	mEq/100g		124.0	44.0			WHC at 0,33bar	75.0		Sandy loam	56.0	32.0	12.0
https://envipath.org/package/5882df9c-dae1-4d80-a40e-db4724271456/compound/52b823d3-58ab-4882-8797-dfbe657b9d43/structure/4923db52-1ea8-4c58-a7cd-79fc4ba1daff	SYN 505503	Mandipropamid	C#CCOC(C(=O)NCCc1ccc(O)c(O)c1)c1ccc(Cl)cc1	https://envipath.org/package/5882df9c-dae1-4d80-a40e-db4724271456/scenario/0c981580-9c91-4e96-a344-ed8502d55d44	Annex IIA 7.1.1, Kuet S. Dick J. Stapleton C.M. (2004)	no description				pH		&#176;C	176.0	mEq/100g		956.0	322.0			WHC at pF2	100.0		Sandy clay loam	47.0	27.0	26.0
https://envipath.org/package/5882df9c-dae1-4d80-a40e-db4724271456/compound/e23934a0-4d42-4051-83fb-59864ff67ca1/structure/90616071-71e6-4bb1-b74c-e98ae67e1002	U7	Mandipropamid	C#CCOC(C(=O)NCCc1ccc(OCCCO)c(OC)c1)c1ccc(Cl)cc1	https://envipath.org/package/5882df9c-dae1-4d80-a40e-db4724271456/scenario/0f17f43d-34f4-4ff0-acf0-40ddfdfdf0c1	Annex IIA 7.1.1, Nicollier G. (2003a)	no description				pH		&#176;C	125.0	mEq/100g		501.0	375.0			WHC at pF2	100.0		Loam	40.1	49.3	10.6
https://envipath.org/package/5882df9c-dae1-4d80-a40e-db4724271456/compound/35c7c235-13c0-4a32-9974-eebd3cdc25f5/structure/397e09d6-f81e-48e4-a2aa-6ce940e930b4	U8	Mandipropamid	C#CCOC(C(=O)NCCc1ccc(OCC=CO)c(OC)c1)c1ccc(Cl)cc1	https://envipath.org/package/5882df9c-dae1-4d80-a40e-db4724271456/scenario/0f17f43d-34f4-4ff0-acf0-40ddfdfdf0c1	Annex IIA 7.1.1, Nicollier G. (2003a)	no description				pH		&#176;C	125.0	mEq/100g		501.0	375.0			WHC at pF2	100.0		Loam	40.1	49.3	10.6
https://envipath.org/package/5882df9c-dae1-4d80-a40e-db4724271456/compound/04e8cf3f-40b4-4c11-a8ff-e681976dae9b/structure/9947085c-b545-4735-9b63-eeffd7205366	4-OH mepiquat-chloride	Mepiquat	C[N+]1(C)CCC(O)CC1.[Cl-]																							
https://envipath.org/package/5882df9c-dae1-4d80-a40e-db4724271456/compound/837880a7-3ca0-44bd-a8c0-cc33fc987f4c/structure/189b6054-d792-49d1-929f-6b7732b35aa2	CO2	Mepiquat	O=C=O	https://envipath.org/package/5882df9c-dae1-4d80-a40e-db4724271456/scenario/45e3d5e0-5370-4256-a7c0-f2521b765434	Annex IIA 7.1.1, c) Ebert (2003)	no description				pH		&#176;C	10.2	mEq/100g						MWHC	40.0		Loamy sand	57.8	36.8	5.4
https://envipath.org/package/5882df9c-dae1-4d80-a40e-db4724271456/compound/837880a7-3ca0-44bd-a8c0-cc33fc987f4c/structure/189b6054-d792-49d1-929f-6b7732b35aa2	CO2	Meptyldinocap (2,4-DNOPC)	O=C=O	https://envipath.org/package/5882df9c-dae1-4d80-a40e-db4724271456/scenario/2685ae1e-1514-4d18-9c20-d7b705d34d97	Annex IIA 7.1.1, Corden, M.T. (2001)	no description				pH		&#176;C	19.4	mEq/100g		249.0	380.0		 	MWHC	40.0		Clay	9.29	24.3	6.41
https://envipath.org/package/5882df9c-dae1-4d80-a40e-db4724271456/compound/837880a7-3ca0-44bd-a8c0-cc33fc987f4c/structure/189b6054-d792-49d1-929f-6b7732b35aa2	CO2	Mesosulfuron	O=C=O	https://envipath.org/package/5882df9c-dae1-4d80-a40e-db4724271456/scenario/f260b80a-2b9e-461c-b288-e78dadd07819	Tarara G., (2000c)	no description				pH		&#176;C	30.75	mEq/100g		256.0	140.0			MWHC	50.0	MWHC	Loamy sand	4.53	5.54	9.14
https://envipath.org/package/5882df9c-dae1-4d80-a40e-db4724271456/compound/837880a7-3ca0-44bd-a8c0-cc33fc987f4c/structure/189b6054-d792-49d1-929f-6b7732b35aa2	CO2	Mesotrione	O=C=O	https://envipath.org/package/5882df9c-dae1-4d80-a40e-db4724271456/scenario/0947ab93-064b-4fa5-b194-81ef09f8938e	Subba-Rao R.V. (1996)	no description				pH		&#176;C								WHC at 0,33bar 	75.0	WHC at 0,33bar 	Silt loam	17.1	57.7	25.2
https://envipath.org/package/5882df9c-dae1-4d80-a40e-db4724271456/compound/4c777536-8b5d-4a65-bc37-7be14df87154/structure/8059e90e-b472-4b40-b024-9637e83e289b	M320I23	Metaflumizone	N#Cc1ccc(C2(O)C(c3cccc(C(F)(F)F)c3)=NNC(=O)N2c2ccc(OC(F)(F)F)cc2)cc1	https://envipath.org/package/5882df9c-dae1-4d80-a40e-db4724271456/scenario/2511f914-acda-4c86-9f2f-15f514db4c34	Annex IIA 7.1.1, a) Ta, C. (2004a)	no description				pH		&#176;C	6.7	mEq/100g		191.4	51.0			FC at 0,33bar	75.0		Sandy loam	54.0	30.0	16.0
https://envipath.org/package/5882df9c-dae1-4d80-a40e-db4724271456/compound/8db4d3d5-bed1-4cef-a3f7-19d1a38b546a/structure/bd30c0de-da19-44fa-881b-1918e829c7c4	M07 4-trifluoromethoxyaniline	Metaflumizone	Nc1ccc(OC(F)(F)F)cc1	https://envipath.org/package/5882df9c-dae1-4d80-a40e-db4724271456/scenario/46c050b6-c6ea-417d-8134-5debf0226cab	Annex IIA 7.1.1, a) Ta, C. (2004a)	no description				pH		&#176;C	6.7	mEq/100g		191.4	51.0			FC at 0,33bar	75.0		Sandy loam	54.0	30.0	16.0
https://envipath.org/package/5882df9c-dae1-4d80-a40e-db4724271456/compound/d7b6d2f7-2a02-4a14-837d-d6a7028c08c1/structure/d8de96e5-f541-448f-b513-820167fecd5d	M320I04	Metaflumizone	N#Cc1ccc(CC(=O)c2cccc(C(F)(F)F)c2)cc1	https://envipath.org/package/5882df9c-dae1-4d80-a40e-db4724271456/scenario/2511f914-acda-4c86-9f2f-15f514db4c34	Annex IIA 7.1.1, a) Ta, C. (2004a)	no description				pH		&#176;C	6.7	mEq/100g		191.4	51.0			FC at 0,33bar	75.0		Sandy loam	54.0	30.0	16.0
https://envipath.org/package/5882df9c-dae1-4d80-a40e-db4724271456/compound/1065d97d-4c80-4f3e-b76b-d11293148504/structure/dcba9130-573b-46a4-8170-aa03c66313ba	M320I08	Metaflumizone	NNC(=O)Nc1ccc(OC(F)(F)F)cc1	https://envipath.org/package/5882df9c-dae1-4d80-a40e-db4724271456/scenario/46c050b6-c6ea-417d-8134-5debf0226cab	Annex IIA 7.1.1, a) Ta, C. (2004a)	no description				pH		&#176;C	6.7	mEq/100g		191.4	51.0			FC at 0,33bar	75.0		Sandy loam	54.0	30.0	16.0
https://envipath.org/package/5882df9c-dae1-4d80-a40e-db4724271456/compound/837880a7-3ca0-44bd-a8c0-cc33fc987f4c/structure/189b6054-d792-49d1-929f-6b7732b35aa2	CO2	Metaflumizone	O=C=O																							
https://envipath.org/package/5882df9c-dae1-4d80-a40e-db4724271456/compound/27b40d55-f59c-4ef2-aaf3-e8861440b0b3/structure/0736c02d-b9ae-4e9f-8e61-ac1db847b608	M320I09	Metaflumizone	N#Cc1ccc(CC(=NN)c2cccc(C(F)(F)F)c2)cc1	https://envipath.org/package/5882df9c-dae1-4d80-a40e-db4724271456/scenario/4d9b6e54-9ba8-43c4-b4cd-81d63d0e4feb	Annex IIA 7.1.1, b) Janz U., Bayer H. (2005)	no description				pH		&#176;C	11.3	mEq/100g		421.0	176.0		 	MWHC	40.0		Loamy sand	82.0	11.0	8.0
https://envipath.org/package/5882df9c-dae1-4d80-a40e-db4724271456/compound/61140bf2-6549-409a-857a-ee871d8e839d/structure/c02e3a7f-8b25-4a2a-8c2b-8b4a64e673cb	M320I07	Metaflumizone	N#Cc1ccc(C(O)C(=NNC(=O)Nc2ccc(OC(F)(F)F)cc2)c2cccc(C(F)(F)F)c2)cc1	https://envipath.org/package/5882df9c-dae1-4d80-a40e-db4724271456/scenario/2511f914-acda-4c86-9f2f-15f514db4c34	Annex IIA 7.1.1, a) Ta, C. (2004a)	no description				pH		&#176;C	6.7	mEq/100g		191.4	51.0			FC at 0,33bar	75.0		Sandy loam	54.0	30.0	16.0
https://envipath.org/package/5882df9c-dae1-4d80-a40e-db4724271456/compound/7fb25efb-f82e-4e3d-be6f-3158d31653d7/structure/943cd3c2-707f-4225-9be9-a08dfb8fd50c	M320I06	Metaflumizone	N#Cc1ccc(C(=O)O)cc1	https://envipath.org/package/5882df9c-dae1-4d80-a40e-db4724271456/scenario/46c050b6-c6ea-417d-8134-5debf0226cab	Annex IIA 7.1.1, a) Ta, C. (2004a)	no description				pH		&#176;C	6.7	mEq/100g		191.4	51.0			FC at 0,33bar	75.0		Sandy loam	54.0	30.0	16.0
https://envipath.org/package/5882df9c-dae1-4d80-a40e-db4724271456/compound/446bbe4b-b667-455d-a343-422f30c5c60c/structure/1b6e7d3e-3c0c-4018-a291-4c1bb90d265c	M320I029	Metaflumizone	O=C(O)c1cccc(C(F)(F)F)c1	https://envipath.org/package/5882df9c-dae1-4d80-a40e-db4724271456/scenario/4d9b6e54-9ba8-43c4-b4cd-81d63d0e4feb	Annex IIA 7.1.1, b) Janz U., Bayer H. (2005)	no description				pH		&#176;C	11.3	mEq/100g		421.0	176.0		 	MWHC	40.0		Loamy sand	82.0	11.0	8.0
https://envipath.org/package/5882df9c-dae1-4d80-a40e-db4724271456/compound/7f949570-57cf-4017-82d3-b434c2a40e59/structure/88f7ed7f-570c-409e-9f21-5297e2f60a23	CGA108906	Metalaxyl-M	COCC(=O)N(c1c(C)cccc1C(=O)O)C(C)C(=O)OC	https://envipath.org/package/5882df9c-dae1-4d80-a40e-db4724271456/scenario/7e68b500-b380-4cba-8d2e-d03f8362d059	B.8.1.1.1.1,  Dorn R. Hein W. (2003b)	no description				pH		&#176;C	6.09	mEq/100g		270.0	190.0			MWHC	40.0		Sandy loam	1.87	8.17	9.97
https://envipath.org/package/5882df9c-dae1-4d80-a40e-db4724271456/compound/a2c66245-f8c3-48dc-b3e9-55c1031a99cb/structure/89c9dbe1-9d42-4bbb-9c6d-0b84faba53ad	CGA42447	Metalaxyl-M	CC(=O)Nc1c(C)cccc1C	https://envipath.org/package/5882df9c-dae1-4d80-a40e-db4724271456/scenario/bdd8bdbc-64e3-4f0c-85e7-4a48c599424d	B.8.1.1.1.1, Ellgehausen (1978)	no description				pH		&#176;C	11.3	mEq/100g						Field capacity	75.0		Loamy sand	83.8	7.3	8.9
https://envipath.org/package/5882df9c-dae1-4d80-a40e-db4724271456/compound/ee1e1020-49ef-4997-9820-6f2f1e4d1d00/structure/4927e18d-412b-4a98-89fb-6541a561c59a	[CGA107955] proposed in pathway - delete attached scenario after upload	Metalaxyl-M	Cc1cccc(C)c1N(C(=O)CO)C(C)C(=O)O	https://envipath.org/package/5882df9c-dae1-4d80-a40e-db4724271456/scenario/e04ee769-393f-427f-9e20-71c648cf3859	B.8.1.1.1.1, Ellgehausen (1996a)	no description				pH		&#176;C	8.6	mEq/100g		506.0	506.0			MWHC	40.0		Sandy loam	41.4	49.0	9.6
https://envipath.org/package/5882df9c-dae1-4d80-a40e-db4724271456/compound/837880a7-3ca0-44bd-a8c0-cc33fc987f4c/structure/189b6054-d792-49d1-929f-6b7732b35aa2	CO2	Metalaxyl-M	O=C=O	https://envipath.org/package/5882df9c-dae1-4d80-a40e-db4724271456/scenario/07594453-cf2f-4c6b-916d-c25f8e00dc68	B.8.1.1.1.1, SchannÃ© (1991)	no description				pH		&#176;C	15.5	mEq/100g		315.0	315.0			Field capacity	60.0		Silt loam	38.0	50.7	11.3
https://envipath.org/package/5882df9c-dae1-4d80-a40e-db4724271456/compound/1faeb9e8-4e72-4175-bf56-6bb57a327cd2/structure/00e7a1f8-8549-4f68-a028-1a13c776c1ee	[CGA79353]  proposed in pathway - delete attached scenario after upload	Metalaxyl-M	COC(=O)C(C)N(C(=O)C(=O)O)c1c(C)cccc1C	https://envipath.org/package/5882df9c-dae1-4d80-a40e-db4724271456/scenario/e04ee769-393f-427f-9e20-71c648cf3859	B.8.1.1.1.1, Ellgehausen (1996a)	no description				pH		&#176;C	8.6	mEq/100g		506.0	506.0			MWHC	40.0		Sandy loam	41.4	49.0	9.6
https://envipath.org/package/5882df9c-dae1-4d80-a40e-db4724271456/compound/34b4b74e-3d6d-406d-bda1-e7dc3a4f235d/structure/2ebb1a7d-a96c-4832-9b17-a27d91b70eba	[CGA78532] proposed in pathway - delete attached scenario after upload	Metalaxyl-M	Cc1cccc(C)c1N(C(=O)C(=O)O)C(C)C(=O)O	https://envipath.org/package/5882df9c-dae1-4d80-a40e-db4724271456/scenario/e04ee769-393f-427f-9e20-71c648cf3859	B.8.1.1.1.1, Ellgehausen (1996a)	no description				pH		&#176;C	8.6	mEq/100g		506.0	506.0			MWHC	40.0		Sandy loam	41.4	49.0	9.6
https://envipath.org/package/5882df9c-dae1-4d80-a40e-db4724271456/compound/dc6f545e-4fcf-460a-8c87-5f69855195b4/structure/1ac05c66-d62e-447d-afcb-34d6077c5f80	[CGA37734]	Metalaxyl-M	Cc1cccc(C)c1NC(=O)CO																							
https://envipath.org/package/5882df9c-dae1-4d80-a40e-db4724271456/compound/47aa8e53-36ae-4be3-987c-c1cfab66af78/structure/c17e64fc-820d-4266-acb6-567d12138e8e	Acetaldehyde	Metaldehyde	CC=O	https://envipath.org/package/5882df9c-dae1-4d80-a40e-db4724271456/scenario/5ec55728-36ba-489a-bf9b-c84d91bb1073	Additional Report, Annex IIA 7.1.1, Juozenaite A. (2009)	no description				pH		&#176;C	13.7	mEq/100g		1608.8	313.6			WHC at pF2	100.0		Silt loam	18.0	63.0	19.0
https://envipath.org/package/5882df9c-dae1-4d80-a40e-db4724271456/compound/608700b7-18c5-49a3-8911-cd0c544608db/structure/9f6a0464-a0c0-4e73-92d9-89ab3f3eb393	Paraldehyde	Metaldehyde	CC1OC(C)OC(C)O1	https://envipath.org/package/5882df9c-dae1-4d80-a40e-db4724271456/scenario/dcefa2a0-2eb3-437d-8833-7372f8bf9c55	Annex IIA 7.1.1, Cranor W. (1990)	no description				pH		&#176;C	4.7	mEq/100g						WHC 0.33bar 	75.0		Sandy loam	54.0	36.0	10.0
https://envipath.org/package/5882df9c-dae1-4d80-a40e-db4724271456/compound/837880a7-3ca0-44bd-a8c0-cc33fc987f4c/structure/189b6054-d792-49d1-929f-6b7732b35aa2	CO2	Metaldehyde	O=C=O	https://envipath.org/package/5882df9c-dae1-4d80-a40e-db4724271456/scenario/5ec55728-36ba-489a-bf9b-c84d91bb1073	Additional Report, Annex IIA 7.1.1, Juozenaite A. (2009)	no description				pH		&#176;C	13.7	mEq/100g		1608.8	313.6			WHC at pF2	100.0		Silt loam	18.0	63.0	19.0
https://envipath.org/package/5882df9c-dae1-4d80-a40e-db4724271456/compound/0b237b94-a6df-4792-8866-246b2230eef0/structure/7679d74e-9950-422e-81a2-c73281707070	Hydrogen sulfide	Metam (sodium)	[SH-]																							
https://envipath.org/package/5882df9c-dae1-4d80-a40e-db4724271456/compound/7d516788-efcc-4ecb-b20e-e1699729f1f8/structure/6b2f70d2-e4eb-4262-a5c9-1707daefc9ca	M6	Metam (sodium)	CN=C(NC)[SH](=O)=O																							
https://envipath.org/package/5882df9c-dae1-4d80-a40e-db4724271456/compound/837880a7-3ca0-44bd-a8c0-cc33fc987f4c/structure/189b6054-d792-49d1-929f-6b7732b35aa2	CO2	Metam (sodium)	O=C=O	https://envipath.org/package/5882df9c-dae1-4d80-a40e-db4724271456/scenario/b3ef7f6e-3b6e-48d0-a515-c6b031796e1d	Annex IIA 7.1.1.1.1, Hall B.E. (2004)	no description				pH		&#176;C	34.3	mEq/100g						WHC at 0,33bar	50.0		Silt loam	3.39	1.72	4.89
https://envipath.org/package/5882df9c-dae1-4d80-a40e-db4724271456/compound/6cd2cdad-6ef8-4765-9e19-04db91f2cb51/structure/8b899009-c1db-43bd-8c8f-cd8266c7899d	M3	Metam (sodium)	CN=C(CNC(=O)NC)NC	https://envipath.org/package/5882df9c-dae1-4d80-a40e-db4724271456/scenario/9705e961-fbbc-4b7f-bab7-7b237ecf9a0d	Annex IIA 7.1.1.1.1, VÃ¶lkel W. (2010)	no description				pH		&#176;C	17.44	mEq/100g		456.0	387.3			MWHC	50.0		Silt loam	3.52	5.99	0.49
https://envipath.org/package/5882df9c-dae1-4d80-a40e-db4724271456/compound/f3fa43a5-ea9c-47e9-8ee9-16e020c1629e/structure/55de5020-a679-4c8d-94bb-c388c27d1def	M1	Metam (sodium)	CNC(=O)NC																							
https://envipath.org/package/5882df9c-dae1-4d80-a40e-db4724271456/compound/dd0300b4-fec4-439b-90c9-fa97864fe1da/structure/5aad2e2f-f52f-4e0f-b1c0-5c42628ebfda	M4	Metam (sodium)	CN=C(CNC(=S)NC)NC	https://envipath.org/package/5882df9c-dae1-4d80-a40e-db4724271456/scenario/9705e961-fbbc-4b7f-bab7-7b237ecf9a0d	Annex IIA 7.1.1.1.1, VÃ¶lkel W. (2010)	no description				pH		&#176;C	17.44	mEq/100g		456.0	387.3			MWHC	50.0		Silt loam	3.52	5.99	0.49
https://envipath.org/package/5882df9c-dae1-4d80-a40e-db4724271456/compound/9a31b7c8-21f6-4034-8b65-f1725d63e68b/structure/b5a30494-9fc1-45ae-847c-26fb39157d3b	BH479-1	Metazachlor	Cc1cccc(C)c1N(Cn1cccn1)C(=O)CO	https://envipath.org/package/5882df9c-dae1-4d80-a40e-db4724271456/scenario/d2f2dff8-46a0-4829-bb9b-3a46cb479800	Schneider, E. (2000)	no description				pH		&#176;C				63.0	78.0			MWHC	40.0		Sandy loam	45.9	51.5	2.6
https://envipath.org/package/5882df9c-dae1-4d80-a40e-db4724271456/compound/68e9f782-1943-4838-97bc-544f0cea7039/structure/6e37795a-886f-453e-9e94-ad4bada5b913	BH479-10	Metazachlor	Cc1cccc(C)c1N(Cn1cccn1)C(=O)CS(C)(=O)=O	https://envipath.org/package/5882df9c-dae1-4d80-a40e-db4724271456/scenario/1a930ec1-25ac-45c1-a843-df1495393409	Keller, W. (1990b;1989; 1990a)	no description				pH		&#176;C				279.0	279.0			MWHC	40.0					
https://envipath.org/package/5882df9c-dae1-4d80-a40e-db4724271456/compound/1a5ff557-b8ed-473b-94bf-abc6766e0053/structure/4d4566a0-84a4-4a3d-b9c1-57158a621d4f	BAS 479 GSH	Metazachlor	Cc1cccc(C)c1N(Cn1cccn1)C(=O)CSCC(N)C(=O)O																							
https://envipath.org/package/5882df9c-dae1-4d80-a40e-db4724271456/compound/c9cdb83a-385c-47be-9bb7-2030aafdb7ad/structure/5fb73762-f735-48e5-b947-8ad99b7aa2d7	BH 479-13 deschloro acid	Metazachlor	Cc1cccc(C(=O)O)c1N(Cn1cccn1)C(=O)CO																							
https://envipath.org/package/5882df9c-dae1-4d80-a40e-db4724271456/compound/837880a7-3ca0-44bd-a8c0-cc33fc987f4c/structure/189b6054-d792-49d1-929f-6b7732b35aa2	CO2	Metazachlor	O=C=O	https://envipath.org/package/5882df9c-dae1-4d80-a40e-db4724271456/scenario/610d9ab2-09c4-4357-9c82-f2945b95b520	Keller, E. (1994b)	no description				pH		&#176;C	6.8	mEq/100g		225.0	225.0			MWC	40.0		Loamy sand	81.0	11.0	8.0
https://envipath.org/package/5882df9c-dae1-4d80-a40e-db4724271456/compound/cbcd7b58-b022-4d8e-8265-c7792d382f10/structure/15f213ed-5f0c-4a86-b52a-425ce0796f8f	OH-BH 479-8	Metazachlor	Cc1cccc(CO)c1N(Cn1cccn1)C(=O)CS(=O)(=O)O																							
https://envipath.org/package/5882df9c-dae1-4d80-a40e-db4724271456/compound/395ec1e7-5b1e-42d3-997d-28e1156f1ae3/structure/43d0b292-a12c-461f-82e7-7d6591ddcf43	BH479-7	Metazachlor	Cc1cccc(C)c1N(Cn1cccn1)C(=O)CS(=O)(=O)CC(=O)O	https://envipath.org/package/5882df9c-dae1-4d80-a40e-db4724271456/scenario/610d9ab2-09c4-4357-9c82-f2945b95b520	Keller, E. (1994b)	no description				pH		&#176;C	6.8	mEq/100g		225.0	225.0			MWC	40.0		Loamy sand	81.0	11.0	8.0
https://envipath.org/package/5882df9c-dae1-4d80-a40e-db4724271456/compound/dbc572c3-bf0b-4aea-93f6-6ba3fcfa5753/structure/7a83d322-c528-4b10-9859-47d052172fb5	BAS 479 SH	Metazachlor	Cc1cccc(C)c1N(Cn1cccn1)C(=O)CS																							
https://envipath.org/package/5882df9c-dae1-4d80-a40e-db4724271456/compound/f2a9529b-c38a-43a6-9060-527a60e201e8/structure/1e9e68ad-0ee0-42cb-a6bd-bbafcda4b33c	BH 479-13	Metazachlor	Cc1cccc(CO)c1N(Cn1cccn1)C(=O)CCl																							
https://envipath.org/package/5882df9c-dae1-4d80-a40e-db4724271456/compound/c335050d-e137-49f3-bd27-86ce46da9253/structure/573a8ce8-ef59-4cca-8eaf-1a9d25524dc0	BH479-6	Metazachlor	CC(=O)N(Cn1cccn1)c1c(C)cccc1C	https://envipath.org/package/5882df9c-dae1-4d80-a40e-db4724271456/scenario/d2f2dff8-46a0-4829-bb9b-3a46cb479800	Schneider, E. (2000)	no description				pH		&#176;C				63.0	78.0			MWHC	40.0		Sandy loam	45.9	51.5	2.6
https://envipath.org/package/5882df9c-dae1-4d80-a40e-db4724271456/compound/aec74529-fe0d-435f-9df5-aa2b9951e26f/structure/3b0c536e-8105-49f9-912d-d6da173ad3f5	CL 382389	Metconazole	CC1(C)CCC(C(=O)c2ccc(Cl)cc2)C1(O)Cn1cncn1	https://envipath.org/package/5882df9c-dae1-4d80-a40e-db4724271456/scenario/09d9295b-b835-4be8-bd6b-be8a955c7bb5	Hall, B.E; Lowrie, C. (2002)	no description				pH		&#176;C	8.6	mEq/100g		177.0	125.0			MWHC	50.0		Sandy loam	66.7	27.7	5.6
https://envipath.org/package/5882df9c-dae1-4d80-a40e-db4724271456/compound/837880a7-3ca0-44bd-a8c0-cc33fc987f4c/structure/189b6054-d792-49d1-929f-6b7732b35aa2	CO2	Metconazole	O=C=O	https://envipath.org/package/5882df9c-dae1-4d80-a40e-db4724271456/scenario/09d9295b-b835-4be8-bd6b-be8a955c7bb5	Hall, B.E; Lowrie, C. (2002)	no description				pH		&#176;C	8.6	mEq/100g		177.0	125.0			MWHC	50.0		Sandy loam	66.7	27.7	5.6
https://envipath.org/package/5882df9c-dae1-4d80-a40e-db4724271456/compound/544cf0be-ad4c-44ed-ba67-dac6fff4b352/structure/a18944fc-d1fd-4ad9-8894-820bbbc4d625	M03	Methiocarb	CSc1c(C)cc(O)cc1C	https://envipath.org/package/5882df9c-dae1-4d80-a40e-db4724271456/scenario/ff770306-ab7c-4b1c-b1bf-911fbdfba3ac	Minor, R-G; Freeseman, P.L. (1989) 	no description				pH		&#176;C	14.0	mEq/100g						0.3 bar	75.0		Sandy loam	65.0	25.0	10.0
https://envipath.org/package/5882df9c-dae1-4d80-a40e-db4724271456/compound/f98fa3f2-2acd-4e12-b143-fac5ec76628c/structure/9bd72ed6-7a94-43c3-ae1f-827eae7729e1	M02	Methiocarb	CNC(=O)Oc1cc(C)c(S(C)(=O)=O)c(C)c1	https://envipath.org/package/5882df9c-dae1-4d80-a40e-db4724271456/scenario/55eb0304-3945-4ab2-916a-0fbed3344218	Brumhard, (2002a)	no description				pH		&#176;C	10.0	mEq/100g		333.0	222.0			MWHC	40.0		Loamy sand	80.5	12.3	7.2
https://envipath.org/package/5882df9c-dae1-4d80-a40e-db4724271456/compound/837880a7-3ca0-44bd-a8c0-cc33fc987f4c/structure/189b6054-d792-49d1-929f-6b7732b35aa2	CO2	Methiocarb	O=C=O	https://envipath.org/package/5882df9c-dae1-4d80-a40e-db4724271456/scenario/55eb0304-3945-4ab2-916a-0fbed3344218	Brumhard, (2002a)	no description				pH		&#176;C	10.0	mEq/100g		333.0	222.0			MWHC	40.0		Loamy sand	80.5	12.3	7.2
https://envipath.org/package/5882df9c-dae1-4d80-a40e-db4724271456/compound/837880a7-3ca0-44bd-a8c0-cc33fc987f4c/structure/189b6054-d792-49d1-929f-6b7732b35aa2	CO2	Methomyl	O=C=O	https://envipath.org/package/5882df9c-dae1-4d80-a40e-db4724271456/scenario/3fb4d24e-3825-43c7-a341-6fa85f092eba	Shaw, D. (2001a)	no description				pH		&#176;C	6.48	mEq/100g		230.0	230.0			MWHC	50.0		Sandy loam	57.2	32.8	10.0
https://envipath.org/package/5882df9c-dae1-4d80-a40e-db4724271456/compound/f6ea0e2e-391b-4ee7-880c-0ab8f6a46c9f/structure/fc694675-7cdd-4e33-bff5-12a67ef38cb5	Bromide	Methyl bromide	[Br-]																							
https://envipath.org/package/5882df9c-dae1-4d80-a40e-db4724271456/compound/0f674371-6888-4f54-8005-9ff5beac0442/structure/a4c97e68-1a66-4043-8257-4b6411983d04	Hydrogen bromide	Methyl bromide	Br																							
https://envipath.org/package/5882df9c-dae1-4d80-a40e-db4724271456/compound/32ace5b3-f271-472d-8979-69456898a777/structure/44db2f1b-34bd-495b-a76b-fc54383c0738	Carbenium	Methyl bromide	[CH3+]																							
https://envipath.org/package/5882df9c-dae1-4d80-a40e-db4724271456/compound/12d43a1d-73bd-4f33-8ffd-927e80be1c55/structure/7d86f956-2d89-4850-a525-496fb0bb8e03	R1 Deymethyl-metobromuron	Metobromuron	CONC(=O)Nc1ccc(Br)cc1																							
https://envipath.org/package/5882df9c-dae1-4d80-a40e-db4724271456/compound/837880a7-3ca0-44bd-a8c0-cc33fc987f4c/structure/189b6054-d792-49d1-929f-6b7732b35aa2	CO2	Metobromuron	O=C=O	https://envipath.org/package/5882df9c-dae1-4d80-a40e-db4724271456/scenario/7f288db8-c313-4b3f-8bc6-2dc79a4b7f93	IIA 7.1.1/02, Keller, A. (1982)	no description				pH		&#176;C	12.3	mEq/100g						FC	75.0		Silt	9.4	86.4	4.2
https://envipath.org/package/5882df9c-dae1-4d80-a40e-db4724271456/compound/5761298c-9fcb-4c28-be2e-67a23ec69f10/structure/767a8e3a-dfa2-413c-a751-fb5e586d133f	R3 4-Bromophenylurea	Metobromuron	NC(=O)Nc1ccc(Br)cc1																							
https://envipath.org/package/5882df9c-dae1-4d80-a40e-db4724271456/compound/c31649e2-a8b1-4082-8cc9-b01cca153bdd/structure/9cd185a5-24a2-44c4-8f31-406b94c8ea4a	R4 4-bromoaniline	Metobromuron	Nc1ccc(Br)cc1																							
https://envipath.org/package/5882df9c-dae1-4d80-a40e-db4724271456/compound/c1839998-e924-4178-8156-89e7a3864067/structure/e07a4688-e7de-4ff8-be44-6f3812d3dfa5	5-OH-metosulam (M3)	Metosulam	COc1cc(O)nc2nc(S(=O)(=O)Nc3c(Cl)ccc(C)c3Cl)nn12	https://envipath.org/package/5882df9c-dae1-4d80-a40e-db4724271456/scenario/c6d4341a-c5b3-4015-9d9c-5a9637b0f9da	Baloch, R., Grant, R. (1992) & Hammel, K. (2003a)	no description				pH		&#176;C	22.0	mEq/100g		100.0	320.0		 	MWHC	40.0		Sand	90.0	7.0	3.0
https://envipath.org/package/5882df9c-dae1-4d80-a40e-db4724271456/compound/837880a7-3ca0-44bd-a8c0-cc33fc987f4c/structure/189b6054-d792-49d1-929f-6b7732b35aa2	CO2	Metosulam	O=C=O	https://envipath.org/package/5882df9c-dae1-4d80-a40e-db4724271456/scenario/49cdd1a7-0394-407f-9b68-95e1c26caa06	Jackson, R. (1996) & Hammel, K. (2003a)	no description				pH		&#176;C				358.0	358.0			MWHC	40.0		Loamy sand	81.0	13.0	6.0
https://envipath.org/package/5882df9c-dae1-4d80-a40e-db4724271456/compound/781b3ecb-b36a-46ff-a591-d53bee5f4be3/structure/bb15101e-3cd0-447e-9789-2ae500ea5b72	CL 197675 	Metrafenone	COc1cc(C)c(C(=O)c2c(OC)ccc(Br)c2C(=O)O)c(OC)c1OC	https://envipath.org/package/5882df9c-dae1-4d80-a40e-db4724271456/scenario/0a44abe9-fbb3-40e0-aef9-4f78ac1461eb	Steinfuehrer, (2000b)	no description				pH		&#176;C	18.0	mEq/100g		345.0	682.0			MWHC	50.0		Silt loam	9.8	62.9	27.3
https://envipath.org/package/5882df9c-dae1-4d80-a40e-db4724271456/compound/5d0b2b29-6cff-488e-adf7-fd5bed7a39d7/structure/7cefe3ac-70b7-49b2-874c-9fa421bb5e90	CL 197676	Metrafenone	COc1cc(C(=O)O)c(C(=O)c2c(OC)ccc(Br)c2C)c(OC)c1OC	https://envipath.org/package/5882df9c-dae1-4d80-a40e-db4724271456/scenario/0a44abe9-fbb3-40e0-aef9-4f78ac1461eb	Steinfuehrer, (2000b)	no description				pH		&#176;C	18.0	mEq/100g		345.0	682.0			MWHC	50.0		Silt loam	9.8	62.9	27.3
https://envipath.org/package/5882df9c-dae1-4d80-a40e-db4724271456/compound/017e4d21-65ee-4520-93b2-630036052656/structure/01e8c1d5-35ac-4f35-b6b6-20c91d068517	CL 377160	Metrafenone	COc1cc(C)c(C(=O)c2c(OC)ccc(Br)c2C)c(OC)c1O	https://envipath.org/package/5882df9c-dae1-4d80-a40e-db4724271456/scenario/65c23338-a455-4163-b9cc-f8747b7b62d8	Afzal (2002)	no description				pH		&#176;C	5.6	mEq/100g		505.0	232.0			MWHC	50.0		Silty clay loam	9.5	59.6	30.9
https://envipath.org/package/5882df9c-dae1-4d80-a40e-db4724271456/compound/837880a7-3ca0-44bd-a8c0-cc33fc987f4c/structure/189b6054-d792-49d1-929f-6b7732b35aa2	CO2	Metrafenone	O=C=O	https://envipath.org/package/5882df9c-dae1-4d80-a40e-db4724271456/scenario/44f94dfd-18a1-4887-a67a-18f2b247e2bf	Steinfuehrer, (2000a)	no description				pH		&#176;C	18.0	mEq/100g		358.0	225.0			MWHC	52.96		Clay loam	39.1	33.0	27.9
https://envipath.org/package/5882df9c-dae1-4d80-a40e-db4724271456/compound/837880a7-3ca0-44bd-a8c0-cc33fc987f4c/structure/189b6054-d792-49d1-929f-6b7732b35aa2	CO2	Metribuzin	O=C=O	https://envipath.org/package/5882df9c-dae1-4d80-a40e-db4724271456/scenario/3b010d5d-5363-472c-8ca0-f26db7953ca0	Hein, W. (2000a); Schad, T (2001a); Schaefer, Mikolasch, 2008	no description				pH		&#176;C							 	MWHC	48.0		Loamy sand	48.1	39.0	12.9
https://envipath.org/package/5882df9c-dae1-4d80-a40e-db4724271456/compound/837880a7-3ca0-44bd-a8c0-cc33fc987f4c/structure/189b6054-d792-49d1-929f-6b7732b35aa2	CO2	Metsulfuron-methyl	O=C=O	https://envipath.org/package/5882df9c-dae1-4d80-a40e-db4724271456/scenario/028c9978-db8d-4e54-ac10-b6eb8f14dfcc	Tunink, A. (2009a)	no description				pH		&#176;C	9.7	mEq/100g		242.7	127.6			0,33 bar	75.0		Sandy loam	53.0	29.0	18.0
https://envipath.org/package/5882df9c-dae1-4d80-a40e-db4724271456/compound/837880a7-3ca0-44bd-a8c0-cc33fc987f4c/structure/189b6054-d792-49d1-929f-6b7732b35aa2	CO2	Myclobutanil	O=C=O	https://envipath.org/package/5882df9c-dae1-4d80-a40e-db4724271456/scenario/f5c5ed5e-a4f3-48a8-9018-53d39b5fa599	Knoch, E., Krieger, M. (2003)	no description				pH		&#176;C	19.0	mEq/100g		350.0	220.0			MWHC	40.0		Sandy clay loam	47.3	35.9	16.9
https://envipath.org/package/5882df9c-dae1-4d80-a40e-db4724271456/compound/4ee71d38-034f-4aed-953e-4d8c368be728/structure/1369ee12-e2cd-4c32-b64b-d8f71b46159f	butyric diacid	Myclobutanil	O=C(O)CC(Cn1cncn1)(C(=O)O)c1ccc(Cl)cc1	https://envipath.org/package/5882df9c-dae1-4d80-a40e-db4724271456/scenario/f5c5ed5e-a4f3-48a8-9018-53d39b5fa599	Knoch, E., Krieger, M. (2003)	no description				pH		&#176;C	19.0	mEq/100g		350.0	220.0			MWHC	40.0		Sandy clay loam	47.3	35.9	16.9
https://envipath.org/package/5882df9c-dae1-4d80-a40e-db4724271456/compound/837880a7-3ca0-44bd-a8c0-cc33fc987f4c/structure/189b6054-d792-49d1-929f-6b7732b35aa2	CO2	Napropamide	O=C=O	https://envipath.org/package/5882df9c-dae1-4d80-a40e-db4724271456/scenario/0bf97ec6-b7ca-4567-9128-d09d7cdb8e19	IIA 7.1.1.1/01 Shaw, D. (2001)	no description				pH		&#176;C	30.3	mEq/100g		321.0	171.0			pF 2			Sandy loam	4.64	9.47	5.89
https://envipath.org/package/5882df9c-dae1-4d80-a40e-db4724271456/compound/7ff0bc9f-ca9e-4fea-baf3-9d1d6aaed103/structure/af3efc82-8eed-42f3-afd1-12dc946fd5e5	Phthalic acid	Napropamide	O=C(O)c1ccccc1C(=O)O																							
https://envipath.org/package/5882df9c-dae1-4d80-a40e-db4724271456/compound/0b1b0b11-c19b-46d1-be85-3339be521106/structure/16300d20-55a3-42f4-b7a0-e301ecb4b1c3	1-Napthol	Napropamide	Oc1cccc2ccccc12																							
https://envipath.org/package/5882df9c-dae1-4d80-a40e-db4724271456/compound/8e8bb67c-c7ab-4a9b-ab17-09bd6bf7112f/structure/aa51e20c-b9d3-4f59-a7c2-c6570f663fd8	DE-NPAM	Napropamide	CCNC(=O)C(C)Oc1cccc2ccccc12	https://envipath.org/package/5882df9c-dae1-4d80-a40e-db4724271456/scenario/c753c1d3-5112-4eda-890e-d2bbeafb228d	IIA 7.1.1.1/02 Lay, M.M. (1989)	no description				pH		&#176;C								WHC	75.0		Sandy loam	59.7	30.5	9.8
https://envipath.org/package/5882df9c-dae1-4d80-a40e-db4724271456/compound/52c2d3b7-d72f-41d1-b372-45d971a7154e/structure/65102e95-cd0b-47bd-b5b9-c6e918c78b11	NQ	Napropamide	O=C1C=CC(=O)c2ccccc21	https://envipath.org/package/5882df9c-dae1-4d80-a40e-db4724271456/scenario/c753c1d3-5112-4eda-890e-d2bbeafb228d	IIA 7.1.1.1/02 Lay, M.M. (1989)	no description				pH		&#176;C								WHC	75.0		Sandy loam	59.7	30.5	9.8
https://envipath.org/package/5882df9c-dae1-4d80-a40e-db4724271456/compound/b92f7409-2eb9-4946-94d2-dcad419f9d63/structure/9e4c8e60-2444-4c58-ae69-27a3a5667e88	HMUD	Nicosulfuron	COc1cc(O)nc(NC(=O)NS(=O)(=O)c2ncccc2C(=O)N(C)C)n1	https://envipath.org/package/5882df9c-dae1-4d80-a40e-db4724271456/scenario/b4143f0d-013d-45bf-99ca-46b9b673ebdc	Mamouni (1995c)	no description				pH		&#176;C	15.5	mEq/100g		219.0	210.0			MWHC	54.6		Silt loam	38.0	50.7	11.3
https://envipath.org/package/5882df9c-dae1-4d80-a40e-db4724271456/compound/837880a7-3ca0-44bd-a8c0-cc33fc987f4c/structure/189b6054-d792-49d1-929f-6b7732b35aa2	CO2	Nicosulfuron	O=C=O	https://envipath.org/package/5882df9c-dae1-4d80-a40e-db4724271456/scenario/20dd7c15-1304-4369-a428-4b2e23937fa6	VÃ¶lkel (1995a)	no description				pH		&#176;C	8.7	mEq/100g		483.0	344.0			MWHC	40.0		Loamy sand	83.1	15.8	1.1
https://envipath.org/package/5882df9c-dae1-4d80-a40e-db4724271456/compound/648240b4-1dae-4e90-bce5-8b24ad10c52d/structure/b745eef3-9a66-46fe-9940-b9d83c6102d4	CGA 149776	Novaluron	O=C(O)c1c(F)cccc1F	https://envipath.org/package/5882df9c-dae1-4d80-a40e-db4724271456/scenario/4a13b495-1af5-43c2-99be-f3fff708ccbc	Millais (1999)	no description				pH		&#176;C				466.7	146.7		 	MWHC	40.0		Sandy loam	67.4	21.2	11.4
https://envipath.org/package/5882df9c-dae1-4d80-a40e-db4724271456/compound/837880a7-3ca0-44bd-a8c0-cc33fc987f4c/structure/189b6054-d792-49d1-929f-6b7732b35aa2	CO2	Novaluron	O=C=O	https://envipath.org/package/5882df9c-dae1-4d80-a40e-db4724271456/scenario/48190d8a-2a2f-45c6-bff3-cf371becb00a	Millais (1999)	no description				pH		&#176;C				466.7	146.7		 	MWHC	40.0		Sandy loam	67.4	21.2	11.4
https://envipath.org/package/5882df9c-dae1-4d80-a40e-db4724271456/compound/8fc91e0c-fb95-4742-9301-ee6a60542698/structure/9a0edd74-2fce-4e08-b6eb-193f2138d101	275-309-I	Novaluron	Nc1ccc(OC(F)(F)C(F)OC(F)(F)F)c(Cl)c1	https://envipath.org/package/5882df9c-dae1-4d80-a40e-db4724271456/scenario/1ad5fffa-08eb-48e7-9791-f76b8da503d9	Aikens (1999b)	no description				pH		&#176;C				249.3	557.7		 	MWHC	40.0		Clay	8.04	6.49	5.47
https://envipath.org/package/5882df9c-dae1-4d80-a40e-db4724271456/compound/74ae9afd-c0b6-45fd-8a8c-bc1e63caff9e/structure/0926769b-2ebb-4827-a1a1-f8fdf0177b3e	CGA 149772	Novaluron	NC(=O)c1c(F)cccc1F	https://envipath.org/package/5882df9c-dae1-4d80-a40e-db4724271456/scenario/f3388c6d-0506-4a84-b75f-fa7935b702da	scenario 37	no description		Minor																		
https://envipath.org/package/5882df9c-dae1-4d80-a40e-db4724271456/compound/c52de8d3-6882-422b-87df-b058fb702c26/structure/f010d5ad-997f-4742-872e-b6dd83b6719a	S4 (2-amino-N,N-dimethylbenzamide)	Orthosulfamuron	CN(C)C(=O)c1ccccc1N	https://envipath.org/package/5882df9c-dae1-4d80-a40e-db4724271456/scenario/7b3d4ca8-8f63-420f-a471-b86ad86b53c3	Scacchi, A. & Pizzingrilli, G. (2001b)	no description				pH		&#176;C	12.42	mEq/100g		493.4	572.9			pF 2.5, experimental humidity at pF 2.5			Silt loam	38.0	52.5	9.5
https://envipath.org/package/5882df9c-dae1-4d80-a40e-db4724271456/compound/9fb0cbb3-4b58-4b9b-ae71-412b1ce980f1/structure/6febaa6c-7f34-474d-ae3d-113152b3c5d0	S1 (2-sulfamino-N,N-dimethylbenzamide)	Orthosulfamuron	CN(C)C(=O)c1ccccc1NS(=O)(=O)O	https://envipath.org/package/5882df9c-dae1-4d80-a40e-db4724271456/scenario/7b3d4ca8-8f63-420f-a471-b86ad86b53c3	Scacchi, A. & Pizzingrilli, G. (2001b)	no description				pH		&#176;C	12.42	mEq/100g		493.4	572.9			pF 2.5, experimental humidity at pF 2.5			Silt loam	38.0	52.5	9.5
https://envipath.org/package/5882df9c-dae1-4d80-a40e-db4724271456/compound/3dd6b0b4-80f7-44cd-aa27-4dbe1bf8e14f/structure/345f18c1-117b-47e6-8b0d-870d796acdd2	S12 (N-(4,6-dimethoxypyrimidin-2-yl)urea	Orthosulfamuron	COc1cc(OC)nc(NC(N)=O)n1	https://envipath.org/package/5882df9c-dae1-4d80-a40e-db4724271456/scenario/31beeffa-380d-48e2-bd92-b990c9ede18c	Scacchi, A. & Pizzingrilli, G. (2001c)	no description				pH		&#176;C	15.07	mEq/100g		1391.0	789.1			pF 2.5, experimental humidity at pF 2.5			Silt loam	32.5	53.0	14.5
https://envipath.org/package/5882df9c-dae1-4d80-a40e-db4724271456/compound/68a6ac9c-7c94-4cdd-a5ed-314590e5fdc2/structure/3ef475c9-2546-47b5-98ab-930d5b56cf67	S9 (1-(4-methoxy-6-hydroxypyrimidin-2-yl)-3-[2-(dimethylcarbamoyl)phenylsulfamoyl]urea	Orthosulfamuron	COc1cc(O)nc(NC(=O)NS(=O)(=O)Nc2ccccc2C(=O)N(C)C)n1	https://envipath.org/package/5882df9c-dae1-4d80-a40e-db4724271456/scenario/7b3d4ca8-8f63-420f-a471-b86ad86b53c3	Scacchi, A. & Pizzingrilli, G. (2001b)	no description				pH		&#176;C	12.42	mEq/100g		493.4	572.9			pF 2.5, experimental humidity at pF 2.5			Silt loam	38.0	52.5	9.5
https://envipath.org/package/5882df9c-dae1-4d80-a40e-db4724271456/compound/6358408d-2559-4ec1-ab03-3e83eeb5e54e/structure/46fd611f-3642-4579-b877-fb0497ef8b86	S13 (2-amino-4,6-dimethoxypyrimidine)	Orthosulfamuron	COc1cc(OC)nc(N)n1	https://envipath.org/package/5882df9c-dae1-4d80-a40e-db4724271456/scenario/31beeffa-380d-48e2-bd92-b990c9ede18c	Scacchi, A. & Pizzingrilli, G. (2001c)	no description				pH		&#176;C	15.07	mEq/100g		1391.0	789.1			pF 2.5, experimental humidity at pF 2.5			Silt loam	32.5	53.0	14.5
https://envipath.org/package/5882df9c-dae1-4d80-a40e-db4724271456/compound/837880a7-3ca0-44bd-a8c0-cc33fc987f4c/structure/189b6054-d792-49d1-929f-6b7732b35aa2	CO2	Orthosulfamuron	O=C=O	https://envipath.org/package/5882df9c-dae1-4d80-a40e-db4724271456/scenario/7b3d4ca8-8f63-420f-a471-b86ad86b53c3	Scacchi, A. & Pizzingrilli, G. (2001b)	no description				pH		&#176;C	12.42	mEq/100g		493.4	572.9			pF 2.5, experimental humidity at pF 2.5			Silt loam	38.0	52.5	9.5
https://envipath.org/package/5882df9c-dae1-4d80-a40e-db4724271456/compound/7624653f-4858-4ffb-9f2e-38d9f362c1ed/structure/a89cc889-afe5-4c5f-b044-e291104cc9ff	S2 (2-sulfamoylamino-N,N-dimethylbenzamide)	Orthosulfamuron	CN(C)C(=O)c1ccccc1NS(N)(=O)=O	https://envipath.org/package/5882df9c-dae1-4d80-a40e-db4724271456/scenario/7b3d4ca8-8f63-420f-a471-b86ad86b53c3	Scacchi, A. & Pizzingrilli, G. (2001b)	no description				pH		&#176;C	12.42	mEq/100g		493.4	572.9			pF 2.5, experimental humidity at pF 2.5			Silt loam	38.0	52.5	9.5
https://envipath.org/package/5882df9c-dae1-4d80-a40e-db4724271456/compound/18d41981-b2eb-43a4-a437-08e56a69bf0e/structure/bfaff905-2870-45ae-8ef6-09fbeb4817ab	UN-2	Oryzalin	CCCn1c(CC)[n+]([O-])c2cc(S(N)(=O)=O)cc([N+](=O)[O-])c21	https://envipath.org/package/5882df9c-dae1-4d80-a40e-db4724271456/scenario/026b018c-1a14-4331-9e58-b8f49811aa22	Graper, L.K. and Rainey, D.P. (1989a)	no description				pH		&#176;C	8.8	mEq/100g						FMC 0,33 bar	75.0		Sandy loam	66.0	21.0	13.0
https://envipath.org/package/5882df9c-dae1-4d80-a40e-db4724271456/compound/ab3c62e7-a02a-4498-af43-1d19c9847f14/structure/227cb7c9-a96d-4a6d-8c96-75bc41576629	OR-2	Oryzalin	CCCNc1c([N+](=O)[O-])cc(S(N)(=O)=O)cc1[N+](=O)[O-]	https://envipath.org/package/5882df9c-dae1-4d80-a40e-db4724271456/scenario/dd616054-2812-4f46-b3cc-ec5f87a72b4b	Berard, M.S. (1985)	no description				pH		&#176;C	19.0	mEq/100g					 	0,33 bar	75.0		Clay loam	29.6	37.2	33.2
https://envipath.org/package/5882df9c-dae1-4d80-a40e-db4724271456/compound/ff989930-0fd6-44c8-a9d8-13445bcdfc2d/structure/3140378a-bb86-40fb-b4eb-a25ee887cbf8	OR-7	Oryzalin	CCCN(CCC)c1c(N)cc(S(N)(=O)=O)cc1N	https://envipath.org/package/5882df9c-dae1-4d80-a40e-db4724271456/scenario/dd616054-2812-4f46-b3cc-ec5f87a72b4b	Berard, M.S. (1985)	no description				pH		&#176;C	19.0	mEq/100g					 	0,33 bar	75.0		Clay loam	29.6	37.2	33.2
https://envipath.org/package/5882df9c-dae1-4d80-a40e-db4724271456/compound/fa3f683d-196f-401d-88cc-f1d52f3ccb7e/structure/dc25dc3b-8157-4e51-89a0-310f7708a906	OR-41	Oryzalin	CCCN(CC(C)O)c1c([N+](=O)[O-])cc(S(N)(=O)=O)cc1[N+](=O)[O-]	https://envipath.org/package/5882df9c-dae1-4d80-a40e-db4724271456/scenario/026b018c-1a14-4331-9e58-b8f49811aa22	Graper, L.K. and Rainey, D.P. (1989a)	no description				pH		&#176;C	8.8	mEq/100g						FMC 0,33 bar	75.0		Sandy loam	66.0	21.0	13.0
https://envipath.org/package/5882df9c-dae1-4d80-a40e-db4724271456/compound/d49820dc-126c-4759-bfae-3458bcf1d66e/structure/4a793464-a71c-4b93-8e09-48d4a21d4f44	OR-13	Oryzalin	CCCn1c(CC)nc2cc(S(N)(=O)=O)cc([N+](=O)[O-])c21	https://envipath.org/package/5882df9c-dae1-4d80-a40e-db4724271456/scenario/dd616054-2812-4f46-b3cc-ec5f87a72b4b	Berard, M.S. (1985)	no description				pH		&#176;C	19.0	mEq/100g					 	0,33 bar	75.0		Clay loam	29.6	37.2	33.2
https://envipath.org/package/5882df9c-dae1-4d80-a40e-db4724271456/compound/5d1e3efc-223d-47e5-8332-796a5d1c9286/structure/e3a9161a-dbcc-43ca-994f-fa5cd4ee824f	UN-1	Oryzalin	CCCNc1c(N=Nc2cc(S(N)(=O)=O)cc([N+](=O)[O-])c2NCCC)cc(S(N)(=O)=O)cc1[N+](=O)[O-]	https://envipath.org/package/5882df9c-dae1-4d80-a40e-db4724271456/scenario/026b018c-1a14-4331-9e58-b8f49811aa22	Graper, L.K. and Rainey, D.P. (1989a)	no description				pH		&#176;C	8.8	mEq/100g						FMC 0,33 bar	75.0		Sandy loam	66.0	21.0	13.0
https://envipath.org/package/5882df9c-dae1-4d80-a40e-db4724271456/compound/349c13f1-80e5-450c-8c14-9b60ce122a6b/structure/953e6feb-6b25-41af-8d41-3ec9d1fa15e6	OR-15	Oryzalin	CCc1nc2cc(S(N)(=O)=O)cc([N+](=O)[O-])c2[nH]1	https://envipath.org/package/5882df9c-dae1-4d80-a40e-db4724271456/scenario/dd616054-2812-4f46-b3cc-ec5f87a72b4b	Berard, M.S. (1985)	no description				pH		&#176;C	19.0	mEq/100g					 	0,33 bar	75.0		Clay loam	29.6	37.2	33.2
https://envipath.org/package/5882df9c-dae1-4d80-a40e-db4724271456/compound/012cce87-6ec2-42e4-9bd6-65f8be8b6d55/structure/e34310e5-0eec-4cf2-bc21-ccc12a6859a6	OR-21	Oryzalin	CCCN(CCC)c1c([N+](=O)[O-])cc(S(=O)(=O)O)cc1[N+](=O)[O-]	https://envipath.org/package/5882df9c-dae1-4d80-a40e-db4724271456/scenario/dd616054-2812-4f46-b3cc-ec5f87a72b4b	Berard, M.S. (1985)	no description				pH		&#176;C	19.0	mEq/100g					 	0,33 bar	75.0		Clay loam	29.6	37.2	33.2
https://envipath.org/package/5882df9c-dae1-4d80-a40e-db4724271456/compound/68c8a5cf-d0cc-48e1-8e7b-c5ee8947761e/structure/853ec741-abaa-43e9-b036-dbb4dc35115c	OR-9	Oryzalin	Nc1cc(S(N)(=O)=O)cc(N)c1N	https://envipath.org/package/5882df9c-dae1-4d80-a40e-db4724271456/scenario/026b018c-1a14-4331-9e58-b8f49811aa22	Graper, L.K. and Rainey, D.P. (1989a)	no description				pH		&#176;C	8.8	mEq/100g						FMC 0,33 bar	75.0		Sandy loam	66.0	21.0	13.0
https://envipath.org/package/5882df9c-dae1-4d80-a40e-db4724271456/compound/cdaed4d7-9f8b-4d84-8e88-fda1cc4778ec/structure/1b963825-b09b-4908-afa8-400e8f370a97	OR-5	Oryzalin	CCCNc1c(N)cc(S(N)(=O)=O)cc1[N+](=O)[O-]	https://envipath.org/package/5882df9c-dae1-4d80-a40e-db4724271456/scenario/dd616054-2812-4f46-b3cc-ec5f87a72b4b	Berard, M.S. (1985)	no description				pH		&#176;C	19.0	mEq/100g					 	0,33 bar	75.0		Clay loam	29.6	37.2	33.2
https://envipath.org/package/5882df9c-dae1-4d80-a40e-db4724271456/compound/884f4d05-5495-4031-978c-877ffefeecd4/structure/eb0022ab-b818-4a13-a3e4-7e397e377a34	OR-14	Oryzalin	CCCn1c(CC)nc2cc(S(N)(=O)=O)cc(N)c21	https://envipath.org/package/5882df9c-dae1-4d80-a40e-db4724271456/scenario/dd616054-2812-4f46-b3cc-ec5f87a72b4b	Berard, M.S. (1985)	no description				pH		&#176;C	19.0	mEq/100g					 	0,33 bar	75.0		Clay loam	29.6	37.2	33.2
https://envipath.org/package/5882df9c-dae1-4d80-a40e-db4724271456/compound/5ac35be2-1d31-403d-9e04-752c31f44904/structure/12bfd116-0d6b-440d-ac37-e13af21f1c3f	OR-4	Oryzalin	CCCN(CCC)c1c(N)cc(S(N)(=O)=O)cc1[N+](=O)[O-]	https://envipath.org/package/5882df9c-dae1-4d80-a40e-db4724271456/scenario/dd616054-2812-4f46-b3cc-ec5f87a72b4b	Berard, M.S. (1985)	no description				pH		&#176;C	19.0	mEq/100g					 	0,33 bar	75.0		Clay loam	29.6	37.2	33.2
https://envipath.org/package/5882df9c-dae1-4d80-a40e-db4724271456/compound/623f856c-0bae-4d6e-a0de-f02a0d4ddae3/structure/d2dc210e-c4ec-40a8-8efb-c6837480c777	OR-3	Oryzalin	Nc1c([N+](=O)[O-])cc(S(N)(=O)=O)cc1[N+](=O)[O-]	https://envipath.org/package/5882df9c-dae1-4d80-a40e-db4724271456/scenario/dd616054-2812-4f46-b3cc-ec5f87a72b4b	Berard, M.S. (1985)	no description				pH		&#176;C	19.0	mEq/100g					 	0,33 bar	75.0		Clay loam	29.6	37.2	33.2
https://envipath.org/package/5882df9c-dae1-4d80-a40e-db4724271456/compound/837880a7-3ca0-44bd-a8c0-cc33fc987f4c/structure/189b6054-d792-49d1-929f-6b7732b35aa2	CO2	Oryzalin	O=C=O	https://envipath.org/package/5882df9c-dae1-4d80-a40e-db4724271456/scenario/eec2016d-11ab-41ca-a85b-6fe63264a21f	Kurth, H.H. and Yon, D.A. (1997b)	no description				pH		&#176;C	12.6	mEq/100g						FMC	40.0		Loamy sand	80.2	12.5	7.3
https://envipath.org/package/5882df9c-dae1-4d80-a40e-db4724271456/compound/19ebd0c3-0490-4d0a-b397-c15f20a2a132/structure/4ffba597-7357-4578-aecd-0c60f62a52ce	AE 0616182 (RP 26449)	Oxadiazon	CC(C)Oc1cc(-n2nc(C(C)(C)C(=O)O)oc2=O)c(Cl)cc1Cl	https://envipath.org/package/5882df9c-dae1-4d80-a40e-db4724271456/scenario/57d925e0-02ff-4ae5-863a-0f72ce842f1e	IIA 7.1.1.1.1/01; IIA 7.1.1.2.1.1/01 Waring, A.R. (1993a)	no description				pH		&#176;C	6.4	mEq/100g		75.95	68.46			0,33 bar	75.0		Sandy loam	58.0	33.0	9.0
https://envipath.org/package/5882df9c-dae1-4d80-a40e-db4724271456/compound/da52c026-130f-4d04-902a-697bfe5ce326/structure/bb0ae105-a22d-4bb3-a2e6-b7f4ea3eb3a9	AE 1151405	Oxadiazon	CC(C)(C)c1nn(-c2cc(O)ccc2Cl)c(=O)o1	https://envipath.org/package/5882df9c-dae1-4d80-a40e-db4724271456/scenario/f5cec094-0890-4e18-81f3-19b9cee8ca4b	IIA 7.1.1.1.1/02, IIA 7.1.1.2.1.1/02, IIA 7.1.1.2.1.2/01 Adams, A. (2003)	no description				pH		&#176;C	18.1	mEq/100g		307.0	250.0			MWHC	45.0		Clay loam	3.43	7.43	9.14
https://envipath.org/package/5882df9c-dae1-4d80-a40e-db4724271456/compound/abf1fa5d-5956-45bf-81a3-5ad51d6dda9d/structure/f7f74019-3054-40bc-92ac-3e5a1e803979	AE 0618784 (RP 26471)	Oxadiazon	CCOc1cc(-n2nc(C(C)(C)C)oc2=O)c(Cl)cc1Cl	https://envipath.org/package/5882df9c-dae1-4d80-a40e-db4724271456/scenario/f5cec094-0890-4e18-81f3-19b9cee8ca4b	IIA 7.1.1.1.1/02, IIA 7.1.1.2.1.1/02, IIA 7.1.1.2.1.2/01 Adams, A. (2003)	no description				pH		&#176;C	18.1	mEq/100g		307.0	250.0			MWHC	45.0		Clay loam	3.43	7.43	9.14
https://envipath.org/package/5882df9c-dae1-4d80-a40e-db4724271456/compound/837880a7-3ca0-44bd-a8c0-cc33fc987f4c/structure/189b6054-d792-49d1-929f-6b7732b35aa2	CO2	Oxadiazon	O=C=O	https://envipath.org/package/5882df9c-dae1-4d80-a40e-db4724271456/scenario/f5cec094-0890-4e18-81f3-19b9cee8ca4b	IIA 7.1.1.1.1/02, IIA 7.1.1.2.1.1/02, IIA 7.1.1.2.1.2/01 Adams, A. (2003)	no description				pH		&#176;C	18.1	mEq/100g		307.0	250.0			MWHC	45.0		Clay loam	3.43	7.43	9.14
https://envipath.org/package/5882df9c-dae1-4d80-a40e-db4724271456/compound/45e6a7ef-830f-45db-a967-842fbf423db6/structure/4a86fb2d-da9b-4222-8537-4b1f8dd0573a	AE 0618795 (RP 17272)	Oxadiazon	CC(C)(C(=O)O)c1nn(-c2cc(O)c(Cl)cc2Cl)c(=O)o1	https://envipath.org/package/5882df9c-dae1-4d80-a40e-db4724271456/scenario/57d925e0-02ff-4ae5-863a-0f72ce842f1e	IIA 7.1.1.1.1/01; IIA 7.1.1.2.1.1/01 Waring, A.R. (1993a)	no description				pH		&#176;C	6.4	mEq/100g		75.95	68.46			0,33 bar	75.0		Sandy loam	58.0	33.0	9.0
https://envipath.org/package/5882df9c-dae1-4d80-a40e-db4724271456/compound/3c33bc56-c3e5-476d-b1aa-c0f15dad9e62/structure/634c9c1d-7ec9-4477-91ac-834363950c53	AE 0608022	Oxadiazon	CC(C)Oc1cc(NNCOC(C)(C)C)c(Cl)cc1Cl	https://envipath.org/package/5882df9c-dae1-4d80-a40e-db4724271456/scenario/57d925e0-02ff-4ae5-863a-0f72ce842f1e	IIA 7.1.1.1.1/01; IIA 7.1.1.2.1.1/01 Waring, A.R. (1993a)	no description				pH		&#176;C	6.4	mEq/100g		75.95	68.46			0,33 bar	75.0		Sandy loam	58.0	33.0	9.0
https://envipath.org/package/5882df9c-dae1-4d80-a40e-db4724271456/compound/6973422e-45ca-4a2e-85ea-d7ef4543f462/structure/abdf7e92-9c7b-4aaf-951e-5ddc6f4a7c22	AE 0608021 (RP 26496)	Oxadiazon	CC(C)(C)c1nn(-c2cc(O)c(Cl)cc2Cl)c(=O)o1	https://envipath.org/package/5882df9c-dae1-4d80-a40e-db4724271456/scenario/f5cec094-0890-4e18-81f3-19b9cee8ca4b	IIA 7.1.1.1.1/02, IIA 7.1.1.2.1.1/02, IIA 7.1.1.2.1.2/01 Adams, A. (2003)	no description				pH		&#176;C	18.1	mEq/100g		307.0	250.0			MWHC	45.0		Clay loam	3.43	7.43	9.14
https://envipath.org/package/5882df9c-dae1-4d80-a40e-db4724271456/compound/837880a7-3ca0-44bd-a8c0-cc33fc987f4c/structure/189b6054-d792-49d1-929f-6b7732b35aa2	CO2	Oxamyl	O=C=O	https://envipath.org/package/5882df9c-dae1-4d80-a40e-db4724271456/scenario/715d871e-4ca1-459b-824e-fa691dd2f941	Swain, R.S. and Anderson, J.J. (2000)	no description				pH		&#176;C	26.3	mEq/100g		111.1	111.1			0 bar	47.0		Silty clay loam	8.4	60.8	30.8
https://envipath.org/package/5882df9c-dae1-4d80-a40e-db4724271456/compound/af533d47-91d6-470b-a851-8217c81d023f/structure/829b592d-f5cf-45b9-9115-277956480916	IN-RLD51	Oxathiapiprolin	Cc1cc(C(F)(F)F)nn1CC(=O)N1CCC(C(=O)O)CC1	https://envipath.org/package/5882df9c-dae1-4d80-a40e-db4724271456/scenario/c89b3d23-68a7-43c9-8dd8-a851ca465f71	Manjunatha S. (2011)	no description				pH		&#176;C	27.2	mEq/100g		1394.81	1418.2			WHC at 0,33bar	50.0	MWHC	Clay loam	26.0	35.0	39.0
https://envipath.org/package/5882df9c-dae1-4d80-a40e-db4724271456/compound/eba9491e-a269-46aa-9323-c9d63eea3dd5/structure/2f30d579-980a-44a4-812e-4efc339f29c8	IN-Q7D41	Oxathiapiprolin	Cc1cc(C(F)(F)F)nn1CC(=O)N1CCC(c2nc(-c3cc(-c4c(F)cccc4F)on3)cs2)CC1	https://envipath.org/package/5882df9c-dae1-4d80-a40e-db4724271456/scenario/f105963c-7f20-40a8-9f08-27aae67771f0	Cleland H (2013)	no description		Minor		pH		&#176;C	5.9	mEq/100g		133.1	53.65			MWHC	50.0	MWHC	Loamy sand	80.0	17.0	3.0
https://envipath.org/package/5882df9c-dae1-4d80-a40e-db4724271456/compound/837880a7-3ca0-44bd-a8c0-cc33fc987f4c/structure/189b6054-d792-49d1-929f-6b7732b35aa2	CO2	Oxathiapiprolin	O=C=O	https://envipath.org/package/5882df9c-dae1-4d80-a40e-db4724271456/scenario/b3bb23bb-7667-49c9-87f6-06967f17527d	McCorquodale G. (2013)	no description				pH		&#176;C	5.4	mEq/100g		90.14	69.53			WHC at 0,33bar	50.0	MWHC	Loamy sand	80.0	17.0	3.0
https://envipath.org/package/5882df9c-dae1-4d80-a40e-db4724271456/compound/bd417834-41bf-4fc8-b606-6b285ae0d9f1/structure/64a78534-12a9-448a-9fa1-8354c77c72b3	IN-WR791	Oxathiapiprolin	Cc1cc(C(F)(F)F)nn1CC(=O)O	https://envipath.org/package/5882df9c-dae1-4d80-a40e-db4724271456/scenario/a0a7a25c-7125-4114-92a0-53d9de61217c	Sannappa H. (2012)	no description				pH		&#176;C	18.6	mEq/100g		1600.46	1916.67			WHC at 0,1bar	50.0	MWHC	Silty clay loam	10.0	54.0	36.0
https://envipath.org/package/5882df9c-dae1-4d80-a40e-db4724271456/compound/aaed3457-02fa-4020-8476-8f11fa192b10/structure/e7c9fd09-b11c-4e01-8d7c-3c374aab4400	ODM-sulphone (M01)	Oxydemeton-methyl	CCS(=O)(=O)CCSP(=O)(OC)OC	https://envipath.org/package/5882df9c-dae1-4d80-a40e-db4724271456/scenario/0755ed2f-076c-4dce-ae71-b237eebd5352	Olson, G.L., Lawrence, L.J. (1989a)	no description				pH		&#176;C	7.0	mEq/100g						FC	75.0		Sandy loam	62.0	30.0	8.0
https://envipath.org/package/5882df9c-dae1-4d80-a40e-db4724271456/compound/3d19d54e-84b0-4663-b37e-f5d07e267b35/structure/32a04d29-5b31-4880-8f61-b0e02f619ab0	ESMSE (M03)	Oxydemeton-methyl	CCS(=O)CCS(C)=O	https://envipath.org/package/5882df9c-dae1-4d80-a40e-db4724271456/scenario/0755ed2f-076c-4dce-ae71-b237eebd5352	Olson, G.L., Lawrence, L.J. (1989a)	no description				pH		&#176;C	7.0	mEq/100g						FC	75.0		Sandy loam	62.0	30.0	8.0
https://envipath.org/package/5882df9c-dae1-4d80-a40e-db4724271456/compound/837880a7-3ca0-44bd-a8c0-cc33fc987f4c/structure/189b6054-d792-49d1-929f-6b7732b35aa2	CO2	Oxydemeton-methyl	O=C=O	https://envipath.org/package/5882df9c-dae1-4d80-a40e-db4724271456/scenario/5ccb1c0b-11f5-466e-8015-f29a12979bea	Sneikus, J. (2001)	no description				pH		&#176;C	8.0	mEq/100g		191.0	294.0			MWHC	39.2		Silt loam	36.9	51.1	12.0
https://envipath.org/package/5882df9c-dae1-4d80-a40e-db4724271456/compound/49d42231-a830-4d53-9245-b045fa5cf9fe/structure/723fb8e3-f560-4f2a-abc1-3c4034756ee0	ETES (M22)	Oxydemeton-methyl	CCSCCS(=O)(=O)O	https://envipath.org/package/5882df9c-dae1-4d80-a40e-db4724271456/scenario/0755ed2f-076c-4dce-ae71-b237eebd5352	Olson, G.L., Lawrence, L.J. (1989a)	no description				pH		&#176;C	7.0	mEq/100g						FC	75.0		Sandy loam	62.0	30.0	8.0
https://envipath.org/package/5882df9c-dae1-4d80-a40e-db4724271456/compound/51467944-39b3-4f4c-8145-11ae7403c60b/structure/11a101e0-ab4b-495f-a71c-5d77da9036ab	ESOMSE	Oxydemeton-methyl	CCS(=O)(=O)CCS(C)=O																							
https://envipath.org/package/5882df9c-dae1-4d80-a40e-db4724271456/compound/3b1bca26-8d0f-4a90-aad0-d596a81d9854/structure/40ad0f20-4bb2-4a4c-be8d-64e805f74900	ESOMSOE (M05)	Oxydemeton-methyl	CCS(=O)(=O)CCS(C)(=O)=O	https://envipath.org/package/5882df9c-dae1-4d80-a40e-db4724271456/scenario/fe7602db-a9ec-4523-a886-c072bb2fb5be	Babczinski, P. (2001a)	no description				pH		&#176;C	8.0	mEq/100g		440.0	180.0			MWHC	40.0		Sandy loam	72.4	22.6	5.0
https://envipath.org/package/5882df9c-dae1-4d80-a40e-db4724271456/compound/837880a7-3ca0-44bd-a8c0-cc33fc987f4c/structure/189b6054-d792-49d1-929f-6b7732b35aa2	CO2	Oxyfluorfen	O=C=O	https://envipath.org/package/5882df9c-dae1-4d80-a40e-db4724271456/scenario/b3e72261-48ae-43f1-a438-8b19866a5494	Korsch, B., Doran, T.J. (1988a)	no description				pH		&#176;C	6.1	mEq/100g						0,33 bar	75.0		Sandy loam	56.8	33.2	10.0
https://envipath.org/package/5882df9c-dae1-4d80-a40e-db4724271456/compound/3c46d9ec-8062-4a0c-95cf-b720b6828c8d/structure/424de194-6923-4b62-961f-0659c50c5845	Triazole alanine	Paclobutrazol	NC(Cn1cncn1)C(=O)O																							
https://envipath.org/package/5882df9c-dae1-4d80-a40e-db4724271456/compound/fa4f2d34-a208-49c9-b4d8-a07a75de5bc4/structure/f4b9b68c-f34d-4092-bb10-5f23a20e740b	NOA 457654	Paclobutrazol	Oc1ncn[nH]1	https://envipath.org/package/5882df9c-dae1-4d80-a40e-db4724271456/scenario/e4d38eb5-b15d-4200-95da-e7307b3c2183	7.1.1.1.1/01 Webb, J. and Oliver, R.O. (2005)	no description				pH		&#176;C	17.8	mEq/100g		641.0	401.4			pF 2			Sandy clay loam	52.0	25.0	23.0
https://envipath.org/package/5882df9c-dae1-4d80-a40e-db4724271456/compound/bf1a988a-5329-4b87-b1fb-269ac11280e7/structure/abd7dd3f-60fb-4c71-b54b-273da0e5a125	Triazole lactic acid	Paclobutrazol	O=C(O)C(O)Cn1cncn1																							
https://envipath.org/package/5882df9c-dae1-4d80-a40e-db4724271456/compound/837880a7-3ca0-44bd-a8c0-cc33fc987f4c/structure/189b6054-d792-49d1-929f-6b7732b35aa2	CO2	Paclobutrazol	O=C=O	https://envipath.org/package/5882df9c-dae1-4d80-a40e-db4724271456/scenario/8ea7feb7-a65a-4a11-9e78-41b6c494020f	Slangen (2000)	no description				pH		&#176;C				252.0	138.0			MWHC	40.0		Silt loam	36.9	51.1	12.0
https://envipath.org/package/5882df9c-dae1-4d80-a40e-db4724271456/compound/b2d4f1be-b12f-4813-973e-a5bb89fc4c08/structure/c312f91c-3487-4b38-a8af-e38a00362dc7	1,2,4 triazole acetic-acid 	Paclobutrazol	O=C(O)Cn1cncn1																							
https://envipath.org/package/5882df9c-dae1-4d80-a40e-db4724271456/compound/280577b3-1477-49ad-bff3-b8a5128afe20/structure/32a2a401-ba22-4843-99b3-f45849c51e4e	triazole pyruvic acid	Paclobutrazol	O=C(O)C(=O)Cn1cncn1																							
https://envipath.org/package/5882df9c-dae1-4d80-a40e-db4724271456/compound/837880a7-3ca0-44bd-a8c0-cc33fc987f4c/structure/189b6054-d792-49d1-929f-6b7732b35aa2	CO2	Penconazole	O=C=O	https://envipath.org/package/5882df9c-dae1-4d80-a40e-db4724271456/scenario/73353199-fb71-4734-b4f4-23e121b1fa1a	Knoch, E. (1993)	no description				pH		&#176;C	13.7	mEq/100g		682.0	193.0			FC	60.0		Silt loam	21.1	68.4	10.5
https://envipath.org/package/5882df9c-dae1-4d80-a40e-db4724271456/compound/b2d4f1be-b12f-4813-973e-a5bb89fc4c08/structure/c312f91c-3487-4b38-a8af-e38a00362dc7	1,2,4 triazole acetic-acid 	Penconazole	O=C(O)Cn1cncn1	https://envipath.org/package/5882df9c-dae1-4d80-a40e-db4724271456/scenario/162100d1-0842-42ab-9742-ecb3f26314ce	Slangen, P.J. (2000)	no description				pH		&#176;C				334.0	198.0			WHC	40.0		Sandy loam	72.4	22.6	5.0
https://envipath.org/package/5882df9c-dae1-4d80-a40e-db4724271456/compound/837880a7-3ca0-44bd-a8c0-cc33fc987f4c/structure/189b6054-d792-49d1-929f-6b7732b35aa2	CO2	Pencycuron	O=C=O	https://envipath.org/package/5882df9c-dae1-4d80-a40e-db4724271456/scenario/62f00988-9a74-4e23-afa0-fdf6140ac60c	Heinemann, O. (2008b)	no description				pH		&#176;C	12.0	mEq/100g		976.0	517.0			MWHC	55.0		Loam	29.0	50.0	21.0
https://envipath.org/package/5882df9c-dae1-4d80-a40e-db4724271456/compound/9af4b055-78b1-40ba-94ae-ed025e3e0c30/structure/ac767cfc-05d4-45b6-bdca-20f1811dde57	Pencycuron-descyclopentyl	Pencycuron	O=C(NCc1ccc(Cl)cc1)Nc1ccccc1	https://envipath.org/package/5882df9c-dae1-4d80-a40e-db4724271456/scenario/62f00988-9a74-4e23-afa0-fdf6140ac60c	Heinemann, O. (2008b)	no description				pH		&#176;C	12.0	mEq/100g		976.0	517.0			MWHC	55.0		Loam	29.0	50.0	21.0
https://envipath.org/package/5882df9c-dae1-4d80-a40e-db4724271456/compound/f7777cde-0d19-4bf0-bcfa-c26ed2f2ecc7/structure/3b080bc3-d2b7-4568-87c2-e38f74d2fb7e	THS 2860 (M03) (Pencyuron-desphenyl), in zone B and F	Pencycuron	NC(=O)N(Cc1ccc(Cl)cc1)C1CCCC1	https://envipath.org/package/5882df9c-dae1-4d80-a40e-db4724271456/scenario/50e152e3-ccfd-4d5d-88dc-698ca30f4ddd	IIA 7.1.1.1.1/01 and IIA 7.1.1.2.1/02 Hellpointner, E. (1998)	no description				pH		&#176;C	15.0	mEq/100g		1218.0	179.5			MWHC	50.0		Loam	33.6	49.5	16.9
https://envipath.org/package/5882df9c-dae1-4d80-a40e-db4724271456/compound/2ae0d020-1779-4a00-a041-0b120e59f3b8/structure/1d8861cf-fb57-4a21-895d-e262e5e5e5bb	Pencycuron-ketone	Pencycuron	O=C(Nc1ccccc1)N(C(=O)c1ccc(Cl)cc1)C1CCCC1	https://envipath.org/package/5882df9c-dae1-4d80-a40e-db4724271456/scenario/62f00988-9a74-4e23-afa0-fdf6140ac60c	Heinemann, O. (2008b)	no description				pH		&#176;C	12.0	mEq/100g		976.0	517.0			MWHC	55.0		Loam	29.0	50.0	21.0
https://envipath.org/package/5882df9c-dae1-4d80-a40e-db4724271456/compound/837880a7-3ca0-44bd-a8c0-cc33fc987f4c/structure/189b6054-d792-49d1-929f-6b7732b35aa2	CO2	Pendimethalin	O=C=O	https://envipath.org/package/5882df9c-dae1-4d80-a40e-db4724271456/scenario/5c4c15dc-f9cb-4a10-ae23-c01bf9684dd0	Theis M. (2001a)	no description				pH		&#176;C	11.0	mEq/100g		40.0	14.0			MWHC	40.0	MWHC	Loamy sand	77.1	15.4	7.5
https://envipath.org/package/5882df9c-dae1-4d80-a40e-db4724271456/compound/837880a7-3ca0-44bd-a8c0-cc33fc987f4c/structure/189b6054-d792-49d1-929f-6b7732b35aa2	CO2	Penflufen	O=C=O	https://envipath.org/package/5882df9c-dae1-4d80-a40e-db4724271456/scenario/24fe7ba5-2585-4a12-a046-f50f6773f5f3	Mislankar, S.G. & Dallstream, K.A. (2009)	no description				pH		&#176;C	18.0	mEq/100g		393.0	257.0			WHC at 0,33bar	75.0		Silt loam	11.5	61.6	26.9
https://envipath.org/package/5882df9c-dae1-4d80-a40e-db4724271456/compound/a43f71ca-a631-481e-90b6-eb4ff751e2e5/structure/e232fbff-072f-4189-9c3f-6140ab68de30	SFA	Penoxsulam	N=CNS(=O)(=O)c1c(OCC(F)F)cccc1C(F)(F)F	https://envipath.org/package/5882df9c-dae1-4d80-a40e-db4724271456/scenario/07270b46-4cc9-4478-b2f6-216f6c93d771	Annex 7.1.1.1.1/01, Jackson R., Massart J. and Portwood D. (2001)	no description				pH		&#176;C	16.6	mEq/100g		172.4	172.4			MWHC	40.0		Silty clay loam	5.62	4.42	9.97
https://envipath.org/package/5882df9c-dae1-4d80-a40e-db4724271456/compound/837880a7-3ca0-44bd-a8c0-cc33fc987f4c/structure/189b6054-d792-49d1-929f-6b7732b35aa2	CO2	Penoxsulam	O=C=O	https://envipath.org/package/5882df9c-dae1-4d80-a40e-db4724271456/scenario/07270b46-4cc9-4478-b2f6-216f6c93d771	Annex 7.1.1.1.1/01, Jackson R., Massart J. and Portwood D. (2001)	no description				pH		&#176;C	16.6	mEq/100g		172.4	172.4			MWHC	40.0		Silty clay loam	5.62	4.42	9.97
https://envipath.org/package/5882df9c-dae1-4d80-a40e-db4724271456/compound/84e2e325-eba2-455f-95fd-b4a061b3971b/structure/65616497-2bab-4c26-95fc-797fa948c7e7	BSA	Penoxsulam	O=S(=O)(O)c1c(OCC(F)F)cccc1C(F)(F)F	https://envipath.org/package/5882df9c-dae1-4d80-a40e-db4724271456/scenario/07270b46-4cc9-4478-b2f6-216f6c93d771	Annex 7.1.1.1.1/01, Jackson R., Massart J. and Portwood D. (2001)	no description				pH		&#176;C	16.6	mEq/100g		172.4	172.4			MWHC	40.0		Silty clay loam	5.62	4.42	9.97
https://envipath.org/package/5882df9c-dae1-4d80-a40e-db4724271456/compound/7255d578-ff97-43f1-8869-bd9d60b5c9d1/structure/811bf540-1538-4215-b9de-867ec931f485	PCA	Penthiopyrad	Cn1cc(C(=O)O)c(C(F)(F)F)n1	https://envipath.org/package/5882df9c-dae1-4d80-a40e-db4724271456/scenario/1b6b9668-bf88-4edc-96a5-99758693ec82	Momouni A. (2008a)	no description				pH		&#176;C	22.1	mEq/100g		277.0	202.0			MWHC	45.0		Sandy clay loam	53.7	15.1	31.2
https://envipath.org/package/5882df9c-dae1-4d80-a40e-db4724271456/compound/1ed5702b-0e0a-424e-a3cc-9ebf5bfb27aa/structure/cd6acb80-7b5b-4ee3-9d13-737b0694a63e	M11	Penthiopyrad	CC(C)CC(C(=O)O)c1sccc1NC(=O)c1cn(C)nc1C(F)(F)F																							
https://envipath.org/package/5882df9c-dae1-4d80-a40e-db4724271456/compound/7983cc1b-a37a-482c-8e46-dca6c53db759/structure/f6865077-08ca-4957-bb1b-1b5d928ba26c	PAM	Penthiopyrad	Cn1cc(C(N)=O)c(C(F)(F)F)n1	https://envipath.org/package/5882df9c-dae1-4d80-a40e-db4724271456/scenario/66b68a13-9560-4cda-933e-fb6918559a76	Satsuma K. (2005)	no description				pH		&#176;C	19.6	mEq/100g		252.0	173.0			MWHC	40.0					
https://envipath.org/package/5882df9c-dae1-4d80-a40e-db4724271456/compound/789bf222-8858-4c85-addc-2095848448dd/structure/1e12a6eb-90a7-44f7-b3f8-4fa66d68f75d	753-F-DO	Penthiopyrad	CC(C)CC(C)C1(O)OC(=O)C=C1NC(=O)c1cn(C)nc1C(F)(F)F	https://envipath.org/package/5882df9c-dae1-4d80-a40e-db4724271456/scenario/66b68a13-9560-4cda-933e-fb6918559a76	Satsuma K. (2005)	no description				pH		&#176;C	19.6	mEq/100g		252.0	173.0			MWHC	40.0					
https://envipath.org/package/5882df9c-dae1-4d80-a40e-db4724271456/compound/bf828287-b5d8-4d61-adc4-50e553998d51/structure/18c99fda-b9a3-4bb7-b100-f85e7dbaacbe	753-T-DO	Penthiopyrad	CC(C)CC(C)C1(O)SC(=O)C=C1NC(=O)c1cn(C)nc1C(F)(F)F	https://envipath.org/package/5882df9c-dae1-4d80-a40e-db4724271456/scenario/66b68a13-9560-4cda-933e-fb6918559a76	Satsuma K. (2005)	no description				pH		&#176;C	19.6	mEq/100g		252.0	173.0			MWHC	40.0					
https://envipath.org/package/5882df9c-dae1-4d80-a40e-db4724271456/compound/f3c8223c-fbbc-41f2-bcb2-c0bb2256dbe7/structure/9493d28e-293d-4be6-9c46-449306a4763a	753-A-OH	Penthiopyrad	CC(CC(C)(C)O)c1sccc1NC(=O)c1cn(C)nc1C(F)(F)F	https://envipath.org/package/5882df9c-dae1-4d80-a40e-db4724271456/scenario/1b6b9668-bf88-4edc-96a5-99758693ec82	Momouni A. (2008a)	no description				pH		&#176;C	22.1	mEq/100g		277.0	202.0			MWHC	45.0		Sandy clay loam	53.7	15.1	31.2
https://envipath.org/package/5882df9c-dae1-4d80-a40e-db4724271456/compound/837880a7-3ca0-44bd-a8c0-cc33fc987f4c/structure/189b6054-d792-49d1-929f-6b7732b35aa2	CO2	Penthiopyrad	O=C=O	https://envipath.org/package/5882df9c-dae1-4d80-a40e-db4724271456/scenario/66b68a13-9560-4cda-933e-fb6918559a76	Satsuma K. (2005)	no description				pH		&#176;C	19.6	mEq/100g		252.0	173.0			MWHC	40.0					
https://envipath.org/package/5882df9c-dae1-4d80-a40e-db4724271456/compound/46d113a6-f0a8-45b0-af75-96cb3ea1bfaa/structure/c6c330e8-e405-44bd-95d0-3c1ee3f9766a	M12	Penthiopyrad	CC(C)CC(CO)c1sccc1NC(=O)c1cn(C)nc1C(F)(F)F	https://envipath.org/package/5882df9c-dae1-4d80-a40e-db4724271456/scenario/1b6b9668-bf88-4edc-96a5-99758693ec82	Momouni A. (2008a)	no description				pH		&#176;C	22.1	mEq/100g		277.0	202.0			MWHC	45.0		Sandy clay loam	53.7	15.1	31.2
https://envipath.org/package/5882df9c-dae1-4d80-a40e-db4724271456/compound/212445eb-7a10-4906-8f37-ad68e7609bff/structure/151f0683-b52d-48aa-8d32-baa066906fe5	3-AP (3-Aminophenol)	Phenmedipham	Nc1cccc(O)c1	https://envipath.org/package/5882df9c-dae1-4d80-a40e-db4724271456/scenario/6f713e6d-95d4-4b83-9d89-2a6802c6887d	Feyerabend, M.; 1991	no description				pH		&#176;C	13.6	mEq/100g						MWHC	40.0	MWHC	Loamy sand	87.6	6.0	6.4
https://envipath.org/package/5882df9c-dae1-4d80-a40e-db4724271456/compound/837880a7-3ca0-44bd-a8c0-cc33fc987f4c/structure/189b6054-d792-49d1-929f-6b7732b35aa2	CO2	Phenmedipham	O=C=O	https://envipath.org/package/5882df9c-dae1-4d80-a40e-db4724271456/scenario/f8b5a248-da4a-4e4f-8eca-64f417e24e92	Willems, H.; 1997	no description		Major		pH		&#176;C	10.9	mEq/100g		3200.0	2000.0			MWHC	45.0	MWHC	Loamy sand	81.2	13.4	5.5
https://envipath.org/package/5882df9c-dae1-4d80-a40e-db4724271456/compound/c7cb594a-901d-463b-b4d4-a8e38cdbd593/structure/aef4a05a-96b4-4aba-8ee0-0c89d37170ca	3-[(methoxycarbonyl)amino]phenyl(3-hydroxyphenyl)carbamate (M1)	Phenmedipham	COC(=O)Nc1cccc(OC(=O)Nc2cccc(O)c2)c1	https://envipath.org/package/5882df9c-dae1-4d80-a40e-db4724271456/scenario/3d2f0e91-0fd6-4af5-8a6f-afd3bbd2e271	Voelkel, W., Telscher, M.; 2012	no description		 		pH		&#176;C	18.3	mEq/100g		2430.0	3880.0			MWHC	55.0	MWHC	Loam	32.5	48.8	18.7
https://envipath.org/package/5882df9c-dae1-4d80-a40e-db4724271456/compound/2999b25f-b38a-4ab6-b8b8-f744157bc67b/structure/bd72025c-0572-473e-bc6b-57ba770d8695	Phenoxazone (AE 0651017)	Phosalone	NC1=CC2=Nc3ccc(Cl)cc3OC2CC1=O	https://envipath.org/package/5882df9c-dae1-4d80-a40e-db4724271456/scenario/ebec2fbb-0798-4618-b665-613e2d9e4c07	B.8.1.1.1, Diehl M. (2002)	no description				pH		&#176;C	5.0	mEq/100g		98.0	49.0			MWHC	45.0		Sand	89.6	8.2	2.2
https://envipath.org/package/5882df9c-dae1-4d80-a40e-db4724271456/compound/ffa2a095-ec23-452f-ab4f-60125a07ce2b/structure/4608a298-d12e-4806-a997-cb6f57279769	[2-amino-5-chlorophenol] (AE F114970)	Phosalone	Nc1ccc(Cl)cc1O	https://envipath.org/package/5882df9c-dae1-4d80-a40e-db4724271456/scenario/61aa671f-d390-4e2d-9a57-faa08d2590d1	B.8.1.1.1, Diehl M. (2002)	no description				pH		&#176;C	16.46	mEq/100g		330.0	191.0			MWHC	40.0		Silt loam	22.3	53.4	24.3
https://envipath.org/package/5882df9c-dae1-4d80-a40e-db4724271456/compound/837880a7-3ca0-44bd-a8c0-cc33fc987f4c/structure/189b6054-d792-49d1-929f-6b7732b35aa2	CO2	Phosalone	O=C=O	https://envipath.org/package/5882df9c-dae1-4d80-a40e-db4724271456/scenario/ebec2fbb-0798-4618-b665-613e2d9e4c07	B.8.1.1.1, Diehl M. (2002)	no description				pH		&#176;C	5.0	mEq/100g		98.0	49.0			MWHC	45.0		Sand	89.6	8.2	2.2
https://envipath.org/package/5882df9c-dae1-4d80-a40e-db4724271456/compound/7def94eb-219a-4a0b-a88c-2a0036177e88/structure/5958c62d-7626-4567-9693-f1e180211708	AE F054014	Phosalone	O=c1[nH]c2ccc(Cl)cc2o1	https://envipath.org/package/5882df9c-dae1-4d80-a40e-db4724271456/scenario/ebec2fbb-0798-4618-b665-613e2d9e4c07	B.8.1.1.1, Diehl M. (2002)	no description				pH		&#176;C	5.0	mEq/100g		98.0	49.0			MWHC	45.0		Sand	89.6	8.2	2.2
https://envipath.org/package/5882df9c-dae1-4d80-a40e-db4724271456/compound/fe5a89bf-a244-4d71-8941-161074537c72/structure/66cf7284-0b8e-41b8-9cae-d809639f1ab0	Oxoa	Phosmet	COP(=O)(OC)SCN1C(=O)c2ccccc2C1=O	https://envipath.org/package/5882df9c-dae1-4d80-a40e-db4724271456/scenario/83b02354-dd73-4977-91bd-53dbfac681c9	Lynn R. & Mc Corquodale G. & Paterson K. (2003)	no description				pH		&#176;C	5.4	mEq/100g		129.0	164.0			MWHC	50.0		Loamy sand	85.5	11.2	3.3
https://envipath.org/package/5882df9c-dae1-4d80-a40e-db4724271456/compound/c5a69f7e-a781-495f-b911-3573bd770b81/structure/a5c91416-5fe9-4db3-8ccf-4f1b7bc4cf90	PIMOM (N-Methoxymethyl phthalimide	Phosmet	COCN1C(=O)c2ccccc2C1=O																							
https://envipath.org/package/5882df9c-dae1-4d80-a40e-db4724271456/compound/7ff0bc9f-ca9e-4fea-baf3-9d1d6aaed103/structure/af3efc82-8eed-42f3-afd1-12dc946fd5e5	Phthalic acid	Phosmet	O=C(O)c1ccccc1C(=O)O	https://envipath.org/package/5882df9c-dae1-4d80-a40e-db4724271456/scenario/83b02354-dd73-4977-91bd-53dbfac681c9	Lynn R. & Mc Corquodale G. & Paterson K. (2003)	no description				pH		&#176;C	5.4	mEq/100g		129.0	164.0			MWHC	50.0		Loamy sand	85.5	11.2	3.3
https://envipath.org/package/5882df9c-dae1-4d80-a40e-db4724271456/compound/8bfddc79-7095-4885-8381-a6139f989f21/structure/03169316-cb05-459e-bc9e-fd2baa4f4823	O,O-Dimethyl hydrogen phosphorodithioate	Phosmet	COP(=S)(S)OC																							
https://envipath.org/package/5882df9c-dae1-4d80-a40e-db4724271456/compound/76391cde-a4e2-469f-aa22-0b1e121d4cf2/structure/f822e421-5a46-450f-8544-71122cd39803	PaAMSM (N-Mehylthiomethyl phthalamic acid)	Phosmet	CSCNC(=O)c1ccccc1C(=O)O	https://envipath.org/package/5882df9c-dae1-4d80-a40e-db4724271456/scenario/83b02354-dd73-4977-91bd-53dbfac681c9	Lynn R. & Mc Corquodale G. & Paterson K. (2003)	no description				pH		&#176;C	5.4	mEq/100g		129.0	164.0			MWHC	50.0		Loamy sand	85.5	11.2	3.3
https://envipath.org/package/5882df9c-dae1-4d80-a40e-db4724271456/compound/729b4215-52de-436f-9553-a7b58e72879f/structure/2956c148-0fe7-4f70-8886-88edd096c3f6	PIMSO2H	Phosmet	O=C1c2ccccc2C(=O)N1CS(=O)O																							
https://envipath.org/package/5882df9c-dae1-4d80-a40e-db4724271456/compound/a6d7cdfe-68f6-4936-a70e-5be3b7a1f561/structure/04e078a8-9936-4a14-8dfb-2602548435a6	[PaAMOM]	Phosmet	COCNC(=O)c1ccccc1C(=O)O	https://envipath.org/package/5882df9c-dae1-4d80-a40e-db4724271456/scenario/394d906a-7753-476e-9ba6-5a382ca36a25	scenario 40	no description		Minor																		
https://envipath.org/package/5882df9c-dae1-4d80-a40e-db4724271456/compound/ce3d9558-7509-44ad-bffa-a068bdbc816d/structure/3cb2bbdc-197b-4c6f-8207-7d40a470572c	Phtalimide	Phosmet	O=C1NC(=O)c2ccccc21	https://envipath.org/package/5882df9c-dae1-4d80-a40e-db4724271456/scenario/83b02354-dd73-4977-91bd-53dbfac681c9	Lynn R. & Mc Corquodale G. & Paterson K. (2003)	no description				pH		&#176;C	5.4	mEq/100g		129.0	164.0			MWHC	50.0		Loamy sand	85.5	11.2	3.3
https://envipath.org/package/5882df9c-dae1-4d80-a40e-db4724271456/compound/7f46e731-0414-4b0d-a5e3-906be78c35fc/structure/e99d2b16-0ca5-41d5-93d5-e4ffbbc29818	PaAmOH (N-Hydroxymethyl phthalamic)	Phosmet	O=C(O)c1ccccc1C(=O)NCO	https://envipath.org/package/5882df9c-dae1-4d80-a40e-db4724271456/scenario/83b02354-dd73-4977-91bd-53dbfac681c9	Lynn R. & Mc Corquodale G. & Paterson K. (2003)	no description				pH		&#176;C	5.4	mEq/100g		129.0	164.0			MWHC	50.0		Loamy sand	85.5	11.2	3.3
https://envipath.org/package/5882df9c-dae1-4d80-a40e-db4724271456/compound/62b161cc-f6b4-4039-a950-89f84cd21d7e/structure/cd29bc18-6cd6-4e04-85e1-cd1081ae1d04	PIMSH	Phosmet	O=C1c2ccccc2C(=O)N1CS	https://envipath.org/package/5882df9c-dae1-4d80-a40e-db4724271456/scenario/509336de-6f0b-465f-821f-1503eed120ce	scenario 39	no description		Minor																		
https://envipath.org/package/5882df9c-dae1-4d80-a40e-db4724271456/compound/763e8aa9-b613-4647-97d7-4ab0edcb6899/structure/0d84ea6f-3a6c-45d5-9909-f4d4bfdad4d2	PaAMSO3H	Phosmet	O=C(O)c1ccccc1C(=O)NCS(=O)(=O)O																							
https://envipath.org/package/5882df9c-dae1-4d80-a40e-db4724271456/compound/c422389e-a28a-454a-9e7a-31a31a109e34/structure/59a64162-c3b2-4e44-90da-40b4e68621b0	PIMOH (N-Hydroxymethyl phthalimide acid	Phosmet	O=C1c2ccccc2C(=O)N1CO																							
https://envipath.org/package/5882df9c-dae1-4d80-a40e-db4724271456/compound/722194fe-7b73-496e-9ce9-a1bbc1a6e898/structure/ade897df-ec5f-49d8-83b3-8887f652c5ec	PaAMSO2H	Phosmet	O=C(O)c1ccccc1C(=O)NC[SH](=O)=O	https://envipath.org/package/5882df9c-dae1-4d80-a40e-db4724271456/scenario/83b02354-dd73-4977-91bd-53dbfac681c9	Lynn R. & Mc Corquodale G. & Paterson K. (2003)	no description				pH		&#176;C	5.4	mEq/100g		129.0	164.0			MWHC	50.0		Loamy sand	85.5	11.2	3.3
https://envipath.org/package/5882df9c-dae1-4d80-a40e-db4724271456/compound/422d3d75-216a-41c0-8639-4b380b048ddc/structure/7502dd04-8240-4bb5-8784-8e195b841ccd	PIMS(O2)M (N-methylsulfonylmethyl phtalimide)	Phosmet	CS(=O)(=O)CN1C(=O)c2ccccc2C1=O	https://envipath.org/package/5882df9c-dae1-4d80-a40e-db4724271456/scenario/83b02354-dd73-4977-91bd-53dbfac681c9	Lynn R. & Mc Corquodale G. & Paterson K. (2003)	no description				pH		&#176;C	5.4	mEq/100g		129.0	164.0			MWHC	50.0		Loamy sand	85.5	11.2	3.3
https://envipath.org/package/5882df9c-dae1-4d80-a40e-db4724271456/compound/2e0a3260-cc55-4c8b-a27f-0766c85b12c4/structure/60e7b09c-9f53-4f79-91be-207ad9952dac	PaAMS(O2)M (N-Methylsufonylmethyl phtalmic acid	Phosmet	CS(=O)(=O)CNC(=O)c1ccccc1C(=O)O																							
https://envipath.org/package/5882df9c-dae1-4d80-a40e-db4724271456/compound/8b7ea4ee-59d8-4f5c-8a65-1494d2ff868b/structure/6aa66721-8c58-4540-a7ba-3c44f8406bb8	PIMSM (N-Methylthiomethyl phthalimide)	Phosmet	CSCN1C(=O)c2ccccc2C1=O	https://envipath.org/package/5882df9c-dae1-4d80-a40e-db4724271456/scenario/83b02354-dd73-4977-91bd-53dbfac681c9	Lynn R. & Mc Corquodale G. & Paterson K. (2003)	no description				pH		&#176;C	5.4	mEq/100g		129.0	164.0			MWHC	50.0		Loamy sand	85.5	11.2	3.3
https://envipath.org/package/5882df9c-dae1-4d80-a40e-db4724271456/compound/837880a7-3ca0-44bd-a8c0-cc33fc987f4c/structure/189b6054-d792-49d1-929f-6b7732b35aa2	CO2	Phosmet	O=C=O	https://envipath.org/package/5882df9c-dae1-4d80-a40e-db4724271456/scenario/83b02354-dd73-4977-91bd-53dbfac681c9	Lynn R. & Mc Corquodale G. & Paterson K. (2003)	no description				pH		&#176;C	5.4	mEq/100g		129.0	164.0			MWHC	50.0		Loamy sand	85.5	11.2	3.3
https://envipath.org/package/5882df9c-dae1-4d80-a40e-db4724271456/compound/48a50239-d0ec-4894-a17e-be8ff1b28c85/structure/ef84feb9-df8e-4499-b296-6a2013a73a79	PIMS(O)M (N-methylsulfinylmethyl phtalimide)	Phosmet	CS(=O)CN1C(=O)c2ccccc2C1=O	https://envipath.org/package/5882df9c-dae1-4d80-a40e-db4724271456/scenario/83b02354-dd73-4977-91bd-53dbfac681c9	Lynn R. & Mc Corquodale G. & Paterson K. (2003)	no description				pH		&#176;C	5.4	mEq/100g		129.0	164.0			MWHC	50.0		Loamy sand	85.5	11.2	3.3
https://envipath.org/package/5882df9c-dae1-4d80-a40e-db4724271456/compound/bb66cfb6-bbbf-4ac2-8bb0-558668392787/structure/529b12d6-068f-496d-a634-13830e36c013	Dimethyl phosphite	Phosmet	COP(O)OC																							
https://envipath.org/package/5882df9c-dae1-4d80-a40e-db4724271456/compound/e110e79c-d88c-4183-99a7-83ab95858695/structure/5efc3833-bdbd-411c-b317-dff24ffac6dc	PaAMS(O)M (N-Methylsulfinylmethyl phthalamic acid)	Phosmet	CS(=O)CNC(=O)c1ccccc1C(=O)O	https://envipath.org/package/5882df9c-dae1-4d80-a40e-db4724271456/scenario/83b02354-dd73-4977-91bd-53dbfac681c9	Lynn R. & Mc Corquodale G. & Paterson K. (2003)	no description				pH		&#176;C	5.4	mEq/100g		129.0	164.0			MWHC	50.0		Loamy sand	85.5	11.2	3.3
https://envipath.org/package/5882df9c-dae1-4d80-a40e-db4724271456/compound/6d377dfd-f3e7-43ed-8e67-ce598f1591e7/structure/5fc2040d-5d91-41ba-8c25-73f27ded4742	Phthalamic acid	Phosmet	NC(=O)c1ccccc1C(=O)O	https://envipath.org/package/5882df9c-dae1-4d80-a40e-db4724271456/scenario/83b02354-dd73-4977-91bd-53dbfac681c9	Lynn R. & Mc Corquodale G. & Paterson K. (2003)	no description				pH		&#176;C	5.4	mEq/100g		129.0	164.0			MWHC	50.0		Loamy sand	85.5	11.2	3.3
https://envipath.org/package/5882df9c-dae1-4d80-a40e-db4724271456/compound/837880a7-3ca0-44bd-a8c0-cc33fc987f4c/structure/189b6054-d792-49d1-929f-6b7732b35aa2	CO2	Picloram	O=C=O	https://envipath.org/package/5882df9c-dae1-4d80-a40e-db4724271456/scenario/6d565a2e-2367-4bc1-acdf-5bb4a883de24	Annex II 7.1.1, b) McCall P.J., Jeffries T.K. (1978)	no description				pH		&#176;C							 	WHC at 0,33bar	75.0		Loam	40.0	42.0	18.0
https://envipath.org/package/5882df9c-dae1-4d80-a40e-db4724271456/compound/4e0d9398-7eeb-4e72-9741-5d0d5341fd07/structure/7e1c692b-f003-46d2-b437-c70240ddf734	4-fluoroanaline	Picolinafen	Nc1ccc(F)cc1																							
https://envipath.org/package/5882df9c-dae1-4d80-a40e-db4724271456/compound/837880a7-3ca0-44bd-a8c0-cc33fc987f4c/structure/189b6054-d792-49d1-929f-6b7732b35aa2	CO2	Picolinafen	O=C=O	https://envipath.org/package/5882df9c-dae1-4d80-a40e-db4724271456/scenario/34fd5e43-c11d-4aa4-989b-dc51ee451233	Annex IIA 7.2.1/4, Mamouni & Jarvis (2012a)	no description				pH		&#176;C	10.9	mEq/100g		509.0	287.0			MWHC	40.0		Loamy sand	81.2	13.4	5.5
https://envipath.org/package/5882df9c-dae1-4d80-a40e-db4724271456/compound/7ff0bc9f-ca9e-4fea-baf3-9d1d6aaed103/structure/af3efc82-8eed-42f3-afd1-12dc946fd5e5	Phthalic acid	Picoxystrobin	O=C(O)c1ccccc1C(=O)O																							
https://envipath.org/package/5882df9c-dae1-4d80-a40e-db4724271456/compound/3d20b405-3bd2-45ca-a4e7-621b5becb31f/structure/d280ba3f-014f-4e5e-8717-3f6c39fd71f8	IN-QDY64	Picoxystrobin	COc1cccc(C(F)(F)F)n1	https://envipath.org/package/5882df9c-dae1-4d80-a40e-db4724271456/scenario/41baf89e-efb2-4326-b5ab-815769329df1	Muller K., Bauer S. and Joseph R.S.I.(1999)	no description		Minor		pH		&#176;C	15.6	mEq/100g		710.0	710.0			WHC at 15bar	100.0	WHC at pF2,5	Sandy clay loam	54.0	26.0	20.0
https://envipath.org/package/5882df9c-dae1-4d80-a40e-db4724271456/compound/34b7deb5-2e8c-412a-88f2-4c4b10104cec/structure/ce3e078c-4b6f-4750-a1fa-3f72cdde84bb	IN-QDY63	Picoxystrobin	O=C(O)c1ccccc1COc1cccc(C(F)(F)F)n1																							
https://envipath.org/package/5882df9c-dae1-4d80-a40e-db4724271456/compound/837880a7-3ca0-44bd-a8c0-cc33fc987f4c/structure/189b6054-d792-49d1-929f-6b7732b35aa2	CO2	Picoxystrobin	O=C=O	https://envipath.org/package/5882df9c-dae1-4d80-a40e-db4724271456/scenario/00f9f97c-cbc7-4d8c-81d5-938142c587ff	Harvey B.R., Butters C.A. (1998)	no description				pH		&#176;C	7.2	mEq/100g		276.0	276.0			WHC at 15bar			Sandy loam	72.0	17.0	11.0
https://envipath.org/package/5882df9c-dae1-4d80-a40e-db4724271456/compound/b41c3a22-920e-4a47-bbbb-2d4f96f57ec1/structure/00981f07-ebe2-495a-931d-5176c22b6da3	SYN 515832 (SM13), probably artefact from work up	Pinoxaden	CCc1cc(C)cc(CC)c1C1([N+](=O)[O-])C(=O)N2CCOCCN2C1=O	https://envipath.org/package/5882df9c-dae1-4d80-a40e-db4724271456/scenario/4766f7a8-a509-4c80-92d8-fa18d8d1cfa6	Phaff (2003b)	no description				pH		&#176;C	17.8	mEq/100g		471.0	400.0			MWHC	40.0		Silty clay loam	6.4	62.7	31.0
https://envipath.org/package/5882df9c-dae1-4d80-a40e-db4724271456/compound/658e4a06-d7c7-4134-9e86-07ab47884171/structure/64766c31-065c-4950-a257-a9be4047cd4d	SYN 515622 (SM5)	Pinoxaden	CCc1cc(C)cc2c1C1(OC2(C)O)C(=O)N2CCOCCN2C1=O	https://envipath.org/package/5882df9c-dae1-4d80-a40e-db4724271456/scenario/ac04a45f-24c7-4889-8245-a6cf67856193	Reischmann (2003)	no description				pH		&#176;C	12.6	mEq/100g		375.0	333.0			MWHC	40.0		Silt loam	38.6	51.8	9.6
https://envipath.org/package/5882df9c-dae1-4d80-a40e-db4724271456/compound/837880a7-3ca0-44bd-a8c0-cc33fc987f4c/structure/189b6054-d792-49d1-929f-6b7732b35aa2	CO2	Pinoxaden	O=C=O	https://envipath.org/package/5882df9c-dae1-4d80-a40e-db4724271456/scenario/a51702fd-9870-4360-a63a-d1cc1c0ec735	Fent (2003)	no description				pH		&#176;C	6.0	mEq/100g		16.68	12.36			MWHC	40.0		Sandy loam	71.5	22.5	5.9
https://envipath.org/package/5882df9c-dae1-4d80-a40e-db4724271456/compound/5ff7e196-a107-41cd-b88c-4b238a84618c/structure/c5d72c1f-5bbc-4f66-a959-9fce3a3fcd02	R035140	Pirimicarb	Cc1nc(N(C)C=O)nc(OC(N)=O)c1C	https://envipath.org/package/5882df9c-dae1-4d80-a40e-db4724271456/scenario/92d0b208-a735-42cb-94a6-35722cebae1b	Miles, Hamlet (1998)	no description				pH		&#176;C	14.5	mEq/100g		530.0	530.0			1/3 bar	73.0		Sandy loam	61.0	21.0	18.0
https://envipath.org/package/5882df9c-dae1-4d80-a40e-db4724271456/compound/837880a7-3ca0-44bd-a8c0-cc33fc987f4c/structure/189b6054-d792-49d1-929f-6b7732b35aa2	CO2	Pirimicarb	O=C=O	https://envipath.org/package/5882df9c-dae1-4d80-a40e-db4724271456/scenario/92d0b208-a735-42cb-94a6-35722cebae1b	Miles, Hamlet (1998)	no description				pH		&#176;C	14.5	mEq/100g		530.0	530.0			1/3 bar	73.0		Sandy loam	61.0	21.0	18.0
https://envipath.org/package/5882df9c-dae1-4d80-a40e-db4724271456/compound/ef6d08d7-aaa1-46c2-8c18-66db534709e8/structure/0214f2a6-1902-48c6-a290-e2d379c1c146	R016210	Pirimicarb	CN(C)C(=N)N																							
https://envipath.org/package/5882df9c-dae1-4d80-a40e-db4724271456/compound/8bcaa858-c40c-4b26-bb82-636b81fe271a/structure/f0e88eb6-af23-4675-828a-9675951775f5	R016192	Pirimicarb	CNC(=N)N																							
https://envipath.org/package/5882df9c-dae1-4d80-a40e-db4724271456/compound/837880a7-3ca0-44bd-a8c0-cc33fc987f4c/structure/189b6054-d792-49d1-929f-6b7732b35aa2	CO2	Pirimiphos-methyl	O=C=O	https://envipath.org/package/5882df9c-dae1-4d80-a40e-db4724271456/scenario/b1b606f0-bcaf-4e1d-9b45-fafeb0dc9fa1	Arnold (1976)	no description						&#176;C											Sandy loam			
https://envipath.org/package/5882df9c-dae1-4d80-a40e-db4724271456/compound/95cca455-93bf-4c4a-963f-132d81bbc360/structure/f7e1d061-69e5-454f-b242-1aceb17d5e16	2-diethylamino-6-methyl pyrimidin-4-ol 	Pirimiphos-methyl	CCN(CC)c1nc(C)cc(O)n1	https://envipath.org/package/5882df9c-dae1-4d80-a40e-db4724271456/scenario/b1b606f0-bcaf-4e1d-9b45-fafeb0dc9fa1	Arnold (1976)	no description						&#176;C											Sandy loam			
https://envipath.org/package/5882df9c-dae1-4d80-a40e-db4724271456/compound/f13d53a1-f784-4b9a-8341-2eb140bd4b4a/structure/67470c6d-f4fe-4379-a3c4-7575b86446a4	N,N-diethylguanidine 	Pirimiphos-methyl	CCN(CC)C(=N)N	https://envipath.org/package/5882df9c-dae1-4d80-a40e-db4724271456/scenario/b1b606f0-bcaf-4e1d-9b45-fafeb0dc9fa1	Arnold (1976)	no description						&#176;C											Sandy loam			
https://envipath.org/package/5882df9c-dae1-4d80-a40e-db4724271456/compound/a3fd53a5-8aec-4be2-bbbe-5f2caaad52cf/structure/f77e424b-5a52-4176-862a-5820d492de55	Imidazole	Prochloraz	c1c[nH]cn1	https://envipath.org/package/5882df9c-dae1-4d80-a40e-db4724271456/scenario/f9cc90af-9ada-4576-b344-060310b9010b	Kesterton (1981)	no description				pH		&#176;C	8.6	mEq/100g						MWHC	50.0		Sandy loam	66.0	23.0	11.0
https://envipath.org/package/5882df9c-dae1-4d80-a40e-db4724271456/compound/7058dc52-bf38-488b-9834-fc79bfa9a485/structure/43316ad6-25c3-412f-b0cf-3056e0c8a33d	BTS 45 186  (2,4,6-trichlorophenol)	Prochloraz	Oc1c(Cl)cc(Cl)cc1Cl	https://envipath.org/package/5882df9c-dae1-4d80-a40e-db4724271456/scenario/7d433905-759c-4c27-a4c9-180d975d054d	Kesterton (1981)	no description				pH		&#176;C	14.2	mEq/100g						MWHC	50.0		Silty clay loam	16.0	64.0	20.0
https://envipath.org/package/5882df9c-dae1-4d80-a40e-db4724271456/compound/837880a7-3ca0-44bd-a8c0-cc33fc987f4c/structure/189b6054-d792-49d1-929f-6b7732b35aa2	CO2	Prochloraz	O=C=O	https://envipath.org/package/5882df9c-dae1-4d80-a40e-db4724271456/scenario/f9cc90af-9ada-4576-b344-060310b9010b	Kesterton (1981)	no description				pH		&#176;C	8.6	mEq/100g						MWHC	50.0		Sandy loam	66.0	23.0	11.0
https://envipath.org/package/5882df9c-dae1-4d80-a40e-db4724271456/compound/33713d08-1ecf-432f-a2e4-c2d8aa2b4658/structure/7abf9fbb-4c16-4f87-a3c3-49ae5ff7eb8b	despropionyl prohexadione	Prohexadione-calcium	O=C1C=C(O)CC(C(=O)O)C1	https://envipath.org/package/5882df9c-dae1-4d80-a40e-db4724271456/scenario/c3efbc36-e189-41fa-9fea-b735738a9891	Class (2008), IIA 7.1.1.1.	no description				pH		&#176;C	10.0	mEq/100g		344.0	344.0			MWHC	40.0		Loamy sand	81.2	12.1	6.7
https://envipath.org/package/5882df9c-dae1-4d80-a40e-db4724271456/compound/837880a7-3ca0-44bd-a8c0-cc33fc987f4c/structure/189b6054-d792-49d1-929f-6b7732b35aa2	CO2	Prohexadione-calcium	O=C=O	https://envipath.org/package/5882df9c-dae1-4d80-a40e-db4724271456/scenario/c3efbc36-e189-41fa-9fea-b735738a9891	Class (2008), IIA 7.1.1.1.	no description				pH		&#176;C	10.0	mEq/100g		344.0	344.0			MWHC	40.0		Loamy sand	81.2	12.1	6.7
https://envipath.org/package/5882df9c-dae1-4d80-a40e-db4724271456/compound/837880a7-3ca0-44bd-a8c0-cc33fc987f4c/structure/189b6054-d792-49d1-929f-6b7732b35aa2	CO2	Propamocarb hydrochloride	O=C=O	https://envipath.org/package/5882df9c-dae1-4d80-a40e-db4724271456/scenario/2ac5482e-2d80-4e92-a749-4443d5943c75	Fent, G. & Hein, W. (2001c)	no description				pH		&#176;C	3.0	mEq/100g		38.0	26.0			MWHC	45.0		Loamy sand	96.7	0.0	3.3
https://envipath.org/package/5882df9c-dae1-4d80-a40e-db4724271456/compound/d6405c8f-32b1-4713-8add-0250f6f83866/structure/3cc013fd-a521-4885-8a6c-6c5fc782e885	3,4-Dichloronitrobenzene (DCNB)	Propanil	O=[N+]([O-])c1ccc(Cl)c(Cl)c1	https://envipath.org/package/5882df9c-dae1-4d80-a40e-db4724271456/scenario/da531ecc-c7a7-48c5-bbde-752ca09f4149	Penketh (2004a), IIA 7.1.1.1.1/02 and IIIA, 9.1.3/03	no description				pH		&#176;C	9.0	mEq/100g		38.0	29.0			pF 2, experimental @ pF 2			Sandy loam			
https://envipath.org/package/5882df9c-dae1-4d80-a40e-db4724271456/compound/837880a7-3ca0-44bd-a8c0-cc33fc987f4c/structure/189b6054-d792-49d1-929f-6b7732b35aa2	CO2	Propanil	O=C=O	https://envipath.org/package/5882df9c-dae1-4d80-a40e-db4724271456/scenario/da531ecc-c7a7-48c5-bbde-752ca09f4149	Penketh (2004a), IIA 7.1.1.1.1/02 and IIIA, 9.1.3/03	no description				pH		&#176;C	9.0	mEq/100g		38.0	29.0			pF 2, experimental @ pF 2			Sandy loam			
https://envipath.org/package/5882df9c-dae1-4d80-a40e-db4724271456/compound/158d7221-3faa-4bc8-ad67-0a866b9789b4/structure/1e822f07-700c-4a63-8ff2-c2a4562519f3	3,3,4,4-Tetrachlorobenzene (TCAB)	Propanil	Clc1ccc(N=Nc2ccc(Cl)c(Cl)c2)cc1Cl	https://envipath.org/package/5882df9c-dae1-4d80-a40e-db4724271456/scenario/da531ecc-c7a7-48c5-bbde-752ca09f4149	Penketh (2004a), IIA 7.1.1.1.1/02 and IIIA, 9.1.3/03	no description				pH		&#176;C	9.0	mEq/100g		38.0	29.0			pF 2, experimental @ pF 2			Sandy loam			
https://envipath.org/package/5882df9c-dae1-4d80-a40e-db4724271456/compound/d9a34a78-ff86-469d-87ba-e6152f1b1c2e/structure/f7317912-5008-4389-8d74-3aced06fe65f	Compound 3 (R118106)	Propaquizafop	CC(Oc1ccc(O)cc1)C(=O)O	https://envipath.org/package/5882df9c-dae1-4d80-a40e-db4724271456/scenario/ae4b86b0-7825-490f-afa3-dd6b7727cff1	Dieterle (1987a)	no description				pH		&#176;C	24.39	mEq/100g						MWHC	34.7		Loam	33.6	36.2	24.6
https://envipath.org/package/5882df9c-dae1-4d80-a40e-db4724271456/compound/0999096b-d8c7-49c9-84ed-149e041ebbc9/structure/f616c20b-5167-4f33-81b6-9bc8d87f15a6	Dihydroxy ether (CGA 294971)	Propaquizafop	Oc1ccc(Oc2nc3ccc(Cl)cc3nc2O)cc1	https://envipath.org/package/5882df9c-dae1-4d80-a40e-db4724271456/scenario/15ed32eb-013a-4d51-98a2-ecfaaa819f08	Mamouni (1999a)	no description				pH		&#176;C	7.75	mEq/100g						MWC pF 1.0	40.0		Sandy loam	76.0	17.4	6.6
https://envipath.org/package/5882df9c-dae1-4d80-a40e-db4724271456/compound/299b96b4-842a-4a1f-a3f6-0ddd5058f9c6/structure/7fbdc346-97a0-4b46-bcf5-5932bed01f35	Hydroxy ether (CGA 129674)	Propaquizafop	Oc1ccc(Oc2cnc3cc(Cl)ccc3n2)cc1	https://envipath.org/package/5882df9c-dae1-4d80-a40e-db4724271456/scenario/ae4b86b0-7825-490f-afa3-dd6b7727cff1	Dieterle (1987a)	no description				pH		&#176;C	24.39	mEq/100g						MWHC	34.7		Loam	33.6	36.2	24.6
https://envipath.org/package/5882df9c-dae1-4d80-a40e-db4724271456/compound/837880a7-3ca0-44bd-a8c0-cc33fc987f4c/structure/189b6054-d792-49d1-929f-6b7732b35aa2	CO2	Propaquizafop	O=C=O	https://envipath.org/package/5882df9c-dae1-4d80-a40e-db4724271456/scenario/ae4b86b0-7825-490f-afa3-dd6b7727cff1	Dieterle (1987a)	no description				pH		&#176;C	24.39	mEq/100g						MWHC	34.7		Loam	33.6	36.2	24.6
https://envipath.org/package/5882df9c-dae1-4d80-a40e-db4724271456/compound/4fa0d437-7687-423c-a069-106385355272/structure/66fb099e-5867-48a5-ba9c-7fcfce401c60	PTBP	Propargite	CC(C)(C)c1ccc(O)cc1	https://envipath.org/package/5882df9c-dae1-4d80-a40e-db4724271456/scenario/8e0fa6e0-9e5d-4a6c-9e85-21c040ad2e5c	Comezoglu, Ly (1995)	no description				pH		&#176;C	8.9	mEq/100g						1/3 bar	75.0		Sandy loam	64.0	28.0	8.0
https://envipath.org/package/5882df9c-dae1-4d80-a40e-db4724271456/compound/6569cca8-f6dc-44c6-9f66-44f8ccab186a/structure/66184fdd-0566-4792-822c-b3b2c429b3c0	BGES	Propargite	CC(C)(C)c1ccc(OC2CCCCC2OS(=O)OC2CCCCC2Oc2ccc(C(C)(C)C)cc2)cc1	https://envipath.org/package/5882df9c-dae1-4d80-a40e-db4724271456/scenario/7ee5436d-5119-44b8-bbbd-fb395f643341	Dzialo (1988a)	no description				pH		&#176;C	12.18	mEq/100g						1/3 bar	75.0		Sandy clay loam	51.2	26.8	22.0
https://envipath.org/package/5882df9c-dae1-4d80-a40e-db4724271456/compound/837880a7-3ca0-44bd-a8c0-cc33fc987f4c/structure/189b6054-d792-49d1-929f-6b7732b35aa2	CO2	Propargite	O=C=O	https://envipath.org/package/5882df9c-dae1-4d80-a40e-db4724271456/scenario/4ed128ec-3c8d-46d3-b7a5-e7753c74b7a9	Nag (2004)	no description				pH		&#176;C	16.3	mEq/100g		27.6	19.5			MWHC (pF 1)	45.0		Loam	7.99	1.26	0.75
https://envipath.org/package/5882df9c-dae1-4d80-a40e-db4724271456/compound/94b356a9-b3e4-486a-877f-add0629b4719/structure/0175b7af-63c4-4a1f-91b4-4bc0ce6e987c	Propineb	Propineb	CC(CNC(=S)[S-])NC(=S)[S-].[Zn+2]	https://envipath.org/package/5882df9c-dae1-4d80-a40e-db4724271456/scenario/85621598-5adf-4e00-9891-20c9d801a489	Hellpointner E. , Junge T (2014)	no description				pH		&#176;C	8.4	mEq/100g		1148.0	578.0			WHC at pF2	54.0	MWHC	Sandy loam	73.0	18.0	9.0
https://envipath.org/package/5882df9c-dae1-4d80-a40e-db4724271456/compound/837880a7-3ca0-44bd-a8c0-cc33fc987f4c/structure/189b6054-d792-49d1-929f-6b7732b35aa2	CO2	Propineb	O=C=O	https://envipath.org/package/5882df9c-dae1-4d80-a40e-db4724271456/scenario/30c22720-aa31-462c-a0b2-181275356955	Hellpointner E., Kasel D. (2014)	no description				pH		&#176;C	20.6	mEq/100g		3208.0	2662.0			MWHC	54.0	MWHC	Loam	31.0	43.0	26.0
https://envipath.org/package/5882df9c-dae1-4d80-a40e-db4724271456/compound/4068db63-9728-45f8-b700-8666dfd3f657/structure/8374514a-a98f-42e2-9411-06467fa56138	M6 N-(2-ethyl-6-methylphenyl)-N-(isopropoxy-methyl)-2-(methylsulfonyl)acetamide	Propisochlor	CCc1cccc(C)c1N(COC(C)C)C(=O)CS(C)(=O)=O	https://envipath.org/package/5882df9c-dae1-4d80-a40e-db4724271456/scenario/3ebfa774-2a67-49a3-8029-9e3998759595	Adam (2007a)	no description				pH		&#176;C	20.0	mEq/100g		225.5	171.5			MWHC @ pF1	40.0		Clay	21.9	36.0	42.0
https://envipath.org/package/5882df9c-dae1-4d80-a40e-db4724271456/compound/007965b4-e123-421e-9a0e-ada966f670f4/structure/bc85b479-1f6a-47ff-b81f-8c02ac98e5b1	Propisochlor S-glutathione	Propisochlor	CCc1cccc(C)c1N(COC(C)C)C(=O)CSCC(NC(=O)CCC(N)C(=O)O)C(=O)NCC(=O)O																							
https://envipath.org/package/5882df9c-dae1-4d80-a40e-db4724271456/compound/e6ca9677-8771-41ba-b002-3c54402b1ce5/structure/80520c20-f560-4463-a390-90c495f1e179	s-sulfonic acid (13)	Propisochlor	CCc1cccc(C)c1NC(=O)CS(=O)(=O)O	https://envipath.org/package/5882df9c-dae1-4d80-a40e-db4724271456/scenario/3ebfa774-2a67-49a3-8029-9e3998759595	Adam (2007a)	no description				pH		&#176;C	20.0	mEq/100g		225.5	171.5			MWHC @ pF1	40.0		Clay	21.9	36.0	42.0
https://envipath.org/package/5882df9c-dae1-4d80-a40e-db4724271456/compound/837880a7-3ca0-44bd-a8c0-cc33fc987f4c/structure/189b6054-d792-49d1-929f-6b7732b35aa2	CO2	Propoxycarbazone-sodium	O=C=O	https://envipath.org/package/5882df9c-dae1-4d80-a40e-db4724271456/scenario/3c219e24-4bbd-4b78-9140-8b8c22055747	Ripperger et al. 1999a	no description				pH		&#176;C	15.0	mEq/100g		570.0	392.0			WHC	45.0	WHC	Silt	8.5	81.3	10.2
https://envipath.org/package/5882df9c-dae1-4d80-a40e-db4724271456/compound/31748349-7ad0-467e-a338-2cdab3c896d2/structure/5a1f818c-ba12-45aa-b19f-a8722855e97a	Acid sulphonamide (IN-D5119)	Propoxycarbazone-sodium	NS(=O)(=O)c1ccccc1C(=O)O	https://envipath.org/package/5882df9c-dae1-4d80-a40e-db4724271456/scenario/8453e91e-d58d-4241-8dad-efd5001566c9	Ripperger et al. 1999a	no description		Minor		pH		&#176;C	15.0	mEq/100g		570.0	392.0			WHC	45.0	WHC	Silt	8.5	81.3	10.2
https://envipath.org/package/5882df9c-dae1-4d80-a40e-db4724271456/compound/8265112c-ab0f-4f3c-bb81-63f7a49a8e11/structure/5380ade2-e852-44db-b236-47c65ef63a65	M04 (MKH 6561 Carboxylic acid)	Propoxycarbazone-sodium	CCCOc1nn(C(=O)NS(=O)(=O)c2ccccc2C(=O)O)c(=O)n1C	https://envipath.org/package/5882df9c-dae1-4d80-a40e-db4724271456/scenario/427ccc9d-fc7d-4808-900b-11aa82236121	Ripperger et al. 1999b	no description		Minor		pH		&#176;C	10.0	mEq/100g		383.0	274.0			1/3 bar moisture	45.0	WHC	Loamy sand	80.5	12.3	7.2
https://envipath.org/package/5882df9c-dae1-4d80-a40e-db4724271456/compound/837880a7-3ca0-44bd-a8c0-cc33fc987f4c/structure/189b6054-d792-49d1-929f-6b7732b35aa2	CO2	Propyzamide	O=C=O	https://envipath.org/package/5882df9c-dae1-4d80-a40e-db4724271456/scenario/7eec3d20-acc7-49c8-bba6-c1ef32687f09	VÃ¶lkel et al. 2014	no description				pH		&#176;C	21.6	mEq/100g		525.0	464.0			WHC at pF 2.0			Clay loam	33.0	37.0	30.0
https://envipath.org/package/5882df9c-dae1-4d80-a40e-db4724271456/compound/7e3b60e1-017a-4dae-8f70-37103f797748/structure/bf9f100e-25cb-417f-8690-60245fdc2fd5	RH-20839	Propyzamide	O=C(O)c1cc(Cl)cc(Cl)c1	https://envipath.org/package/5882df9c-dae1-4d80-a40e-db4724271456/scenario/23199a83-6f81-4da9-879b-973174b1980b	VÃ¶lkel et al. 2001	no description		 		pH		&#176;C	11.0	mEq/100g		123.0	151.0			WHC at pF 1.0	40.0	WHC at pF 1.0	Sandy loam	66.2	26.5	7.4
https://envipath.org/package/5882df9c-dae1-4d80-a40e-db4724271456/compound/837880a7-3ca0-44bd-a8c0-cc33fc987f4c/structure/189b6054-d792-49d1-929f-6b7732b35aa2	CO2	Proquinazid	O=C=O	https://envipath.org/package/5882df9c-dae1-4d80-a40e-db4724271456/scenario/0d39c3d6-71f0-4f7e-832b-2afddccb2488	Spare (1999b)	no description				pH		&#176;C	10.0	mEq/100g		446.3	278.7			MWHC			Loamy sand	80.0	16.0	4.0
https://envipath.org/package/5882df9c-dae1-4d80-a40e-db4724271456/compound/5eb0cc9d-b6a2-4752-8842-b6c0eca3c564/structure/7b756b4b-0149-4c3e-8fb8-69ddfbb44afc	Prosulfocarb sulfoxide	Prosulfocarb	CCCN(CCC)C(=O)S(=O)Cc1ccccc1	https://envipath.org/package/5882df9c-dae1-4d80-a40e-db4724271456/scenario/f7b9e443-f2ef-436f-b379-02298916e0a9	McGahen (1987a)	no description				pH		&#176;C	30.9	mEq/100g						moistruce capacity at half saturation	75.0		Silty clay loam	10.6	58.0	31.6
https://envipath.org/package/5882df9c-dae1-4d80-a40e-db4724271456/compound/837880a7-3ca0-44bd-a8c0-cc33fc987f4c/structure/189b6054-d792-49d1-929f-6b7732b35aa2	CO2	Prosulfocarb	O=C=O	https://envipath.org/package/5882df9c-dae1-4d80-a40e-db4724271456/scenario/f7b9e443-f2ef-436f-b379-02298916e0a9	McGahen (1987a)	no description				pH		&#176;C	30.9	mEq/100g						moistruce capacity at half saturation	75.0		Silty clay loam	10.6	58.0	31.6
https://envipath.org/package/5882df9c-dae1-4d80-a40e-db4724271456/compound/837880a7-3ca0-44bd-a8c0-cc33fc987f4c/structure/189b6054-d792-49d1-929f-6b7732b35aa2	CO2	Prosulfuron	O=C=O	https://envipath.org/package/5882df9c-dae1-4d80-a40e-db4724271456/scenario/40c49f70-b240-4ab7-b671-98fd2df4f5b4	Scott (2000)	no description				pH		&#176;C	12.0	mEq/100g						MHC	50.0		Silt loam	34.0	53.0	13.0
https://envipath.org/package/5882df9c-dae1-4d80-a40e-db4724271456/compound/d06dd934-15d6-4690-a379-903b3398a530/structure/424e7175-23c1-45fb-b117-9a956577ac7f	O-desmethyl triazine amine (IN-B5528)	Prosulfuron	Cc1nc(N)nc(O)n1																							
https://envipath.org/package/5882df9c-dae1-4d80-a40e-db4724271456/compound/6f28950c-bbec-4086-8d5e-d2bb0a220a57/structure/54eb11ad-b920-47a7-ae86-dcbb2b9c183a	IN-F5475	Prosulfuron	Cc1nc(O)nc(O)n1																							
https://envipath.org/package/5882df9c-dae1-4d80-a40e-db4724271456/compound/20d68316-1e0a-4b6f-9d29-0d7f23f374a5/structure/63e30a9f-d178-4010-a83a-a72455e60a85	CGA 300408	Prosulfuron	COc1nc(C)nc(NC(=O)NS(=O)(=O)c2cc(O)ccc2CCC(F)(F)F)n1																							
https://envipath.org/package/5882df9c-dae1-4d80-a40e-db4724271456/compound/837880a7-3ca0-44bd-a8c0-cc33fc987f4c/structure/189b6054-d792-49d1-929f-6b7732b35aa2	CO2	Prothioconazole	O=C=O	https://envipath.org/package/5882df9c-dae1-4d80-a40e-db4724271456/scenario/efebb2cc-7abd-4ebd-a8be-d21bbcd1bc0a	Gilges, (2001b)	no description				pH		&#176;C	8.0	mEq/100g						MWHC	40.0			72.4	22.6	5.0
https://envipath.org/package/5882df9c-dae1-4d80-a40e-db4724271456/compound/2507d118-91fc-45bf-9954-de7b9a072e34/structure/b570c389-e636-40c6-9163-19f5ee785d1d	M16 prothioconazole-5-hydroxy-desthio	Prothioconazole	Oc1ccc(Cl)c(CC(O)(Cn2cncn2)C2(Cl)CC2)c1	https://envipath.org/package/5882df9c-dae1-4d80-a40e-db4724271456/scenario/fc0572dd-af3a-422f-98f1-9079441efc27	Gilges, (2000, amended 2001)	no description				pH		&#176;C	8.0	mEq/100g		460.0	46.5			MWHC	48.0		Sandy loam	72.4	22.6	5.0
https://envipath.org/package/5882df9c-dae1-4d80-a40e-db4724271456/compound/ce7551ca-9c9a-4223-90f6-af73cc6e95ea/structure/f75a9c1e-1a1b-4d30-a980-620bcdbf31b2	M14 prothioconazole-3-hydroxy-desthio	Prothioconazole	Oc1cccc(CC(O)(Cn2cncn2)C2(Cl)CC2)c1Cl	https://envipath.org/package/5882df9c-dae1-4d80-a40e-db4724271456/scenario/30f6cffc-85c7-4693-97fb-a1f2adfce5fa	Hellpointner, (2001b)	no description				pH		&#176;C	4.3	mEq/100g		25.0	20.0			FC @ 1/3 bar	75.0		Loamy sand	86.8	7.6	5.6
https://envipath.org/package/5882df9c-dae1-4d80-a40e-db4724271456/compound/a15dc090-924f-4ae2-9ea6-3230a8a7f504/structure/d705d7e2-2f0e-4230-8d35-5eb2c2fc1c91	1,2,4 triazole	Prothioconazole	c1nc[nH]n1	https://envipath.org/package/5882df9c-dae1-4d80-a40e-db4724271456/scenario/1235c9e9-1148-48ea-850b-8bab1e0297be	Hellpointner, (2001b)	no description				pH		&#176;C	15.0	mEq/100g		1432.0	356.0			MWHC	50.0		Silt	8.5	81.3	10.2
https://envipath.org/package/5882df9c-dae1-4d80-a40e-db4724271456/compound/98ccac9b-059f-4b60-90ac-04ee0c723e71/structure/2bf78ebe-db38-4f01-b778-bd06f1269fa6	M02 prothioconazole-sulfonic acid	Prothioconazole	O=S(=O)(O)c1ncnn1CC(O)(Cc1ccccc1Cl)C1(Cl)CC1	https://envipath.org/package/5882df9c-dae1-4d80-a40e-db4724271456/scenario/30f6cffc-85c7-4693-97fb-a1f2adfce5fa	Hellpointner, (2001b)	no description				pH		&#176;C	4.3	mEq/100g		25.0	20.0			FC @ 1/3 bar	75.0		Loamy sand	86.8	7.6	5.6
https://envipath.org/package/5882df9c-dae1-4d80-a40e-db4724271456/compound/0294b106-107e-4dce-a806-1702be7dfa13/structure/cace6560-f39b-4c0c-be87-14c8ad57dc8b	M15 prothioconazole-4-hydroxy-desthio	Prothioconazole	Oc1ccc(CC(O)(Cn2cncn2)C2(Cl)CC2)c(Cl)c1	https://envipath.org/package/5882df9c-dae1-4d80-a40e-db4724271456/scenario/fc0572dd-af3a-422f-98f1-9079441efc27	Gilges, (2000, amended 2001)	no description				pH		&#176;C	8.0	mEq/100g		460.0	46.5			MWHC	48.0		Sandy loam	72.4	22.6	5.0
https://envipath.org/package/5882df9c-dae1-4d80-a40e-db4724271456/compound/187347e4-b4b4-4a90-98d2-205400870a8e/structure/9771e965-7f4d-4654-aab7-7ad4d7e4f8dc	M17 prothioconazole-6-hydroxy-desthio	Prothioconazole	Oc1cccc(Cl)c1CC(O)(Cn1cncn1)C1(Cl)CC1	https://envipath.org/package/5882df9c-dae1-4d80-a40e-db4724271456/scenario/30f6cffc-85c7-4693-97fb-a1f2adfce5fa	Hellpointner, (2001b)	no description				pH		&#176;C	4.3	mEq/100g		25.0	20.0			FC @ 1/3 bar	75.0		Loamy sand	86.8	7.6	5.6
https://envipath.org/package/5882df9c-dae1-4d80-a40e-db4724271456/compound/f0f7bf1a-1c24-4699-ac4f-5e09526076f6/structure/68d6a84b-da40-4615-b9e1-720038c7b583	M03 prothioconazole-trizolinone	Prothioconazole	O=c1[nH]cnn1CC(O)(Cc1ccccc1Cl)C1(Cl)CC1	https://envipath.org/package/5882df9c-dae1-4d80-a40e-db4724271456/scenario/30f6cffc-85c7-4693-97fb-a1f2adfce5fa	Hellpointner, (2001b)	no description				pH		&#176;C	4.3	mEq/100g		25.0	20.0			FC @ 1/3 bar	75.0		Loamy sand	86.8	7.6	5.6
https://envipath.org/package/5882df9c-dae1-4d80-a40e-db4724271456/compound/84c96310-72a4-4746-a431-70f5c6084530/structure/91ca651f-adfd-4d9f-bb15-b011c96c21a3	M02 2-chlorobenzoic acid	Prothioconazole	O=C(O)c1ccccc1Cl	https://envipath.org/package/5882df9c-dae1-4d80-a40e-db4724271456/scenario/30f6cffc-85c7-4693-97fb-a1f2adfce5fa	Hellpointner, (2001b)	no description				pH		&#176;C	4.3	mEq/100g		25.0	20.0			FC @ 1/3 bar	75.0		Loamy sand	86.8	7.6	5.6
https://envipath.org/package/5882df9c-dae1-4d80-a40e-db4724271456/compound/39b21835-0911-4255-a929-890205daa305/structure/b0e1b8dc-a5a6-48e8-86cc-3e9f8a456c74	GS23199	Pymetrozine	Cc1n[nH]c(=O)[nH]c1=O	https://envipath.org/package/5882df9c-dae1-4d80-a40e-db4724271456/scenario/94c35a7c-d610-4128-8861-7c298244d69d	Dixon, Aldermann, Gilbert (2012)	no description				pH		&#176;C	18.9	mEq/100g		970.0	452.0			pF 2, experimental @Â pF 2			Sandy clay loam	51.0	24.0	25.0
https://envipath.org/package/5882df9c-dae1-4d80-a40e-db4724271456/compound/837880a7-3ca0-44bd-a8c0-cc33fc987f4c/structure/189b6054-d792-49d1-929f-6b7732b35aa2	CO2	Pymetrozine	O=C=O	https://envipath.org/package/5882df9c-dae1-4d80-a40e-db4724271456/scenario/7a6e1860-3cdc-4c89-8fe7-01489347d651	Schulze-Aurich (1996a)	no description				pH		&#176;C	14.0	mEq/100g		585.5	407.7			FC	75.0		Silt loam	31.8	54.3	13.9
https://envipath.org/package/5882df9c-dae1-4d80-a40e-db4724271456/compound/2b17ac93-ee0c-4773-b4f4-3cdea66e3b68/structure/b4a72c22-cf05-4639-94a2-ee87dc38bfc9	M12 CGA323584, 6-methyl-4-[(pyridinylmethylene0-amino]-2H-(1,2,4-trizine-3,5(2H)-dione	Pymetrozine	Cc1n[nH]c(=O)n(N=Cc2cccnc2)c1=O	https://envipath.org/package/5882df9c-dae1-4d80-a40e-db4724271456/scenario/8c67402d-a71a-4891-b6cc-ec06a3f68bc2	Dixon, Aldermann, Gilbert (2012)	no description				pH		&#176;C	18.9	mEq/100g		984.0	471.0			pF 2, experimental @Â pF 2			Sandy clay loam	51.0	24.0	25.0
https://envipath.org/package/5882df9c-dae1-4d80-a40e-db4724271456/compound/837880a7-3ca0-44bd-a8c0-cc33fc987f4c/structure/189b6054-d792-49d1-929f-6b7732b35aa2	CO2	Pyraflufen-ethyl	O=C=O	https://envipath.org/package/5882df9c-dae1-4d80-a40e-db4724271456/scenario/6b374434-c8e6-4171-965d-ae6e1d539edf	Shepler (2000)	no description				pH		&#176;C	4.3	mEq/100g						1/3 bar	150.0		Loamy sand	86.0	10.0	4.0
https://envipath.org/package/5882df9c-dae1-4d80-a40e-db4724271456/compound/801ef619-1062-474b-87c4-7aaa50b4a916/structure/692bd258-c330-42d8-bd95-5ef42828b826	E-9	Pyraflufen-ethyl	O=C(O)COc1cc(-c2n[nH]c(OC(F)F)c2Cl)c(F)cc1Cl	https://envipath.org/package/5882df9c-dae1-4d80-a40e-db4724271456/scenario/6b374434-c8e6-4171-965d-ae6e1d539edf	Shepler (2000)	no description				pH		&#176;C	4.3	mEq/100g						1/3 bar	150.0		Loamy sand	86.0	10.0	4.0
https://envipath.org/package/5882df9c-dae1-4d80-a40e-db4724271456/compound/960c40c7-910e-4d66-99e9-fd4a75968331/structure/10c9a13e-e1ac-485a-8f4d-b6285f08c3fa	Chrysanthemic acid	Pyrethrin	CC(C)=CC1C(C(=O)O)C1(C)C	https://envipath.org/package/5882df9c-dae1-4d80-a40e-db4724271456/scenario/0f5eb4ee-70b8-40db-8e42-3d8480bfbf17	Robinson (1994), IIA 7.1.1.1.1	no description				pH		&#176;C	18.0	mEq/100g						1/3 bar	75.0		Sandy loam	68.0	18.0	14.0
https://envipath.org/package/5882df9c-dae1-4d80-a40e-db4724271456/compound/837880a7-3ca0-44bd-a8c0-cc33fc987f4c/structure/189b6054-d792-49d1-929f-6b7732b35aa2	CO2	Pyrethrin	O=C=O	https://envipath.org/package/5882df9c-dae1-4d80-a40e-db4724271456/scenario/0f5eb4ee-70b8-40db-8e42-3d8480bfbf17	Robinson (1994), IIA 7.1.1.1.1	no description				pH		&#176;C	18.0	mEq/100g						1/3 bar	75.0		Sandy loam	68.0	18.0	14.0
https://envipath.org/package/5882df9c-dae1-4d80-a40e-db4724271456/compound/23d642db-ea4e-4ed3-bfcf-f5f4c19560e7/structure/71a4387e-630e-48bf-930a-45782a4db9ff	P-16	Pyridaben	O=c1[nH]ncc(S(=O)(=O)O)c1Cl	https://envipath.org/package/5882df9c-dae1-4d80-a40e-db4724271456/scenario/ad8f9610-0e1f-4fa9-ba89-565225787d38	Crowe (2001), IIA 7.1.1.1.1/01	no description				pH		&#176;C	8.6	mEq/100g		156.0	710.0		 	MWHC	40.0		Sandy loam	63.0	30.0	7.0
https://envipath.org/package/5882df9c-dae1-4d80-a40e-db4724271456/compound/f7ef0825-998d-417c-baa2-075ff336ecf2/structure/1659318b-0074-4075-8b1d-8f84d6a19b91	P-14	Pyridaben	CC(C)(C)n1ncc(S(=O)(=O)O)c(Cl)c1=O	https://envipath.org/package/5882df9c-dae1-4d80-a40e-db4724271456/scenario/ddc42abc-1db5-4fc5-9be0-dafc38277421	Crowe (2001), IIA 7.1.1.1.1/01	no description				pH		&#176;C	43.8	mEq/100g		784.0	6214.0		 	MWHC	40.0		Clay loam	27.0	39.0	35.0
https://envipath.org/package/5882df9c-dae1-4d80-a40e-db4724271456/compound/fbab95af-7e62-4581-9029-6e332cfaa112/structure/4994ce4f-513b-47bd-8a30-8b6ba450b621	PB-4	Pyridaben	CC(C)(C)c1ccc(CS(=O)c2cnn(C(C)(C)C)c(=O)c2Cl)cc1	https://envipath.org/package/5882df9c-dae1-4d80-a40e-db4724271456/scenario/ad8f9610-0e1f-4fa9-ba89-565225787d38	Crowe (2001), IIA 7.1.1.1.1/01	no description				pH		&#176;C	8.6	mEq/100g		156.0	710.0		 	MWHC	40.0		Sandy loam	63.0	30.0	7.0
https://envipath.org/package/5882df9c-dae1-4d80-a40e-db4724271456/compound/837880a7-3ca0-44bd-a8c0-cc33fc987f4c/structure/189b6054-d792-49d1-929f-6b7732b35aa2	CO2	Pyridaben	O=C=O	https://envipath.org/package/5882df9c-dae1-4d80-a40e-db4724271456/scenario/ad8f9610-0e1f-4fa9-ba89-565225787d38	Crowe (2001), IIA 7.1.1.1.1/01	no description				pH		&#176;C	8.6	mEq/100g		156.0	710.0		 	MWHC	40.0		Sandy loam	63.0	30.0	7.0
https://envipath.org/package/5882df9c-dae1-4d80-a40e-db4724271456/compound/739fd7ba-2f6b-4387-a3cd-7b003aad9fc9/structure/d5b24f3e-c228-461f-a17a-0d31b84d2fc4	PB-14	Pyridaben	CC(C)(C)c1ccc(Cc2c(S(=O)(=O)O)cnn(C(C)(C)C)c2=O)cc1	https://envipath.org/package/5882df9c-dae1-4d80-a40e-db4724271456/scenario/ad8f9610-0e1f-4fa9-ba89-565225787d38	Crowe (2001), IIA 7.1.1.1.1/01	no description				pH		&#176;C	8.6	mEq/100g		156.0	710.0		 	MWHC	40.0		Sandy loam	63.0	30.0	7.0
https://envipath.org/package/5882df9c-dae1-4d80-a40e-db4724271456/compound/270555f2-6f5a-4eb5-b2b6-20f497f4bfc6/structure/a349efc7-ed8c-4fde-a9fd-e01ce7719be4	PB-9	Pyridaben	CC(C)(CO)c1ccc(CSc2cnn(C(C)(C)C)c(=O)c2Cl)cc1	https://envipath.org/package/5882df9c-dae1-4d80-a40e-db4724271456/scenario/fa1037d6-8fa9-4cd6-8c62-e75ebb5608d5	Crowe (2002), IIA 7.1.1.1.1/01 	no description				pH		&#176;C	19.1	mEq/100g		256.0	596.0		 	MWHC	40.0		Sandy loam	65.0	24.0	11.0
https://envipath.org/package/5882df9c-dae1-4d80-a40e-db4724271456/compound/f28dbe6d-4b73-40ed-a514-0b2d055b6a50/structure/c62cb1c4-570b-478e-bd1e-451fcdfff759	1-octanol	Pyridate	CCCCCCCCO																							
https://envipath.org/package/5882df9c-dae1-4d80-a40e-db4724271456/compound/100c0755-8c86-45db-9f50-2f994544063b/structure/c0e1c30d-b044-40f9-b442-a1a865a80a07	Octane	Pyridate	CCCCCCCC																							
https://envipath.org/package/5882df9c-dae1-4d80-a40e-db4724271456/compound/a115da49-26dd-4e44-8657-1ed29a23282e/structure/8f5257b9-8ef3-4093-be77-23346281b403	1-octanethiol	Pyridate	CCCCCCCCS																							
https://envipath.org/package/5882df9c-dae1-4d80-a40e-db4724271456/compound/837880a7-3ca0-44bd-a8c0-cc33fc987f4c/structure/189b6054-d792-49d1-929f-6b7732b35aa2	CO2	Pyridate	O=C=O	https://envipath.org/package/5882df9c-dae1-4d80-a40e-db4724271456/scenario/011be035-c9dd-43c7-bb16-8ed65cd15305	Schanne & Morgenroth (1995)	no description				pH		&#176;C	15.5	mEq/100g		364.0	364.0			MWHC	40.0		Silt loam	59.4	29.3	11.3
https://envipath.org/package/5882df9c-dae1-4d80-a40e-db4724271456/compound/7623a8e3-3436-493a-ad6e-13af00ad46d8/structure/cd39088b-d7cd-43b2-8bf1-5493c5eee047	Caprylic acid	Pyridate	CCCCCCCC(=O)O																							
https://envipath.org/package/5882df9c-dae1-4d80-a40e-db4724271456/compound/5f6d08aa-a386-430c-84ac-7086c222d634/structure/e1b56014-b478-4a9e-a34a-a01a13ab8c98	S-octylthiocarbonate	Pyridate	CCCCCCCCSC(=O)O																							
https://envipath.org/package/5882df9c-dae1-4d80-a40e-db4724271456/compound/837880a7-3ca0-44bd-a8c0-cc33fc987f4c/structure/189b6054-d792-49d1-929f-6b7732b35aa2	CO2	Pyrimethanil	O=C=O	https://envipath.org/package/5882df9c-dae1-4d80-a40e-db4724271456/scenario/644d18bb-4c50-499d-b95c-44267234ebbd	Feyerabend, M. (1993b)	no description				pH		&#176;C	8.0	mEq/100g		346.0	122.0		 	MWHC	40.0		Sandy loam	60.7	32.6	6.7
https://envipath.org/package/5882df9c-dae1-4d80-a40e-db4724271456/compound/f0bd054e-fc55-454c-8610-ed612e192134/structure/49a87656-53f2-44c3-81b4-f92c638b0955	AZ196920	Pyrimethanil	Cc1cc(C)nc(Nc2ccccc2[N+](=O)[O-])n1																							
https://envipath.org/package/5882df9c-dae1-4d80-a40e-db4724271456/compound/4f50de82-a648-4a33-9c01-0a5c0449edad/structure/34135b9b-099d-4199-a2e4-20fa670cbe09	SN 603193	Pyrimethanil	Cc1cc(C)[n+]([O-])c(Nc2ccccc2)n1																							
https://envipath.org/package/5882df9c-dae1-4d80-a40e-db4724271456/compound/29d14937-f1d2-43ba-beca-fc1df733c04c/structure/87389e83-16e2-48b1-8185-f150d11a0928	2-Amino-4,6-di-methylpyrimidine (SN512723)	Pyrimethanil	Cc1cc(C)nc(N)n1																							
https://envipath.org/package/5882df9c-dae1-4d80-a40e-db4724271456/compound/a5da4976-eebe-4552-8877-a32734c1d35d/structure/12805e75-8190-487b-b40d-21c8d83b75c5	2-hydroxy-4,6-dimethylpyrimidine	Pyrimethanil	Cc1cc(C)nc(O)n1	https://envipath.org/package/5882df9c-dae1-4d80-a40e-db4724271456/scenario/c4b33ab9-8818-45e2-aafd-ecfdace0532d	Koehn, D.M. (2001)	no description				pH		&#176;C	7.9	mEq/100g		385.0	210.0			MWHC	50.0		Loamy sand	79.3	11.2	9.4
https://envipath.org/package/5882df9c-dae1-4d80-a40e-db4724271456/compound/4749b7c4-48e6-4243-abe7-e76f39c86b8e/structure/6f47abe2-76a0-46cc-8bf7-abb77d9423bc	SN 617916	Pyrimethanil	Cc1cc(C)nc(Nc2ccc([N+](=O)[O-])cc2)n1																							
https://envipath.org/package/5882df9c-dae1-4d80-a40e-db4724271456/compound/837880a7-3ca0-44bd-a8c0-cc33fc987f4c/structure/189b6054-d792-49d1-929f-6b7732b35aa2	CO2	Pyriofenone	O=C=O	https://envipath.org/package/5882df9c-dae1-4d80-a40e-db4724271456/scenario/ed04ad97-8333-45b9-8061-e18a331a7c7c	Corden, M.T. (2008)	no description				pH		&#176;C	6.6	mEq/100g		390.0	250.0			pF2			Sandy loam	78.0	11.0	11.0
https://envipath.org/package/5882df9c-dae1-4d80-a40e-db4724271456/compound/0f96a150-6d46-4cef-aabe-b202b412dce7/structure/f2b54458-b27f-45ab-990c-c6251edfef77	D-1 (3HDPM)	Pyriofenone	COc1cc(C)c(C(=O)c2c(OC)ncc(Cl)c2C)c(OC)c1O	https://envipath.org/package/5882df9c-dae1-4d80-a40e-db4724271456/scenario/ed04ad97-8333-45b9-8061-e18a331a7c7c	Corden, M.T. (2008)	no description				pH		&#176;C	6.6	mEq/100g		390.0	250.0			pF2			Sandy loam	78.0	11.0	11.0
https://envipath.org/package/5882df9c-dae1-4d80-a40e-db4724271456/compound/ede3aa6c-3eee-47db-99c5-9bf0b17948be/structure/6f0109ee-2110-4e8d-b8f0-80e489b9583c	D-2 (4HDPM)	Pyriofenone	COc1ncc(Cl)c(C)c1C(=O)c1c(C)cc(O)c(OC)c1OC	https://envipath.org/package/5882df9c-dae1-4d80-a40e-db4724271456/scenario/ed04ad97-8333-45b9-8061-e18a331a7c7c	Corden, M.T. (2008)	no description				pH		&#176;C	6.6	mEq/100g		390.0	250.0			pF2			Sandy loam	78.0	11.0	11.0
https://envipath.org/package/5882df9c-dae1-4d80-a40e-db4724271456/compound/26b774f0-6963-4246-8143-bbeb7fada8a0/structure/3c755963-ad3f-404d-a94a-c5038449cd6a	D (2MDPM)	Pyriofenone	COc1ncc(Cl)c(C)c1C(=O)c1c(C)cc(O)c(O)c1OC	https://envipath.org/package/5882df9c-dae1-4d80-a40e-db4724271456/scenario/ed04ad97-8333-45b9-8061-e18a331a7c7c	Corden, M.T. (2008)	no description				pH		&#176;C	6.6	mEq/100g		390.0	250.0			pF2			Sandy loam	78.0	11.0	11.0
https://envipath.org/package/5882df9c-dae1-4d80-a40e-db4724271456/compound/eeaa5972-f00d-478f-8e18-e5541f98d368/structure/3ea266e8-085a-4c5e-8cf1-c3aece362f20	DPH-pyriproxyfen	Pyriproxyfen	CC(COc1ccc(O)cc1)Oc1ccccn1	https://envipath.org/package/5882df9c-dae1-4d80-a40e-db4724271456/scenario/88f25ae8-484f-4991-99fe-a7b1bac06b4f	Kouno, A. et al. (1990a)	no description				pH		&#176;C	4.7	mEq/100g						FC	75.0		Sandy loam	54.0	36.0	10.0
https://envipath.org/package/5882df9c-dae1-4d80-a40e-db4724271456/compound/fb56845e-8e8c-43b2-ab0d-76c0220f5313/structure/afe472ba-3918-49bc-8fb3-257611d0fef2	2-OH-PY	Pyriproxyfen	Oc1ccccn1																							
https://envipath.org/package/5882df9c-dae1-4d80-a40e-db4724271456/compound/837880a7-3ca0-44bd-a8c0-cc33fc987f4c/structure/189b6054-d792-49d1-929f-6b7732b35aa2	CO2	Pyriproxyfen	O=C=O	https://envipath.org/package/5882df9c-dae1-4d80-a40e-db4724271456/scenario/95a5f0a9-f8eb-42ec-b6f6-d4398e96da33	Lewis, C.J. (2001)	no description				pH		&#176;C	11.1	mEq/100g		232.0	186.0			MWHC	45.0		Sandy loam	74.0	14.0	12.0
https://envipath.org/package/5882df9c-dae1-4d80-a40e-db4724271456/compound/b574d0f8-1f18-4011-94df-6f17af1aac2e/structure/da9692e6-4beb-401c-8630-4c38728ac4c7	PYPA	Pyriproxyfen	CC(CO)Oc1ccccn1																							
https://envipath.org/package/5882df9c-dae1-4d80-a40e-db4724271456/compound/837880a7-3ca0-44bd-a8c0-cc33fc987f4c/structure/189b6054-d792-49d1-929f-6b7732b35aa2	CO2	Pyroxsulam	O=C=O	https://envipath.org/package/5882df9c-dae1-4d80-a40e-db4724271456/scenario/57ff9567-3b8d-49e4-b604-40cf198ce33e	Yoder et al. (2006a); study 30013	no description				pH		&#176;C	9.9	mEq/100g		145.0	136.0			MHC	40.0		Sandy loam	76.0	12.0	12.0
https://envipath.org/package/5882df9c-dae1-4d80-a40e-db4724271456/compound/40de0f72-90f4-4210-b105-7db9eef28a02/structure/3e627fdb-e123-40ff-8f00-3a90ef90463a	CSF	Pyroxsulam	COc1nccc(C(F)(F)F)c1S(=O)(=O)NC#N	https://envipath.org/package/5882df9c-dae1-4d80-a40e-db4724271456/scenario/57ff9567-3b8d-49e4-b604-40cf198ce33e	Yoder et al. (2006a); study 30013	no description				pH		&#176;C	9.9	mEq/100g		145.0	136.0			MHC	40.0		Sandy loam	76.0	12.0	12.0
https://envipath.org/package/5882df9c-dae1-4d80-a40e-db4724271456/compound/837880a7-3ca0-44bd-a8c0-cc33fc987f4c/structure/189b6054-d792-49d1-929f-6b7732b35aa2	CO2	Quinmerac	O=C=O	https://envipath.org/package/5882df9c-dae1-4d80-a40e-db4724271456/scenario/1ca35852-350c-49ca-b216-23582e71311d	Bromilow et al. (1994, 2003)	no description				pH		&#176;C							 	FC	60.0		Sandy loam	60.0	26.0	14.0
https://envipath.org/package/5882df9c-dae1-4d80-a40e-db4724271456/compound/73018cfa-273e-47af-85a0-35679dcee950/structure/2d784303-dfb8-4124-9487-dd29bcce9a4d	BH 518-4	Quinmerac	O=C(O)c1c(Cl)ccc2cc(CO)cnc12	https://envipath.org/package/5882df9c-dae1-4d80-a40e-db4724271456/scenario/1ca35852-350c-49ca-b216-23582e71311d	Bromilow et al. (1994, 2003)	no description				pH		&#176;C							 	FC	60.0		Sandy loam	60.0	26.0	14.0
https://envipath.org/package/5882df9c-dae1-4d80-a40e-db4724271456/compound/7abdf20d-38f2-4da2-afbd-7d9efb028cb2/structure/89afed3f-e640-4815-a2a8-61166a534516	1,4-Dihydroxynaphthalene	Quinoclamine	Oc1ccc(O)c2ccccc12																							
https://envipath.org/package/5882df9c-dae1-4d80-a40e-db4724271456/compound/837880a7-3ca0-44bd-a8c0-cc33fc987f4c/structure/189b6054-d792-49d1-929f-6b7732b35aa2	CO2	Quinoclamine	O=C=O	https://envipath.org/package/5882df9c-dae1-4d80-a40e-db4724271456/scenario/d6780241-42c1-461c-9f15-ba99066350b8	Mutzall, P.I. and vonk, J.W. (1992)	no description				pH		&#176;C	9.7	mEq/100g		282.0	354.0			MWHC	40.0			82.0	13.0	5.1
https://envipath.org/package/5882df9c-dae1-4d80-a40e-db4724271456/compound/2d677e33-e568-41f4-9fe9-075586409fee/structure/cbb13cc2-c679-4404-af27-bb2dc3b50b6e	AHN	Quinoclamine	O=C1C(O)=C(Cl)C(=O)c2ccccc21																							
https://envipath.org/package/5882df9c-dae1-4d80-a40e-db4724271456/compound/52c2d3b7-d72f-41d1-b372-45d971a7154e/structure/65102e95-cd0b-47bd-b5b9-c6e918c78b11	NQ	Quinoclamine	O=C1C=CC(=O)c2ccccc21																							
https://envipath.org/package/5882df9c-dae1-4d80-a40e-db4724271456/compound/cffa0918-834e-4ac7-ac50-a13df4136666/structure/d46fed46-1158-4b4c-8d0b-1b60a0f46d9a	AN	Quinoclamine	NC1=CC(=O)c2ccccc2C1=O																							
https://envipath.org/package/5882df9c-dae1-4d80-a40e-db4724271456/compound/bcf0ddf5-49b6-412a-8ef2-25a5ff6ff057/structure/0bf19c82-70ca-4730-bcf7-ecf4150cb810	HN	Quinoclamine	O=C1C=C(O)C(=O)c2ccccc21																							
https://envipath.org/package/5882df9c-dae1-4d80-a40e-db4724271456/compound/d9a34a78-ff86-469d-87ba-e6152f1b1c2e/structure/f7317912-5008-4389-8d74-3aced06fe65f	Compound 3 (R118106)	Quizalofop-P-ethyl	CC(Oc1ccc(O)cc1)C(=O)O	https://envipath.org/package/5882df9c-dae1-4d80-a40e-db4724271456/scenario/62aa11a0-3898-473d-8e63-a517aa136ec6	Unsworth, R. (2003c)	no description				pH		&#176;C	27.4	mEq/100g		744.77	329.57		 	pF 2			Silty clay loam	10.4	5.43	4.17
https://envipath.org/package/5882df9c-dae1-4d80-a40e-db4724271456/compound/e30a9eeb-b02d-4b17-95d5-47c072b7705e/structure/28449de9-8e9e-41de-92f1-a34adf73c582	CQO	Quizalofop-P-ethyl	O=c1cnc2cc(Cl)ccc2[nH]1	https://envipath.org/package/5882df9c-dae1-4d80-a40e-db4724271456/scenario/09bba0ef-79c2-489c-a11f-d6c9d9dc8420	Unsworth, R. (2003b)	no description				pH		&#176;C	22.2	mEq/100g		716.0	301.2			pF 2	30.3		Sandy loam	66.8	20.2	13.0
https://envipath.org/package/5882df9c-dae1-4d80-a40e-db4724271456/compound/6a7495eb-f692-4a45-b616-ac20286f8da0/structure/397fed0d-3a76-4e49-b37a-c437f8b02d5b	EPP	Quizalofop-P-ethyl	CCOC(=O)C(C)Oc1ccc(O)cc1	https://envipath.org/package/5882df9c-dae1-4d80-a40e-db4724271456/scenario/e3cd3ddd-8408-4368-9f37-528a1ddf1ce1	Phillips, M. & Hall, B.E. (1994)	no description				pH		&#176;C	24.2	mEq/100g		881.0	758.0		 	MWHC	40.0		Sandy loam	69.0	18.0	13.0
https://envipath.org/package/5882df9c-dae1-4d80-a40e-db4724271456/compound/837880a7-3ca0-44bd-a8c0-cc33fc987f4c/structure/189b6054-d792-49d1-929f-6b7732b35aa2	CO2	Quizalofop-P-ethyl	O=C=O	https://envipath.org/package/5882df9c-dae1-4d80-a40e-db4724271456/scenario/e3cd3ddd-8408-4368-9f37-528a1ddf1ce1	Phillips, M. & Hall, B.E. (1994)	no description				pH		&#176;C	24.2	mEq/100g		881.0	758.0		 	MWHC	40.0		Sandy loam	69.0	18.0	13.0
https://envipath.org/package/5882df9c-dae1-4d80-a40e-db4724271456/compound/299b96b4-842a-4a1f-a3f6-0ddd5058f9c6/structure/7fbdc346-97a0-4b46-bcf5-5932bed01f35	Hydroxy ether (CGA 129674)	Quizalofop-P-ethyl	Oc1ccc(Oc2cnc3cc(Cl)ccc3n2)cc1	https://envipath.org/package/5882df9c-dae1-4d80-a40e-db4724271456/scenario/e3cd3ddd-8408-4368-9f37-528a1ddf1ce1	Phillips, M. & Hall, B.E. (1994)	no description				pH		&#176;C	24.2	mEq/100g		881.0	758.0		 	MWHC	40.0		Sandy loam	69.0	18.0	13.0
https://envipath.org/package/5882df9c-dae1-4d80-a40e-db4724271456/compound/299b96b4-842a-4a1f-a3f6-0ddd5058f9c6/structure/7fbdc346-97a0-4b46-bcf5-5932bed01f35	Hydroxy ether (CGA 129674)	Quizalofop-P-tefuryl	Oc1ccc(Oc2cnc3cc(Cl)ccc3n2)cc1	https://envipath.org/package/5882df9c-dae1-4d80-a40e-db4724271456/scenario/8ac64e41-352f-4c81-9baf-6204ed6bd0b8	VÃ¶lkel, W. (1998)	no description				pH		&#176;C	23.5	mEq/100g		510.0	530.0			MWHC	40.0		Silty clay loam	19.3	44.2	36.5
https://envipath.org/package/5882df9c-dae1-4d80-a40e-db4724271456/compound/9e15179e-c527-4951-9c2e-371d24b3aab9/structure/c15b6a33-cdb1-4af9-a57c-a45b96667995	Hydroxy quinoxaline (CGA 290291)	Quizalofop-P-tefuryl	Oc1cnc2cc(Cl)ccc2n1	https://envipath.org/package/5882df9c-dae1-4d80-a40e-db4724271456/scenario/8ac64e41-352f-4c81-9baf-6204ed6bd0b8	VÃ¶lkel, W. (1998)	no description				pH		&#176;C	23.5	mEq/100g		510.0	530.0			MWHC	40.0		Silty clay loam	19.3	44.2	36.5
https://envipath.org/package/5882df9c-dae1-4d80-a40e-db4724271456/compound/837880a7-3ca0-44bd-a8c0-cc33fc987f4c/structure/189b6054-d792-49d1-929f-6b7732b35aa2	CO2	Quizalofop-P-tefuryl	O=C=O	https://envipath.org/package/5882df9c-dae1-4d80-a40e-db4724271456/scenario/871381a7-5cc1-4f7b-85b9-dd5defc40366	Dzialo, D.G, Whitright, R.R. & Wanner, U. (2004)	no description				pH		&#176;C	8.0	mEq/100g		2330.0	2330.0			pF 1.0, experiment at 45% MWHC			Sand	86.8	9.5	3.6
https://envipath.org/package/5882df9c-dae1-4d80-a40e-db4724271456/compound/837880a7-3ca0-44bd-a8c0-cc33fc987f4c/structure/189b6054-d792-49d1-929f-6b7732b35aa2	CO2	Rapeseed oil	O=C=O																							
https://envipath.org/package/5882df9c-dae1-4d80-a40e-db4724271456/compound/d7542d89-2ab2-42a1-8189-56614de39020/structure/cccb33e6-fa45-4ef3-afa3-5446c9fb8cb3	Rapeseed oil (oleic acid)	Rapeseed oil	CCCCCCC=CCCCCCCCC(=O)O	https://envipath.org/package/5882df9c-dae1-4d80-a40e-db4724271456/scenario/3a19e4af-9315-4086-8f50-516c212724f0	AII, 7,1,1,2,1/01 SÃ¼sser, P (1990)	no description				pH		&#176;C				250.0	250.0			MWHC	40.0		Loamy sand	77.6	14.5	7.9
https://envipath.org/package/5882df9c-dae1-4d80-a40e-db4724271456/compound/3dd6b0b4-80f7-44cd-aa27-4dbe1bf8e14f/structure/345f18c1-117b-47e6-8b0d-870d796acdd2	S12 (N-(4,6-dimethoxypyrimidin-2-yl)urea	Rimsulfuron	COc1cc(OC)nc(NC(N)=O)n1	https://envipath.org/package/5882df9c-dae1-4d80-a40e-db4724271456/scenario/93345690-430b-4488-be47-98f32bafdbff	Naidu, M.V. (1989b)	no description				pH		&#176;C	3.2	mEq/100g						0,33 bar	75.0		Sandy loam	77.0	14.0	9.0
https://envipath.org/package/5882df9c-dae1-4d80-a40e-db4724271456/compound/6358408d-2559-4ec1-ab03-3e83eeb5e54e/structure/46fd611f-3642-4579-b877-fb0497ef8b86	S13 (2-amino-4,6-dimethoxypyrimidine)	Rimsulfuron	COc1cc(OC)nc(N)n1	https://envipath.org/package/5882df9c-dae1-4d80-a40e-db4724271456/scenario/93345690-430b-4488-be47-98f32bafdbff	Naidu, M.V. (1989b)	no description				pH		&#176;C	3.2	mEq/100g						0,33 bar	75.0		Sandy loam	77.0	14.0	9.0
https://envipath.org/package/5882df9c-dae1-4d80-a40e-db4724271456/compound/d5a36bcd-ce6e-45d2-a614-d8314dff62e7/structure/48403561-ba58-4ae4-879f-bd057e395c7a	Dihydrophaseic Acid (DPA)	S-Abscisic Acid	CC(C=CC1(O)C2(C)COC1(C)CC(O)C2)=CC(=O)O																							
https://envipath.org/package/5882df9c-dae1-4d80-a40e-db4724271456/compound/837880a7-3ca0-44bd-a8c0-cc33fc987f4c/structure/189b6054-d792-49d1-929f-6b7732b35aa2	CO2	S-Abscisic Acid	O=C=O	https://envipath.org/package/5882df9c-dae1-4d80-a40e-db4724271456/scenario/af4a1602-d579-406b-a832-9b1f51080b62	Jones, A. (2010)	no description				pH		&#176;C	10.7	mEq/100g		243.6	163.79999999999998			pF 2			Sandy loam	68.0	18.0	14.0
https://envipath.org/package/5882df9c-dae1-4d80-a40e-db4724271456/compound/dd388d37-4b27-48d5-8f75-3fb903cd0c46/structure/f13cd65c-9f9d-4bb0-98bb-d5b51fd57047	Phaseic Acid (PA)	S-Abscisic Acid	CC(C=CC1(O)C2(C)COC1(C)CC(=O)C2)=CC(=O)O																							
https://envipath.org/package/5882df9c-dae1-4d80-a40e-db4724271456/compound/0b356231-fbd4-4640-bb86-5fc30a6ceac0/structure/6deee426-ffb6-4372-8226-d9e5e3703be3	8-Hydroxy ABA	S-Abscisic Acid	CC(C=CC1(O)C(C)=CC(=O)CC1(C)CO)=CC(=O)O																							
https://envipath.org/package/5882df9c-dae1-4d80-a40e-db4724271456/compound/837880a7-3ca0-44bd-a8c0-cc33fc987f4c/structure/189b6054-d792-49d1-929f-6b7732b35aa2	CO2	Sedaxane	O=C=O	https://envipath.org/package/5882df9c-dae1-4d80-a40e-db4724271456/scenario/65642b6d-917b-45e6-a629-1b2a8d56908f	Hand, L.H. & Khawaja, R. (2009)	no description				pH		&#176;C	15.9	mEq/100g		1025.1	505.6			pF 2			Loam	45.0	38.0	17.0
https://envipath.org/package/5882df9c-dae1-4d80-a40e-db4724271456/compound/fb86d4b0-b20c-4ccc-8fa3-a09606d9a167/structure/dc89006f-1b7d-4436-ae09-9cf2bb932206	Hydroxyl CSCD667584	Sedaxane	O=C(Nc1ccccc1C1CC1C1CC1)c1c[nH]nc1C(F)F.[OH]	https://envipath.org/package/5882df9c-dae1-4d80-a40e-db4724271456/scenario/65642b6d-917b-45e6-a629-1b2a8d56908f	Hand, L.H. & Khawaja, R. (2009)	no description				pH		&#176;C	15.9	mEq/100g		1025.1	505.6			pF 2			Loam	45.0	38.0	17.0
https://envipath.org/package/5882df9c-dae1-4d80-a40e-db4724271456/compound/c3daaf8b-3dca-4913-876c-6f67cf860235/structure/2da919ce-9e88-4660-b8ac-a3f99d2f1eea	CSCD728931	Sedaxane	Cn1cc(C(=O)Nc2ccccc2C(O)CC(=O)C2CC2)c(C(F)F)n1	https://envipath.org/package/5882df9c-dae1-4d80-a40e-db4724271456/scenario/d7cf88ad-c451-4e79-a2ef-e47145652d3b	Fitzmaurice, M. & Mackenzie, E. (2009)	no description				pH		&#176;C	20.9	mEq/100g		3904.0	3534.0			pF 2			Sandy clay loam	64.0	14.0	22.0
https://envipath.org/package/5882df9c-dae1-4d80-a40e-db4724271456/compound/7c843230-ae22-4f4f-869f-345b2224b5d4/structure/421cb03b-9828-45ea-9f48-52db35824f58	CSAA798670	Sedaxane	Cn1cc(C(=O)O)c(C(F)F)n1	https://envipath.org/package/5882df9c-dae1-4d80-a40e-db4724271456/scenario/65642b6d-917b-45e6-a629-1b2a8d56908f	Hand, L.H. & Khawaja, R. (2009)	no description				pH		&#176;C	15.9	mEq/100g		1025.1	505.6			pF 2			Loam	45.0	38.0	17.0
https://envipath.org/package/5882df9c-dae1-4d80-a40e-db4724271456/compound/5bdeceab-a924-48b5-9023-558309cabaa2/structure/8b305eb1-c7b9-49e0-851f-4ccd0ed9161c	CSCD465008	Sedaxane	O=C(O)c1c[nH]nc1C(F)F																							
https://envipath.org/package/5882df9c-dae1-4d80-a40e-db4724271456/compound/0938f212-7031-4c10-90ff-44f46b0dc95f/structure/02172fdb-dfcf-46a7-a3a6-b6af11c5e0cc	CSCD667584	Sedaxane	O=C(Nc1ccccc1C1CC1C1CC1)c1c[nH]nc1C(F)F	https://envipath.org/package/5882df9c-dae1-4d80-a40e-db4724271456/scenario/65642b6d-917b-45e6-a629-1b2a8d56908f	Hand, L.H. & Khawaja, R. (2009)	no description				pH		&#176;C	15.9	mEq/100g		1025.1	505.6			pF 2			Loam	45.0	38.0	17.0
https://envipath.org/package/5882df9c-dae1-4d80-a40e-db4724271456/compound/34e0f069-5d5a-475f-be64-d8d548ad311d/structure/e5a7c238-c5b8-4579-8d69-370fe9457ee3	Hydroxyl Sedaxane	Sedaxane	Cn1cc(C(=O)Nc2ccccc2C2CC2C2CC2)c(C(F)F)n1.[OH]	https://envipath.org/package/5882df9c-dae1-4d80-a40e-db4724271456/scenario/65642b6d-917b-45e6-a629-1b2a8d56908f	Hand, L.H. & Khawaja, R. (2009)	no description				pH		&#176;C	15.9	mEq/100g		1025.1	505.6			pF 2			Loam	45.0	38.0	17.0
https://envipath.org/package/5882df9c-dae1-4d80-a40e-db4724271456/compound/837880a7-3ca0-44bd-a8c0-cc33fc987f4c/structure/189b6054-d792-49d1-929f-6b7732b35aa2	CO2	Sintofen	O=C=O	https://envipath.org/package/5882df9c-dae1-4d80-a40e-db4724271456/scenario/14c4944a-7c70-4df7-bc2f-093a3296b613	IIA 7.1.1.1.1/01 Mamouni, A. (2004)	no description				pH		&#176;C	7.57	mEq/100g		410.0	410.0			pF 2.5	40.0		Sandy loam	6.64	4.67	8.69
https://envipath.org/package/5882df9c-dae1-4d80-a40e-db4724271456/compound/8797b51e-be83-48e1-82db-612c84006fdf/structure/940bfe36-513e-458e-b9cc-999b76b87d6f	Chloride	Sodium Chlorate	[Cl-]	https://envipath.org/package/5882df9c-dae1-4d80-a40e-db4724271456/scenario/01eef0f4-89c9-4e84-9266-ccbba5cf98c9	Annex IIA 7.1.1.1, Van Ginkel C.G., Van der Togt B. (2004)	no description				pH		&#176;C	19.0	mEq/100g		360.0	330.0			MWHC	30.0		Loam	47.3	35.9	16.9
https://envipath.org/package/5882df9c-dae1-4d80-a40e-db4724271456/compound/9c957c66-da76-487f-96b8-5137c6c96209/structure/a323d68d-0803-4039-8ef7-87e0426afc90	Chlorite	Sodium Chlorate	[O-][Cl+][O-]	https://envipath.org/package/5882df9c-dae1-4d80-a40e-db4724271456/scenario/c7d9017d-abbe-4355-9a61-792e249acc90	Annex IIA 7.1.1.1, Van Ginkel C.G., Van der Togt B. (2004)	no description				pH		&#176;C	11.0	mEq/100g		320.0	220.0			MWHC	30.0		Loamy sand	75.3	16.6	8.1
https://envipath.org/package/5882df9c-dae1-4d80-a40e-db4724271456/compound/837880a7-3ca0-44bd-a8c0-cc33fc987f4c/structure/189b6054-d792-49d1-929f-6b7732b35aa2	CO2	Sodium Nitrocompounds	O=C=O	https://envipath.org/package/5882df9c-dae1-4d80-a40e-db4724271456/scenario/18d50d00-3dbc-4a04-a066-a34c113c9d5d	Annex IIA 7.1.1, VÃ¶lkl S. (2004)	no description				pH		&#176;C	14.6	mEq/100g		319.0	332.0			MWHC	40.0		Loam	40.7	37.4	21.9
https://envipath.org/package/5882df9c-dae1-4d80-a40e-db4724271456/compound/837880a7-3ca0-44bd-a8c0-cc33fc987f4c/structure/189b6054-d792-49d1-929f-6b7732b35aa2	CO2	Spinetoram	O=C=O	https://envipath.org/package/5882df9c-dae1-4d80-a40e-db4724271456/scenario/397f794d-518d-4452-9484-9e0a98db4e8e	Annex IIA 7.1.1, Yoder R.N., Meitl T.J., Balcer J.L., Linder S.J. (2005)	no description				pH		&#176;C	9.1	mEq/100g		92.0	65.1			WHC at 0,33bar	75.0		Loam	36.0	50.0	14.0
https://envipath.org/package/5882df9c-dae1-4d80-a40e-db4724271456/compound/837880a7-3ca0-44bd-a8c0-cc33fc987f4c/structure/189b6054-d792-49d1-929f-6b7732b35aa2	CO2	Spirodiclofen	O=C=O	https://envipath.org/package/5882df9c-dae1-4d80-a40e-db4724271456/scenario/9addcae5-48c0-4cf7-8c45-39d23970caf0	Annex IIA 7.1.1 Burhenne J. (1999b)	no description				pH		&#176;C				31.0	42.0		 	WHC at pF 1,5	49.0		Sand	97.0	2.0	1.0
https://envipath.org/package/5882df9c-dae1-4d80-a40e-db4724271456/compound/7e94319d-ecb2-4e1e-92de-58a924fdb6c7/structure/ca0ab2ca-e014-475f-ab83-0161441e8d1e	BAJ 2740-lactide	Spirodiclofen	O=C1OC2(CCCCC2)C(=O)OC1c1cc(Cl)cc(Cl)c1	https://envipath.org/package/5882df9c-dae1-4d80-a40e-db4724271456/scenario/1f2d645d-9f3a-4346-818a-274f2f89f6e3	Annex IIA 7.1.1, Oi M., Bornatsch W. (1999)	no description				pH		&#176;C				253.0	174.0		 	MWHC	40.0		Loamy sand	81.0	12.0	7.0
https://envipath.org/package/5882df9c-dae1-4d80-a40e-db4724271456/compound/4a6e601e-f67f-42b3-a990-ec990c46d9a3/structure/bccab286-cb66-4d7d-9ced-58a3562f165f	[M19]	Spiromesifen	Cc1cc(C)c(C(=O)C(=O)O)c(C)c1	https://envipath.org/package/5882df9c-dae1-4d80-a40e-db4724271456/scenario/7694ce67-8e6b-4fca-b5c5-6b117eb53981	Annex IIA 7.1.1, Brumhard, Elke (2001)	no description				pH		&#176;C				713.0	713.0		 	MWHC	40.0		Silt	8.5	81.3	10.2
https://envipath.org/package/5882df9c-dae1-4d80-a40e-db4724271456/compound/7fb6989a-b134-4817-af84-4e95f1ca00f5/structure/a1d36152-34f5-4838-929f-b6754cf0da18	M11	Spiromesifen	Cc1cc(C)c(C2=C(O)C3(CCCC3)OC2=O)c(CO)c1																							
https://envipath.org/package/5882df9c-dae1-4d80-a40e-db4724271456/compound/6296826f-286a-4696-ba5e-86afc7643f78/structure/28dbe9ae-2ce1-4ed4-a56b-36a97f418c43	M15	Spiromesifen	Cc1cc(C)c(C2=C(O)C3(CCC(O)C3)OC2=O)c(C)c1	https://envipath.org/package/5882df9c-dae1-4d80-a40e-db4724271456/scenario/7694ce67-8e6b-4fca-b5c5-6b117eb53981	Annex IIA 7.1.1, Brumhard, Elke (2001)	no description				pH		&#176;C				713.0	713.0		 	MWHC	40.0		Silt	8.5	81.3	10.2
https://envipath.org/package/5882df9c-dae1-4d80-a40e-db4724271456/compound/514b2195-b48b-413b-b387-b7e701220c2a/structure/35a2595b-c825-415d-ae69-4ba194ca6042	M08	Spiromesifen	Cc1cc(C)c(C2=C(O)C3(CCC(=O)C3)OC2=O)c(C)c1	https://envipath.org/package/5882df9c-dae1-4d80-a40e-db4724271456/scenario/7694ce67-8e6b-4fca-b5c5-6b117eb53981	Annex IIA 7.1.1, Brumhard, Elke (2001)	no description				pH		&#176;C				713.0	713.0		 	MWHC	40.0		Silt	8.5	81.3	10.2
https://envipath.org/package/5882df9c-dae1-4d80-a40e-db4724271456/compound/837880a7-3ca0-44bd-a8c0-cc33fc987f4c/structure/189b6054-d792-49d1-929f-6b7732b35aa2	CO2	Spiromesifen	O=C=O	https://envipath.org/package/5882df9c-dae1-4d80-a40e-db4724271456/scenario/7694ce67-8e6b-4fca-b5c5-6b117eb53981	Annex IIA 7.1.1, Brumhard, Elke (2001)	no description				pH		&#176;C				713.0	713.0		 	MWHC	40.0		Silt	8.5	81.3	10.2
https://envipath.org/package/5882df9c-dae1-4d80-a40e-db4724271456/compound/6b03956a-6c73-498d-ae22-03bb7ea5e34c/structure/2505cbe8-5bca-47ef-9bff-90eefaf30b76	[M18]	Spiromesifen	Cc1cc(C)c(C(=O)C(=O)OC2(C(=O)O)CCCC2)c(C)c1	https://envipath.org/package/5882df9c-dae1-4d80-a40e-db4724271456/scenario/7694ce67-8e6b-4fca-b5c5-6b117eb53981	Annex IIA 7.1.1, Brumhard, Elke (2001)	no description				pH		&#176;C				713.0	713.0		 	MWHC	40.0		Silt	8.5	81.3	10.2
https://envipath.org/package/5882df9c-dae1-4d80-a40e-db4724271456/compound/837880a7-3ca0-44bd-a8c0-cc33fc987f4c/structure/189b6054-d792-49d1-929f-6b7732b35aa2	CO2	Spirotetramat	O=C=O	https://envipath.org/package/5882df9c-dae1-4d80-a40e-db4724271456/scenario/4fb647ee-173a-463f-ba3c-cdd2fe6edb15	Annex IIA,7.1.1, Babczinski P. (2006b)	no description				pH		&#176;C	8.0	mEq/100g		613.0	374.0			MWHC	60.0		Sandy loam	72.4	22.6	5.0
https://envipath.org/package/5882df9c-dae1-4d80-a40e-db4724271456/compound/9bad4dbc-899e-4d46-b813-387c52af61fe/structure/b4b04e01-1dd8-479f-8ad7-0d1774d2c322	Spirotetramat-oxo-enol	Spirotetramat	Cc1ccc(C)c(C2=C(O)C3(CCC(=O)CC3)NC2=O)c1	https://envipath.org/package/5882df9c-dae1-4d80-a40e-db4724271456/scenario/98a9279c-38b3-4f77-8b0a-3a1b2d131a52	Annex IIA,7.1.1, Babczinski P. (2005)	no description				pH		&#176;C	8.0	mEq/100g		312.0	312.0			MWHC	50.0		Sandy loam	72.4	22.6	5.0
https://envipath.org/package/5882df9c-dae1-4d80-a40e-db4724271456/compound/561c0b08-e6ce-4789-a4e7-8565468b88ba/structure/c7729110-77df-4fba-a5e8-091357745981	Spirotetramat Ketohydroxy-carboxy	Spirotetramat	COC1CCC2(CC1)NC(=O)C(O)(c1cc(C)ccc1C(=O)O)C2=O	https://envipath.org/package/5882df9c-dae1-4d80-a40e-db4724271456/scenario/ebc8619d-1eb0-4f3e-b928-c99328ccbecd	Annex IIA, 7.1.1 Babczinski P. (2006a)	no description				pH			4.2	mEq/100g		99.0	55.0			MWHC			Sandy loam	77.9	13.6	8.6
https://envipath.org/package/5882df9c-dae1-4d80-a40e-db4724271456/compound/3747167f-72a4-44a2-b232-32736186028d/structure/2daaefc7-33c3-4d91-8375-6fe7633bead5	Spirodetramat-desmethyl-enol	Spirotetramat	Cc1ccc(C)c(C2=C(O)C3(CCC(O)CC3)NC2=O)c1	https://envipath.org/package/5882df9c-dae1-4d80-a40e-db4724271456/scenario/4fb647ee-173a-463f-ba3c-cdd2fe6edb15	Annex IIA,7.1.1, Babczinski P. (2006b)	no description				pH		&#176;C	8.0	mEq/100g		613.0	374.0			MWHC	60.0		Sandy loam	72.4	22.6	5.0
https://envipath.org/package/5882df9c-dae1-4d80-a40e-db4724271456/compound/a869ea21-1ec7-4514-8efa-545ad2279800/structure/305d371d-1978-40f9-9cd8-efbb0c38f86c	Spirotetramat Enol-dimer 1	Spirotetramat	COC1CCC2(CC1)NC(=O)C(c1cc(C)ccc1C)=C2OC1=C(c2cc(C)ccc2C)C(=O)NC12CCC(OC)CC2	https://envipath.org/package/5882df9c-dae1-4d80-a40e-db4724271456/scenario/4fb647ee-173a-463f-ba3c-cdd2fe6edb15	Annex IIA,7.1.1, Babczinski P. (2006b)	no description				pH		&#176;C	8.0	mEq/100g		613.0	374.0			MWHC	60.0		Sandy loam	72.4	22.6	5.0
https://envipath.org/package/5882df9c-dae1-4d80-a40e-db4724271456/compound/b0a76a21-c412-414c-842c-b5cbaab9a216/structure/17447a8f-6a52-40a1-ab17-0fae06dfda83	[Spirodetramat-desmethyl-ketoxyhydroxy]	Spirotetramat	Cc1ccc(C)c(C2(O)C(=O)NC3(CCC(O)CC3)C2O)c1	https://envipath.org/package/5882df9c-dae1-4d80-a40e-db4724271456/scenario/f5d38e2d-5195-49c1-b7d2-78c5c6353c47	Annex IIA,7.1.1, Babczinski P. (2006b)	no description				pH		&#176;C	6.0	mEq/100g		118.0	55.0			WHC at pF2,5	80.0		Sandy loam	77.3	12.7	10.0
https://envipath.org/package/5882df9c-dae1-4d80-a40e-db4724271456/compound/4b74f505-6078-4364-a368-f881efb180b2/structure/e28721d6-c74d-40fe-97bf-4ba256e9fa48	Spirotetramat-di-hydroxy	Spirotetramat	COC1CCC2(CC1)NC(=O)C(O)(c1cc(C)ccc1C)C2O																							
https://envipath.org/package/5882df9c-dae1-4d80-a40e-db4724271456/compound/4662e812-f16a-4c35-9eab-e278a2a4c49d/structure/d2da02b9-7d42-4c58-a1d9-adfb9c74ef96	Spirotetramat-oxo-ketohydroxy	Spirotetramat	Cc1ccc(C)c(C2(O)C(=O)NC3(CCC(=O)CC3)C2=O)c1	https://envipath.org/package/5882df9c-dae1-4d80-a40e-db4724271456/scenario/f5d38e2d-5195-49c1-b7d2-78c5c6353c47	Annex IIA,7.1.1, Babczinski P. (2006b)	no description				pH		&#176;C	6.0	mEq/100g		118.0	55.0			WHC at pF2,5	80.0		Sandy loam	77.3	12.7	10.0
https://envipath.org/package/5882df9c-dae1-4d80-a40e-db4724271456/compound/824fd428-bca2-4294-bd1e-0b176051b8f8/structure/e7644795-44b8-45d9-997e-b48e99843628	Spirotetramat-glyoxylic amide	Spirotetramat	COC1CCC(NC(=O)C(=O)c2cc(C)ccc2C)(C(=O)O)CC1	https://envipath.org/package/5882df9c-dae1-4d80-a40e-db4724271456/scenario/ebc8619d-1eb0-4f3e-b928-c99328ccbecd	Annex IIA, 7.1.1 Babczinski P. (2006a)	no description				pH			4.2	mEq/100g		99.0	55.0			MWHC			Sandy loam	77.9	13.6	8.6
https://envipath.org/package/5882df9c-dae1-4d80-a40e-db4724271456/compound/cf80459a-f658-4c69-b5b0-0df86d114191/structure/9fb5dc13-983f-4796-914e-7a3ab9888b88	Spirotetramat Enol-dimer 2 	Spirotetramat	COC1CCC2(CC1)NC(=O)C(c1cc(C)ccc1C)=C2O.COC1CCC2(CC1)NC(=O)C(c1cc(C)ccc1C)=C2O	https://envipath.org/package/5882df9c-dae1-4d80-a40e-db4724271456/scenario/4fb647ee-173a-463f-ba3c-cdd2fe6edb15	Annex IIA,7.1.1, Babczinski P. (2006b)	no description				pH		&#176;C	8.0	mEq/100g		613.0	374.0			MWHC	60.0		Sandy loam	72.4	22.6	5.0
https://envipath.org/package/5882df9c-dae1-4d80-a40e-db4724271456/compound/cec1efeb-505b-4f56-801c-c97459119c22/structure/6ec500ab-ff4a-49f3-bc9a-99444b1781a3	Spiroxamine-desethyl	Spiroxamine	CCCNCC1COC2(CCC(C(C)(C)C)CC2)O1	https://envipath.org/package/5882df9c-dae1-4d80-a40e-db4724271456/scenario/0dc8b0e3-a3aa-4206-824f-711b57053ae3	Annex IIA 7.1.1/04, Scholz K.(1997) 	no description				pH		&#176;C				320.0	320.0			MWHC @ 75% of 1/3 bar moisture	75.0		Loam	29.7	25.2	45.1
https://envipath.org/package/5882df9c-dae1-4d80-a40e-db4724271456/compound/6c93afe6-125e-4790-ac4c-70d823cc2e66/structure/6e82b3c5-e588-47bb-8a8c-dfc18f2c8bb6	Spiroxamine-despropyl	Spiroxamine	CCNCC1COC2(CCC(C(C)(C)C)CC2)O1	https://envipath.org/package/5882df9c-dae1-4d80-a40e-db4724271456/scenario/0dc8b0e3-a3aa-4206-824f-711b57053ae3	Annex IIA 7.1.1/04, Scholz K.(1997) 	no description				pH		&#176;C				320.0	320.0			MWHC @ 75% of 1/3 bar moisture	75.0		Loam	29.7	25.2	45.1
https://envipath.org/package/5882df9c-dae1-4d80-a40e-db4724271456/compound/837880a7-3ca0-44bd-a8c0-cc33fc987f4c/structure/189b6054-d792-49d1-929f-6b7732b35aa2	CO2	Spiroxamine	O=C=O	https://envipath.org/package/5882df9c-dae1-4d80-a40e-db4724271456/scenario/0dc8b0e3-a3aa-4206-824f-711b57053ae3	Annex IIA 7.1.1/04, Scholz K.(1997) 	no description				pH		&#176;C				320.0	320.0			MWHC @ 75% of 1/3 bar moisture	75.0		Loam	29.7	25.2	45.1
https://envipath.org/package/5882df9c-dae1-4d80-a40e-db4724271456/compound/225d35f7-12fb-4847-9cd3-825ad2564bc0/structure/882a0bc5-6bcc-43ce-a626-88c0107a8352	Spiroxamine-N-oxide	Spiroxamine	CCC[N+]([O-])(CC)CC1COC2(CCC(C(C)(C)C)CC2)O1	https://envipath.org/package/5882df9c-dae1-4d80-a40e-db4724271456/scenario/0dc8b0e3-a3aa-4206-824f-711b57053ae3	Annex IIA 7.1.1/04, Scholz K.(1997) 	no description				pH		&#176;C				320.0	320.0			MWHC @ 75% of 1/3 bar moisture	75.0		Loam	29.7	25.2	45.1
https://envipath.org/package/5882df9c-dae1-4d80-a40e-db4724271456/compound/e6c10fd4-0a59-4633-ae8c-f9e7c13efaef/structure/3aac6a80-fb7c-4197-87bb-7a238e43f448	Spiroxamine-despropyl-acid	Spiroxamine	CCNCC1COC2(CCC(C(C)(C)C(=O)O)CC2)O1	https://envipath.org/package/5882df9c-dae1-4d80-a40e-db4724271456/scenario/0dc8b0e3-a3aa-4206-824f-711b57053ae3	Annex IIA 7.1.1/04, Scholz K.(1997) 	no description				pH		&#176;C				320.0	320.0			MWHC @ 75% of 1/3 bar moisture	75.0		Loam	29.7	25.2	45.1
https://envipath.org/package/5882df9c-dae1-4d80-a40e-db4724271456/compound/981dacc6-1d86-49be-b0ca-0940b8b640bc/structure/411c4f5e-74e2-4297-aaa3-78dbe2a4193e	[Spiroxamine - aminodiol] not experimentally observed	Spiroxamine	CCCN(CC)CC(O)CO	https://envipath.org/package/5882df9c-dae1-4d80-a40e-db4724271456/scenario/0dc8b0e3-a3aa-4206-824f-711b57053ae3	Annex IIA 7.1.1/04, Scholz K.(1997) 	no description				pH		&#176;C				320.0	320.0			MWHC @ 75% of 1/3 bar moisture	75.0		Loam	29.7	25.2	45.1
https://envipath.org/package/5882df9c-dae1-4d80-a40e-db4724271456/compound/bd0cb950-f40b-459a-847d-74787868945d/structure/c2989d0e-7e89-46ec-a42c-3c31b445cf16	Spiroxamine-desethyl-acid	Spiroxamine	CCCNCC1COC2(CCC(C(C)(C)C(=O)O)CC2)O1	https://envipath.org/package/5882df9c-dae1-4d80-a40e-db4724271456/scenario/0dc8b0e3-a3aa-4206-824f-711b57053ae3	Annex IIA 7.1.1/04, Scholz K.(1997) 	no description				pH		&#176;C				320.0	320.0			MWHC @ 75% of 1/3 bar moisture	75.0		Loam	29.7	25.2	45.1
https://envipath.org/package/5882df9c-dae1-4d80-a40e-db4724271456/compound/69996edf-190c-421e-85ae-3869a4222c6a/structure/21eff8cb-b4a4-4b6b-8f91-030a8b3befe4	Spiroxamine-Hydroxy	Spiroxamine	CCCN(CC)CC1COC2(CCC(C(C)(C)CO)CC2)O1																							
https://envipath.org/package/5882df9c-dae1-4d80-a40e-db4724271456/compound/79f5fa2f-9230-4087-8884-725a23dd8932/structure/81ca0fd8-885e-40bd-8137-66d1ff6fb56c	Spiroxamine-ketone	Spiroxamine	CC(C)(C)C1CCC(=O)CC1	https://envipath.org/package/5882df9c-dae1-4d80-a40e-db4724271456/scenario/0dc8b0e3-a3aa-4206-824f-711b57053ae3	Annex IIA 7.1.1/04, Scholz K.(1997) 	no description				pH		&#176;C				320.0	320.0			MWHC @ 75% of 1/3 bar moisture	75.0		Loam	29.7	25.2	45.1
https://envipath.org/package/5882df9c-dae1-4d80-a40e-db4724271456/compound/954e7af5-3657-4fbf-b8b2-0b3d71737b6b/structure/54f81001-8b8a-4cd1-97e9-cf87a706946e	Spiroxamine-acid	Spiroxamine	CCCN(CC)CC1COC2(CCC(C(C)(C)C(=O)O)CC2)O1	https://envipath.org/package/5882df9c-dae1-4d80-a40e-db4724271456/scenario/0dc8b0e3-a3aa-4206-824f-711b57053ae3	Annex IIA 7.1.1/04, Scholz K.(1997) 	no description				pH		&#176;C				320.0	320.0			MWHC @ 75% of 1/3 bar moisture	75.0		Loam	29.7	25.2	45.1
https://envipath.org/package/5882df9c-dae1-4d80-a40e-db4724271456/compound/d3b547a3-ad02-44a4-aa13-9452691480b9/structure/6d1d2ba4-e594-413f-966f-3d0a586ac271	[Spiroxamine-ketone acid]	Spiroxamine	CC(C)(C(=O)O)C1CCC(=O)CC1	https://envipath.org/package/5882df9c-dae1-4d80-a40e-db4724271456/scenario/0dc8b0e3-a3aa-4206-824f-711b57053ae3	Annex IIA 7.1.1/04, Scholz K.(1997) 	no description				pH		&#176;C				320.0	320.0			MWHC @ 75% of 1/3 bar moisture	75.0		Loam	29.7	25.2	45.1
https://envipath.org/package/5882df9c-dae1-4d80-a40e-db4724271456/compound/a19928af-8b33-45d6-8271-47fa615482bb/structure/7b9d386b-c85d-4322-86a3-83eb03e330e0	ICIA0051-4-OH	Sulcotrione	CS(=O)(=O)c1ccc(C(=O)C2C(=O)CCC(O)C2=O)c(Cl)c1	https://envipath.org/package/5882df9c-dae1-4d80-a40e-db4724271456/scenario/74b1b251-165e-4fe1-98b8-5e247d4f8980	Annex IIA 7.1.1.1.1/01, Subba-Rao R. V., Wang W. W. (1989)	no description				pH		&#176;C							 	WHC at 0,33 bar	75.0		Silt loam	17.9	57.0	25.2
https://envipath.org/package/5882df9c-dae1-4d80-a40e-db4724271456/compound/be5d9659-482e-4ea5-b17e-fc2b0ffccc58/structure/68be5103-cc2c-4f40-aff2-8dcc61c2da07	[Pentanedioic acid]	Sulcotrione	O=C(O)CCCC(=O)O	https://envipath.org/package/5882df9c-dae1-4d80-a40e-db4724271456/scenario/74b1b251-165e-4fe1-98b8-5e247d4f8980	Annex IIA 7.1.1.1.1/01, Subba-Rao R. V., Wang W. W. (1989)	no description				pH		&#176;C							 	WHC at 0,33 bar	75.0		Silt loam	17.9	57.0	25.2
https://envipath.org/package/5882df9c-dae1-4d80-a40e-db4724271456/compound/837880a7-3ca0-44bd-a8c0-cc33fc987f4c/structure/189b6054-d792-49d1-929f-6b7732b35aa2	CO2	Sulcotrione	O=C=O	https://envipath.org/package/5882df9c-dae1-4d80-a40e-db4724271456/scenario/745df0ae-c9d5-49fc-8492-ef7f997edaf4	Annex IIA 7.1.1.1.1/01, Subba-Rao R. V., Wang W. W. (1989)	no description				pH		&#176;C											Sand	90.9	5.2	3.9
https://envipath.org/package/5882df9c-dae1-4d80-a40e-db4724271456/compound/f97babd7-9545-4fda-99cb-3cbd6471e1e1/structure/e14e9322-5c5c-4e40-b46e-b9e13e475199	ICIA0051-5-OH	Sulcotrione	CS(=O)(=O)c1ccc(C(=O)C2C(=O)CC(O)CC2=O)c(Cl)c1	https://envipath.org/package/5882df9c-dae1-4d80-a40e-db4724271456/scenario/74b1b251-165e-4fe1-98b8-5e247d4f8980	Annex IIA 7.1.1.1.1/01, Subba-Rao R. V., Wang W. W. (1989)	no description				pH		&#176;C							 	WHC at 0,33 bar	75.0		Silt loam	17.9	57.0	25.2
https://envipath.org/package/5882df9c-dae1-4d80-a40e-db4724271456/compound/6377658b-03f6-4fed-a5bf-ff0f2389b693/structure/b0aaffe5-2a0e-4e23-a428-207bcf7ec31c	[butanedioic acid]	Sulcotrione	O=C(O)CCC(=O)O	https://envipath.org/package/5882df9c-dae1-4d80-a40e-db4724271456/scenario/74b1b251-165e-4fe1-98b8-5e247d4f8980	Annex IIA 7.1.1.1.1/01, Subba-Rao R. V., Wang W. W. (1989)	no description				pH		&#176;C							 	WHC at 0,33 bar	75.0		Silt loam	17.9	57.0	25.2
https://envipath.org/package/5882df9c-dae1-4d80-a40e-db4724271456/compound/011dd6fe-ad9f-4282-a905-8dd61d53de18/structure/6c1a55cb-6380-4593-8a26-6a9e88ccbbc2	Sulfonic acid	Sulfosulfuron	CCS(=O)(=O)c1nc2ccccn2c1S(=O)(=O)O	https://envipath.org/package/5882df9c-dae1-4d80-a40e-db4724271456/scenario/b3487fca-8b39-4a19-9a80-53b9223f636b	Mayo, McEwen (1995)	no description				pH		&#176;C	18.9	mEq/100g		263.0	431.0			MWHC	40.0		Clay loam	37.0	32.0	31.0
https://envipath.org/package/5882df9c-dae1-4d80-a40e-db4724271456/compound/f40b9ad6-103b-44ab-a337-b4f4ba6f9a15/structure/778bb05e-faa7-4e51-9a36-dae86c740fec	Guanidine	Sulfosulfuron	CCS(=O)(=O)c1nc2ccccn2c1S(=O)(=O)NC(=O)NC(=N)N																							
https://envipath.org/package/5882df9c-dae1-4d80-a40e-db4724271456/compound/837880a7-3ca0-44bd-a8c0-cc33fc987f4c/structure/189b6054-d792-49d1-929f-6b7732b35aa2	CO2	Sulfosulfuron	O=C=O	https://envipath.org/package/5882df9c-dae1-4d80-a40e-db4724271456/scenario/9eec2e12-d64b-404e-83b2-aca08b1b5412	McMullan, Lundry (1995)	no description				pH		&#176;C	9.6	mEq/100g						water content at 0.33 bar	85.0		Silt loam	29.0	62.0	9.0
https://envipath.org/package/5882df9c-dae1-4d80-a40e-db4724271456/compound/837880a7-3ca0-44bd-a8c0-cc33fc987f4c/structure/189b6054-d792-49d1-929f-6b7732b35aa2	CO2	Sulfoxaflor	O=C=O	https://envipath.org/package/5882df9c-dae1-4d80-a40e-db4724271456/scenario/04759dc2-bae8-4a79-84a0-e83503b0d48e	Yoder, Stephon, Balcer (2009)	no description				pH		&#176;C	37.9	mEq/100g		704.5	413.2			MWHC	40.0		Sandy clay loam	63.0	18.0	19.0
https://envipath.org/package/5882df9c-dae1-4d80-a40e-db4724271456/compound/d1724e87-a349-4a5f-87a4-a4798ecc2aa6/structure/69757c0c-3eb9-4180-8db2-1c78f07c4fb9	Diacid	Tau-fluvalinate	CC(C)C(Nc1ccc(C(=O)O)cc1Cl)C(=O)O	https://envipath.org/package/5882df9c-dae1-4d80-a40e-db4724271456/scenario/b4d076d1-e2e6-4063-8050-d13c38fb7ec5	Tong (1991)	no description				pH		&#176;C	5.0	mEq/100g						0.33 bar moisture, calculated from reported 75% value	75.0		Sandy loam	73.0	19.0	8.0
https://envipath.org/package/5882df9c-dae1-4d80-a40e-db4724271456/compound/c3245acc-b0d7-4c8a-83b7-e250273f4a35/structure/7ddc0e5f-e7da-492f-b6c7-af1d7506e89f	3-phenoxybenzaldehyde	Tau-fluvalinate	O=Cc1cccc(Oc2ccccc2)c1	https://envipath.org/package/5882df9c-dae1-4d80-a40e-db4724271456/scenario/8bdd3efc-a66a-4b49-8ab1-f7071d565048	Tong (1991)	no description				pH		&#176;C	5.0	mEq/100g						0.33 bar moisture, calculated from reported 75% value	75.0		Sandy loam	73.0	19.0	8.0
https://envipath.org/package/5882df9c-dae1-4d80-a40e-db4724271456/compound/837880a7-3ca0-44bd-a8c0-cc33fc987f4c/structure/189b6054-d792-49d1-929f-6b7732b35aa2	CO2	Tau-fluvalinate	O=C=O	https://envipath.org/package/5882df9c-dae1-4d80-a40e-db4724271456/scenario/dfe8a336-b300-40d7-b8f8-a9b5112d0a75	Figge (1994a)	no description				pH		&#176;C				568.0	708.0			MWHC	20.0		Sandy clay loam	40.4	36.8	22.8
https://envipath.org/package/5882df9c-dae1-4d80-a40e-db4724271456/compound/2fc78d4a-7958-4af5-87d4-bcc2f9b6c9ab/structure/f8bb3b76-d463-49b5-b7de-7c5783f98e0c	3-PBAc	Tau-fluvalinate	O=C(O)c1cccc(Oc2ccccc2)c1	https://envipath.org/package/5882df9c-dae1-4d80-a40e-db4724271456/scenario/8bdd3efc-a66a-4b49-8ab1-f7071d565048	Tong (1991)	no description				pH		&#176;C	5.0	mEq/100g						0.33 bar moisture, calculated from reported 75% value	75.0		Sandy loam	73.0	19.0	8.0
https://envipath.org/package/5882df9c-dae1-4d80-a40e-db4724271456/compound/d41b0d27-0b55-4a13-a558-0c99bcede528/structure/73e44607-40e7-4624-b3f8-9032774f971e	HWG 1608-ketodesbutyl (M16)	Tebuconazole	O=C(CCc1ccc(Cl)cc1)Cn1cncn1	https://envipath.org/package/5882df9c-dae1-4d80-a40e-db4724271456/scenario/cd8350cd-4249-4111-ba9f-4e2209338501	Fritz, R. & Brauner, A. (1989)	no description				pH		&#176;C											Silt	75.9	16.5	7.6
https://envipath.org/package/5882df9c-dae1-4d80-a40e-db4724271456/compound/7895c94a-2ee4-47f7-8db3-05142dd7ff1d/structure/c31f5937-07f7-4593-ae94-a6390f38e7a6	HWG 1608-5-keto (M09)	Tebuconazole	CC(C)(C)C(O)(CC(=O)c1ccc(Cl)cc1)Cn1cncn1	https://envipath.org/package/5882df9c-dae1-4d80-a40e-db4724271456/scenario/ea557ffd-45b0-4da5-862b-706904889ecf	Strickland T.C., Potter T.L., Joo H. (2004)	no description				pH		&#176;C				100.0	50.0			field capacity			Loamy sand	90.0	4.0	5.0
https://envipath.org/package/5882df9c-dae1-4d80-a40e-db4724271456/compound/741cd542-becd-48a6-b3b1-06252b7ef541/structure/e72fc7d9-a618-4d4f-aeb0-8e21fb7cbeb0	HWG 1608-triazole-pinacoline (M18)	Tebuconazole	CC(C)(C)C(=O)Cn1cncn1	https://envipath.org/package/5882df9c-dae1-4d80-a40e-db4724271456/scenario/9e7c78b9-2db2-43ad-b198-18505b7a2e7f	Fritz, R. & Brauner, A. (1989)	no description				pH		&#176;C											Silt loam	22.1	58.1	19.8
https://envipath.org/package/5882df9c-dae1-4d80-a40e-db4724271456/compound/93939644-f831-42ed-8034-4727126b33ce/structure/d2b432e1-3cd6-4eca-8614-e2da62f223d6	HWG 1608-lactone (M17)	Tebuconazole	CC(C)(C)C1(Cn2cncn2)CCC(=O)O1	https://envipath.org/package/5882df9c-dae1-4d80-a40e-db4724271456/scenario/9e7c78b9-2db2-43ad-b198-18505b7a2e7f	Fritz, R. & Brauner, A. (1989)	no description				pH		&#176;C											Silt loam	22.1	58.1	19.8
https://envipath.org/package/5882df9c-dae1-4d80-a40e-db4724271456/compound/8da2b7ae-8edd-4096-a126-03d0e623ee5b/structure/313b60c2-e66e-4c32-8829-55b76ae4b65c	HWG 1608-desbutyl (M15)	Tebuconazole	OC(CCc1ccc(Cl)cc1)Cn1cncn1	https://envipath.org/package/5882df9c-dae1-4d80-a40e-db4724271456/scenario/cd8350cd-4249-4111-ba9f-4e2209338501	Fritz, R. & Brauner, A. (1989)	no description				pH		&#176;C											Silt	75.9	16.5	7.6
https://envipath.org/package/5882df9c-dae1-4d80-a40e-db4724271456/compound/837880a7-3ca0-44bd-a8c0-cc33fc987f4c/structure/189b6054-d792-49d1-929f-6b7732b35aa2	CO2	Tebuconazole	O=C=O	https://envipath.org/package/5882df9c-dae1-4d80-a40e-db4724271456/scenario/e40a47cd-4e39-418a-89b0-04ed6112536b	Scholz, K. (1990)	no description				pH		&#176;C				826.0	352.0			WHC	40.0		Silt loam	5.0	80.3	14.7
https://envipath.org/package/5882df9c-dae1-4d80-a40e-db4724271456/compound/93867813-9c0a-4485-aa80-cd0e69177302/structure/38f400d3-9b9c-45cd-9abc-6cf0e68d188d	HWG 1608-4-hydroxy (M05)	Tebuconazole	CC(C)(C)C(O)(Cn1cncn1)C(O)Cc1ccc(Cl)cc1	https://envipath.org/package/5882df9c-dae1-4d80-a40e-db4724271456/scenario/cd8350cd-4249-4111-ba9f-4e2209338501	Fritz, R. & Brauner, A. (1989)	no description				pH		&#176;C											Silt	75.9	16.5	7.6
https://envipath.org/package/5882df9c-dae1-4d80-a40e-db4724271456/compound/8602761a-7ebc-419f-a67d-5426423ff9d2/structure/fb6f51bd-1a30-41eb-abfa-2e6f3d578a49	HWG 1608-5-enol (M08)	Tebuconazole	CC(C)(C)C(O)(C=C(O)c1ccc(Cl)cc1)Cn1cncn1	https://envipath.org/package/5882df9c-dae1-4d80-a40e-db4724271456/scenario/9e7c78b9-2db2-43ad-b198-18505b7a2e7f	Fritz, R. & Brauner, A. (1989)	no description				pH		&#176;C											Silt loam	22.1	58.1	19.8
https://envipath.org/package/5882df9c-dae1-4d80-a40e-db4724271456/compound/0deefe2d-50f9-420c-be3a-1c957a28c645/structure/684a2717-c0bd-46d9-9680-38e381994b4c	Hydroxy-triazole (M29), keto-form predominant tautomer	Tebuconazole	O=c1nc[nH][nH]1.Oc1nc[nH]n1	https://envipath.org/package/5882df9c-dae1-4d80-a40e-db4724271456/scenario/e40a47cd-4e39-418a-89b0-04ed6112536b	Scholz, K. (1990)	no description				pH		&#176;C				826.0	352.0			WHC	40.0		Silt loam	5.0	80.3	14.7
https://envipath.org/package/5882df9c-dae1-4d80-a40e-db4724271456/compound/3c46d9ec-8062-4a0c-95cf-b720b6828c8d/structure/424de194-6923-4b62-961f-0659c50c5845	Triazole alanine	Tebuconazole	NC(Cn1cncn1)C(=O)O	https://envipath.org/package/5882df9c-dae1-4d80-a40e-db4724271456/scenario/e40a47cd-4e39-418a-89b0-04ed6112536b	Scholz, K. (1990)	no description				pH		&#176;C				826.0	352.0			WHC	40.0		Silt loam	5.0	80.3	14.7
https://envipath.org/package/5882df9c-dae1-4d80-a40e-db4724271456/compound/5368775e-a521-481d-a0e8-0897d93e8fbd/structure/9b5d82b5-42e9-4ac9-b40e-f373978caa21	HWG 1608-pentanoic acid	Tebuconazole	CC(C)(C)C(O)(CCC(=O)O)Cn1cncn1	https://envipath.org/package/5882df9c-dae1-4d80-a40e-db4724271456/scenario/ea557ffd-45b0-4da5-862b-706904889ecf	Strickland T.C., Potter T.L., Joo H. (2004)	no description				pH		&#176;C				100.0	50.0			field capacity			Loamy sand	90.0	4.0	5.0
https://envipath.org/package/5882df9c-dae1-4d80-a40e-db4724271456/compound/837880a7-3ca0-44bd-a8c0-cc33fc987f4c/structure/189b6054-d792-49d1-929f-6b7732b35aa2	CO2	Tebufenozide	O=C=O	https://envipath.org/package/5882df9c-dae1-4d80-a40e-db4724271456/scenario/fa33aba0-bb3f-44f1-b43d-c6c3f3ef22b8	Knowles (2003)	no description				pH		&#176;C	3.76	mEq/100g		126.0	78.0			MWHC	40.0		Sand	7.28	9.46	3.25
https://envipath.org/package/5882df9c-dae1-4d80-a40e-db4724271456/compound/d24e9b5d-22b8-4f1b-ade9-0bac61f15828/structure/4c14e94f-634b-41aa-b220-1bd9800020f7	CL 810,719	Tebufenpyrad	CC(=O)c1nn(C)c(C(=O)NCc2ccc(C(C)(C)C)cc2)c1Cl	https://envipath.org/package/5882df9c-dae1-4d80-a40e-db4724271456/scenario/e77ce3a1-b7e4-4b0b-9bc5-ff94c12db5a9	Mangels, Weintraub (1993)	no description				pH		&#176;C	10.2	mEq/100g						FC 1/3 bar	75.0		Sandy loam	60.0	30.4	9.6
https://envipath.org/package/5882df9c-dae1-4d80-a40e-db4724271456/compound/c08a7fbb-f81f-4691-80b4-e6d2cc507f69/structure/5a7cfa55-1a57-4f88-b0d5-a16beefb334a	CL810,723	Tebufenpyrad	CC(O)c1nn(C)c(C(=O)NCc2ccc(C(C)(C)C(=O)O)cc2)c1Cl	https://envipath.org/package/5882df9c-dae1-4d80-a40e-db4724271456/scenario/e77ce3a1-b7e4-4b0b-9bc5-ff94c12db5a9	Mangels, Weintraub (1993)	no description				pH		&#176;C	10.2	mEq/100g						FC 1/3 bar	75.0		Sandy loam	60.0	30.4	9.6
https://envipath.org/package/5882df9c-dae1-4d80-a40e-db4724271456/compound/837880a7-3ca0-44bd-a8c0-cc33fc987f4c/structure/189b6054-d792-49d1-929f-6b7732b35aa2	CO2	Tebufenpyrad	O=C=O	https://envipath.org/package/5882df9c-dae1-4d80-a40e-db4724271456/scenario/e77ce3a1-b7e4-4b0b-9bc5-ff94c12db5a9	Mangels, Weintraub (1993)	no description				pH		&#176;C	10.2	mEq/100g						FC 1/3 bar	75.0		Sandy loam	60.0	30.4	9.6
https://envipath.org/package/5882df9c-dae1-4d80-a40e-db4724271456/compound/648240b4-1dae-4e90-bce5-8b24ad10c52d/structure/b745eef3-9a66-46fe-9940-b9d83c6102d4	CGA 149776	Teflubenzuron	O=C(O)c1c(F)cccc1F																							
https://envipath.org/package/5882df9c-dae1-4d80-a40e-db4724271456/compound/837880a7-3ca0-44bd-a8c0-cc33fc987f4c/structure/189b6054-d792-49d1-929f-6b7732b35aa2	CO2	Teflubenzuron	O=C=O	https://envipath.org/package/5882df9c-dae1-4d80-a40e-db4724271456/scenario/1675a617-af82-46d1-b33a-26f061eed0f2	SchlÃ¼ter (1985)	no description				pH		&#176;C	5.2	mEq/100g						MWHC			Sandy loam			
https://envipath.org/package/5882df9c-dae1-4d80-a40e-db4724271456/compound/74ae9afd-c0b6-45fd-8a8c-bc1e63caff9e/structure/0926769b-2ebb-4827-a1a1-f8fdf0177b3e	CGA 149772	Teflubenzuron	NC(=O)c1c(F)cccc1F																							
https://envipath.org/package/5882df9c-dae1-4d80-a40e-db4724271456/compound/bd49da12-ab99-4bc6-b207-9d612398f917/structure/4acb9875-6e54-4a9e-ba1d-123e952bc6dc	2,6-difluorobenzene	Teflubenzuron	Fc1cccc(F)c1																							
https://envipath.org/package/5882df9c-dae1-4d80-a40e-db4724271456/compound/837880a7-3ca0-44bd-a8c0-cc33fc987f4c/structure/189b6054-d792-49d1-929f-6b7732b35aa2	CO2	Tefluthrin	O=C=O	https://envipath.org/package/5882df9c-dae1-4d80-a40e-db4724271456/scenario/229fc801-40dd-4043-9b94-3711e0281020	Pluckrose, Bewick (1986)	no description				pH		&#176;C	20.0	mEq/100g						MWHC			Sandy loam	49.0	28.0	23.0
https://envipath.org/package/5882df9c-dae1-4d80-a40e-db4724271456/compound/4770b477-2764-4040-b9b7-6025e6873ddd/structure/5d035c2c-0f96-47c3-9510-4795d67da510	Compound V (rac)	Tefluthrin	CC1(C)C(C=C(Cl)C(F)(F)F)C1C(=O)OCc1c(F)c(F)c(C(=O)O)c(F)c1F	https://envipath.org/package/5882df9c-dae1-4d80-a40e-db4724271456/scenario/229fc801-40dd-4043-9b94-3711e0281020	Pluckrose, Bewick (1986)	no description				pH		&#176;C	20.0	mEq/100g						MWHC			Sandy loam	49.0	28.0	23.0
https://envipath.org/package/5882df9c-dae1-4d80-a40e-db4724271456/compound/afb3d39c-a230-4402-9cc2-de532657e695/structure/dc187c41-543c-4bc6-88fa-f2c49064f613	Compound IV (diacid)	Tefluthrin	O=C(O)c1c(F)c(F)c(C(=O)O)c(F)c1F	https://envipath.org/package/5882df9c-dae1-4d80-a40e-db4724271456/scenario/229fc801-40dd-4043-9b94-3711e0281020	Pluckrose, Bewick (1986)	no description				pH		&#176;C	20.0	mEq/100g						MWHC			Sandy loam	49.0	28.0	23.0
https://envipath.org/package/5882df9c-dae1-4d80-a40e-db4724271456/compound/71b14459-16a9-4f1c-8bf6-75526aaa3fb7/structure/5597b294-5439-43bd-b8fd-1fc77bec1d1b	Compound II	Tefluthrin	Cc1c(F)c(F)c(CO)c(F)c1F	https://envipath.org/package/5882df9c-dae1-4d80-a40e-db4724271456/scenario/9fbdee80-778a-4059-9646-98aeaa5c5ad3	scenario 110	no description		Minor																		
https://envipath.org/package/5882df9c-dae1-4d80-a40e-db4724271456/compound/8f3256cc-9cac-40d0-91f5-b1935c880550/structure/1f7ecef6-48bd-4d17-9445-4f6161448d2d	Compound III (R153946)	Tefluthrin	Cc1c(F)c(F)c(C(=O)O)c(F)c1F																							
https://envipath.org/package/5882df9c-dae1-4d80-a40e-db4724271456/compound/837880a7-3ca0-44bd-a8c0-cc33fc987f4c/structure/189b6054-d792-49d1-929f-6b7732b35aa2	CO2	Tembotrione	O=C=O	https://envipath.org/package/5882df9c-dae1-4d80-a40e-db4724271456/scenario/23c2fd44-acae-4a3d-b3b6-7e7b490978ee	Fliege (2003b)	no description				pH		&#176;C	12.5	mEq/100g		560.0	677.0			MWHC	45.0		Clay	20.0	35.6	44.4
https://envipath.org/package/5882df9c-dae1-4d80-a40e-db4724271456/compound/034c1ea2-3490-4f73-b50c-aba7afab3519/structure/97aaa9ab-1a78-4ec6-bbec-81816a8169d2	M7 AE1124336	Tembotrione	COc1ccc(S(C)(=O)=O)c(COCC(F)(F)F)c1Cl	https://envipath.org/package/5882df9c-dae1-4d80-a40e-db4724271456/scenario/4e5361e5-bca5-4550-8b18-9ae522d4a02e	Dominic, Arthur, Mislankar (2005)	no description				pH		&#176;C	5.6	mEq/100g		228.0	104.0			WHC at 1/3 bar	75.0		Loamy sand	77.0	20.0	3.0
https://envipath.org/package/5882df9c-dae1-4d80-a40e-db4724271456/compound/9cd2fc61-73ca-4321-967f-a6ae0e40f8b0/structure/51715583-8069-4f90-865b-5c2f32986d65	M6 AE0456148	Tembotrione	CS(=O)(=O)c1ccc(C(=O)O)c(Cl)c1COCC(F)(F)F	https://envipath.org/package/5882df9c-dae1-4d80-a40e-db4724271456/scenario/4e5361e5-bca5-4550-8b18-9ae522d4a02e	Dominic, Arthur, Mislankar (2005)	no description				pH		&#176;C	5.6	mEq/100g		228.0	104.0			WHC at 1/3 bar	75.0		Loamy sand	77.0	20.0	3.0
https://envipath.org/package/5882df9c-dae1-4d80-a40e-db4724271456/compound/a41b8e74-8d5d-4390-8426-38bac6ea5217/structure/8eb7047a-b42f-4c90-aab4-3e4e7d0a5cae	M1 AE0968400	Tembotrione	CS(=O)(=O)c1ccc(O)c(Cl)c1COCC(F)(F)F	https://envipath.org/package/5882df9c-dae1-4d80-a40e-db4724271456/scenario/4e5361e5-bca5-4550-8b18-9ae522d4a02e	Dominic, Arthur, Mislankar (2005)	no description				pH		&#176;C	5.6	mEq/100g		228.0	104.0			WHC at 1/3 bar	75.0		Loamy sand	77.0	20.0	3.0
https://envipath.org/package/5882df9c-dae1-4d80-a40e-db4724271456/compound/d1ebed07-5285-45a6-8395-996c753c50fc/structure/8efd6a57-c4af-4386-a1d8-621be65e22d7	MT22, GS28279	Terbuthylazine	CCNc1nc(N)nc(Cl)n1	https://envipath.org/package/5882df9c-dae1-4d80-a40e-db4724271456/scenario/e6304588-446a-4943-9052-c124a57cc25a	GlÃ¤nzel (1998)	no description				pH		&#176;C	12.3	mEq/100g		416.0	416.0			pF 2.5, experimental at % of field capacity	60.0		Silt loam	39.3	51.0	9.7
https://envipath.org/package/5882df9c-dae1-4d80-a40e-db4724271456/compound/c29714a2-dfca-4660-8108-ccff3f5c53ce/structure/973b8933-8c72-4db1-be0e-3a89029749b8	MT24	Terbuthylazine	Nc1nc(O)nc(O)n1	https://envipath.org/package/5882df9c-dae1-4d80-a40e-db4724271456/scenario/0b2f8c0c-bb8e-48bc-bdff-0b2ea4198571	SchÃ¤ffer, Nicollier (1997b)	no description				pH		&#176;C	8.2	mEq/100g		290.0	260.0			MWHC	40.0		Sandy loam	63.8	31.8	4.4
https://envipath.org/package/5882df9c-dae1-4d80-a40e-db4724271456/compound/c647e8bd-b8e8-4eb6-b6a3-39ae5461b30e/structure/6d61ad04-aa32-4dd8-a5f9-c68ef70af2c4	CSAA04949	Terbuthylazine	CCNc1nc(O)nc(NC(C)(C)C(=O)O)n1																							
https://envipath.org/package/5882df9c-dae1-4d80-a40e-db4724271456/compound/e4da1a0d-265c-4e4d-92cc-36182d44a7c6/structure/81815198-62ae-4525-ab01-6bdc7ac656c2	CSCD648241	Terbuthylazine	Cn1c(O)nc(NC(C)(C)C)nc1=O																							
https://envipath.org/package/5882df9c-dae1-4d80-a40e-db4724271456/compound/cce7ea82-b06b-42c9-bdb4-138d6ccf4656/structure/6543cdb3-9957-44c4-bab2-ea975d2618ff	CSAA036479	Terbuthylazine	CC(C)(Nc1nc(N)nc(O)n1)C(=O)O																							
https://envipath.org/package/5882df9c-dae1-4d80-a40e-db4724271456/compound/837880a7-3ca0-44bd-a8c0-cc33fc987f4c/structure/189b6054-d792-49d1-929f-6b7732b35aa2	CO2	Terbuthylazine	O=C=O	https://envipath.org/package/5882df9c-dae1-4d80-a40e-db4724271456/scenario/e6304588-446a-4943-9052-c124a57cc25a	GlÃ¤nzel (1998)	no description				pH		&#176;C	12.3	mEq/100g		416.0	416.0			pF 2.5, experimental at % of field capacity	60.0		Silt loam	39.3	51.0	9.7
https://envipath.org/package/5882df9c-dae1-4d80-a40e-db4724271456/compound/f2933eb9-bb2b-4dac-a3e3-8138610c4296/structure/b4babca5-1ca6-453c-8a2b-0f61ce93b71b	MT21	Terbuthylazine	Nc1nc(N)nc(O)n1	https://envipath.org/package/5882df9c-dae1-4d80-a40e-db4724271456/scenario/0b2f8c0c-bb8e-48bc-bdff-0b2ea4198571	SchÃ¤ffer, Nicollier (1997b)	no description				pH		&#176;C	8.2	mEq/100g		290.0	260.0			MWHC	40.0		Sandy loam	63.8	31.8	4.4
https://envipath.org/package/5882df9c-dae1-4d80-a40e-db4724271456/compound/a4f6e09d-b016-4c60-88dc-0593586a03f2/structure/09444966-43f7-4506-a27e-8680888e475d	SM9 / LM3	Terbuthylazine	CC(C)(Nc1ncnc(O)n1)C(=O)O	https://envipath.org/package/5882df9c-dae1-4d80-a40e-db4724271456/scenario/84282715-763a-46e8-84e4-1836391de095	Mamouni, Morgenroth (1995)	no description				pH		&#176;C	13.8	mEq/100g		90.6	46.8			MWHC	40.0		Sandy loam	57.9	26.2	15.9
https://envipath.org/package/5882df9c-dae1-4d80-a40e-db4724271456/compound/43b8696b-5c46-4094-a3f3-aa53d81638d3/structure/0f25f9fe-fd65-4376-befb-a44051bca13b	GS31398	Terbuthylazine	CCNc1nc(Cl)nc(NC(C)(C)C(=O)O)n1																							
https://envipath.org/package/5882df9c-dae1-4d80-a40e-db4724271456/compound/af4c961b-4282-4074-9503-be5d5ab71a04/structure/5be2036d-af90-4691-80b7-ef7415846cc1	MT19	Terbuthylazine	CCNc1nc(N)nc(O)n1	https://envipath.org/package/5882df9c-dae1-4d80-a40e-db4724271456/scenario/0b2f8c0c-bb8e-48bc-bdff-0b2ea4198571	SchÃ¤ffer, Nicollier (1997b)	no description				pH		&#176;C	8.2	mEq/100g		290.0	260.0			MWHC	40.0		Sandy loam	63.8	31.8	4.4
https://envipath.org/package/5882df9c-dae1-4d80-a40e-db4724271456/compound/8eaf033d-6803-476e-9a68-14276d6e3f1b/structure/579745d1-7472-4f87-9c67-b99ccd88812c	MT25	Terbuthylazine	Oc1nc(O)nc(O)n1	https://envipath.org/package/5882df9c-dae1-4d80-a40e-db4724271456/scenario/0b2f8c0c-bb8e-48bc-bdff-0b2ea4198571	SchÃ¤ffer, Nicollier (1997b)	no description				pH		&#176;C	8.2	mEq/100g		290.0	260.0			MWHC	40.0		Sandy loam	63.8	31.8	4.4
https://envipath.org/package/5882df9c-dae1-4d80-a40e-db4724271456/compound/9b7f2ea4-af26-42cd-9297-feb0782e4e7a/structure/8ef28ab9-6bce-4adf-a4b4-80e3f284056f	MT20	Terbuthylazine	Nc1nc(N)nc(Cl)n1	https://envipath.org/package/5882df9c-dae1-4d80-a40e-db4724271456/scenario/e6304588-446a-4943-9052-c124a57cc25a	GlÃ¤nzel (1998)	no description				pH		&#176;C	12.3	mEq/100g		416.0	416.0			pF 2.5, experimental at % of field capacity	60.0		Silt loam	39.3	51.0	9.7
https://envipath.org/package/5882df9c-dae1-4d80-a40e-db4724271456/compound/42a2a924-23ee-4dec-aeee-ad6b6cc80941/structure/7eb609f2-45d0-423e-b456-8c791a83ba12	SM6 / LM6	Terbuthylazine	COc1nc(O)nc(NC(C)(C)C)n1	https://envipath.org/package/5882df9c-dae1-4d80-a40e-db4724271456/scenario/84282715-763a-46e8-84e4-1836391de095	Mamouni, Morgenroth (1995)	no description				pH		&#176;C	13.8	mEq/100g		90.6	46.8			MWHC	40.0		Sandy loam	57.9	26.2	15.9
https://envipath.org/package/5882df9c-dae1-4d80-a40e-db4724271456/compound/aaf50225-1948-42f7-a23d-ecdb1716012e/structure/a3f1e591-5e47-4efc-93dc-dfe06f68b1a1	CSCD692760	Terbuthylazine	CC1(C)Nc2nc(O)nc(=O)n2C1O																							
https://envipath.org/package/5882df9c-dae1-4d80-a40e-db4724271456/compound/22b41d0a-a86c-4490-be36-25a64a658dcb/structure/7d2dab1a-a6cb-4256-a9ce-e29b445bd41d	MT23	Terbuthylazine	CC(C)(C)Nc1nc(O)nc(O)n1	https://envipath.org/package/5882df9c-dae1-4d80-a40e-db4724271456/scenario/6324c2a7-47fc-404f-99ff-7896cecf4367	Reischmann (2000a)	no description				pH		&#176;C	8.39	mEq/100g		219.1	132.0			MWC	40.0		Loamy sand	80.9	13.2	5.9
https://envipath.org/package/5882df9c-dae1-4d80-a40e-db4724271456/compound/a15dc090-924f-4ae2-9ea6-3230a8a7f504/structure/d705d7e2-2f0e-4230-8d35-5eb2c2fc1c91	1,2,4 triazole	Tetraconazole	c1nc[nH]n1	https://envipath.org/package/5882df9c-dae1-4d80-a40e-db4724271456/scenario/c72c4ea2-1eb0-4a42-b4d9-332aa4c76771	Wallner, R.L. (1991)	no description				pH		&#176;C	2.4	mEq/100g						field moisture capacity	75.0		Sandy loam	77.0	14.0	9.0
https://envipath.org/package/5882df9c-dae1-4d80-a40e-db4724271456/compound/a62de0a2-9f45-4265-9c62-cfb9f964fbf0/structure/7a34343b-b53e-43e1-9cbb-f3864417c35e	M14360-DFA	Tetraconazole	O=C(O)C(F)(F)OCC(Cn1cncn1)c1ccc(Cl)cc1Cl	https://envipath.org/package/5882df9c-dae1-4d80-a40e-db4724271456/scenario/c72c4ea2-1eb0-4a42-b4d9-332aa4c76771	Wallner, R.L. (1991)	no description				pH		&#176;C	2.4	mEq/100g						field moisture capacity	75.0		Sandy loam	77.0	14.0	9.0
https://envipath.org/package/5882df9c-dae1-4d80-a40e-db4724271456/compound/76dc7010-662c-4426-b709-7aac6a5feeec/structure/7c62746d-fee6-49b8-ae81-8e42946777a8	hydroxyphenyl-M14360-acid	Tetraconazole	O=C(O)C(Cn1cncn1)c1ccc(Cl)cc1O	https://envipath.org/package/5882df9c-dae1-4d80-a40e-db4724271456/scenario/e01a7a8d-0aa0-40ab-9348-cca7b4404d9a	Scacchi, A. & Pizzingrilli, G. (2000)	no description				pH		&#176;C	11.0	mEq/100g		797.8	487.6			MWHC	40.0		Loamy sand	78.9	14.4	6.7
https://envipath.org/package/5882df9c-dae1-4d80-a40e-db4724271456/compound/837880a7-3ca0-44bd-a8c0-cc33fc987f4c/structure/189b6054-d792-49d1-929f-6b7732b35aa2	CO2	Thiabendazole	O=C=O	https://envipath.org/package/5882df9c-dae1-4d80-a40e-db4724271456/scenario/d7fee5c4-f6e9-454b-98af-6bb856c02b29	Adam (2011)	no description				pH		&#176;C	20.48	mEq/100g		517.0	465.0			pF 2, experimental @ pF 2			Sandy clay loam	8.01	7.57	4.42
https://envipath.org/package/5882df9c-dae1-4d80-a40e-db4724271456/compound/36e0d31e-d6f8-4fba-aa19-c29f1e4e9f47/structure/194461d7-9e14-4d72-bb2a-e409bbbbe000	Benzimidazole	Thiabendazole	c1ccc2[nH]cnc2c1	https://envipath.org/package/5882df9c-dae1-4d80-a40e-db4724271456/scenario/2a989ba2-39fb-4942-851f-d6621e39788e	Daly, Williams (1991)	no description				pH		&#176;C	9.2	mEq/100g						Field capacity (1/3 bar)	70-75		Sandy loam	58.0	30.0	12.0
https://envipath.org/package/5882df9c-dae1-4d80-a40e-db4724271456/compound/8679af97-5b0b-4363-b51c-b418b8335418/structure/41239b00-03a2-41c7-b7ff-f429e1215ac8	5-Hydroxy-thiabendazole	Thiabendazole	Oc1ccc2nc(-c3cscn3)[nH]c2c1	https://envipath.org/package/5882df9c-dae1-4d80-a40e-db4724271456/scenario/2a989ba2-39fb-4942-851f-d6621e39788e	Daly, Williams (1991)	no description				pH		&#176;C	9.2	mEq/100g						Field capacity (1/3 bar)	70-75		Sandy loam	58.0	30.0	12.0
https://envipath.org/package/5882df9c-dae1-4d80-a40e-db4724271456/compound/837880a7-3ca0-44bd-a8c0-cc33fc987f4c/structure/189b6054-d792-49d1-929f-6b7732b35aa2	CO2	Thiencarbazone-methyl	O=C=O	https://envipath.org/package/5882df9c-dae1-4d80-a40e-db4724271456/scenario/62853af4-a21d-4c1f-af60-364a38ae3b1a	Fliege (2006)	no description				pH		&#176;C	26.0	mEq/100g		10050.0	6780.0			1/3 bar	79.0		Silt loam	19.0	62.0	19.0
https://envipath.org/package/5882df9c-dae1-4d80-a40e-db4724271456/compound/fdc93f28-4729-4c5e-8906-dcde30684641/structure/6110d3e7-0105-4856-81dc-c8008bd12266	Thieno-saccharine	Thiencarbazone-methyl	Cc1scc2c1S(=O)(=O)NC2=O	https://envipath.org/package/5882df9c-dae1-4d80-a40e-db4724271456/scenario/e976d8a8-3d2b-455a-afd6-fd640042ce7b	Fliege (2005)	no description				pH		&#176;C	5.0	mEq/100g		1870.0	300.0			WHC 1/3 bar	76.0		Loamy sand	78.0	16.0	6.0
https://envipath.org/package/5882df9c-dae1-4d80-a40e-db4724271456/compound/6ece33f4-d8b4-4c97-aaf5-8e309e4ebcb5/structure/420f75f9-2a6f-4a53-a91d-603391b6b26e	O-demethyl-Thifensulfuron-methyl (IN-L9226)	Thifensulfuron-methyl	COC(=O)c1sccc1S(=O)(=O)NC(=O)Nc1nc(C)nc(O)n1	https://envipath.org/package/5882df9c-dae1-4d80-a40e-db4724271456/scenario/f48fb825-6bc6-450a-b6b8-c79108e736cd	Cleland, H. 2011	no description		 		pH		&#176;C	10.7	mEq/100g		264.48	153.87			MWHC (0 bar)	50.0	MWHC (0 bar)	Sandy loam	72.0	19.0	9.0
https://envipath.org/package/5882df9c-dae1-4d80-a40e-db4724271456/compound/2a8e49a2-2129-4c2e-8ee9-8b014615b77a/structure/e17dcd85-2464-4013-b72e-afd33ecefc08	Thifensulfuron acid (IN-L9225)	Thifensulfuron-methyl	COc1nc(C)nc(NC(=O)NS(=O)(=O)c2ccsc2C(=O)O)n1	https://envipath.org/package/5882df9c-dae1-4d80-a40e-db4724271456/scenario/1a9a1d73-5a37-42d7-a8cb-6704465177c9	Simmonds, M.; 2012a	no description		 		pH		&#176;C	11.9	mEq/100g		1195.4	1089.1			MWHC			Loam	48.0	39.0	13.0
https://envipath.org/package/5882df9c-dae1-4d80-a40e-db4724271456/compound/bf969f03-d02b-48f8-a41c-c1f8a2e1b960/structure/1a5234a6-37c4-4190-9f39-71f00bf5e021	Thiophene sulfonimide (IN-W8268)	Thifensulfuron-methyl	O=C1NS(=O)(=O)c2ccsc21	https://envipath.org/package/5882df9c-dae1-4d80-a40e-db4724271456/scenario/11306aa1-a513-4a14-b365-9226ef3ec368	Rapisarda, C.; 1984	no description		 		pH		&#176;C	21.2	mEq/100g							70.0	field moisture capacity	Silt loam	2.0	81.0	17.0
https://envipath.org/package/5882df9c-dae1-4d80-a40e-db4724271456/compound/16a66ffb-d8e6-43fe-92c9-0d5a25b94821/structure/929d2047-4bcb-41c8-bcd7-bb970abf3a83	Triazine amine (IN-A4098)	Thifensulfuron-methyl	COc1nc(C)nc(N)n1	https://envipath.org/package/5882df9c-dae1-4d80-a40e-db4724271456/scenario/6a698f7d-ec14-4e28-8f59-ef9378181a8e	Simmonds, M.; 2012a	no description				pH		&#176;C	22.1	mEq/100g		1534.4	1461.9			MWHC			Sandy clay	51.0	20.0	29.0
https://envipath.org/package/5882df9c-dae1-4d80-a40e-db4724271456/compound/61951402-056f-4a5c-98f0-85ca2ee27c48/structure/75384dfc-d6d8-4e87-b893-6193dab4be39	IN-V7160	Thifensulfuron-methyl	COc1nc(C)nc(NC(N)=O)n1	https://envipath.org/package/5882df9c-dae1-4d80-a40e-db4724271456/scenario/12ffc7df-5663-4447-bdb0-028a01808b20	Cleland, H. 2011	no description		 		pH		&#176;C	17.3	mEq/100g		253.67	185.4			MWHC (0 bar)	50.0	MWHC (0 bar)	Silty clay loam	18.0	51.0	31.0
https://envipath.org/package/5882df9c-dae1-4d80-a40e-db4724271456/compound/837880a7-3ca0-44bd-a8c0-cc33fc987f4c/structure/189b6054-d792-49d1-929f-6b7732b35aa2	CO2	Thifensulfuron-methyl	O=C=O	https://envipath.org/package/5882df9c-dae1-4d80-a40e-db4724271456/scenario/b2036193-cbe4-44c1-afdf-6a75d097ebfb	Cleland, H. 2011	no description				pH		&#176;C	17.3	mEq/100g		253.67	185.4			MWHC (0 bar)	50.0	MWHC (0 bar)	Silty clay loam	18.0	51.0	31.0
https://envipath.org/package/5882df9c-dae1-4d80-a40e-db4724271456/compound/f87664de-4e10-41bd-b000-e484046bd142/structure/5fc1f8c8-8c09-4c94-a949-9a6eb05c10c6	2-Acid-3-sulfonamide (IN-L9223)	Thifensulfuron-methyl	NS(=O)(=O)c1ccsc1C(=O)O	https://envipath.org/package/5882df9c-dae1-4d80-a40e-db4724271456/scenario/3acdb7f9-fff2-44ee-a9ff-3ed8febc4c2e	Cleland, H. 2011	no description		 		pH		&#176;C	17.3	mEq/100g		253.67	185.4			MWHC (0 bar)	50.0	MWHC (0 bar)	Silty clay loam	18.0	51.0	31.0
https://envipath.org/package/5882df9c-dae1-4d80-a40e-db4724271456/compound/2d4dca0e-005e-4a59-9971-fb5d59b05fa1/structure/4e3b9727-b0ec-4546-8f75-2364db5d2da9	O-Desmethyl thifensulfuron acid (IN-JZ789)	Thifensulfuron-methyl	Cc1nc(O)nc(NC(=O)NS(=O)(=O)c2ccsc2C(=O)O)n1																							
https://envipath.org/package/5882df9c-dae1-4d80-a40e-db4724271456/compound/1c6c4b8a-934a-46eb-bbc3-f81f752e7c51/structure/1b752621-796c-4205-a924-e8310633fafa	2-Acid-3-triuret	Thifensulfuron-methyl	CC(=O)NC(=O)NC(=O)NC(=O)NS(=O)(=O)c1ccsc1C(=O)O	https://envipath.org/package/5882df9c-dae1-4d80-a40e-db4724271456/scenario/35c14b5f-c121-40de-87cd-32bd26cfd149	Simmonds, M.; 2012a	no description		 		pH		&#176;C	11.9	mEq/100g		1195.4	1089.1			MWHC			Loam	48.0	39.0	13.0
https://envipath.org/package/5882df9c-dae1-4d80-a40e-db4724271456/compound/6fe4445f-891a-4756-96b8-9a75b81b54b0/structure/6d83a668-f5b4-465d-a6c3-a369ea2ec3e6	2-ester-3-sulfonamide (IN-A5546)	Thifensulfuron-methyl	COC(=O)c1sccc1S(N)(=O)=O	https://envipath.org/package/5882df9c-dae1-4d80-a40e-db4724271456/scenario/f9d6b7dc-1015-4033-885f-c1bca5221436	Rapisarda, C.; 1984	no description		 		pH		&#176;C	15.5	mEq/100g							70.0	field moisture capacity	Silt loam	12.0	83.0	5.0
https://envipath.org/package/5882df9c-dae1-4d80-a40e-db4724271456/compound/d06dd934-15d6-4690-a379-903b3398a530/structure/424e7175-23c1-45fb-b117-9a956577ac7f	O-desmethyl triazine amine (IN-B5528)	Thifensulfuron-methyl	Cc1nc(N)nc(O)n1																							
https://envipath.org/package/5882df9c-dae1-4d80-a40e-db4724271456/compound/ed83d959-4da3-4b8e-a74f-3d07cf7b58d9/structure/21b680d6-2bd7-4cad-95e3-27b622f256fa	3-Hydroxythiobencarb	Thiobencarb	CCN(CC)C(=O)SCc1ccc(Cl)c(O)c1	https://envipath.org/package/5882df9c-dae1-4d80-a40e-db4724271456/scenario/53d4e60f-3002-43b6-a7ca-2dd1e04f5cd7	Patterson (1994)	no description				pH		&#176;C	40.9	mEq/100g						1/3 bar, experimental 77%			Clay	24.0	30.0	46.0
https://envipath.org/package/5882df9c-dae1-4d80-a40e-db4724271456/compound/9065c5ec-5af1-479f-9377-488bfe9f7bbf/structure/fea83e0f-659f-4ec7-a725-c712357696f4	PR01	Thiobencarb	OCc1ccc(Cl)cc1																							
https://envipath.org/package/5882df9c-dae1-4d80-a40e-db4724271456/compound/67fd6aee-328a-4d21-864a-8607fcd45d99/structure/dbc912fb-9e63-41b4-9811-9eb3ef89a54c	2-Hydroxythiobencarb	Thiobencarb	CCN(CC)C(=O)SCc1ccc(Cl)cc1O	https://envipath.org/package/5882df9c-dae1-4d80-a40e-db4724271456/scenario/53d4e60f-3002-43b6-a7ca-2dd1e04f5cd7	Patterson (1994)	no description				pH		&#176;C	40.9	mEq/100g						1/3 bar, experimental 77%			Clay	24.0	30.0	46.0
https://envipath.org/package/5882df9c-dae1-4d80-a40e-db4724271456/compound/24206525-9792-44fe-8fbe-94db0a225312/structure/ccfd8500-1382-4df7-ae21-b6102d292d00	4-Chlorobenzylmethyl sulfone	Thiobencarb	CS(=O)(=O)Cc1ccc(Cl)cc1	https://envipath.org/package/5882df9c-dae1-4d80-a40e-db4724271456/scenario/53d4e60f-3002-43b6-a7ca-2dd1e04f5cd7	Patterson (1994)	no description				pH		&#176;C	40.9	mEq/100g						1/3 bar, experimental 77%			Clay	24.0	30.0	46.0
https://envipath.org/package/5882df9c-dae1-4d80-a40e-db4724271456/compound/c5a60e02-4b70-4d8f-a405-01eca05556df/structure/80d8f693-b5b5-477a-a58d-1970f718b17c	Desethylthiobencarb	Thiobencarb	CCNC(=O)SCc1ccc(Cl)cc1																							
https://envipath.org/package/5882df9c-dae1-4d80-a40e-db4724271456/compound/bc3bbff7-8f3b-41c2-8c14-185f5293072a/structure/edc40797-2e05-46d6-b10d-018f809dce89	S3 (4-chlorobenzoic acid)	Thiobencarb	O=C(O)c1ccc(Cl)cc1	https://envipath.org/package/5882df9c-dae1-4d80-a40e-db4724271456/scenario/53d4e60f-3002-43b6-a7ca-2dd1e04f5cd7	Patterson (1994)	no description				pH		&#176;C	40.9	mEq/100g						1/3 bar, experimental 77%			Clay	24.0	30.0	46.0
https://envipath.org/package/5882df9c-dae1-4d80-a40e-db4724271456/compound/61d1c98b-618b-4691-b6a1-0d613ed1b42a/structure/6410f5a8-f962-4e99-a37b-3e162f7b6c6b	PR02	Thiobencarb	SCc1ccc(Cl)cc1																							
https://envipath.org/package/5882df9c-dae1-4d80-a40e-db4724271456/compound/837880a7-3ca0-44bd-a8c0-cc33fc987f4c/structure/189b6054-d792-49d1-929f-6b7732b35aa2	CO2	Thiobencarb	O=C=O	https://envipath.org/package/5882df9c-dae1-4d80-a40e-db4724271456/scenario/53d4e60f-3002-43b6-a7ca-2dd1e04f5cd7	Patterson (1994)	no description				pH		&#176;C	40.9	mEq/100g						1/3 bar, experimental 77%			Clay	24.0	30.0	46.0
https://envipath.org/package/5882df9c-dae1-4d80-a40e-db4724271456/compound/c5a53e20-3560-4944-a95c-60055b56335c/structure/b13f521c-18fc-48b1-97df-9651e76eadc9	4-Chlorobenzylmethyl sulfoxide	Thiobencarb	CS(=O)Cc1ccc(Cl)cc1	https://envipath.org/package/5882df9c-dae1-4d80-a40e-db4724271456/scenario/53d4e60f-3002-43b6-a7ca-2dd1e04f5cd7	Patterson (1994)	no description				pH		&#176;C	40.9	mEq/100g						1/3 bar, experimental 77%			Clay	24.0	30.0	46.0
https://envipath.org/package/5882df9c-dae1-4d80-a40e-db4724271456/compound/3e758be3-00d6-4d3b-8a10-221e5a35ae2e/structure/dfbddb5f-09ce-4df0-bda3-32ba9b05ec4a	Thiobencarb sulfoxide	Thiobencarb	CCN(CC)C(=O)S(=O)Cc1ccc(Cl)cc1	https://envipath.org/package/5882df9c-dae1-4d80-a40e-db4724271456/scenario/53d4e60f-3002-43b6-a7ca-2dd1e04f5cd7	Patterson (1994)	no description				pH		&#176;C	40.9	mEq/100g						1/3 bar, experimental 77%			Clay	24.0	30.0	46.0
https://envipath.org/package/5882df9c-dae1-4d80-a40e-db4724271456/compound/b3c079bd-351f-4088-9b80-52d67b754583/structure/095990c6-62a2-45cb-812c-294fee6eeae4	Acetonitrile	Thiodicarb	CC#N	https://envipath.org/package/5882df9c-dae1-4d80-a40e-db4724271456/scenario/646190fb-3926-4290-9967-84b77d0cc92c	Feung, Weisbach (1991c)	no description				pH		&#176;C	6.16	mEq/100g						FMC @ 1/3 bar	75.0		Sandy loam	9.56	7.24	13.2
https://envipath.org/package/5882df9c-dae1-4d80-a40e-db4724271456/compound/3d669062-6a82-4048-9a24-ec163c26a9f0/structure/4967d9ab-7f0e-4f0a-bb1d-63742ef3d39f	Methomyl oxime	Thiodicarb	CSC(C)=NO	https://envipath.org/package/5882df9c-dae1-4d80-a40e-db4724271456/scenario/646190fb-3926-4290-9967-84b77d0cc92c	Feung, Weisbach (1991c)	no description				pH		&#176;C	6.16	mEq/100g						FMC @ 1/3 bar	75.0		Sandy loam	9.56	7.24	13.2
https://envipath.org/package/5882df9c-dae1-4d80-a40e-db4724271456/compound/837880a7-3ca0-44bd-a8c0-cc33fc987f4c/structure/189b6054-d792-49d1-929f-6b7732b35aa2	CO2	Thiodicarb	O=C=O	https://envipath.org/package/5882df9c-dae1-4d80-a40e-db4724271456/scenario/646190fb-3926-4290-9967-84b77d0cc92c	Feung, Weisbach (1991c)	no description				pH		&#176;C	6.16	mEq/100g						FMC @ 1/3 bar	75.0		Sandy loam	9.56	7.24	13.2
https://envipath.org/package/5882df9c-dae1-4d80-a40e-db4724271456/compound/135193d7-91e9-4063-80d6-54a81c4c95d6/structure/61356269-da66-4484-a263-47d7e0e89241	AV-1951	Thiophanate-methyl	COC(=O)NC(=S)Nc1ccccc1NC(N)=S	https://envipath.org/package/5882df9c-dae1-4d80-a40e-db4724271456/scenario/7ee124b1-3d96-4082-b20e-0d299ca62794	Adam, D., 2014a	no description		 		pH		&#176;C	16.6	mEq/100g		337.0	386.0			Water content at pF 2.0	100.0	Water content at pF 2.0	Sandy loam	59.2	29.7	11.1
https://envipath.org/package/5882df9c-dae1-4d80-a40e-db4724271456/compound/46934f00-ca57-4add-8025-3e889593358c/structure/06e2a173-ed91-4ae0-a2e1-01ced78bf063	CM-0238 (M1)	Thiophanate-methyl	COC(=O)NC(=S)Nc1cccc2sc(NC(=O)OC)nc12	https://envipath.org/package/5882df9c-dae1-4d80-a40e-db4724271456/scenario/2054a116-e3fc-4202-9910-9c07312dc614	VÃ¶lkl et al., 2002	no description		 		pH		&#176;C	10.0	mEq/100g		213.0	139.0			water content at pF 2,5	46.0	Water content at pF 1 (MWHC)	Sandy loam	57.8	33.3	9.0
https://envipath.org/package/5882df9c-dae1-4d80-a40e-db4724271456/compound/fc15c5eb-a664-496c-912c-5bb81f417137/structure/36b9d70b-091d-472b-8737-b0510e222140	DX-105	Thiophanate-methyl	COC(=O)NC(=O)Nc1ccccc1NC(=S)NC(=O)OC	https://envipath.org/package/5882df9c-dae1-4d80-a40e-db4724271456/scenario/f07a58f5-e86b-4416-9b5f-b2b7a8896834	VÃ¶lkl et al., 2002	no description		Minor		pH		&#176;C	10.0	mEq/100g		213.0	139.0			water content at pF 2,5	46.0	Water content at pF 1 (MWHC)	Sandy loam	57.8	33.3	9.0
https://envipath.org/package/5882df9c-dae1-4d80-a40e-db4724271456/compound/dfe6517b-28d1-4073-b721-8377500ebc79/structure/45f43850-ecf6-490b-9c0b-12371fba16b9	M10	Thiophanate-methyl	O=c1nc2[nH]c3ccccc3n2c(=O)[nH]1	https://envipath.org/package/5882df9c-dae1-4d80-a40e-db4724271456/scenario/6f115d7a-4e0d-4860-9ad3-f2fd8cac2352	Adam, D., 2014a	no description		 		pH		&#176;C	16.6	mEq/100g		337.0	386.0			Water content at pF 2.0	100.0	Water content at pF 2.0	Sandy loam	59.2	29.7	11.1
https://envipath.org/package/5882df9c-dae1-4d80-a40e-db4724271456/compound/837880a7-3ca0-44bd-a8c0-cc33fc987f4c/structure/189b6054-d792-49d1-929f-6b7732b35aa2	CO2	Thiophanate-methyl	O=C=O	https://envipath.org/package/5882df9c-dae1-4d80-a40e-db4724271456/scenario/0b499d45-3234-4659-b3b1-ca8695faabe6	VÃ¶lkl et al., 2002	no description				pH		&#176;C	8.5	mEq/100g		235.0	187.0			water content at pF 2,5	46.0	Water content at pF 1 (MWHC)	Silt loam	19.3	61.2	19.5
https://envipath.org/package/5882df9c-dae1-4d80-a40e-db4724271456/compound/de7073b2-09d0-49d8-a156-d4058b4e9412/structure/86bbbcab-1f3f-4c57-9ca0-3da5f66be7ff	TM-CH2OH	Tolclofos-methyl	COP(=S)(OC)Oc1c(Cl)cc(CO)cc1Cl	https://envipath.org/package/5882df9c-dae1-4d80-a40e-db4724271456/scenario/453cd4e1-66f3-4087-af86-9cc2b3038cb8	Lewis (1995)	no description				pH		&#176;C				493.0	595.0			MWHC	40.0		Clay loam	62.0	23.0	15.0
https://envipath.org/package/5882df9c-dae1-4d80-a40e-db4724271456/compound/62f47982-d59a-4513-b8e6-e7ab97509cb3/structure/03b9d502-09cb-4b07-b2d5-0dbf39162cd2	ph-COOH	Tolclofos-methyl	O=C(O)c1cc(Cl)c(O)c(Cl)c1	https://envipath.org/package/5882df9c-dae1-4d80-a40e-db4724271456/scenario/fe91e908-9e9e-486e-a2c7-cd67fed10021	Lewis (2002)	no description				pH		&#176;C	6.1	mEq/100g		304.6	304.6			 MWHC @ pF 0	45.0		Sandy loam	74.0	13.0	13.0
https://envipath.org/package/5882df9c-dae1-4d80-a40e-db4724271456/compound/a079aa8a-74a1-49ff-a2a7-2bdf0fc44391/structure/e4d6a278-9805-4ddb-8f78-be8577b347fe	TMO	Tolclofos-methyl	COP(=O)(OC)Oc1c(Cl)cc(C)cc1Cl	https://envipath.org/package/5882df9c-dae1-4d80-a40e-db4724271456/scenario/453cd4e1-66f3-4087-af86-9cc2b3038cb8	Lewis (1995)	no description				pH		&#176;C				493.0	595.0			MWHC	40.0		Clay loam	62.0	23.0	15.0
https://envipath.org/package/5882df9c-dae1-4d80-a40e-db4724271456/compound/88d2463d-a2e9-410a-8534-02a61fc48bc7/structure/b5004d67-8b42-4220-a15c-9bae07812dc0	ph-CH2OH	Tolclofos-methyl	OCc1cc(Cl)c(O)c(Cl)c1	https://envipath.org/package/5882df9c-dae1-4d80-a40e-db4724271456/scenario/453cd4e1-66f3-4087-af86-9cc2b3038cb8	Lewis (1995)	no description				pH		&#176;C				493.0	595.0			MWHC	40.0		Clay loam	62.0	23.0	15.0
https://envipath.org/package/5882df9c-dae1-4d80-a40e-db4724271456/compound/bbaa839e-1041-4665-b569-2474bbbe6a3d/structure/6ae641f7-ac75-467a-a99f-2a3d2a3ac3d0	DM-TMO	Tolclofos-methyl	COP(=O)(O)Oc1c(Cl)cc(C)cc1Cl	https://envipath.org/package/5882df9c-dae1-4d80-a40e-db4724271456/scenario/fe91e908-9e9e-486e-a2c7-cd67fed10021	Lewis (2002)	no description				pH		&#176;C	6.1	mEq/100g		304.6	304.6			 MWHC @ pF 0	45.0		Sandy loam	74.0	13.0	13.0
https://envipath.org/package/5882df9c-dae1-4d80-a40e-db4724271456/compound/ae02842b-0431-4aec-8b44-b8733274aef5/structure/f8096a07-0893-45c6-a122-6e08b78e0eca	TM-COOH	Tolclofos-methyl	COP(=S)(OC)Oc1c(Cl)cc(C(=O)O)cc1Cl	https://envipath.org/package/5882df9c-dae1-4d80-a40e-db4724271456/scenario/453cd4e1-66f3-4087-af86-9cc2b3038cb8	Lewis (1995)	no description				pH		&#176;C				493.0	595.0			MWHC	40.0		Clay loam	62.0	23.0	15.0
https://envipath.org/package/5882df9c-dae1-4d80-a40e-db4724271456/compound/706cb2e6-9808-45b9-a124-0c0d05ab6e08/structure/8af0da9b-6195-4fa5-bdd6-30544d24bc94	ph-CH3	Tolclofos-methyl	Cc1cc(Cl)c(O)c(Cl)c1	https://envipath.org/package/5882df9c-dae1-4d80-a40e-db4724271456/scenario/1e9fbb27-602c-4294-bedd-78ca226ee569	Lewis (2001a)	no description				pH		&#176;C	19.6	mEq/100g		526.0	452.0			 MWHC @ pF 0	45.0		Clay loam	33.0	35.0	32.0
https://envipath.org/package/5882df9c-dae1-4d80-a40e-db4724271456/compound/837880a7-3ca0-44bd-a8c0-cc33fc987f4c/structure/189b6054-d792-49d1-929f-6b7732b35aa2	CO2	Tolclofos-methyl	O=C=O	https://envipath.org/package/5882df9c-dae1-4d80-a40e-db4724271456/scenario/1e9fbb27-602c-4294-bedd-78ca226ee569	Lewis (2001a)	no description				pH		&#176;C	19.6	mEq/100g		526.0	452.0			 MWHC @ pF 0	45.0		Clay loam	33.0	35.0	32.0
https://envipath.org/package/5882df9c-dae1-4d80-a40e-db4724271456/compound/50bea1a2-1aff-439b-9474-7b22f5935bc9/structure/aa52264f-d50b-46b0-9bef-cd8ba69e1971	methylaminosulfotoluidide (IX)	Tolylfluanid	CNS(=O)(=O)Nc1ccc(C)cc1	https://envipath.org/package/5882df9c-dae1-4d80-a40e-db4724271456/scenario/7ff855ae-ee3e-4667-8d41-85883ddd78fb	Scholz (1988a)	no description				pH		&#176;C				273.0	264.0			MWHC	40.0		Silt loam	36.5	55.0	8.5
https://envipath.org/package/5882df9c-dae1-4d80-a40e-db4724271456/compound/7984ca96-5afb-4c92-99dc-8f5cfcf28704/structure/324fc9f7-3201-42f9-8ba9-0064d4692392	Carbonylsulfide	Tolylfluanid	O=C=S																							
https://envipath.org/package/5882df9c-dae1-4d80-a40e-db4724271456/compound/8ade2cb3-e920-41a2-8397-3df8d4a11445/structure/c9ec06d7-b5c9-46f1-871e-1664b1c5d598	Dichlorofluoro-methanesulfonic acid	Tolylfluanid	O=S(=O)(O)C(F)(Cl)Cl																							
https://envipath.org/package/5882df9c-dae1-4d80-a40e-db4724271456/compound/a47929d8-b808-4c33-ab06-591f64d4a50d/structure/5360abfd-f996-4cc7-a18f-5ac74e286488	4-(dimethylaminosulfonyl-amino)benzoic acid (XI)	Tolylfluanid	CN(C)S(=O)(=O)Nc1ccc(C(=O)O)cc1	https://envipath.org/package/5882df9c-dae1-4d80-a40e-db4724271456/scenario/7ff855ae-ee3e-4667-8d41-85883ddd78fb	Scholz (1988a)	no description				pH		&#176;C				273.0	264.0			MWHC	40.0		Silt loam	36.5	55.0	8.5
https://envipath.org/package/5882df9c-dae1-4d80-a40e-db4724271456/compound/212dd4f7-8fad-47fc-b928-a3b5c2ffa5b7/structure/548e8484-b52a-4f3a-a8eb-0dad50bd40fd	thiophosgene II	Tolylfluanid	FC(=S)Cl																							
https://envipath.org/package/5882df9c-dae1-4d80-a40e-db4724271456/compound/19c7b19d-01c3-4ff3-8040-4e3f9b59be73/structure/b8df9e4c-aa3d-4f3e-9c58-0d2af7f2fc5f	thiophosgene I	Tolylfluanid	S=C(Cl)Cl																							
https://envipath.org/package/5882df9c-dae1-4d80-a40e-db4724271456/compound/837880a7-3ca0-44bd-a8c0-cc33fc987f4c/structure/189b6054-d792-49d1-929f-6b7732b35aa2	CO2	Tolylfluanid	O=C=O	https://envipath.org/package/5882df9c-dae1-4d80-a40e-db4724271456/scenario/7ff855ae-ee3e-4667-8d41-85883ddd78fb	Scholz (1988a)	no description				pH		&#176;C				273.0	264.0			MWHC	40.0		Silt loam	36.5	55.0	8.5
https://envipath.org/package/5882df9c-dae1-4d80-a40e-db4724271456/compound/fdbace44-da08-4650-85c9-dc1ccc82b616/structure/dc88ceb2-8e39-46cd-92c1-45721db6ccca	Dichlorofluoromethane-sulfenic-acid	Tolylfluanid	OSC(F)(Cl)Cl																							
https://envipath.org/package/5882df9c-dae1-4d80-a40e-db4724271456/compound/d88f954d-2665-4157-9412-c97d113b0edf/structure/719e7993-2113-4b6c-95f7-7cd65dec7ca5	4-(methylaminosulfonyl-amino)benzoic acid (XII)	Tolylfluanid	CNS(=O)(=O)Nc1ccc(C(=O)O)cc1	https://envipath.org/package/5882df9c-dae1-4d80-a40e-db4724271456/scenario/7ff855ae-ee3e-4667-8d41-85883ddd78fb	Scholz (1988a)	no description				pH		&#176;C				273.0	264.0			MWHC	40.0		Silt loam	36.5	55.0	8.5
https://envipath.org/package/5882df9c-dae1-4d80-a40e-db4724271456/compound/6d2e7b5e-5fea-4cc6-b5b0-dfbbfd66ff24/structure/c0420331-fdef-44e9-8e80-0ddf457d500f	M670H05	Topramezone (BAS 670 H)	Cc1c(C(=O)O)ccc(S(C)(=O)=O)c1C1=NOCC1																							
https://envipath.org/package/5882df9c-dae1-4d80-a40e-db4724271456/compound/837880a7-3ca0-44bd-a8c0-cc33fc987f4c/structure/189b6054-d792-49d1-929f-6b7732b35aa2	CO2	Topramezone (BAS 670 H)	O=C=O	https://envipath.org/package/5882df9c-dae1-4d80-a40e-db4724271456/scenario/ef088ebc-8401-40c1-94a5-c9937573a095	Kellner (2002b)	no description				pH		&#176;C	11.9	mEq/100g		151.0	151.0			MWHC	40.0		Sandy loam	73.3	21.2	5.6
https://envipath.org/package/5882df9c-dae1-4d80-a40e-db4724271456/compound/d6b5d30f-9462-4476-a97c-ec334cdd5627/structure/7cc18409-b75c-41ed-9662-c1c8c18f8005	M670H09	Topramezone (BAS 670 H)	CS(=O)(=O)c1cccc(CO)c1C1=NOCC1	https://envipath.org/package/5882df9c-dae1-4d80-a40e-db4724271456/scenario/d4a9c56b-1e9e-4686-8075-ee65e482adac	scenario 48	no description		Minor																		
https://envipath.org/package/5882df9c-dae1-4d80-a40e-db4724271456/compound/5af7f8f4-f557-487f-b26b-cd4e3a34a3af/structure/7ed138f8-830b-491b-9930-f013c9e93b05	R158378	Tralkoxydim	CCC(=N)C1C(=O)CC(c2c(C)cc(C)cc2C)CC1=O	https://envipath.org/package/5882df9c-dae1-4d80-a40e-db4724271456/scenario/048a481c-6d8a-4d9d-9a2a-57d94cb2bc9f	B.8.1.1.1  a), Butters, Gibbings, Mason (1996)	no description				pH		&#176;C	17.6	mEq/100g		100.0	100.0			MWHC	40.0		Sandy clay loam	54.0	23.0	23.0
https://envipath.org/package/5882df9c-dae1-4d80-a40e-db4724271456/compound/837880a7-3ca0-44bd-a8c0-cc33fc987f4c/structure/189b6054-d792-49d1-929f-6b7732b35aa2	CO2	Tralkoxydim	O=C=O	https://envipath.org/package/5882df9c-dae1-4d80-a40e-db4724271456/scenario/048a481c-6d8a-4d9d-9a2a-57d94cb2bc9f	B.8.1.1.1  a), Butters, Gibbings, Mason (1996)	no description				pH		&#176;C	17.6	mEq/100g		100.0	100.0			MWHC	40.0		Sandy clay loam	54.0	23.0	23.0
https://envipath.org/package/5882df9c-dae1-4d80-a40e-db4724271456/compound/837880a7-3ca0-44bd-a8c0-cc33fc987f4c/structure/189b6054-d792-49d1-929f-6b7732b35aa2	CO2	Tri-allate	O=C=O	https://envipath.org/package/5882df9c-dae1-4d80-a40e-db4724271456/scenario/49c2f882-9401-4b06-b272-e8d616c920a9	Annex IIA 7.1.1 B.8.1.1.1 a) Mackie and Saunders, (1998)	no description				pH		&#176;C	18.7	mEq/100g		140.0	300.0			MWHC	40.0		Sandy loam	5.37	2.52	2.12
https://envipath.org/package/5882df9c-dae1-4d80-a40e-db4724271456/compound/41dfb598-597f-4cf0-9667-c2b6573aef5c/structure/be31709e-2efa-41dd-b3e5-b215acd78ab0	P05	Triadimenol	O=CC(O)C(=O)O																							
https://envipath.org/package/5882df9c-dae1-4d80-a40e-db4724271456/compound/95626362-7608-4b4a-a082-077b5d9451af/structure/e3f6682a-ab3e-4437-9619-de30d471cc26	KWG1640 (M02)	Triadimenol	CC(C)(C(=O)O)C(O)C(Oc1ccc(Cl)cc1)n1cncn1	https://envipath.org/package/5882df9c-dae1-4d80-a40e-db4724271456/scenario/1f1a0b67-ce57-4f5a-929c-4fabf3a791fd	Annex IIA 7.1.1 a), Brumhard (2003)	no description				pH		&#176;C	9.7	mEq/100g		340.0	164.0			MWHC	40.0		Loamy sand	86.2	7.7	6.1
https://envipath.org/package/5882df9c-dae1-4d80-a40e-db4724271456/compound/f87611b6-f050-48b9-ba81-bf7f944802bc/structure/06bf9b40-4912-40a0-9521-938cc4ea8dd4	P07	Triadimenol	O=C(O)C(=O)C(O)n1cncn1																							
https://envipath.org/package/5882df9c-dae1-4d80-a40e-db4724271456/compound/afe6e751-3c01-4e0c-9a17-a282847cd7d2/structure/f5dfc1b3-eb93-4558-b741-613e12ea23f2	P02	Triadimenol	O=C(O)C(O)C(=O)n1cncn1																							
https://envipath.org/package/5882df9c-dae1-4d80-a40e-db4724271456/compound/071fe1e6-7948-4666-ac0e-d2926d99ae9b/structure/b54f3d36-7111-4dd3-8596-0cbeebd0bde8	KWG1732(M03)	Triadimenol	O=C(O)C(O)C(Oc1ccc(Cl)cc1)n1cncn1	https://envipath.org/package/5882df9c-dae1-4d80-a40e-db4724271456/scenario/1f1a0b67-ce57-4f5a-929c-4fabf3a791fd	Annex IIA 7.1.1 a), Brumhard (2003)	no description				pH		&#176;C	9.7	mEq/100g		340.0	164.0			MWHC	40.0		Loamy sand	86.2	7.7	6.1
https://envipath.org/package/5882df9c-dae1-4d80-a40e-db4724271456/compound/837880a7-3ca0-44bd-a8c0-cc33fc987f4c/structure/189b6054-d792-49d1-929f-6b7732b35aa2	CO2	Triadimenol	O=C=O	https://envipath.org/package/5882df9c-dae1-4d80-a40e-db4724271456/scenario/c9ac8973-fd49-4a0c-b7b4-20ecab114110	Annex IIA 7.1.1 a), Brumhard (2003)	no description				pH		&#176;C	10.0	mEq/100g		341.0	309.0			MWHC	40.0		Silt loam	36.9	51.1	12.0
https://envipath.org/package/5882df9c-dae1-4d80-a40e-db4724271456/compound/68e8b4ba-373a-425a-a6c6-0ee8ce6b58b6/structure/6a74a695-afd4-40df-a5e4-d65fff54f7a5	P04	Triadimenol	O=C(O)C(O)C(O)O																							
https://envipath.org/package/5882df9c-dae1-4d80-a40e-db4724271456/compound/2244db22-0118-4c9c-86fa-ea2a35be71ed/structure/9568c42f-bba5-4666-add3-eb01fdab689f	Triazolyl-glycerine acid	Triadimenol	O=C(O)C(O)C(O)n1cncn1																							
https://envipath.org/package/5882df9c-dae1-4d80-a40e-db4724271456/compound/4a23d50e-ceb3-4200-833a-aa1351ec54a4/structure/eef511b0-e5da-4534-94c1-90bbb82ad2ae	Triazole alanine (M06)	Triadimenol	NC(C(=O)O)n1cncn1	https://envipath.org/package/5882df9c-dae1-4d80-a40e-db4724271456/scenario/df5a04f6-fd28-44c7-b609-8ea76843da64	Annex IIA 7.1.1 c) Scholz (1990)	no description				pH						826.0	352.0		 	MWHC	40.0		Silt loam	5.0	80.3	14.7
https://envipath.org/package/5882df9c-dae1-4d80-a40e-db4724271456/compound/56880407-343e-412f-a88b-0f83b117248c/structure/81358495-eef7-457b-b1ea-b4e7e4a661ac	P09	Triadimenol	OCn1cncn1																							
https://envipath.org/package/5882df9c-dae1-4d80-a40e-db4724271456/compound/bc1bbdcd-0a05-42f0-b8e3-81ca51974983/structure/417f59f2-3641-4693-8a66-7bebc8ebfae9	Triadimefon (M01)	Triadimenol	CC(C)(C)C(=O)C(Oc1ccc(Cl)cc1)n1cncn1	https://envipath.org/package/5882df9c-dae1-4d80-a40e-db4724271456/scenario/1f1a0b67-ce57-4f5a-929c-4fabf3a791fd	Annex IIA 7.1.1 a), Brumhard (2003)	no description				pH		&#176;C	9.7	mEq/100g		340.0	164.0			MWHC	40.0		Loamy sand	86.2	7.7	6.1
https://envipath.org/package/5882df9c-dae1-4d80-a40e-db4724271456/compound/f273bc4c-1426-4cb1-bd77-24b8d4f197d2/structure/54bd94b6-875a-4f13-a9ab-63d554297162	P08	Triadimenol	O=C(O)C(O)n1cncn1																							
https://envipath.org/package/5882df9c-dae1-4d80-a40e-db4724271456/compound/35ed5fd2-a0aa-4396-8a22-1030a570d8f0/structure/6da07855-4cab-4991-be93-53504d747c0f	P-chloro-phenol	Triadimenol	Oc1ccc(Cl)cc1	https://envipath.org/package/5882df9c-dae1-4d80-a40e-db4724271456/scenario/1f1a0b67-ce57-4f5a-929c-4fabf3a791fd	Annex IIA 7.1.1 a), Brumhard (2003)	no description				pH		&#176;C	9.7	mEq/100g		340.0	164.0			MWHC	40.0		Loamy sand	86.2	7.7	6.1
https://envipath.org/package/5882df9c-dae1-4d80-a40e-db4724271456/compound/21ebc65c-b91f-4643-96ed-f6da1a4cd2ab/structure/6dafe190-5c56-441e-9dea-0d4d014bc442	P03	Triadimenol	O=C(O)C(=O)n1cncn1																							
https://envipath.org/package/5882df9c-dae1-4d80-a40e-db4724271456/compound/4ae38de6-b543-47fb-bc2d-1ac2e19cc6fb/structure/6aa49d17-5d2b-497b-ab2d-9e05938cf9a1	P06	Triadimenol	O=C(O)C(O)C(=O)O																							
https://envipath.org/package/5882df9c-dae1-4d80-a40e-db4724271456/compound/837880a7-3ca0-44bd-a8c0-cc33fc987f4c/structure/189b6054-d792-49d1-929f-6b7732b35aa2	CO2	Triasulfuron	O=C=O	https://envipath.org/package/5882df9c-dae1-4d80-a40e-db4724271456/scenario/2a775c52-2e5c-4f02-a580-babfb11a3056	Lewis, Gilbert, 2012a, Hayes, 2013	no description				pH		&#176;C	32.4	mEq/100g		409.0	322.0			WHC at pF2	100.0		Silt loam	16.0	62.0	22.0
https://envipath.org/package/5882df9c-dae1-4d80-a40e-db4724271456/compound/6f28950c-bbec-4086-8d5e-d2bb0a220a57/structure/54eb11ad-b920-47a7-ae86-dcbb2b9c183a	IN-F5475	Triasulfuron	Cc1nc(O)nc(O)n1																							
https://envipath.org/package/5882df9c-dae1-4d80-a40e-db4724271456/compound/782dc2af-18a8-4c78-92c4-afb5952f8ad2/structure/cfc670da-a1a5-49a1-8742-5d4ef7f6acec	CGA195662	Triasulfuron	COc1nc(CO)nc(NC(=O)NS(=O)(=O)c2ccccc2OCCCl)n1	https://envipath.org/package/5882df9c-dae1-4d80-a40e-db4724271456/scenario/edaa0be3-072a-49ed-8a54-e5ca2e13308f	Lewis C. and Gilber J. (2012b)	no description				pH		&#176;C	32.4	mEq/100g		374.0	317.0			WHC at pF2	100.0		Silt loam	16.0	62.0	22.0
https://envipath.org/package/5882df9c-dae1-4d80-a40e-db4724271456/compound/61951402-056f-4a5c-98f0-85ca2ee27c48/structure/75384dfc-d6d8-4e87-b893-6193dab4be39	IN-V7160	Triasulfuron	COc1nc(C)nc(NC(N)=O)n1																							
https://envipath.org/package/5882df9c-dae1-4d80-a40e-db4724271456/compound/a609aede-2e62-4c7c-b1c7-9711540660aa/structure/6b2bc96f-d60f-40a1-ab0a-48163ca46ceb	SYN546705	Triasulfuron	COc1nc(C)nc(NC(=O)Nc2ccccc2OCCCl)n1	https://envipath.org/package/5882df9c-dae1-4d80-a40e-db4724271456/scenario/edaa0be3-072a-49ed-8a54-e5ca2e13308f	Lewis C. and Gilber J. (2012b)	no description				pH		&#176;C	32.4	mEq/100g		374.0	317.0			WHC at pF2	100.0		Silt loam	16.0	62.0	22.0
https://envipath.org/package/5882df9c-dae1-4d80-a40e-db4724271456/compound/7c84bf79-b9f3-49e6-9f91-6275855500a8/structure/8fc32d17-f8bf-437f-a999-3fe4caaeecb0	CGA161149	Triasulfuron	NS(=O)(=O)c1ccccc1OCCCl	https://envipath.org/package/5882df9c-dae1-4d80-a40e-db4724271456/scenario/e3a38058-f9e5-46dc-8c70-3d6db1d8ff44	Hurst L. and Fletcher T. (2012)	no description				pH		&#176;C	18.9	mEq/100g						WHC at pF2	100.0		Sandy clay loam	51.0	24.0	25.0
https://envipath.org/package/5882df9c-dae1-4d80-a40e-db4724271456/compound/837880a7-3ca0-44bd-a8c0-cc33fc987f4c/structure/189b6054-d792-49d1-929f-6b7732b35aa2	CO2	Triazoxide	O=C=O	https://envipath.org/package/5882df9c-dae1-4d80-a40e-db4724271456/scenario/0831634b-57f4-4ec7-93c3-57c2981b1218	Annex IIA7.1.1 B.8.1.1.1, Mathew A.E., Desmarteau D.A., Fisher J.M. (2002)	no description				pH		&#176;C	8.0	mEq/100g		377.0	175.0			MWHC	45.0		Silt loam	36.9	51.1	12.0
https://envipath.org/package/5882df9c-dae1-4d80-a40e-db4724271456/compound/6e0b6867-0f54-43f0-bf6a-e5305b14db70/structure/91bea2d2-e28c-4835-93ed-47aa4cc6e3be	Triazoxide amino	Triazoxide	Nc1nc2ccc(Cl)cc2[n+]([O-])n1	https://envipath.org/package/5882df9c-dae1-4d80-a40e-db4724271456/scenario/0831634b-57f4-4ec7-93c3-57c2981b1218	Annex IIA7.1.1 B.8.1.1.1, Mathew A.E., Desmarteau D.A., Fisher J.M. (2002)	no description				pH		&#176;C	8.0	mEq/100g		377.0	175.0			MWHC	45.0		Silt loam	36.9	51.1	12.0
https://envipath.org/package/5882df9c-dae1-4d80-a40e-db4724271456/compound/837880a7-3ca0-44bd-a8c0-cc33fc987f4c/structure/189b6054-d792-49d1-929f-6b7732b35aa2	CO2	Tribenuron-methyl	O=C=O	https://envipath.org/package/5882df9c-dae1-4d80-a40e-db4724271456/scenario/dade7bd6-2e7e-4440-b197-546233d64765	Scott (2000a)	no description				pH		&#176;C	12.0	mEq/100g						MWHC	50.0		Silt loam	34.0	53.0	13.0
https://envipath.org/package/5882df9c-dae1-4d80-a40e-db4724271456/compound/31748349-7ad0-467e-a338-2cdab3c896d2/structure/5a1f818c-ba12-45aa-b19f-a8722855e97a	Acid sulphonamide (IN-D5119)	Tribenuron-methyl	NS(=O)(=O)c1ccccc1C(=O)O	https://envipath.org/package/5882df9c-dae1-4d80-a40e-db4724271456/scenario/78bf171f-5a79-4870-b47a-647695341dc0	Trabue (2000a)	no description				pH			10.0	mEq/100g						WHC at 0.33bar	75.0		Silt loam	8.8	74.0	17.0
https://envipath.org/package/5882df9c-dae1-4d80-a40e-db4724271456/compound/0425202a-4e26-47af-b405-10fba72dad26/structure/a8952042-2f80-4b7b-a3a0-af6de59bf558	O-demethyl-triazine amine	Tribenuron-methyl	CNc1nc(C)nc(O)n1	https://envipath.org/package/5882df9c-dae1-4d80-a40e-db4724271456/scenario/186597c8-f848-413b-923e-6b821881a231	Trabue (2000a)	no description				pH			10.0	mEq/100g						WHC at 0.33 bar	75.0		Silt loam	8.8	74.0	17.0
https://envipath.org/package/5882df9c-dae1-4d80-a40e-db4724271456/compound/15d003e4-f1b8-43d0-9c2d-1f2bc6541475/structure/2c04b82f-52f4-4f55-82a5-d189f8097046	Ester sulfonamide (IN-D5803)	Tribenuron-methyl	COC(=O)c1ccccc1S(N)(=O)=O																							
https://envipath.org/package/5882df9c-dae1-4d80-a40e-db4724271456/compound/425d6417-426a-45d1-88ee-0144ad6268d2/structure/66a04f5e-b611-41a0-8c80-d7d8a40a568f	Trichlorohydroxyethyl-phosphonic acid	Trichlorfon	O=P(O)(O)C(O)C(Cl)(Cl)Cl	https://envipath.org/package/5882df9c-dae1-4d80-a40e-db4724271456/scenario/4613dbe0-01e0-401f-ab4e-03c79eb4c6ad	Annex IIA 7.1.1.1.1/1, Khasawinah	no description				pH		&#176;C												56.4	33.1	10.5
https://envipath.org/package/5882df9c-dae1-4d80-a40e-db4724271456/compound/198dfc22-362d-4c97-ae73-0e37601069b3/structure/a265f157-2c4c-4374-8906-cce2b00fd8b9	Dimethyl Phosphate	Trichlorfon	COP(=O)(O)OC																							
https://envipath.org/package/5882df9c-dae1-4d80-a40e-db4724271456/compound/c080cbad-72db-4cab-af05-6f4d90440d94/structure/5f4b8ddc-cdec-47c0-89f9-15e1965d6e68	Desmethyl DDVP	Trichlorfon	COP(=O)(O)OC=C(Cl)Cl	https://envipath.org/package/5882df9c-dae1-4d80-a40e-db4724271456/scenario/4613dbe0-01e0-401f-ab4e-03c79eb4c6ad	Annex IIA 7.1.1.1.1/1, Khasawinah	no description				pH		&#176;C												56.4	33.1	10.5
https://envipath.org/package/5882df9c-dae1-4d80-a40e-db4724271456/compound/1131d7b8-9969-4951-9263-a3e6bc7e3305/structure/b8d38044-0c22-48ad-baff-a26f1f07e033	Demethyl Trichlorfon	Trichlorfon	COP(=O)(O)C(O)C(Cl)(Cl)Cl	https://envipath.org/package/5882df9c-dae1-4d80-a40e-db4724271456/scenario/4613dbe0-01e0-401f-ab4e-03c79eb4c6ad	Annex IIA 7.1.1.1.1/1, Khasawinah	no description				pH		&#176;C												56.4	33.1	10.5
https://envipath.org/package/5882df9c-dae1-4d80-a40e-db4724271456/compound/09aa5a04-a3ad-425d-99bc-d6bea5f3abd1/structure/c755c763-e0d4-4594-8dda-09013bcfc77f	Demethyl hydrogen phosphate	Trichlorfon	COP(=O)(O)O	https://envipath.org/package/5882df9c-dae1-4d80-a40e-db4724271456/scenario/4613dbe0-01e0-401f-ab4e-03c79eb4c6ad	Annex IIA 7.1.1.1.1/1, Khasawinah	no description				pH		&#176;C												56.4	33.1	10.5
https://envipath.org/package/5882df9c-dae1-4d80-a40e-db4724271456/compound/84684967-eade-48d4-b25d-c4aede0a0836/structure/8f21ea3b-dc97-46a7-9df3-c417fa519b53	Phosphate	Trichlorfon	O=P(O)(O)O																							
https://envipath.org/package/5882df9c-dae1-4d80-a40e-db4724271456/compound/9c6eeb68-e0d0-456e-9561-65cead2ff8e8/structure/4bdfcd1b-1ea4-47b5-9884-5c1e90477b44	Dichlorovinyl phosphate	Trichlorfon	O=P(O)(O)OC=C(Cl)Cl	https://envipath.org/package/5882df9c-dae1-4d80-a40e-db4724271456/scenario/4613dbe0-01e0-401f-ab4e-03c79eb4c6ad	Annex IIA 7.1.1.1.1/1, Khasawinah	no description				pH		&#176;C												56.4	33.1	10.5
https://envipath.org/package/5882df9c-dae1-4d80-a40e-db4724271456/compound/837880a7-3ca0-44bd-a8c0-cc33fc987f4c/structure/189b6054-d792-49d1-929f-6b7732b35aa2	CO2	Triclopyr	O=C=O	https://envipath.org/package/5882df9c-dae1-4d80-a40e-db4724271456/scenario/30149fd6-5715-43ab-b095-2f5984da205c	Heim, L.G., de Vette, H.Q.M., and Schoonmade, J.A., (2001)	no description				pH		&#176;C	16.2	mEq/100g		57.0	58.0			MWHC	40.0		Silty clay loam	11.1	9996.0	7.62
https://envipath.org/package/5882df9c-dae1-4d80-a40e-db4724271456/compound/2e0ee5c3-2336-45f5-b126-b0053d552cc4/structure/95f21019-3867-4dad-84cf-5fde80ec02db	TMP	Triclopyr	COc1nc(Cl)c(Cl)cc1Cl	https://envipath.org/package/5882df9c-dae1-4d80-a40e-db4724271456/scenario/30149fd6-5715-43ab-b095-2f5984da205c	Heim, L.G., de Vette, H.Q.M., and Schoonmade, J.A., (2001)	no description				pH		&#176;C	16.2	mEq/100g		57.0	58.0			MWHC	40.0		Silty clay loam	11.1	9996.0	7.62
https://envipath.org/package/5882df9c-dae1-4d80-a40e-db4724271456/compound/837880a7-3ca0-44bd-a8c0-cc33fc987f4c/structure/189b6054-d792-49d1-929f-6b7732b35aa2	CO2	Tricyclazole	O=C=O	https://envipath.org/package/5882df9c-dae1-4d80-a40e-db4724271456/scenario/2ca8aece-a5d3-4ed5-abf9-88f808454b4f	Cook, W., (1998)	no description				pH		&#176;C	5.2	mEq/100g						pF 0	40.0		Sandy loam	71.2	22.4	6.4
https://envipath.org/package/5882df9c-dae1-4d80-a40e-db4724271456/compound/837880a7-3ca0-44bd-a8c0-cc33fc987f4c/structure/189b6054-d792-49d1-929f-6b7732b35aa2	CO2	Trifloxystrobin	O=C=O	https://envipath.org/package/5882df9c-dae1-4d80-a40e-db4724271456/scenario/14b5749f-6e1a-4e72-af3e-186db9201cfa	KIIA 7.1.1.1.1 /04; P. Kitschmann (1997b)	no description				pH		&#176;C									60.0	FC	Silt loam			
https://envipath.org/package/5882df9c-dae1-4d80-a40e-db4724271456/compound/dd9c67a9-7fe1-4c60-a86e-d5585abb7da2/structure/2605ebb4-4e7b-45c7-87bc-6848b24a832b	FD1-1	Triflumizole (NF-114)	CCCOCC(=O)Nc1ccc(Cl)cc1C(F)(F)F	https://envipath.org/package/5882df9c-dae1-4d80-a40e-db4724271456/scenario/97d70c4b-7043-4e4e-9db2-b59a31c082e7	IIA, 7.1.1.1.1/01 Nippon Soda Co. Ltd. (1982)_25	no description				pH			36.4	mEq/100g						MWHC	60.0		Clay	33.0	22.0	45.0
https://envipath.org/package/5882df9c-dae1-4d80-a40e-db4724271456/compound/00bdffd2-dc54-4a9c-a323-a7187563e3f1/structure/63583f05-bf52-4c40-bc29-8cc6de5bbc0f	FM5-1	Triflumizole (NF-114)	CCCOCC(=Nc1ccc(Cl)cc1C(F)(F)F)NC=O	https://envipath.org/package/5882df9c-dae1-4d80-a40e-db4724271456/scenario/97d70c4b-7043-4e4e-9db2-b59a31c082e7	IIA, 7.1.1.1.1/01 Nippon Soda Co. Ltd. (1982)_25	no description				pH			36.4	mEq/100g						MWHC	60.0		Clay	33.0	22.0	45.0
https://envipath.org/package/5882df9c-dae1-4d80-a40e-db4724271456/compound/e0fad0eb-6f13-4699-9b4e-3523b782334a/structure/fdd1c863-0b3e-4c7a-8be9-7cf27b9deec6	FM6-1	Triflumizole (NF-114)	CCCOCC(N)=Nc1ccc(Cl)cc1C(F)(F)F	https://envipath.org/package/5882df9c-dae1-4d80-a40e-db4724271456/scenario/97d70c4b-7043-4e4e-9db2-b59a31c082e7	IIA, 7.1.1.1.1/01 Nippon Soda Co. Ltd. (1982)_25	no description				pH			36.4	mEq/100g						MWHC	60.0		Clay	33.0	22.0	45.0
https://envipath.org/package/5882df9c-dae1-4d80-a40e-db4724271456/compound/837880a7-3ca0-44bd-a8c0-cc33fc987f4c/structure/189b6054-d792-49d1-929f-6b7732b35aa2	CO2	Triflumizole (NF-114)	O=C=O	https://envipath.org/package/5882df9c-dae1-4d80-a40e-db4724271456/scenario/97d70c4b-7043-4e4e-9db2-b59a31c082e7	IIA, 7.1.1.1.1/01 Nippon Soda Co. Ltd. (1982)_25	no description				pH			36.4	mEq/100g						MWHC	60.0		Clay	33.0	22.0	45.0
https://envipath.org/package/5882df9c-dae1-4d80-a40e-db4724271456/compound/837880a7-3ca0-44bd-a8c0-cc33fc987f4c/structure/189b6054-d792-49d1-929f-6b7732b35aa2	CO2	Triflumuron	O=C=O	https://envipath.org/package/5882df9c-dae1-4d80-a40e-db4724271456/scenario/18aa3752-25d8-4c4c-9fef-ffbde642a09c	Moendel, M., (2003) IIA 7.1.1.2.1/08	no description				pH		&#176;C	10.0	mEq/100g						MWHC	49.0		Sandy loam	57.8	33.3	9.0
https://envipath.org/package/5882df9c-dae1-4d80-a40e-db4724271456/compound/8db4d3d5-bed1-4cef-a3f7-19d1a38b546a/structure/bd30c0de-da19-44fa-881b-1918e829c7c4	M07 4-trifluoromethoxyaniline	Triflumuron	Nc1ccc(OC(F)(F)F)cc1	https://envipath.org/package/5882df9c-dae1-4d80-a40e-db4724271456/scenario/518cef48-f3c5-4570-b518-6c29aa7ef71a	Hellpointner, E. adn Kloeppner, U.,(2002) IIA 7.1.1.1.1/01	no description				pH		&#176;C	8.0	mEq/100g		690.0	253.0			0.33 bar	49.0		Sandy loam	72.4	22.6	5.0
https://envipath.org/package/5882df9c-dae1-4d80-a40e-db4724271456/compound/e4579189-f968-4c55-ae0f-01f48b205bf8/structure/c04956ff-3a99-4f16-963d-f780de1bd710	M01 2-chlorobenzamide	Triflumuron	NC(=O)c1ccccc1Cl	https://envipath.org/package/5882df9c-dae1-4d80-a40e-db4724271456/scenario/518cef48-f3c5-4570-b518-6c29aa7ef71a	Hellpointner, E. adn Kloeppner, U.,(2002) IIA 7.1.1.1.1/01	no description				pH		&#176;C	8.0	mEq/100g		690.0	253.0			0.33 bar	49.0		Sandy loam	72.4	22.6	5.0
https://envipath.org/package/5882df9c-dae1-4d80-a40e-db4724271456/compound/a00a3358-6594-4753-ad11-ae524f006cce/structure/bbb38385-8345-4531-bd0c-c280007edaef	TR-2	Trifluralin	CCCNc1c([N+](=O)[O-])cc(C(F)(F)F)cc1[N+](=O)[O-]	https://envipath.org/package/5882df9c-dae1-4d80-a40e-db4724271456/scenario/3873d2ca-b6de-44b0-bbca-44c54061ec08	Annex IIA 7.1.1; Annex IIIA 9.1.1; Graper and Reiney	no description				pH		&#176;C	22.9	mEq/100g						MHC at 1/3 bar	75.0		Clay	23.6	40.0	36.4
https://envipath.org/package/5882df9c-dae1-4d80-a40e-db4724271456/compound/837880a7-3ca0-44bd-a8c0-cc33fc987f4c/structure/189b6054-d792-49d1-929f-6b7732b35aa2	CO2	Trifluralin	O=C=O	https://envipath.org/package/5882df9c-dae1-4d80-a40e-db4724271456/scenario/3873d2ca-b6de-44b0-bbca-44c54061ec08	Annex IIA 7.1.1; Annex IIIA 9.1.1; Graper and Reiney	no description				pH		&#176;C	22.9	mEq/100g						MHC at 1/3 bar	75.0		Clay	23.6	40.0	36.4
https://envipath.org/package/5882df9c-dae1-4d80-a40e-db4724271456/compound/3c8860d6-bcb6-4f98-ae77-43d016a311dc/structure/a071692d-e500-4c63-9d24-1c502c3385c2	TR-15	Trifluralin	CCc1nc2cc(C(F)(F)F)cc([N+](=O)[O-])c2[nH]1	https://envipath.org/package/5882df9c-dae1-4d80-a40e-db4724271456/scenario/3873d2ca-b6de-44b0-bbca-44c54061ec08	Annex IIA 7.1.1; Annex IIIA 9.1.1; Graper and Reiney	no description				pH		&#176;C	22.9	mEq/100g						MHC at 1/3 bar	75.0		Clay	23.6	40.0	36.4
https://envipath.org/package/5882df9c-dae1-4d80-a40e-db4724271456/compound/fd94655d-9102-4890-8a10-474b22ee3b08/structure/9fa70b1c-2340-4e38-a785-82900892d08a	TR-11	Trifluralin	CCCn1c(CC)[n+]([O-])c2cc(C(F)(F)F)cc([N+](=O)[O-])c21	https://envipath.org/package/5882df9c-dae1-4d80-a40e-db4724271456/scenario/3873d2ca-b6de-44b0-bbca-44c54061ec08	Annex IIA 7.1.1; Annex IIIA 9.1.1; Graper and Reiney	no description				pH		&#176;C	22.9	mEq/100g						MHC at 1/3 bar	75.0		Clay	23.6	40.0	36.4
https://envipath.org/package/5882df9c-dae1-4d80-a40e-db4724271456/compound/1587b134-a5ef-4c3a-804d-b730b02545c1/structure/054d3c3d-84ab-4dee-8b45-195b1a469cc9	ET-20	Trifluralin	O=[N+]([O-])c1cc(C(F)(F)F)cc([N+](=O)[O-])c1O	https://envipath.org/package/5882df9c-dae1-4d80-a40e-db4724271456/scenario/3873d2ca-b6de-44b0-bbca-44c54061ec08	Annex IIA 7.1.1; Annex IIIA 9.1.1; Graper and Reiney	no description				pH		&#176;C	22.9	mEq/100g						MHC at 1/3 bar	75.0		Clay	23.6	40.0	36.4
https://envipath.org/package/5882df9c-dae1-4d80-a40e-db4724271456/compound/ff49152f-4f11-49f5-94c5-e4cd1acf0b91/structure/ed7bb1e3-9515-4b7a-ae5d-66467a975ff9	TR-28	Trifluralin	CCCNc1c(N=Nc2cc(C(F)(F)F)cc([N+](=O)[O-])c2NCCC)cc(C(F)(F)F)cc1[N+](=O)[O-]	https://envipath.org/package/5882df9c-dae1-4d80-a40e-db4724271456/scenario/3873d2ca-b6de-44b0-bbca-44c54061ec08	Annex IIA 7.1.1; Annex IIIA 9.1.1; Graper and Reiney	no description				pH		&#176;C	22.9	mEq/100g						MHC at 1/3 bar	75.0		Clay	23.6	40.0	36.4
https://envipath.org/package/5882df9c-dae1-4d80-a40e-db4724271456/compound/18045a9b-ca79-489a-9821-f6dfe4cf8cfd/structure/23005302-b268-4833-bc50-115496598ded	TR-5	Trifluralin	CCCNc1c(N)cc(C(F)(F)F)cc1[N+](=O)[O-]	https://envipath.org/package/5882df9c-dae1-4d80-a40e-db4724271456/scenario/3873d2ca-b6de-44b0-bbca-44c54061ec08	Annex IIA 7.1.1; Annex IIIA 9.1.1; Graper and Reiney	no description				pH		&#176;C	22.9	mEq/100g						MHC at 1/3 bar	75.0		Clay	23.6	40.0	36.4
https://envipath.org/package/5882df9c-dae1-4d80-a40e-db4724271456/compound/062073b5-414e-4d54-9581-91c0d742d3ce/structure/3ad28a96-950d-44fd-88fb-f857d0b86742	TR-13	Trifluralin	CCCn1c(CC)nc2cc(C(F)(F)F)cc([N+](=O)[O-])c21	https://envipath.org/package/5882df9c-dae1-4d80-a40e-db4724271456/scenario/3873d2ca-b6de-44b0-bbca-44c54061ec08	Annex IIA 7.1.1; Annex IIIA 9.1.1; Graper and Reiney	no description				pH		&#176;C	22.9	mEq/100g						MHC at 1/3 bar	75.0		Clay	23.6	40.0	36.4
https://envipath.org/package/5882df9c-dae1-4d80-a40e-db4724271456/compound/837880a7-3ca0-44bd-a8c0-cc33fc987f4c/structure/189b6054-d792-49d1-929f-6b7732b35aa2	CO2	Triflusulfuron-methyl	O=C=O	https://envipath.org/package/5882df9c-dae1-4d80-a40e-db4724271456/scenario/3e2e5e17-3987-470f-b3ec-996597d3a841	Butler R.A and Rogers R.A (2000a)	no description				pH		&#176;C	6.4	mEq/100g		143.0	75.7			MWHC	45.0		Silt loam	9.6	72.4	18.0
https://envipath.org/package/5882df9c-dae1-4d80-a40e-db4724271456/compound/837880a7-3ca0-44bd-a8c0-cc33fc987f4c/structure/189b6054-d792-49d1-929f-6b7732b35aa2	CO2	Trinexapac-ethyl	O=C=O	https://envipath.org/package/5882df9c-dae1-4d80-a40e-db4724271456/scenario/96748229-79e8-4de7-996a-1fd097ca7353	IIA 7.1.1.1.1/02 Schanne, C. (1993)	no description				pH		&#176;C									30.0		Silt loam			
https://envipath.org/package/5882df9c-dae1-4d80-a40e-db4724271456/compound/837880a7-3ca0-44bd-a8c0-cc33fc987f4c/structure/189b6054-d792-49d1-929f-6b7732b35aa2	CO2	Triticonazole (RPA 400727)	O=C=O	https://envipath.org/package/5882df9c-dae1-4d80-a40e-db4724271456/scenario/abcc21a2-7148-49c1-86b1-4a994af9b095	Ayliffe, J.M.; Austin, D.J. (1993)	no description				pH		&#176;C	8.24	mEq/100g		130.3	104.05		 	0.33 bar	75.0		Clay loam	73.0	15.0	12.0
https://envipath.org/package/5882df9c-dae1-4d80-a40e-db4724271456/compound/837880a7-3ca0-44bd-a8c0-cc33fc987f4c/structure/189b6054-d792-49d1-929f-6b7732b35aa2	CO2	Valifenalate (IR5885)	O=C=O	https://envipath.org/package/5882df9c-dae1-4d80-a40e-db4724271456/scenario/1c174d13-8cea-4dff-b62e-79a240418be5	Scacchi, A., Vanini, L., Pizzingrilli, G. (2002) IIA 7.1.1.1.1	no description				pH		&#176;C	23.0	mEq/100g		1136.3	1136.3			WHC			Loam	45.7	37.4	16.9
https://envipath.org/package/5882df9c-dae1-4d80-a40e-db4724271456/compound/bf8ad859-5ba8-42fb-b8da-57cd54448d71/structure/f0ef6f9f-c95f-4fd4-8aa7-aab3f1e7ba58	Prop.2	Valifenalate (IR5885)	O=C(O)CC(=O)c1ccc(Cl)cc1																							
https://envipath.org/package/5882df9c-dae1-4d80-a40e-db4724271456/compound/316dc8f8-01ff-456e-a5f1-82233c6e6036/structure/c91d9bbc-a0fc-409f-a377-14ef23f232d6	Prop.1	Valifenalate (IR5885)	NC(CC(=O)O)c1ccc(Cl)cc1																							
https://envipath.org/package/5882df9c-dae1-4d80-a40e-db4724271456/compound/837880a7-3ca0-44bd-a8c0-cc33fc987f4c/structure/189b6054-d792-49d1-929f-6b7732b35aa2	CO2	XDE-777	O=C=O	https://envipath.org/package/5882df9c-dae1-4d80-a40e-db4724271456/scenario/121476d6-8f72-4196-8c6d-95c9b8d170a4	Hastings, M.J. & Jackson, A.U. (2013)	no description				pH		&#176;C	27.7	mEq/100g		349.5	136.8			MWHC	50.0	MWHC	Clay loam	34.0	37.0	29.0
https://envipath.org/package/5882df9c-dae1-4d80-a40e-db4724271456/compound/b98af086-b6bc-4085-abd5-f1280479fb76/structure/950160e3-8541-49fb-8939-c5e8adde13e3	4-OH-Cypermethrin (WL48394 or WL48393)	Zeta-cypermethrin (WL 43481, WL 42641)	CC1(C)C(C=C(Cl)Cl)C1C(=O)OC(C#N)c1cccc(Oc2ccc(O)cc2)c1	https://envipath.org/package/5882df9c-dae1-4d80-a40e-db4724271456/scenario/d21bdcc6-cd11-4ad8-99d1-dda8eacaa1bb	Harvey, B.R. et al. (1981)	no description				pH		&#176;C	47.0	mEq/100g						WHC	40.0		Clay	35.8	19.6	44.6
https://envipath.org/package/5882df9c-dae1-4d80-a40e-db4724271456/compound/5908f15e-8456-4aec-977f-06223c036c6a/structure/d968a4ce-f729-45d0-8117-dd376b0795fc	4-OH-Cypermethrin (WL48394, WL48393)	Zeta-cypermethrin (WL 43481, WL 42641)	CC1(C)C(C=C(Cl)Cl)C1C(=O)OC(C#N)c1cccc(Oc2cccc(O)c2)c1	https://envipath.org/package/5882df9c-dae1-4d80-a40e-db4724271456/scenario/d21bdcc6-cd11-4ad8-99d1-dda8eacaa1bb	Harvey, B.R. et al. (1981)	no description				pH		&#176;C	47.0	mEq/100g						WHC	40.0		Clay	35.8	19.6	44.6
https://envipath.org/package/5882df9c-dae1-4d80-a40e-db4724271456/compound/9a2e63be-972b-4920-a556-8f029c9bcddf/structure/bbe890d6-a2b0-4746-91b5-6215f76a642b	WL	Zeta-cypermethrin (WL 43481, WL 42641)	O=C(O)c1cccc(Oc2ccc(O)cc2)c1																							
https://envipath.org/package/5882df9c-dae1-4d80-a40e-db4724271456/compound/cce42838-771a-4ef3-be9e-99bcd58bd66d/structure/3179dd17-06fc-4d73-8814-326bdada50fe	hydroxymethyl cyclopropane carboxylic acid (WL 48714)	Zeta-cypermethrin (WL 43481, WL 42641)	CC1(CO)C(C=C(Cl)Cl)C1C(=O)O	https://envipath.org/package/5882df9c-dae1-4d80-a40e-db4724271456/scenario/b74bbc1c-6ebc-4cf4-bef8-2799864cd739	Standen (1976), published by Roberts et al. (1977)	no description				pH		&#176;C											Sandy clay loam	66.0	12.0	22.0
https://envipath.org/package/5882df9c-dae1-4d80-a40e-db4724271456/compound/f4818e4f-3527-48e0-97a6-94fd4566c15f/structure/22dd471c-25e4-4694-9ec8-7d51d0e3d06f	dichloroviyl-cyclopropane dicarboxylic acid (Compound A)	Zeta-cypermethrin (WL 43481, WL 42641)	CC1(C(=O)O)C(C=C(Cl)Cl)C1C(=O)O	https://envipath.org/package/5882df9c-dae1-4d80-a40e-db4724271456/scenario/b74bbc1c-6ebc-4cf4-bef8-2799864cd739	Standen (1976), published by Roberts et al. (1977)	no description				pH		&#176;C											Sandy clay loam	66.0	12.0	22.0
https://envipath.org/package/5882df9c-dae1-4d80-a40e-db4724271456/compound/837880a7-3ca0-44bd-a8c0-cc33fc987f4c/structure/189b6054-d792-49d1-929f-6b7732b35aa2	CO2	Zeta-cypermethrin (WL 43481, WL 42641)	O=C=O	https://envipath.org/package/5882df9c-dae1-4d80-a40e-db4724271456/scenario/85d695c3-7b7f-463e-b28c-9a90c2765797	Sakata et al. (1986)	no description				pH		&#176;C	34.0	mEq/100g						MWHC	40.0		Sandy loam	70.2	22.6	7.2
https://envipath.org/package/5882df9c-dae1-4d80-a40e-db4724271456/compound/9253a42c-2640-4500-8123-6c3ffda8595d/structure/a7f2a8bd-d764-49dc-87a6-e5126db3a745	cypermethrin amide (WL 47133)	Zeta-cypermethrin (WL 43481, WL 42641)	CC1(C)C(C=C(Cl)Cl)C1C(=O)OC(C(N)=O)c1cccc(Oc2ccccc2)c1	https://envipath.org/package/5882df9c-dae1-4d80-a40e-db4724271456/scenario/a6139172-273e-4630-990f-9f1200be035d	Standen (1976), published by Roberts et al. (1977)	no description				pH		&#176;C	12.1	mEq/100g									Sandy clay	53.5	13.2	33.3
https://envipath.org/package/5882df9c-dae1-4d80-a40e-db4724271456/compound/2fc78d4a-7958-4af5-87d4-bcc2f9b6c9ab/structure/f8bb3b76-d463-49b5-b7de-7c5783f98e0c	3-PBAc	Zeta-cypermethrin (WL 43481, WL 42641)	O=C(O)c1cccc(Oc2ccccc2)c1	https://envipath.org/package/5882df9c-dae1-4d80-a40e-db4724271456/scenario/839075fd-9a97-4ec8-ba20-d37a27a54eed	Standen (1976), published by Roberts et al. (1977)	no description				pH		&#176;C	33.1	mEq/100g									Clay	1.9	32.4	65.7
https://envipath.org/package/5882df9c-dae1-4d80-a40e-db4724271456/compound/fcbaa05b-c6dc-4acc-bcdb-a713b5400313/structure/66b67d92-45cb-4a6f-aadb-34154d3f6e12	Zinc	Zinc phosphide	[Zn-]																							
https://envipath.org/package/5882df9c-dae1-4d80-a40e-db4724271456/compound/ad82c39b-2edb-4953-b971-79a2d2ea6e26/structure/cf8b0680-4433-480f-965a-9bbce972c55a	Phosphate	Zinc phosphide	O=P([O-])([O-])[O-]																							
