ID	compound_name	smiles	minor_major	depth	parent	pathway_id	pathway_name
https://envipath.org/package/5882df9c-dae1-4d80-a40e-db4724271456/compound/cac57bca-a6b8-407a-915f-8eb1fb46661a/structure/6901fa22-a039-46d1-816f-5c9d8fee2da2	1,3-Dichloropropene	C(=C\Cl)/CCl		0		https://envipath.org/package/5882df9c-dae1-4d80-a40e-db4724271456/pathway/8a5620dc-f0b6-4959-a706-d253be6d17e0	1,3-Dichloropropene
https://envipath.org/package/5882df9c-dae1-4d80-a40e-db4724271456/compound/0bdb6cba-f7a9-4375-a0fb-b38eeef122d3/structure/b799ae3f-29f1-471f-8b55-10d39532425e	3-Chloroallyl alcohol	C(=C\Cl)/CO		1	C(=C\Cl)/CCl	https://envipath.org/package/5882df9c-dae1-4d80-a40e-db4724271456/pathway/8a5620dc-f0b6-4959-a706-d253be6d17e0	1,3-Dichloropropene
https://envipath.org/package/5882df9c-dae1-4d80-a40e-db4724271456/compound/2f6e4dee-68b4-4c8f-b465-e2591f3a37a6/structure/f9cc45cd-767f-48e6-b10a-7d975dd5abf3	3-Chloroacrylic acid	C(=C\Cl)/C(=O)[O-]		2	C(=C\Cl)/CO	https://envipath.org/package/5882df9c-dae1-4d80-a40e-db4724271456/pathway/8a5620dc-f0b6-4959-a706-d253be6d17e0	1,3-Dichloropropene
https://envipath.org/package/5882df9c-dae1-4d80-a40e-db4724271456/compound/a6003e9c-06c5-4616-88dd-ec47d220a491/structure/2ebdc6e6-52ab-4433-8be8-e5d2d0dad441	1-methylnaphthalene	CC1=CC=CC2=C1C=CC=C2		2	C1=CC2=C(C=C1)C(=CC=C2)CC(=O)O	https://envipath.org/package/5882df9c-dae1-4d80-a40e-db4724271456/pathway/530c8f0b-a238-4453-ab06-ba8afa230ede	1-naphthylacetamide
https://envipath.org/package/5882df9c-dae1-4d80-a40e-db4724271456/compound/b7857afc-ec78-46c6-9ba5-9bc98864f2d1/structure/a8a9ee96-37c4-4430-bc38-5bb4c821eae8	naphthaldehyde	C1=CC2=C(C=C1)C(=CC=C2)C=O		4	C1=CC2=C(C=C1)C(=CC=C2)CO	https://envipath.org/package/5882df9c-dae1-4d80-a40e-db4724271456/pathway/530c8f0b-a238-4453-ab06-ba8afa230ede	1-naphthylacetamide
https://envipath.org/package/5882df9c-dae1-4d80-a40e-db4724271456/compound/1f07634f-4c6e-4736-af3c-056f147f94c7/structure/7913d066-2daa-4d3b-9f1d-452571fb79f3	1-naphthylacetamide	C1=CC2=C(C=C1)C(=CC=C2)CC(=O)N		0		https://envipath.org/package/5882df9c-dae1-4d80-a40e-db4724271456/pathway/530c8f0b-a238-4453-ab06-ba8afa230ede	1-naphthylacetamide
https://envipath.org/package/5882df9c-dae1-4d80-a40e-db4724271456/compound/1bb450ac-b75a-4a43-b43c-a4d1e11f61c3/structure/0cc9c9a6-7743-4756-ae4e-50e9a831e447	1-naphthoic acid (M2)	C1=CC2=C(C=C1)C(=CC=C2)C(=O)O		2	C1=CC2=C(C=C1)C(=CC=C2)C=O	https://envipath.org/package/5882df9c-dae1-4d80-a40e-db4724271456/pathway/530c8f0b-a238-4453-ab06-ba8afa230ede	1-naphthylacetamide
https://envipath.org/package/5882df9c-dae1-4d80-a40e-db4724271456/compound/c8dd8052-1273-4d54-8848-1edc13bedb21/structure/84ebf8d3-5c09-457d-9ea9-88e5898a238c	2-(1-naphtyl)acetic acid (M1)	C1=CC2=C(C=C1)C(=CC=C2)CC(=O)O		1	C1=CC2=C(C=C1)C(=CC=C2)CC(=O)N	https://envipath.org/package/5882df9c-dae1-4d80-a40e-db4724271456/pathway/530c8f0b-a238-4453-ab06-ba8afa230ede	1-naphthylacetamide
https://envipath.org/package/5882df9c-dae1-4d80-a40e-db4724271456/compound/77ca7a83-da6b-4d95-8189-76a2cf4b03d7/structure/67e05bab-0aab-4323-89ef-617328a9fb62	1-naphthalenemethanol	C1=CC2=C(C=C1)C(=CC=C2)CO		3	CC1=CC=CC2=C1C=CC=C2	https://envipath.org/package/5882df9c-dae1-4d80-a40e-db4724271456/pathway/530c8f0b-a238-4453-ab06-ba8afa230ede	1-naphthylacetamide
https://envipath.org/package/5882df9c-dae1-4d80-a40e-db4724271456/compound/1bb450ac-b75a-4a43-b43c-a4d1e11f61c3/structure/0cc9c9a6-7743-4756-ae4e-50e9a831e447	1-naphthoic acid (M2)	C1=CC2=C(C=C1)C(=CC=C2)C(=O)O		1	C1=CC2=C(C=C1)C(=CC=C2)CC(=O)O	https://envipath.org/package/5882df9c-dae1-4d80-a40e-db4724271456/pathway/e506bfc5-16cf-4dfa-a19a-18a7616a2c7d	1-naphthylacetic acid (1-naphthalene acetic acid)
https://envipath.org/package/5882df9c-dae1-4d80-a40e-db4724271456/compound/c8dd8052-1273-4d54-8848-1edc13bedb21/structure/84ebf8d3-5c09-457d-9ea9-88e5898a238c	2-(1-naphtyl)acetic acid (M1)	C1=CC2=C(C=C1)C(=CC=C2)CC(=O)O		0		https://envipath.org/package/5882df9c-dae1-4d80-a40e-db4724271456/pathway/e506bfc5-16cf-4dfa-a19a-18a7616a2c7d	1-naphthylacetic acid (1-naphthalene acetic acid)
https://envipath.org/package/5882df9c-dae1-4d80-a40e-db4724271456/compound/a6003e9c-06c5-4616-88dd-ec47d220a491/structure/2ebdc6e6-52ab-4433-8be8-e5d2d0dad441	1-methylnaphthalene	CC1=CC=CC2=C1C=CC=C2		1	C1=CC2=C(C=C1)C(=CC=C2)CC(=O)O	https://envipath.org/package/5882df9c-dae1-4d80-a40e-db4724271456/pathway/e506bfc5-16cf-4dfa-a19a-18a7616a2c7d	1-naphthylacetic acid (1-naphthalene acetic acid)
https://envipath.org/package/5882df9c-dae1-4d80-a40e-db4724271456/compound/77ca7a83-da6b-4d95-8189-76a2cf4b03d7/structure/67e05bab-0aab-4323-89ef-617328a9fb62	1-naphthalenemethanol	C1=CC2=C(C=C1)C(=CC=C2)CO		2	CC1=CC=CC2=C1C=CC=C2	https://envipath.org/package/5882df9c-dae1-4d80-a40e-db4724271456/pathway/e506bfc5-16cf-4dfa-a19a-18a7616a2c7d	1-naphthylacetic acid (1-naphthalene acetic acid)
https://envipath.org/package/5882df9c-dae1-4d80-a40e-db4724271456/compound/b7857afc-ec78-46c6-9ba5-9bc98864f2d1/structure/a8a9ee96-37c4-4430-bc38-5bb4c821eae8	naphthaldehyde	C1=CC2=C(C=C1)C(=CC=C2)C=O		3	C1=CC2=C(C=C1)C(=CC=C2)CO	https://envipath.org/package/5882df9c-dae1-4d80-a40e-db4724271456/pathway/e506bfc5-16cf-4dfa-a19a-18a7616a2c7d	1-naphthylacetic acid (1-naphthalene acetic acid)
https://envipath.org/package/5882df9c-dae1-4d80-a40e-db4724271456/compound/999a9b61-2f3e-40c7-a712-f6afbc166091/structure/47fae3bf-9055-4dc2-8471-1402c4b96e4d	2,4-Dichloroanisole	COC1=CC=C(C=C1Cl)Cl		2	C1=C(C=C(C(=C1)O)Cl)Cl	https://envipath.org/package/5882df9c-dae1-4d80-a40e-db4724271456/pathway/a6ab3e62-5563-4076-a3e7-89a5b79b0c2b	2,4-D
https://envipath.org/package/5882df9c-dae1-4d80-a40e-db4724271456/compound/a441e53a-6e7b-45fc-851c-b7c93cd1f4a1/structure/384e53de-7f1b-4cf6-bcaf-8d2a6e3784c3	2,4-D	OC(=O)COC1=CC=C(Cl)C=C1Cl		0		https://envipath.org/package/5882df9c-dae1-4d80-a40e-db4724271456/pathway/a6ab3e62-5563-4076-a3e7-89a5b79b0c2b	2,4-D
https://envipath.org/package/5882df9c-dae1-4d80-a40e-db4724271456/compound/ec701df9-090a-48ba-a5f3-43e947ecebe7/structure/96e61292-fa9c-49f3-9c76-f09a0e62ca74	2,4-Dichlorophenol	C1=C(C=C(C(=C1)O)Cl)Cl		1	OC(=O)COC1=CC=C(Cl)C=C1Cl	https://envipath.org/package/5882df9c-dae1-4d80-a40e-db4724271456/pathway/a6ab3e62-5563-4076-a3e7-89a5b79b0c2b	2,4-D
https://envipath.org/package/5882df9c-dae1-4d80-a40e-db4724271456/compound/ec701df9-090a-48ba-a5f3-43e947ecebe7/structure/96e61292-fa9c-49f3-9c76-f09a0e62ca74	2,4-Dichlorophenol	C1=C(C=C(C(=C1)O)Cl)Cl	minor	3	C1=C(C=C(C(=C1)OCC(=O)O)Cl)Cl	https://envipath.org/package/5882df9c-dae1-4d80-a40e-db4724271456/pathway/8f71aad7-528d-4db5-aece-2c377f06ca72	2,4-DB
https://envipath.org/package/5882df9c-dae1-4d80-a40e-db4724271456/compound/1a567571-d6aa-4f3e-849f-6c2be79b077e/structure/ff51abea-e07d-4088-8753-1bdc40aa5d09	2,4-DB	C(CC(=O)O)COC1=CC=C(C=C1Cl)Cl		0		https://envipath.org/package/5882df9c-dae1-4d80-a40e-db4724271456/pathway/8f71aad7-528d-4db5-aece-2c377f06ca72	2,4-DB
https://envipath.org/package/5882df9c-dae1-4d80-a40e-db4724271456/compound/a441e53a-6e7b-45fc-851c-b7c93cd1f4a1/structure/aeea426c-a050-4486-8b68-ef1f5b157233	2,4-D	C1=C(C=C(C(=C1)OCC(=O)O)Cl)Cl	major	2	C1=C(C=C(C(=C1)OCC(CC(=O)O)O)Cl)Cl	https://envipath.org/package/5882df9c-dae1-4d80-a40e-db4724271456/pathway/8f71aad7-528d-4db5-aece-2c377f06ca72	2,4-DB
https://envipath.org/package/5882df9c-dae1-4d80-a40e-db4724271456/compound/ee5d0899-a1ea-4a23-b974-b9b71be47759/structure/91ebf92d-4e42-4614-880b-f7a72049ad96	2,4-DB-OH	C1=C(C=C(C(=C1)OCC(CC(=O)O)O)Cl)Cl	minor	1	C(CC(=O)O)COC1=CC=C(C=C1Cl)Cl	https://envipath.org/package/5882df9c-dae1-4d80-a40e-db4724271456/pathway/8f71aad7-528d-4db5-aece-2c377f06ca72	2,4-DB
https://envipath.org/package/5882df9c-dae1-4d80-a40e-db4724271456/compound/2b0dc440-db9d-4178-a7cc-c5d2c810e774/structure/76c0334a-1ec8-45d8-b22d-d0171e2552b3	2-Phenylphenol	C1=CC=C(C=C1)C2=C(C=CC=C2)O		0		https://envipath.org/package/5882df9c-dae1-4d80-a40e-db4724271456/pathway/75befb7b-0b92-41b0-b048-c4ed89704a7c	2-Phenylphenol
https://envipath.org/package/5882df9c-dae1-4d80-a40e-db4724271456/compound/a7714bce-6f0e-47fb-8cab-fab3dc7a6005/structure/41e11b49-eb9b-42ba-942b-f4758f3ce4ed	2-naphthyloxyacetic acid	C1=CC2=C(C=C1)C=C(C=C2)OCC(=O)O		0		https://envipath.org/package/5882df9c-dae1-4d80-a40e-db4724271456/pathway/413c043b-8a3b-40b1-8577-2dfb00f7abee	2-naphthyloxyacetic acid
https://envipath.org/package/5882df9c-dae1-4d80-a40e-db4724271456/compound/a6803b7c-6b27-42e5-b34e-a0a696a2b9f7/structure/ea240b1a-2084-440f-8549-305436ffccc2	6-Benzyladenine	C1=CC=C(C=C1)CNC2=C3C(=NC=N3)N=CN2		0		https://envipath.org/package/5882df9c-dae1-4d80-a40e-db4724271456/pathway/7095a545-b6c8-4f8e-a86c-387f2ea894de	6-Benzyladenine
https://envipath.org/package/5882df9c-dae1-4d80-a40e-db4724271456/compound/60ca6b06-b65b-4a56-8982-33ec92a11d51/structure/9cb03246-e1b2-4e02-9a47-871760140fca	8-hydroxyquinoline	C1=CC(=C2C(=C1)C=CC=N2)O		0		https://envipath.org/package/5882df9c-dae1-4d80-a40e-db4724271456/pathway/e6107906-8ec5-4dac-9994-ac2cab3402a4	8-hydroxyquinoline
https://envipath.org/package/5882df9c-dae1-4d80-a40e-db4724271456/compound/7ff0bc9f-ca9e-4fea-baf3-9d1d6aaed103/structure/af3efc82-8eed-42f3-afd1-12dc946fd5e5	Phthalic acid	C1=CC(=C(C=C1)C(=O)O)C(=O)O		4	C1=CC(=C(C=C1)C(=O)O)C(=O)C(=O)O	https://envipath.org/package/5882df9c-dae1-4d80-a40e-db4724271456/pathway/009b8ee8-489b-42fd-a5d1-3d24b68ee576	Acequinocyl
https://envipath.org/package/5882df9c-dae1-4d80-a40e-db4724271456/compound/524ec287-ffe6-4925-874a-defd35171eec/structure/33d9e12b-566c-42f7-a4f2-3931114387c0	AKM-15	C(CCC1=C(C(=O)C2=C(C=CC=C2)C1=O)O)CCC(=O)O		2	CCCCCCCCCCCCC1=C(C(=O)C2=C(C=CC=C2)C1=O)O	https://envipath.org/package/5882df9c-dae1-4d80-a40e-db4724271456/pathway/009b8ee8-489b-42fd-a5d1-3d24b68ee576	Acequinocyl
https://envipath.org/package/5882df9c-dae1-4d80-a40e-db4724271456/compound/e1de7fbd-9bb8-469e-a2d0-0f605da830e8/structure/9792b151-bf22-49f1-968f-6276321034d5	AKM-13	C1=CC2=C(C=C1)C(=O)C(=C(CC(=O)O)C2=O)O		4	C1=CC2=C(C=C1)C(=O)C(=C(CCCC(=O)O)C2=O)O	https://envipath.org/package/5882df9c-dae1-4d80-a40e-db4724271456/pathway/009b8ee8-489b-42fd-a5d1-3d24b68ee576	Acequinocyl
https://envipath.org/package/5882df9c-dae1-4d80-a40e-db4724271456/compound/256bb4c8-92a7-4529-a058-e8dcfb0e8441/structure/d7c0e2f8-1f61-4331-9fdb-d943bad043d8	AKM-14	C1=CC2=C(C=C1)C(=O)C(=C(CCCC(=O)O)C2=O)O		3	C(CCC1=C(C(=O)C2=C(C=CC=C2)C1=O)O)CCC(=O)O	https://envipath.org/package/5882df9c-dae1-4d80-a40e-db4724271456/pathway/009b8ee8-489b-42fd-a5d1-3d24b68ee576	Acequinocyl
https://envipath.org/package/5882df9c-dae1-4d80-a40e-db4724271456/compound/dbda1459-9825-414b-956d-e6d90f85d341/structure/5b9eb677-509f-4840-9a41-eb43a6eacb35	Acequinocyl	CCCCCCCCCCCCC1=C(C(=O)C2=C(C=CC=C2)C1=O)OC(=O)C		0		https://envipath.org/package/5882df9c-dae1-4d80-a40e-db4724271456/pathway/009b8ee8-489b-42fd-a5d1-3d24b68ee576	Acequinocyl
https://envipath.org/package/5882df9c-dae1-4d80-a40e-db4724271456/compound/a5ad0fb3-16b5-49f5-a915-11c740fc2958/structure/54548a04-e2c5-4d96-af82-ac7640d3e3ac	AKM 18	CCCCCCCCCCCCC(=O)C(=O)C1=C(C=CC=C1)C(=O)O		2	CCCCCCCCCCCCC1=C(C(=O)C2=C(C=CC=C2)C1=O)O	https://envipath.org/package/5882df9c-dae1-4d80-a40e-db4724271456/pathway/009b8ee8-489b-42fd-a5d1-3d24b68ee576	Acequinocyl
https://envipath.org/package/5882df9c-dae1-4d80-a40e-db4724271456/compound/942db384-dd1f-45ad-a3ae-5ca2a78d2a5b/structure/6c041e12-2371-4f06-9dd3-3907c5072a46	CBAA	C1=CC(=C(C=C1)C(=O)O)C(=O)C(=O)O		3	CCCCCCCCCCCCC(=O)C(=O)C1=C(C=CC=C1)C(=O)O	https://envipath.org/package/5882df9c-dae1-4d80-a40e-db4724271456/pathway/009b8ee8-489b-42fd-a5d1-3d24b68ee576	Acequinocyl
https://envipath.org/package/5882df9c-dae1-4d80-a40e-db4724271456/compound/67586ccd-992b-487c-9a95-af29c8dd6535/structure/c0563cfb-5a61-4eff-b56a-2cce9af57d5e	R1	CCCCCCCCCCCCC1=C(C(=O)C2=C(C=CC=C2)C1=O)O		1	CCCCCCCCCCCCC1=C(C(=O)C2=C(C=CC=C2)C1=O)OC(=O)C	https://envipath.org/package/5882df9c-dae1-4d80-a40e-db4724271456/pathway/009b8ee8-489b-42fd-a5d1-3d24b68ee576	Acequinocyl
https://envipath.org/package/5882df9c-dae1-4d80-a40e-db4724271456/compound/4b67e1a0-106e-4991-8b6e-d6e077688d0d/structure/5f08fd82-61c5-49f4-95bf-fbdd1db504cc	IM-1-5	CC(=N)N(C)CC1=CC=C(Cl)N=C1		1	C/C(=N\C#N)/N(C)CC1=CC=C(Cl)N=C1	https://envipath.org/package/5882df9c-dae1-4d80-a40e-db4724271456/pathway/c68d1e4a-e16d-49da-bb16-8a47ea568044	Acetamiprid
https://envipath.org/package/5882df9c-dae1-4d80-a40e-db4724271456/compound/2708a273-85f4-4c59-8c5a-d9cd2f4d74ff/structure/fa7dfd58-3ffc-48b8-b444-fcd2db9bfcb0	IM-1-2	C/C(=N\C(=O)N)/N(C)CC1=CC=C(Cl)N=C1	major	1	C/C(=N\C#N)/N(C)CC1=CC=C(Cl)N=C1	https://envipath.org/package/5882df9c-dae1-4d80-a40e-db4724271456/pathway/c68d1e4a-e16d-49da-bb16-8a47ea568044	Acetamiprid
https://envipath.org/package/5882df9c-dae1-4d80-a40e-db4724271456/compound/bff4dbfd-d9ef-47bc-954e-eb6088f02ac3/structure/b1fb0bdf-0916-4e27-ad9c-67744012365c	IM-1-3	CC(=O)N(C)CC1=CC=C(Cl)N=C1	minor	1	C/C(=N\C#N)/N(C)CC1=CC=C(Cl)N=C1	https://envipath.org/package/5882df9c-dae1-4d80-a40e-db4724271456/pathway/c68d1e4a-e16d-49da-bb16-8a47ea568044	Acetamiprid
https://envipath.org/package/5882df9c-dae1-4d80-a40e-db4724271456/compound/60f274c6-4950-49bf-8d80-a79bedf11a17/structure/4a08592e-16f3-4c54-a0f1-5c93384cea21	6-chloronicotinic-acid	C1=C(C=NC(=C1)Cl)C(=O)O	minor	3	CNCC1=CC=C(Cl)N=C1	https://envipath.org/package/5882df9c-dae1-4d80-a40e-db4724271456/pathway/c68d1e4a-e16d-49da-bb16-8a47ea568044	Acetamiprid
https://envipath.org/package/5882df9c-dae1-4d80-a40e-db4724271456/compound/286b18f0-c4c5-4b6b-9e66-f22ddb5cc020/structure/efba0c0b-8913-4a78-8375-cbb4d5b49abf	Acetamiprid	C/C(=N\C#N)/N(C)CC1=CC=C(Cl)N=C1		0		https://envipath.org/package/5882df9c-dae1-4d80-a40e-db4724271456/pathway/c68d1e4a-e16d-49da-bb16-8a47ea568044	Acetamiprid
https://envipath.org/package/5882df9c-dae1-4d80-a40e-db4724271456/compound/da542916-453e-4db6-8430-12a7c4787731/structure/4c1060ad-7286-44e5-a6b9-6234a4b3c57a	IM-1-4	CNCC1=CC=C(Cl)N=C1	major	2	C/C(=N\C(=O)N)/N(C)CC1=CC=C(Cl)N=C1	https://envipath.org/package/5882df9c-dae1-4d80-a40e-db4724271456/pathway/c68d1e4a-e16d-49da-bb16-8a47ea568044	Acetamiprid
https://envipath.org/package/5882df9c-dae1-4d80-a40e-db4724271456/compound/5e4989fc-13d3-45d4-ad57-3be380a9d3c0/structure/001ae332-266b-42f3-9737-3e1c793221dc	Acetic acid	CC(=O)O		0		https://envipath.org/package/5882df9c-dae1-4d80-a40e-db4724271456/pathway/f80b8972-3c5a-4d55-b40d-9f828e295219	Acetic acid
https://envipath.org/package/5882df9c-dae1-4d80-a40e-db4724271456/compound/b3d0034b-ec66-44dd-a427-2cab50be459c/structure/f7522fa6-a148-4a72-ab6a-ddeaef2c0437	s-amide methyl sulfone (10)	CCC1=C(C(=CC=C1)C)NC(=O)CS(=O)(=O)C		6	CCC1=C(C(=CC=C1)C)N(COCC)C(=O)CS(=O)(=O)C	https://envipath.org/package/5882df9c-dae1-4d80-a40e-db4724271456/pathway/7eb657f9-345b-4d51-ba21-dbfcabc327b0	Acetochlor
https://envipath.org/package/5882df9c-dae1-4d80-a40e-db4724271456/compound/a42e1393-d7c9-482b-b6d2-6d5cd0e68d82/structure/ca4c9de3-fefa-443a-8ccb-66b21deb5d3a	t-sulfonic acid  (7)	CCC1=C(C(=CC=C1)C)N(COCC)C(=O)CS(=O)(=O)O		4	CCC1=C(C(=CC=C1)C)N(COCC)C(=O)CS	https://envipath.org/package/5882df9c-dae1-4d80-a40e-db4724271456/pathway/7eb657f9-345b-4d51-ba21-dbfcabc327b0	Acetochlor
https://envipath.org/package/5882df9c-dae1-4d80-a40e-db4724271456/compound/450d2680-084c-4a4e-b161-f068c9ba1055/structure/2033b39d-64a2-41a8-a929-81b04be40f38	1-ethoxymethyl-5,9-dimethyl-4,1-benzoxazepine-2,3 (1H,5H)-dione (20)	CCOCN1C2=C(C=CC=C2C)[C@H](C)OC(=O)C1=O		-99		https://envipath.org/package/5882df9c-dae1-4d80-a40e-db4724271456/pathway/7eb657f9-345b-4d51-ba21-dbfcabc327b0	Acetochlor
https://envipath.org/package/5882df9c-dae1-4d80-a40e-db4724271456/compound/159946c6-229c-4254-82af-56c986511c9e/structure/c104a977-2e6a-4c83-8206-ebef5f400e67	Acetochlor	CCC1=C(C(=CC=C1)C)N(COCC)C(=O)CCl		0		https://envipath.org/package/5882df9c-dae1-4d80-a40e-db4724271456/pathway/7eb657f9-345b-4d51-ba21-dbfcabc327b0	Acetochlor
https://envipath.org/package/5882df9c-dae1-4d80-a40e-db4724271456/compound/4423e837-8ffe-4abb-a5e0-dec8f16402bd/structure/ab0db518-794e-449b-90a4-7953a167d444	s-oxanilic acid (12)	CCC1=C(C(=CC=C1)C)NC(=O)C(=O)O		3	CCC1=C(C(=CC=C1)C)N(COCC)C(=O)C(=O)O	https://envipath.org/package/5882df9c-dae1-4d80-a40e-db4724271456/pathway/7eb657f9-345b-4d51-ba21-dbfcabc327b0	Acetochlor
https://envipath.org/package/5882df9c-dae1-4d80-a40e-db4724271456/compound/162c37d6-57c9-4350-a918-c548f1d5e374/structure/76a9c654-8539-4714-9fbf-2add589b996a	t-oxanilic acid (2)	CCC1=C(C(=CC=C1)C)N(COCC)C(=O)C(=O)O		2	CCC1=C(C(=CC=C1)C)N(COCC)C(=O)CSSCC(C(=O)O)N	https://envipath.org/package/5882df9c-dae1-4d80-a40e-db4724271456/pathway/7eb657f9-345b-4d51-ba21-dbfcabc327b0	Acetochlor
https://envipath.org/package/5882df9c-dae1-4d80-a40e-db4724271456/compound/70f466f0-4352-4aa6-a4ce-2f671786a7e2/structure/9902dd2f-37c3-41b2-a94f-d5f0480ed991	t-amide methyl sulfoxide (15)	CCC1=C(C(=CC=C1)C)N(COCC)C(=O)CS(=O)C		4	CCC1=C(C(=CC=C1)C)N(COCC)C(=O)CS	https://envipath.org/package/5882df9c-dae1-4d80-a40e-db4724271456/pathway/7eb657f9-345b-4d51-ba21-dbfcabc327b0	Acetochlor
https://envipath.org/package/5882df9c-dae1-4d80-a40e-db4724271456/compound/09732657-db64-4b3a-8e4a-4956ccea89da/structure/738a3142-45d2-435f-9909-69b688b8f65e	N-(2-ethyl-6-methylphenyl)-acetamide (9)	CCC1=C(C(=CC=C1)C)NC(=O)C		-99		https://envipath.org/package/5882df9c-dae1-4d80-a40e-db4724271456/pathway/7eb657f9-345b-4d51-ba21-dbfcabc327b0	Acetochlor
https://envipath.org/package/5882df9c-dae1-4d80-a40e-db4724271456/compound/24ada201-f7e2-468e-a99f-d2dcad580fe4/structure/85416337-6a0c-44b7-a4db-d0aee355c51b	N-(ethoxymethyl)-N-(2-ethyl-6-methylphenyl)acetamide (6)	CCC1=C(C(=CC=C1)C)N(COCC)C(=O)C		1	CCC1=C(C(=CC=C1)C)N(COCC)C(=O)CCl	https://envipath.org/package/5882df9c-dae1-4d80-a40e-db4724271456/pathway/7eb657f9-345b-4d51-ba21-dbfcabc327b0	Acetochlor
https://envipath.org/package/5882df9c-dae1-4d80-a40e-db4724271456/compound/59c00a00-47bd-4e57-90c3-91b03ad0d634/structure/c7b20774-bc24-4196-bb4d-4b516b7b959c	Metabolite 4	CCC1=C(C(=CC=C1)C)N(COCC)C(=O)CSCC(=O)O		3	CCC1=C(C(=CC=C1)C)N(COCC)C(=O)CSSCC(C(=O)O)N	https://envipath.org/package/5882df9c-dae1-4d80-a40e-db4724271456/pathway/7eb657f9-345b-4d51-ba21-dbfcabc327b0	Acetochlor
https://envipath.org/package/5882df9c-dae1-4d80-a40e-db4724271456/compound/e6ca9677-8771-41ba-b002-3c54402b1ce5/structure/80520c20-f560-4463-a390-90c495f1e179	s-sulfonic acid (13)	CCC1=C(C(=CC=C1)C)NC(=O)CS(=O)(=O)O		5	CCC1=C(C(=CC=C1)C)N(COCC)C(=O)CS(=O)(=O)O	https://envipath.org/package/5882df9c-dae1-4d80-a40e-db4724271456/pathway/7eb657f9-345b-4d51-ba21-dbfcabc327b0	Acetochlor
https://envipath.org/package/5882df9c-dae1-4d80-a40e-db4724271456/compound/60a1807c-b920-4eaf-b063-8fa16c5ead1e/structure/09405055-b77d-4b84-9a0d-7221751ff4ee	Acetochlor-Thiol	CCC1=C(C(=CC=C1)C)N(COCC)C(=O)CS	minor	3	CCC1=C(C(=CC=C1)C)N(COCC)C(=O)CSSCC(C(=O)O)N	https://envipath.org/package/5882df9c-dae1-4d80-a40e-db4724271456/pathway/7eb657f9-345b-4d51-ba21-dbfcabc327b0	Acetochlor
https://envipath.org/package/5882df9c-dae1-4d80-a40e-db4724271456/compound/b33295fd-ea8c-443a-86cd-046599460519/structure/0f8c8a0a-1bfd-470b-9aef-dbd8e7784155	t-sulfinyl acetic acid (3)	CCC1=C(C(=CC=C1)C)N(COCC)C(=O)CS(=O)CC(=O)O		4	CCC1=C(C(=CC=C1)C)N(COCC)C(=O)CSCC(=O)O	https://envipath.org/package/5882df9c-dae1-4d80-a40e-db4724271456/pathway/7eb657f9-345b-4d51-ba21-dbfcabc327b0	Acetochlor
https://envipath.org/package/5882df9c-dae1-4d80-a40e-db4724271456/compound/f1c31fb6-dd38-460f-8fdd-092a0d544ea4/structure/4b6b29d9-0940-416e-a8a9-a5e11ef40956	t-hydroxy acetochlor (17)	CCC1=C(C(=CC=C1)C)N(COCC)C(=O)CO		1	CCC1=C(C(=CC=C1)C)N(COCC)C(=O)CCl	https://envipath.org/package/5882df9c-dae1-4d80-a40e-db4724271456/pathway/7eb657f9-345b-4d51-ba21-dbfcabc327b0	Acetochlor
https://envipath.org/package/5882df9c-dae1-4d80-a40e-db4724271456/compound/986a42d8-00b0-4f56-b8a3-e748eb80eba1/structure/278f03f6-90b9-42b3-8cda-352e27c67cdf	2-oxo-N-ethoxymethyl-N-(2-ethyl-6-methylphenyl)acetamide (18)	CCC1=C(C(=CC=C1)C)N(COCC)C(=O)C=O		-99		https://envipath.org/package/5882df9c-dae1-4d80-a40e-db4724271456/pathway/7eb657f9-345b-4d51-ba21-dbfcabc327b0	Acetochlor
https://envipath.org/package/5882df9c-dae1-4d80-a40e-db4724271456/compound/b37f6f5f-efac-4bc2-9531-9b95dd4adee9/structure/6bc7888a-240e-49b9-a50e-dfbc42ec8aa9	Acetochlor-cysgly	CCC1=C(C(=CC=C1)C)N(COCC)C(=O)CSSCC(C(=O)NCC(=O)O)N		1	CCC1=C(C(=CC=C1)C)N(COCC)C(=O)CCl	https://envipath.org/package/5882df9c-dae1-4d80-a40e-db4724271456/pathway/7eb657f9-345b-4d51-ba21-dbfcabc327b0	Acetochlor
https://envipath.org/package/5882df9c-dae1-4d80-a40e-db4724271456/compound/937de63e-ce9b-4eb2-a93b-90ae0b5c4bb0/structure/e3c2bf17-4061-409f-96e9-b502ad96c24d	Acetochlor-cys	CCC1=C(C(=CC=C1)C)N(COCC)C(=O)CSSCC(C(=O)O)N	minor	2	CCC1=C(C(=CC=C1)C)N(COCC)C(=O)CSSCC(C(=O)NCC(=O)O)N	https://envipath.org/package/5882df9c-dae1-4d80-a40e-db4724271456/pathway/7eb657f9-345b-4d51-ba21-dbfcabc327b0	Acetochlor
https://envipath.org/package/5882df9c-dae1-4d80-a40e-db4724271456/compound/ae91c120-0777-4d2e-b4a0-aede34a7c212/structure/a8e6626f-86d1-4a76-8797-db9000b24817	t- amid methyl sulfone (16)	CCC1=C(C(=CC=C1)C)N(COCC)C(=O)CS(=O)(=O)C		5	CCC1=C(C(=CC=C1)C)N(COCC)C(=O)CS(=O)C	https://envipath.org/package/5882df9c-dae1-4d80-a40e-db4724271456/pathway/7eb657f9-345b-4d51-ba21-dbfcabc327b0	Acetochlor
https://envipath.org/package/5882df9c-dae1-4d80-a40e-db4724271456/compound/b3d2274b-f418-4d88-b615-94f6ba68aa4b/structure/2e17baf4-a2ab-4474-bc05-22617860e4c0	t-amide methyl sulfide (14)	CCC1=C(C(=CC=C1)C)N(COCC)C(=O)CSC		-99		https://envipath.org/package/5882df9c-dae1-4d80-a40e-db4724271456/pathway/7eb657f9-345b-4d51-ba21-dbfcabc327b0	Acetochlor
https://envipath.org/package/5882df9c-dae1-4d80-a40e-db4724271456/compound/143498a4-45cb-4d49-b63e-73afc1701dda/structure/5ea746e6-54bf-4a43-a009-3d25633efb53	2-hydroxy-N-(2-ethyl-6-methyl phenyl) acetamide (11)	CCC1=C(C(=CC=C1)C)NC(=O)CO		-99		https://envipath.org/package/5882df9c-dae1-4d80-a40e-db4724271456/pathway/7eb657f9-345b-4d51-ba21-dbfcabc327b0	Acetochlor
https://envipath.org/package/5882df9c-dae1-4d80-a40e-db4724271456/compound/df9a7be8-6e85-4ef2-bd7b-32936ee874fc/structure/c70dbf2f-e7d7-4bee-b153-8eeaba8f88c3	SYN546642	C1=CC(=C(C2=C1N=NS2)C(=O)O)O		2	C1=CC2=C(C(=C1)C(=O)O)SN=N2	https://envipath.org/package/5882df9c-dae1-4d80-a40e-db4724271456/pathway/ae452a8f-23ba-42e9-bead-fdb9301d153b	Acibenzolar-S-Methyl
https://envipath.org/package/5882df9c-dae1-4d80-a40e-db4724271456/compound/0747e8a4-db36-46f8-818b-a104b2f1acb0/structure/544a77ff-70fc-4f16-b0ef-6fb957a8adad	Acibenzolar-S-Methyl	CSC(=O)C1=CC=CC2=C1SN=N2		0		https://envipath.org/package/5882df9c-dae1-4d80-a40e-db4724271456/pathway/ae452a8f-23ba-42e9-bead-fdb9301d153b	Acibenzolar-S-Methyl
https://envipath.org/package/5882df9c-dae1-4d80-a40e-db4724271456/compound/89465e68-b68c-4f69-aa4b-cbb1390eaf62/structure/dc162ef2-25c2-4ee2-adba-5fe459e91739	CGA210007	C1=CC2=C(C(=C1)C(=O)O)SN=N2		1	CSC(=O)C1=CC=CC2=C1SN=N2	https://envipath.org/package/5882df9c-dae1-4d80-a40e-db4724271456/pathway/ae452a8f-23ba-42e9-bead-fdb9301d153b	Acibenzolar-S-Methyl
https://envipath.org/package/5882df9c-dae1-4d80-a40e-db4724271456/compound/a5c508d1-bb7a-4fb7-a2fa-f8d5d9cfa576/structure/99565a5b-867f-4b4d-afc9-ce3b3cdb241a	RPA 508285	C1=C(C(=C(C(=C1)O)Cl)N)[N+](=O)[O-]		1	C1=CC=C(C=C1)OC2=CC=C(C(=C2Cl)N)[N+](=O)[O-]	https://envipath.org/package/5882df9c-dae1-4d80-a40e-db4724271456/pathway/5d7a5978-dfff-467c-97ed-23d4fd99905f	Aclonifen
https://envipath.org/package/5882df9c-dae1-4d80-a40e-db4724271456/compound/82c8cc5d-b5a3-4150-ab27-98c7e57b1f1e/structure/45d68b7f-9d17-46c3-b2c6-9b5e15b04f41	RPA 407074	C1=C(C=CC(=C1)OC2=CC=C(C(=C2Cl)N)[N+](=O)[O-])O		1	C1=CC=C(C=C1)OC2=CC=C(C(=C2Cl)N)[N+](=O)[O-]	https://envipath.org/package/5882df9c-dae1-4d80-a40e-db4724271456/pathway/5d7a5978-dfff-467c-97ed-23d4fd99905f	Aclonifen
https://envipath.org/package/5882df9c-dae1-4d80-a40e-db4724271456/compound/06e49c85-506c-4765-937c-4c78cf335b8d/structure/1ed72183-4e26-4aaa-a143-77f45ff45f41	RPA 407291	C1=CC=C(C=C1)OC2=CC=C(C(=C2Cl)N)N		1	C1=CC=C(C=C1)OC2=CC=C(C(=C2Cl)N)[N+](=O)[O-]	https://envipath.org/package/5882df9c-dae1-4d80-a40e-db4724271456/pathway/5d7a5978-dfff-467c-97ed-23d4fd99905f	Aclonifen
https://envipath.org/package/5882df9c-dae1-4d80-a40e-db4724271456/compound/d58fa09b-1001-407b-a843-35accf511fa5/structure/c88fadd6-0609-4555-8920-aa97c2219778	Aclonifen	C1=CC=C(C=C1)OC2=CC=C(C(=C2Cl)N)[N+](=O)[O-]		0		https://envipath.org/package/5882df9c-dae1-4d80-a40e-db4724271456/pathway/5d7a5978-dfff-467c-97ed-23d4fd99905f	Aclonifen
https://envipath.org/package/5882df9c-dae1-4d80-a40e-db4724271456/compound/3f05b948-9090-44f6-aa78-612a76cc8962/structure/a610c42b-6ae6-4f52-8744-daaa12a15229	RPA 407288	C1=C(C(=C(C(=C1)O)Cl)N)N		2	C1=CC=C(C=C1)OC2=CC=C(C(=C2Cl)N)N	https://envipath.org/package/5882df9c-dae1-4d80-a40e-db4724271456/pathway/5d7a5978-dfff-467c-97ed-23d4fd99905f	Aclonifen
https://envipath.org/package/5882df9c-dae1-4d80-a40e-db4724271456/compound/971dde96-4136-4e71-a986-5334007766b7/structure/70e8102c-ac55-4533-9181-57ea85cca6d4	Phenol (CGA 73330)	C1=CC=C(C=C1)O		1	C1=CC=C(C=C1)OC2=CC=C(C(=C2Cl)N)[N+](=O)[O-]	https://envipath.org/package/5882df9c-dae1-4d80-a40e-db4724271456/pathway/5d7a5978-dfff-467c-97ed-23d4fd99905f	Aclonifen
https://envipath.org/package/5882df9c-dae1-4d80-a40e-db4724271456/compound/33365a7e-24d4-4212-ad80-7b9a92572df5/structure/800173db-0c38-42dd-8843-7298828016b0	[hydroxyphenols]	C1=C(C=CC(=C1)O)O		2	C1=C(C=CC(=C1)OC2=CC=C(C(=C2Cl)N)[N+](=O)[O-])O	https://envipath.org/package/5882df9c-dae1-4d80-a40e-db4724271456/pathway/5d7a5978-dfff-467c-97ed-23d4fd99905f	Aclonifen
https://envipath.org/package/5882df9c-dae1-4d80-a40e-db4724271456/compound/2fc78d4a-7958-4af5-87d4-bcc2f9b6c9ab/structure/f8bb3b76-d463-49b5-b7de-7c5783f98e0c	3-PBAc	C1=CC=C(C=C1)OC2=CC(=CC=C2)C(=O)O		2	CC1(C)[C@@H](/C=C\C(=O)O)[C@H]1C(=O)O[C@H](C#N)C2=CC=CC(=C2)OC3=CC=CC=C3	https://envipath.org/package/5882df9c-dae1-4d80-a40e-db4724271456/pathway/b26d9996-30ca-461a-896e-488277ffedff	Acrinathrin
https://envipath.org/package/5882df9c-dae1-4d80-a40e-db4724271456/compound/a0998038-92a8-4983-a932-84c66e4e66d3/structure/c3b8a022-88fd-4b00-85c3-3b15d3087f63	DP-A	CC1(C)[C@@H](/C=C\C(=O)O)[C@H]1C(=O)O[C@H](C#N)C2=CC=CC(=C2)OC3=CC=CC=C3		1	CC1(C)[C@@H](/C=C\C(=O)OC(C(F)(F)F)C(F)(F)F)[C@H]1C(=O)O[C@H](C#N)C2=CC=CC(=C2)OC3=CC=CC=C3	https://envipath.org/package/5882df9c-dae1-4d80-a40e-db4724271456/pathway/b26d9996-30ca-461a-896e-488277ffedff	Acrinathrin
https://envipath.org/package/5882df9c-dae1-4d80-a40e-db4724271456/compound/0c081d82-6c64-439f-87b1-d9a32c88dc5f/structure/bd90ed58-5d3c-4d07-898f-d75475e40a6a	Acrinathrin	CC1(C)[C@@H](/C=C\C(=O)OC(C(F)(F)F)C(F)(F)F)[C@H]1C(=O)O[C@H](C#N)C2=CC=CC(=C2)OC3=CC=CC=C3		0		https://envipath.org/package/5882df9c-dae1-4d80-a40e-db4724271456/pathway/b26d9996-30ca-461a-896e-488277ffedff	Acrinathrin
https://envipath.org/package/5882df9c-dae1-4d80-a40e-db4724271456/compound/8ea43c04-946b-48f6-8678-9c09b7cf0a69/structure/22bcebea-dd42-451e-9fc9-564a97bf4beb	Met.E, U4 (AE 1569309)	CN(S(=O)(=O)C)S(=O)(=O)NC(=O)NC1=NC(=C(C(=N1)OC)O)OC		1	CN(S(=O)(=O)C)S(=O)(=O)NC(=O)NC1=NC(=CC(=N1)OC)OC	https://envipath.org/package/5882df9c-dae1-4d80-a40e-db4724271456/pathway/6a688a18-9594-4e77-97d2-91436b785699	Amidosulfuron
https://envipath.org/package/5882df9c-dae1-4d80-a40e-db4724271456/compound/1d385801-75d6-4879-b67d-d580559b5074/structure/59a0534a-eb9b-4885-94d7-0ecf09a5ead2	M2 (AE F101630)	CN(S(=O)(=O)C)S(=O)(=O)NC(=O)NC1=NC(=CC(=N1)O)OC		1	CN(S(=O)(=O)C)S(=O)(=O)NC(=O)NC1=NC(=CC(=N1)OC)OC	https://envipath.org/package/5882df9c-dae1-4d80-a40e-db4724271456/pathway/6a688a18-9594-4e77-97d2-91436b785699	Amidosulfuron
https://envipath.org/package/5882df9c-dae1-4d80-a40e-db4724271456/compound/be52579e-7db4-4e9c-af03-f0c6060bbe50/structure/7f97353a-91ca-40ae-a000-2eeadfae0e60	Amidosulfuron	CN(S(=O)(=O)C)S(=O)(=O)NC(=O)NC1=NC(=CC(=N1)OC)OC		0		https://envipath.org/package/5882df9c-dae1-4d80-a40e-db4724271456/pathway/6a688a18-9594-4e77-97d2-91436b785699	Amidosulfuron
https://envipath.org/package/5882df9c-dae1-4d80-a40e-db4724271456/compound/1bf95fde-4fe8-44bb-aef0-1c4e92a6f8bd/structure/3d1a111d-dbaf-4bcb-8003-24b332cd31a8	AE F094206	C1=C(N=C(N)N=C1O)O		2	CN(S(=O)(=O)C)S(=O)(=O)NC(=O)NC1=NC(=CC(=N1)O)OC	https://envipath.org/package/5882df9c-dae1-4d80-a40e-db4724271456/pathway/6a688a18-9594-4e77-97d2-91436b785699	Amidosulfuron
https://envipath.org/package/5882df9c-dae1-4d80-a40e-db4724271456/compound/7e96e814-23b5-4efd-b97e-3b512e54a9cd/structure/abbedab2-ad64-49fb-9ecf-fd0b41902138	M1 (AE F128870)	CN(S(=O)(=O)C)S(=O)(=O)NC(=O)NC1=NC(=C(C(=N1)O)O)OC		2	CN(S(=O)(=O)C)S(=O)(=O)NC(=O)NC1=NC(=C(C(=N1)OC)O)OC	https://envipath.org/package/5882df9c-dae1-4d80-a40e-db4724271456/pathway/6a688a18-9594-4e77-97d2-91436b785699	Amidosulfuron
https://envipath.org/package/5882df9c-dae1-4d80-a40e-db4724271456/compound/7e4fc42a-712a-4b9a-9cfd-bdb3ad7de21d/structure/4a1f812c-9509-4d5a-9655-f09fc4e09820	Aminopyralid	C1=C(Cl)N=C(C(=C1N)Cl)C(=O)O		0		https://envipath.org/package/5882df9c-dae1-4d80-a40e-db4724271456/pathway/979759e9-786d-4adc-be48-35067e0be6da	Aminopyralid
https://envipath.org/package/5882df9c-dae1-4d80-a40e-db4724271456/compound/ed004f3f-5dca-4b2c-8067-6c353658bf03/structure/0f6b6584-c0de-4503-87db-a5d27c1b0888	IT-5	C1=CC2=C(C=C1F)N(C(=C2Br)CO)S(=O)(=O)C3=NNC=N3		2	CC1=C(C2=C(C=C(C=C2)F)N1S(=O)(=O)C3=NNC=N3)Br	https://envipath.org/package/5882df9c-dae1-4d80-a40e-db4724271456/pathway/72e62c4f-538c-4b58-bc83-80b54ab06e82	Amisulbrom
https://envipath.org/package/5882df9c-dae1-4d80-a40e-db4724271456/compound/b47b94dc-b5df-445f-89b9-413865c64f4b/structure/90d7fa19-bf70-4a78-8205-936a14c73707	IT-3	CN(C)S(=O)(=O)N1C=NC(=N1)S(=O)(=O)N2C3=C(C=C(C(=C3)F)O)C(=C2CO)Br		-99		https://envipath.org/package/5882df9c-dae1-4d80-a40e-db4724271456/pathway/72e62c4f-538c-4b58-bc83-80b54ab06e82	Amisulbrom
https://envipath.org/package/5882df9c-dae1-4d80-a40e-db4724271456/compound/282b8764-4bd0-4b1a-88ee-35d1af88f762/structure/af720a60-2a98-471f-b0f0-61706b6bd6f7	IT-2	CN(C)S(=O)(=O)N1C=NC(=N1)S(=O)(=O)N2C3=C(C=CC(=C3)F)C(=C2CO)Br		1	CC1=C(C2=C(C=C(C=C2)F)N1S(=O)(=O)C3=NN(C=N3)S(=O)(=O)N(C)C)Br	https://envipath.org/package/5882df9c-dae1-4d80-a40e-db4724271456/pathway/72e62c4f-538c-4b58-bc83-80b54ab06e82	Amisulbrom
https://envipath.org/package/5882df9c-dae1-4d80-a40e-db4724271456/compound/40f10de6-c4c9-46f0-94e4-fa020faeea51/structure/0c5b8880-d5bc-450b-8df4-4e9b46798eb8	IT-14	CC1=C(C2=C(C=C(C=C2)F)N1S(=O)(=O)C3=NN(C)C=N3)Br		2	CC1=C(C2=C(C=C(C=C2)F)N1S(=O)(=O)C3=NNC=N3)Br	https://envipath.org/package/5882df9c-dae1-4d80-a40e-db4724271456/pathway/72e62c4f-538c-4b58-bc83-80b54ab06e82	Amisulbrom
https://envipath.org/package/5882df9c-dae1-4d80-a40e-db4724271456/compound/d086af97-2b03-4c10-9cb7-83aa60e742d7/structure/a365c056-0d94-4063-8114-202cf84d6f83	IT-9	CN(C)S(=O)(=O)N1C=NC(=N1)S(=O)(=O)NC2=CC(=CC=C2C(=O)O)F		2	CC1(C(=O)C2=CC=C(C=C2N1S(=O)(=O)C3=NN(C=N3)S(=O)(=O)N(C)C)F)O	https://envipath.org/package/5882df9c-dae1-4d80-a40e-db4724271456/pathway/72e62c4f-538c-4b58-bc83-80b54ab06e82	Amisulbrom
https://envipath.org/package/5882df9c-dae1-4d80-a40e-db4724271456/compound/a9602959-95ce-4eeb-9f2a-19178dc21ba9/structure/09796754-4554-4985-9438-69e8be43b1cf	Amisulbrom	CC1=C(C2=C(C=C(C=C2)F)N1S(=O)(=O)C3=NN(C=N3)S(=O)(=O)N(C)C)Br		0		https://envipath.org/package/5882df9c-dae1-4d80-a40e-db4724271456/pathway/72e62c4f-538c-4b58-bc83-80b54ab06e82	Amisulbrom
https://envipath.org/package/5882df9c-dae1-4d80-a40e-db4724271456/compound/8c3debaf-aa15-436f-93f1-1f8710fe17f8/structure/280ad51e-148f-420f-8bfe-879539142213	IT-11	CC1(C(=O)C2=CC=C(C=C2N1S(=O)(=O)C3=NN(C=N3)S(=O)(=O)N(C)C)F)O		1	CC1=C(C2=C(C=C(C=C2)F)N1S(=O)(=O)C3=NN(C=N3)S(=O)(=O)N(C)C)Br	https://envipath.org/package/5882df9c-dae1-4d80-a40e-db4724271456/pathway/72e62c4f-538c-4b58-bc83-80b54ab06e82	Amisulbrom
https://envipath.org/package/5882df9c-dae1-4d80-a40e-db4724271456/compound/a08da785-a68a-4ace-8ea1-463129d5300e/structure/b82689b1-23d6-4a67-b9c0-a26853233488	IT-4	CC1=C(C2=C(C=C(C=C2)F)N1S(=O)(=O)C3=NNC=N3)Br		1	CC1=C(C2=C(C=C(C=C2)F)N1S(=O)(=O)C3=NN(C=N3)S(=O)(=O)N(C)C)Br	https://envipath.org/package/5882df9c-dae1-4d80-a40e-db4724271456/pathway/72e62c4f-538c-4b58-bc83-80b54ab06e82	Amisulbrom
https://envipath.org/package/5882df9c-dae1-4d80-a40e-db4724271456/compound/ff433725-79a6-4733-aec3-c6574de16060/structure/b28b2530-c2fc-4b6e-a0ca-4116f78e9d4b	Amitrole	C1=NNC(=N1)N		0		https://envipath.org/package/5882df9c-dae1-4d80-a40e-db4724271456/pathway/97c1fc4a-2d8d-4ffc-842c-756608b144d3	Amitrole
https://envipath.org/package/5882df9c-dae1-4d80-a40e-db4724271456/compound/9d29b92b-3bcc-49f4-b535-c52d4907ef02/structure/7069f245-1464-4b17-8e28-d13094670984	5-Hydroxyamitrole	C1(=NNC(=N1)O)N		1	C1=NNC(=N1)N	https://envipath.org/package/5882df9c-dae1-4d80-a40e-db4724271456/pathway/97c1fc4a-2d8d-4ffc-842c-756608b144d3	Amitrole
https://envipath.org/package/5882df9c-dae1-4d80-a40e-db4724271456/compound/8afad709-fb0f-4905-be05-00944f9f185f/structure/00bc4e95-0e6e-4f9a-b4a3-97c322f761d3	Cyanamide	C(#N)N		3	C(=N)(N)NN.C(=O)(O)O	https://envipath.org/package/5882df9c-dae1-4d80-a40e-db4724271456/pathway/97c1fc4a-2d8d-4ffc-842c-756608b144d3	Amitrole
https://envipath.org/package/5882df9c-dae1-4d80-a40e-db4724271456/compound/b0dc3512-5b76-4570-85fd-74517b0dca39/structure/d571a6aa-ae16-465a-94aa-9896904b645a	Aminoguanidine bicarbonate	C(=N)(N)NN.C(=O)(O)O		2	C1(=NNC(=N1)O)N	https://envipath.org/package/5882df9c-dae1-4d80-a40e-db4724271456/pathway/97c1fc4a-2d8d-4ffc-842c-756608b144d3	Amitrole
https://envipath.org/package/5882df9c-dae1-4d80-a40e-db4724271456/compound/4cbfddab-2551-420e-b8b6-289bb491e7b4/structure/6ce02680-c09e-4aa0-866d-d6a740f4a5ba	Hydrazine	NN		3	C(=N)(N)NN.C(=O)(O)O	https://envipath.org/package/5882df9c-dae1-4d80-a40e-db4724271456/pathway/97c1fc4a-2d8d-4ffc-842c-756608b144d3	Amitrole
https://envipath.org/package/5882df9c-dae1-4d80-a40e-db4724271456/compound/a4a8116a-0fc4-4ad8-b192-1387a253bac6/structure/e15c4bfb-3069-4df2-9391-e66e78ff3a2e	Urea	C(=O)(N)N		4	C(#N)N	https://envipath.org/package/5882df9c-dae1-4d80-a40e-db4724271456/pathway/97c1fc4a-2d8d-4ffc-842c-756608b144d3	Amitrole
https://envipath.org/package/5882df9c-dae1-4d80-a40e-db4724271456/compound/f4583a7f-9018-45bc-9a9c-545a7e4bc025/structure/d44f9306-4946-4e0f-9760-51d9917284ee	N2	N#N		4	NN	https://envipath.org/package/5882df9c-dae1-4d80-a40e-db4724271456/pathway/97c1fc4a-2d8d-4ffc-842c-756608b144d3	Amitrole
https://envipath.org/package/5882df9c-dae1-4d80-a40e-db4724271456/compound/27a89bdf-42f7-478f-91d8-e39881581096/structure/47b41ca7-f8c0-431d-9b3e-964e389db10b	Ammonium	[NH4+]		5	C(=O)(N)N	https://envipath.org/package/5882df9c-dae1-4d80-a40e-db4724271456/pathway/97c1fc4a-2d8d-4ffc-842c-756608b144d3	Amitrole
https://envipath.org/package/5882df9c-dae1-4d80-a40e-db4724271456/compound/f6a91237-2ad3-4308-8050-239eb6e555e0/structure/8bdd4a60-b28f-4024-ac84-e065f880eef9	Urazole	C1(=NC(=NN1)O)O		1	C1=NNC(=N1)N	https://envipath.org/package/5882df9c-dae1-4d80-a40e-db4724271456/pathway/97c1fc4a-2d8d-4ffc-842c-756608b144d3	Amitrole
https://envipath.org/package/5882df9c-dae1-4d80-a40e-db4724271456/compound/6687d1dc-8690-4b1b-b457-1eb303fe5a34/structure/b0d8caba-bdc9-4d38-9b16-575f8b452e92	Sulfanilamide	C1=C(C=CC(=C1)S(=O)(=O)N)N	major	1	COC(=O)NS(=O)(=O)C1=CC=C(C=C1)N	https://envipath.org/package/5882df9c-dae1-4d80-a40e-db4724271456/pathway/3abbcef9-bc59-491d-81b6-9f108118fae9	Asulam
https://envipath.org/package/5882df9c-dae1-4d80-a40e-db4724271456/compound/a73bf127-9a08-4de6-bfbe-7ef1d0ef22c0/structure/bf395af0-6527-42b1-9a2d-962aebff45dc	Sulfanilic acid	C1=C(C=CC(=C1)S(=O)(=O)[O-])N		1	COC(=O)NS(=O)(=O)C1=CC=C(C=C1)N	https://envipath.org/package/5882df9c-dae1-4d80-a40e-db4724271456/pathway/3abbcef9-bc59-491d-81b6-9f108118fae9	Asulam
https://envipath.org/package/5882df9c-dae1-4d80-a40e-db4724271456/compound/75dccea0-44df-4858-9880-b2e2895be7ee/structure/5d0d88d8-b2c9-477b-ac79-9f9492fcd56a	Benzenesulfonic acid	C1=CC=C(C=C1)S(=O)(=O)O		2	COC(=O)NS(=O)(=O)C1=CC=CC=C1	https://envipath.org/package/5882df9c-dae1-4d80-a40e-db4724271456/pathway/3abbcef9-bc59-491d-81b6-9f108118fae9	Asulam
https://envipath.org/package/5882df9c-dae1-4d80-a40e-db4724271456/compound/a02e85ca-1db5-4055-b523-9f28d2bad877/structure/d9d82c94-6cea-40f9-977b-ea4ef3b14664	Asulam	COC(=O)NS(=O)(=O)C1=CC=C(C=C1)N		0		https://envipath.org/package/5882df9c-dae1-4d80-a40e-db4724271456/pathway/3abbcef9-bc59-491d-81b6-9f108118fae9	Asulam
https://envipath.org/package/5882df9c-dae1-4d80-a40e-db4724271456/compound/44caa8fc-148b-47bc-81b8-541017eb3624/structure/f9dfe409-0246-42d6-8972-f2429182f018	Acetyl asulam	CC(=O)NC1=CC=C(C=C1)S(=O)(=O)NC(=O)OC		1	COC(=O)NS(=O)(=O)C1=CC=C(C=C1)N	https://envipath.org/package/5882df9c-dae1-4d80-a40e-db4724271456/pathway/3abbcef9-bc59-491d-81b6-9f108118fae9	Asulam
https://envipath.org/package/5882df9c-dae1-4d80-a40e-db4724271456/compound/ef814d4e-dd98-4bea-bb38-1b4713a3e578/structure/b1a1e1d1-dc6d-4e14-b651-4eb55767b42f	Acetylsulfanilamide	CC(=O)NC1=CC=C(C=C1)S(=O)(=O)N		1	COC(=O)NS(=O)(=O)C1=CC=C(C=C1)N	https://envipath.org/package/5882df9c-dae1-4d80-a40e-db4724271456/pathway/3abbcef9-bc59-491d-81b6-9f108118fae9	Asulam
https://envipath.org/package/5882df9c-dae1-4d80-a40e-db4724271456/compound/d8ff2b54-7927-4b80-a685-0aa3109d168b/structure/16facea9-05a5-4de0-a9c3-64d5d0f29ebc	Benzenesulfonamide	C1=CC=C(C=C1)S(=O)(=O)N		2	COC(=O)NS(=O)(=O)C1=CC=CC=C1	https://envipath.org/package/5882df9c-dae1-4d80-a40e-db4724271456/pathway/3abbcef9-bc59-491d-81b6-9f108118fae9	Asulam
https://envipath.org/package/5882df9c-dae1-4d80-a40e-db4724271456/compound/e51108b3-403b-4263-81e2-d138f6f9cdbf/structure/84b1ccd1-b6dd-444e-9952-5d2e813dcd69	Methylphenylsulfonylcarbamate	COC(=O)NS(=O)(=O)C1=CC=CC=C1		1	COC(=O)NS(=O)(=O)C1=CC=C(C=C1)N	https://envipath.org/package/5882df9c-dae1-4d80-a40e-db4724271456/pathway/3abbcef9-bc59-491d-81b6-9f108118fae9	Asulam
https://envipath.org/package/5882df9c-dae1-4d80-a40e-db4724271456/compound/244f5f82-1138-4e24-af48-fb6b406096bc/structure/86a362ac-d22c-4efc-9000-cea0f9309813	Aldehyde form of 8a-hydroxy avermectin B1a	CC[C](C)[C]1[C](C)C=C[C@]2(C[C]3C[C](C/C=C(/C)\[C]([C](C)/C=C\C=C(\C=O)/[C@]4([C](CC(C)C(C4O)O)C(=O)O3)O)OC5C[C]([C]([C](C)O5)OC6C[C]([C]([C](C)O6)O)OC)OC)O2)O1		2	CC[C@H](C)[C@@H]1[C@@H](C)C=C[C@]2(C[C@@H]3C[C@@H](C/C=C(\C)/[C@H]([C@@H](C)/C=C/C=C/4\C(O)OC5C(C(C)C[C@@H](C(=O)O3)[C@]45O)O)OC6C[C@@H]([C@H]([C@H](C)O6)OC7C[C@@H]([C@H]([C@H](C)O7)O)OC)OC)O2)O1	https://envipath.org/package/5882df9c-dae1-4d80-a40e-db4724271456/pathway/2f2a884d-3084-4b2d-8836-f7648f714f93	Avermectin B1a
https://envipath.org/package/5882df9c-dae1-4d80-a40e-db4724271456/compound/99500214-901c-4e3c-9d31-b6c719a74159/structure/693b240a-800c-4f56-99e7-beefb258937b	NOA 448111 (8a-oxo avermectin B1a)	CC[C@H](C)[C@@H]1[C@@H](C)C=C[C@]2(C[C@@H]3C[C@@H](C/C=C(\C)/[C@H]([C@@H](C)/C=C/C=C/4\C(=O)OC5C(C(C)C[C@@H](C(=O)O3)[C@]45O)O)OC6C[C@@H]([C@H]([C@H](C)O6)OC7C[C@@H]([C@H]([C@H](C)O7)O)OC)OC)O2)O1		1	CC[C@H](C)[C@@H]1[C@@H](C)C=C[C@]2(C[C@@H]3C[C@@H](C/C=C(\C)/[C@H]([C@@H](C)/C=C/C=C/4\CO[C@@H]5[C@@H](C(=C[C@@H](C(=O)O3)[C@]45O)C)O)O[C@H]6C[C@@H]([C@H]([C@H](C)O6)O[C@H]7C[C@@H]([C@H]([C@H](C)O7)O)OC)OC)O2)O1	https://envipath.org/package/5882df9c-dae1-4d80-a40e-db4724271456/pathway/2f2a884d-3084-4b2d-8836-f7648f714f93	Avermectin B1a
https://envipath.org/package/5882df9c-dae1-4d80-a40e-db4724271456/compound/6f9fba22-317b-4e7a-ba73-3f3fe1d33541/structure/edb1c73b-5696-4184-9816-93017f223147	NOA 457465 (8a-oxo-hydroxy avermectin B1a)	CC[C@H](C)[C@@H]1[C@@H](C)C=C[C@]2(C[C@@H]3C[C@@H](C/C=C(\C)/[C@H]([C@@H](C)/C=C/C=C/4\C(=O)OC5[C@@H](C(C)(C=C(C(=O)O3)[C@]45O)O)O)OC6C[C@@H]([C@H]([C@H](C)O6)OC7C[C@@H]([C@H]([C@H](C)O7)O)OC)OC)O2)O1		2	CC[C@H](C)[C@@H]1[C@@H](C)C=C[C@]2(C[C@@H]3C[C@@H](C/C=C(\C)/[C@H]([C@@H](C)/C=C/C=C/4\C(=O)OC5C(C(C)C[C@@H](C(=O)O3)[C@]45O)O)OC6C[C@@H]([C@H]([C@H](C)O6)OC7C[C@@H]([C@H]([C@H](C)O7)O)OC)OC)O2)O1	https://envipath.org/package/5882df9c-dae1-4d80-a40e-db4724271456/pathway/2f2a884d-3084-4b2d-8836-f7648f714f93	Avermectin B1a
https://envipath.org/package/5882df9c-dae1-4d80-a40e-db4724271456/compound/fe48e49e-dc3c-425d-afed-151540aeb8b6/structure/4bf2da13-0b87-49c6-aec6-4be212179ab9	NOA 448112 (8a-hydroxy avermectin B1a)	CC[C@H](C)[C@@H]1[C@@H](C)C=C[C@]2(C[C@@H]3C[C@@H](C/C=C(\C)/[C@H]([C@@H](C)/C=C/C=C/4\C(O)OC5C(C(C)C[C@@H](C(=O)O3)[C@]45O)O)OC6C[C@@H]([C@H]([C@H](C)O6)OC7C[C@@H]([C@H]([C@H](C)O7)O)OC)OC)O2)O1		1	CC[C@H](C)[C@@H]1[C@@H](C)C=C[C@]2(C[C@@H]3C[C@@H](C/C=C(\C)/[C@H]([C@@H](C)/C=C/C=C/4\CO[C@@H]5[C@@H](C(=C[C@@H](C(=O)O3)[C@]45O)C)O)O[C@H]6C[C@@H]([C@H]([C@H](C)O6)O[C@H]7C[C@@H]([C@H]([C@H](C)O7)O)OC)OC)O2)O1	https://envipath.org/package/5882df9c-dae1-4d80-a40e-db4724271456/pathway/2f2a884d-3084-4b2d-8836-f7648f714f93	Avermectin B1a
https://envipath.org/package/5882df9c-dae1-4d80-a40e-db4724271456/compound/432c8cbc-c8f5-4e47-a4c2-8f93e9201247/structure/7ef6c00e-cbc3-4c60-a9ac-14fe17f717d0	Avermectin B1a	CC[C@H](C)[C@@H]1[C@@H](C)C=C[C@]2(C[C@@H]3C[C@@H](C/C=C(\C)/[C@H]([C@@H](C)/C=C/C=C/4\CO[C@@H]5[C@@H](C(=C[C@@H](C(=O)O3)[C@]45O)C)O)O[C@H]6C[C@@H]([C@H]([C@H](C)O6)O[C@H]7C[C@@H]([C@H]([C@H](C)O7)O)OC)OC)O2)O1		0		https://envipath.org/package/5882df9c-dae1-4d80-a40e-db4724271456/pathway/2f2a884d-3084-4b2d-8836-f7648f714f93	Avermectin B1a
https://envipath.org/package/5882df9c-dae1-4d80-a40e-db4724271456/compound/0c22563f-a40f-4f52-9c69-a0deb4f7322e/structure/94833f58-8cf5-45c8-b5f9-c39d92a0819a	NOA 457464 (4,8a-hydroxy avermectin B1a)	CC[C@H](C)[C@@H]1[C@@H](C)C=C[C@]2(C[C@@H]3C[C@@H](C/C=C(\C)/[C@H]([C@@H](C)/C=C/C=C/4\C(O)OC5C(C(C)(C=C(C(=O)O3)[C@]45O)O)O)OC6C[C@@H]([C@H]([C@H](C)O6)OC7C[C@@H]([C@H]([C@H](C)O7)O)OC)OC)O2)O1		2	CC[C@H](C)[C@@H]1[C@@H](C)C=C[C@]2(C[C@@H]3C[C@@H](C/C=C(\C)/[C@H]([C@@H](C)/C=C/C=C/4\C(O)OC5C(C(C)C[C@@H](C(=O)O3)[C@]45O)O)OC6C[C@@H]([C@H]([C@H](C)O6)OC7C[C@@H]([C@H]([C@H](C)O7)O)OC)OC)O2)O1	https://envipath.org/package/5882df9c-dae1-4d80-a40e-db4724271456/pathway/2f2a884d-3084-4b2d-8836-f7648f714f93	Avermectin B1a
https://envipath.org/package/5882df9c-dae1-4d80-a40e-db4724271456/compound/e7a3b162-7aa2-429e-838a-0273c96035f1/structure/fb84fa8b-e2fe-48a8-900e-7043b93f431c	Azadirachtinin	C/C=C(\C)/C(=O)O[C@H]1C[C@H]([C@]2(CO[C@@H]3[C@@H]2[C@@]41CO[C@@]([C@H]4[C@]5(C)[C@@H]3O[C@]6(C)C7CC([C@]56O)OC8C7(C=CO8)O)(C(=O)OC)O)C(=O)OC)OC(=O)C		1	C/C=C(\C)/C(=O)O[C@H]1C[C@H]([C@]2(CO[C@@H]3[C@@H]2[C@@]41CO[C@@]([C@H]4[C@@](C)([C@@H]3O)[C@@]56[C@@H]7C[C@H]([C@]5(C)O6)[C@]8(C=CO[C@H]8O7)O)(C(=O)OC)O)C(=O)OC)OC(=O)C	https://envipath.org/package/5882df9c-dae1-4d80-a40e-db4724271456/pathway/52dfd5b6-dc6b-41bb-9c4d-03850333af8f	Azadirachtin 
https://envipath.org/package/5882df9c-dae1-4d80-a40e-db4724271456/compound/d1b95a1b-0b21-4bf7-95c4-826ea47bc714/structure/30bf9a10-6947-4791-be69-4656ef731619	3-Deacetyl-azadirachtinA 	C/C=C(\C)/C(=O)O[C@H]1C[C@H]([C@]2(CO[C@@H]3[C@@H]2[C@@]41CO[C@@]([C@H]4C(C)(C(C)C)[C@@H]3O)(C(=O)OC)O)C(=O)OC)O		1	C/C=C(\C)/C(=O)O[C@H]1C[C@H]([C@]2(CO[C@@H]3[C@@H]2[C@@]41CO[C@@]([C@H]4[C@@](C)([C@@H]3O)[C@@]56[C@@H]7C[C@H]([C@]5(C)O6)[C@]8(C=CO[C@H]8O7)O)(C(=O)OC)O)C(=O)OC)OC(=O)C	https://envipath.org/package/5882df9c-dae1-4d80-a40e-db4724271456/pathway/52dfd5b6-dc6b-41bb-9c4d-03850333af8f	Azadirachtin 
https://envipath.org/package/5882df9c-dae1-4d80-a40e-db4724271456/compound/48a7f542-65ba-4808-910f-a444a8d0dc76/structure/fb697dfa-50d5-47fb-a48f-350ebf330a31	Azadirachtin B	C/C=C(\C)/C(=O)O[C@@H]1C[C@@H]([C@@]23CO[C@@H]([C@H]3[C@@](C)([C@@H]([C@H]4[C@H]2[C@@]1(CO4)C(=O)OC)O)[C@@]56[C@@H]7C[C@H]([C@]5(C)O6)[C@]8(C=CO[C@H]8O7)O)C(=O)OC)O		-99		https://envipath.org/package/5882df9c-dae1-4d80-a40e-db4724271456/pathway/52dfd5b6-dc6b-41bb-9c4d-03850333af8f	Azadirachtin 
https://envipath.org/package/5882df9c-dae1-4d80-a40e-db4724271456/compound/2bef546d-050c-4987-9041-8287138b631b/structure/9e69e671-c6f7-44d8-8e20-6623920d6532	Azadirachtin A	C/C=C(\C)/C(=O)O[C@H]1C[C@H]([C@]2(CO[C@@H]3[C@@H]2[C@@]41CO[C@@]([C@H]4[C@@](C)([C@@H]3O)[C@@]56[C@@H]7C[C@H]([C@]5(C)O6)[C@]8(C=CO[C@H]8O7)O)(C(=O)OC)O)C(=O)OC)OC(=O)C		0		https://envipath.org/package/5882df9c-dae1-4d80-a40e-db4724271456/pathway/52dfd5b6-dc6b-41bb-9c4d-03850333af8f	Azadirachtin 
https://envipath.org/package/5882df9c-dae1-4d80-a40e-db4724271456/compound/33aaad51-dc7c-489a-8f7b-01a7791f6bdc/structure/cb175b81-8703-4260-9a7e-55a07f9b605d	3-Deacetyl-azadirachtinin	C/C=C(\C)/C(=O)O[C@H]1C[C@H]([C@]2(CO[C@@H]3[C@@H]2[C@@]41CO[C@@]([C@H]4[C@]5(C)[C@@H]3O[C@]6(C)C7CC([C@]56O)OC8C7(C=CO8)O)(C(=O)OC)O)C(=O)OC)O.C		2	C/C=C(\C)/C(=O)O[C@H]1C[C@H]([C@]2(CO[C@@H]3[C@@H]2[C@@]41CO[C@@]([C@H]4[C@]5(C)[C@@H]3O[C@]6(C)C7CC([C@]56O)OC8C7(C=CO8)O)(C(=O)OC)O)C(=O)OC)OC(=O)C	https://envipath.org/package/5882df9c-dae1-4d80-a40e-db4724271456/pathway/52dfd5b6-dc6b-41bb-9c4d-03850333af8f	Azadirachtin 
https://envipath.org/package/5882df9c-dae1-4d80-a40e-db4724271456/compound/ea1d8a6c-cac2-4974-a8ff-95691a48e422/structure/e118a2b8-378f-4a15-9ae4-6f02ae34c615	JJ999	CN1C(=C(C=N1)C2=NN(C)N=N2)S(=O)(=O)NC(=O)NC3=NC(=CC(=N3)O)OC		1	CN1C(=C(C=N1)C2=NN(C)N=N2)S(=O)(=O)NC(=O)NC3=NC(=CC(=N3)OC)OC	https://envipath.org/package/5882df9c-dae1-4d80-a40e-db4724271456/pathway/b1dca740-c273-4e80-b4c7-dcb49d563660	Azimsulfuron
https://envipath.org/package/5882df9c-dae1-4d80-a40e-db4724271456/compound/a18a8225-9a7c-47e9-994d-41ebc8f90973/structure/f56ed789-e870-42db-8f1e-ce66b00f0a13	Azimsulfuron	CN1C(=C(C=N1)C2=NN(C)N=N2)S(=O)(=O)NC(=O)NC3=NC(=CC(=N3)OC)OC		0		https://envipath.org/package/5882df9c-dae1-4d80-a40e-db4724271456/pathway/b1dca740-c273-4e80-b4c7-dcb49d563660	Azimsulfuron
https://envipath.org/package/5882df9c-dae1-4d80-a40e-db4724271456/compound/6358408d-2559-4ec1-ab03-3e83eeb5e54e/structure/46fd611f-3642-4579-b877-fb0497ef8b86	S13 (2-amino-4,6-dimethoxypyrimidine)	COC1=NC(=NC(=C1)OC)N		1	CN1C(=C(C=N1)C2=NN(C)N=N2)S(=O)(=O)NC(=O)NC3=NC(=CC(=N3)OC)OC	https://envipath.org/package/5882df9c-dae1-4d80-a40e-db4724271456/pathway/b1dca740-c273-4e80-b4c7-dcb49d563660	Azimsulfuron
https://envipath.org/package/5882df9c-dae1-4d80-a40e-db4724271456/compound/d00595b1-3548-464f-be7f-348ae209e269/structure/c60a860d-949b-4a48-9a78-f5b7ae1f0909	KQ962	CN1C(=C(C=N1)C2=NN(C)N=N2)S(=O)(=O)NC(=O)NC(=N)N		1	CN1C(=C(C=N1)C2=NN(C)N=N2)S(=O)(=O)NC(=O)NC3=NC(=CC(=N3)OC)OC	https://envipath.org/package/5882df9c-dae1-4d80-a40e-db4724271456/pathway/b1dca740-c273-4e80-b4c7-dcb49d563660	Azimsulfuron
https://envipath.org/package/5882df9c-dae1-4d80-a40e-db4724271456/compound/0007b9f8-f8da-4925-bea1-619c93fa08d9/structure/3acd0430-906d-4979-9ee1-49686e227b7a	A8342	CN1C(=C(C=N1)C2=NN(C)N=N2)S(=O)(=O)N		2	CN1C(=C(C=N1)C2=NN(C)N=N2)S(=O)(=O)NC(=O)NC3=NC(=CC(=N3)O)OC	https://envipath.org/package/5882df9c-dae1-4d80-a40e-db4724271456/pathway/b1dca740-c273-4e80-b4c7-dcb49d563660	Azimsulfuron
https://envipath.org/package/5882df9c-dae1-4d80-a40e-db4724271456/compound/73506251-1e1f-44dc-8e11-02fe7ca664e6/structure/8808b7c9-11f9-495b-b8f7-7a95335c8426	Compound 36 (R403314)	CO/C=C(\C1=C(C=CC=C1)OC2=NC=NC(=C2)OC3=C(C=CC=C3)C(=O)N)/C(=O)O		2	CO/C=C(\C1=C(C=CC=C1)OC2=CC(=NC=N2)OC3=C(C=CC=C3)C#N)/C(=O)O	https://envipath.org/package/5882df9c-dae1-4d80-a40e-db4724271456/pathway/088567ce-3bc5-45b2-9b0d-cd9e59bb5dde	Azoxystrobin
https://envipath.org/package/5882df9c-dae1-4d80-a40e-db4724271456/compound/640e18f9-1845-4f8c-a794-56241025d809/structure/50837720-1243-4155-b512-aa519e3b33f5	Compound 10	COC=C(C1=C(C=CC=C1)OC2=CC(=NC=N2)O)C(=O)OO		2	CO/C=C(\C1=C(C=CC=C1)OC2=CC(=NC=N2)OC3=C(C=CC=C3)C#N)/C(=O)O	https://envipath.org/package/5882df9c-dae1-4d80-a40e-db4724271456/pathway/088567ce-3bc5-45b2-9b0d-cd9e59bb5dde	Azoxystrobin
https://envipath.org/package/5882df9c-dae1-4d80-a40e-db4724271456/compound/4aa21314-0395-42bd-9d23-b2efe541ed9b/structure/47a60a8a-2dab-4296-af1d-3186f95a45bd	Compound 20 (R402173)	C1=CC(=C(C=C1)OC2=NC=NC(=C2)OC3=C(C=CC=C3)C#N)CC(=O)O		2	CO/C=C(\C1=C(C=CC=C1)OC2=CC(=NC=N2)OC3=C(C=CC=C3)C#N)/C(=O)O	https://envipath.org/package/5882df9c-dae1-4d80-a40e-db4724271456/pathway/088567ce-3bc5-45b2-9b0d-cd9e59bb5dde	Azoxystrobin
https://envipath.org/package/5882df9c-dae1-4d80-a40e-db4724271456/compound/eaa7df1b-849e-42c1-ac5f-c538508a06ce/structure/cc914c7f-89bc-49fd-bde4-ee02b775e89c	Azoxystrobin	CO/C=C(\C1=C(C=CC=C1)OC2=CC(=NC=N2)OC3=C(C=CC=C3)C#N)/C(=O)OC		0		https://envipath.org/package/5882df9c-dae1-4d80-a40e-db4724271456/pathway/088567ce-3bc5-45b2-9b0d-cd9e59bb5dde	Azoxystrobin
https://envipath.org/package/5882df9c-dae1-4d80-a40e-db4724271456/compound/fa880a68-eb76-4351-8696-394d9fc9546a/structure/7ba67c7a-c45f-4f33-9212-a1a43982d37e	Compound 2 (R234886)	CO/C=C(\C1=C(C=CC=C1)OC2=CC(=NC=N2)OC3=C(C=CC=C3)C#N)/C(=O)O		1	CO/C=C(\C1=C(C=CC=C1)OC2=CC(=NC=N2)OC3=C(C=CC=C3)C#N)/C(=O)OC	https://envipath.org/package/5882df9c-dae1-4d80-a40e-db4724271456/pathway/088567ce-3bc5-45b2-9b0d-cd9e59bb5dde	Azoxystrobin
https://envipath.org/package/5882df9c-dae1-4d80-a40e-db4724271456/compound/86fe69fe-8304-41a9-b1eb-561aeb760f72/structure/231eddd2-7a74-4188-8925-36df86b6b62f	Compound 28 (R401553)	C1=CC(=C(C=C1)OC2=CC(=NC=N2)O)C#N		1	CO/C=C(\C1=C(C=CC=C1)OC2=CC(=NC=N2)OC3=C(C=CC=C3)C#N)/C(=O)OC	https://envipath.org/package/5882df9c-dae1-4d80-a40e-db4724271456/pathway/088567ce-3bc5-45b2-9b0d-cd9e59bb5dde	Azoxystrobin
https://envipath.org/package/5882df9c-dae1-4d80-a40e-db4724271456/compound/005643bd-80f1-4bbc-b8ce-115af94a6bf2/structure/f2e78e8c-e0cb-4e2a-969e-cec08cf279de	Compound 3 (R219277)	CO/C=C(\C1=C(C=CC=C1)OC2=CC(=NC=N2)O)/C(=O)OC		1	CO/C=C(\C1=C(C=CC=C1)OC2=CC(=NC=N2)OC3=C(C=CC=C3)C#N)/C(=O)OC	https://envipath.org/package/5882df9c-dae1-4d80-a40e-db4724271456/pathway/088567ce-3bc5-45b2-9b0d-cd9e59bb5dde	Azoxystrobin
https://envipath.org/package/5882df9c-dae1-4d80-a40e-db4724271456/compound/51ccac9c-97f7-4cbe-9e6c-b9a85af013ea/structure/1d9c2973-57e5-46c5-99c9-c06833a27f1b	M650F01	CCC1=NC2=NC=NN2C(=C1CCCC(=O)O)N		1	CCCCCCCCC1=C(N)N2C(=NC=N2)N=C1CC	https://envipath.org/package/5882df9c-dae1-4d80-a40e-db4724271456/pathway/dfbcdeef-8406-4588-a479-e3e5f5e8b8d7	BAS 650 F
https://envipath.org/package/5882df9c-dae1-4d80-a40e-db4724271456/compound/bcf89fcf-eee2-4ba0-bcd3-123c7a466f9e/structure/3544256b-394d-4307-a4fa-2d7284bb59ea	M650F02	CCC1=NC2=NC=NN2C(=C1CCC(=O)O)N		1	CCC1=NC2=NC=NN2C(=C1CCCC(=O)O)N	https://envipath.org/package/5882df9c-dae1-4d80-a40e-db4724271456/pathway/dfbcdeef-8406-4588-a479-e3e5f5e8b8d7	BAS 650 F
https://envipath.org/package/5882df9c-dae1-4d80-a40e-db4724271456/compound/e8cebd78-46ce-4972-81d9-cc9dccfef12a/structure/11c695f5-f567-48ae-a79f-37ad7f58ada2	M650F03	CCC1=NC2=NC=NN2C(=C1CC(=O)O)N		2	CCC1=NC2=NC=NN2C(=C1CCC(=O)O)N	https://envipath.org/package/5882df9c-dae1-4d80-a40e-db4724271456/pathway/dfbcdeef-8406-4588-a479-e3e5f5e8b8d7	BAS 650 F
https://envipath.org/package/5882df9c-dae1-4d80-a40e-db4724271456/compound/7d5c8b7f-49e0-44e6-90b5-806e0fcf9967/structure/1e8d4ae7-425e-4969-b438-3cc191ecd094	M650F04	CCC1=NC2=NC=NN2C(=C1C(=O)O)N		2	CCC1=NC2=NC=NN2C(=C1CCC(=O)O)N	https://envipath.org/package/5882df9c-dae1-4d80-a40e-db4724271456/pathway/dfbcdeef-8406-4588-a479-e3e5f5e8b8d7	BAS 650 F
https://envipath.org/package/5882df9c-dae1-4d80-a40e-db4724271456/compound/4bfe8b3d-7d89-4db2-9954-729fb4e5256e/structure/a674cdf6-3c95-4a82-9127-69916ba39eae	BAS 650 F	CCCCCCCCC1=C(N)N2C(=NC=N2)N=C1CC		0		https://envipath.org/package/5882df9c-dae1-4d80-a40e-db4724271456/pathway/dfbcdeef-8406-4588-a479-e3e5f5e8b8d7	BAS 650 F
https://envipath.org/package/5882df9c-dae1-4d80-a40e-db4724271456/compound/5bdeceab-a924-48b5-9023-558309cabaa2/structure/8b305eb1-c7b9-49e0-851f-4ccd0ed9161c	CSCD465008	C1=C(C(=NN1)C(F)F)C(=O)O		2	CN1C=C(C(=N1)C(F)F)C(=O)O	https://envipath.org/package/5882df9c-dae1-4d80-a40e-db4724271456/pathway/dd5682a1-ddfa-43bf-bf12-e3541e9da385	BAS 700 F (Fluxapyroxad)
https://envipath.org/package/5882df9c-dae1-4d80-a40e-db4724271456/compound/7c843230-ae22-4f4f-869f-345b2224b5d4/structure/421cb03b-9828-45ea-9f48-52db35824f58	CSAA798670	CN1C=C(C(=N1)C(F)F)C(=O)O		1	CN1C=C(C(=N1)C(F)F)C(=O)NC2=C(C=CC=C2)C3=CC(=C(C(=C3)F)F)F	https://envipath.org/package/5882df9c-dae1-4d80-a40e-db4724271456/pathway/dd5682a1-ddfa-43bf-bf12-e3541e9da385	BAS 700 F (Fluxapyroxad)
https://envipath.org/package/5882df9c-dae1-4d80-a40e-db4724271456/compound/e079882b-3a45-4b74-a252-edbce539f7d4/structure/3a6d6fe4-b153-4c8e-82cf-aa341d816cbd	M700F003	C1=CC(=C(C=C1)N)C2=CC(=C(C(=C2)F)F)F		1	CN1C=C(C(=N1)C(F)F)C(=O)NC2=C(C=CC=C2)C3=CC(=C(C(=C3)F)F)F	https://envipath.org/package/5882df9c-dae1-4d80-a40e-db4724271456/pathway/dd5682a1-ddfa-43bf-bf12-e3541e9da385	BAS 700 F (Fluxapyroxad)
https://envipath.org/package/5882df9c-dae1-4d80-a40e-db4724271456/compound/227fe7d2-6c9f-42a5-857e-aaaf1a37c187/structure/df8eb0ac-5912-419a-8606-092ddd513278	BAS 700 F (Fluxapyroxad)	CN1C=C(C(=N1)C(F)F)C(=O)NC2=C(C=CC=C2)C3=CC(=C(C(=C3)F)F)F		0		https://envipath.org/package/5882df9c-dae1-4d80-a40e-db4724271456/pathway/dd5682a1-ddfa-43bf-bf12-e3541e9da385	BAS 700 F (Fluxapyroxad)
https://envipath.org/package/5882df9c-dae1-4d80-a40e-db4724271456/compound/4de4fcb4-8feb-4185-932d-dedec051efcd/structure/50531119-50fd-4eae-bce9-664c2e0daee5	N-malonyl-N-(2,6-xylyl)-D-alanine M3	CC1=CC=CC(=C1N(C(C)C(=O)O)C(=O)CC(=O)O)C		2	CC1=CC=CC(=C1N(C(C)C(=O)O)C(=O)CC2=CC=CC=C2)C	https://envipath.org/package/5882df9c-dae1-4d80-a40e-db4724271456/pathway/2a7599ad-648e-4376-9c52-5c14053d6992	Benalaxyl-M
https://envipath.org/package/5882df9c-dae1-4d80-a40e-db4724271456/compound/d735041e-7fb1-4128-a5b1-8ed989747d48/structure/939b3fdf-a126-4860-a89a-eb034140e7a8	N-phenylacetyl-N-(2,6-xylyl)-D-alanine M9	CC1=CC=CC(=C1N(C(C)C(=O)O)C(=O)CC2=CC=CC=C2)C		1	CC1=CC=CC(=C1N(C(C)C(=O)OC)C(=O)CC2=CC=CC=C2)C	https://envipath.org/package/5882df9c-dae1-4d80-a40e-db4724271456/pathway/2a7599ad-648e-4376-9c52-5c14053d6992	Benalaxyl-M
https://envipath.org/package/5882df9c-dae1-4d80-a40e-db4724271456/compound/a9c89b6a-d454-44d8-b4b5-d840db91caed/structure/352f7694-2c56-4a40-b161-7fbdd0e76758	Benalaxyl-M	CC1=CC=CC(=C1N(C(C)C(=O)OC)C(=O)CC2=CC=CC=C2)C		0		https://envipath.org/package/5882df9c-dae1-4d80-a40e-db4724271456/pathway/2a7599ad-648e-4376-9c52-5c14053d6992	Benalaxyl-M
https://envipath.org/package/5882df9c-dae1-4d80-a40e-db4724271456/compound/ed19a5c5-6693-4492-9d16-9f76f9e7c0b1/structure/1c398dc4-ed66-486a-81d2-17f1afffa803	Methyl-N-malonyl-N-(2,6-xylyl)-D-alaninate M7	CC1=CC=CC(=C1N(C(C)C(=O)OC)C(=O)CC(=O)O)C		1	CC1=CC=CC(=C1N(C(C)C(=O)OC)C(=O)CC2=CC=CC=C2)C	https://envipath.org/package/5882df9c-dae1-4d80-a40e-db4724271456/pathway/2a7599ad-648e-4376-9c52-5c14053d6992	Benalaxyl-M
https://envipath.org/package/5882df9c-dae1-4d80-a40e-db4724271456/compound/04c0d4fa-c4e5-4349-82e0-4caf84a176b7/structure/899651db-b41c-4c78-9a62-5b8fe7f9e31f	B34	CCCCNC1=C(C=C(C=C1[N+](=O)[O-])C(F)(F)F)[N+](=O)[O-]		1	CCCCN(CC)C1=C(C=C(C=C1[N+](=O)[O-])C(F)(F)F)[N+](=O)[O-]	https://envipath.org/package/5882df9c-dae1-4d80-a40e-db4724271456/pathway/ff5c9b2e-408f-4099-bd95-1d991a2fe361	Benfluralin
https://envipath.org/package/5882df9c-dae1-4d80-a40e-db4724271456/compound/97f7d95e-dc9a-48b5-9045-953a91173679/structure/8f689779-f6d3-4f77-8eb2-b287bbe4092b	ET-2E	CCNC1=C(C=C(C=C1[N+](=O)[O-])C(F)(F)F)[N+](=O)[O-]		1	CCCCN(CC)C1=C(C=C(C=C1[N+](=O)[O-])C(F)(F)F)[N+](=O)[O-]	https://envipath.org/package/5882df9c-dae1-4d80-a40e-db4724271456/pathway/ff5c9b2e-408f-4099-bd95-1d991a2fe361	Benfluralin
https://envipath.org/package/5882df9c-dae1-4d80-a40e-db4724271456/compound/1587b134-a5ef-4c3a-804d-b730b02545c1/structure/054d3c3d-84ab-4dee-8b45-195b1a469cc9	ET-20	C1=C(C(=C(C=C1C(F)(F)F)[N+](=O)[O-])O)[N+](=O)[O-]		1	CCCCN(CC)C1=C(C=C(C=C1[N+](=O)[O-])C(F)(F)F)[N+](=O)[O-]	https://envipath.org/package/5882df9c-dae1-4d80-a40e-db4724271456/pathway/ff5c9b2e-408f-4099-bd95-1d991a2fe361	Benfluralin
https://envipath.org/package/5882df9c-dae1-4d80-a40e-db4724271456/compound/d8d9e1bf-e046-402a-8b2c-4e42781e7b00/structure/9c6701e7-f46f-406c-9087-45f54e5f7a30	U6#1	CCCCC1=NC2=C(C(=CC(=C2)C(F)(F)F)[N+](=O)[O-])N1CC		2	CCCCN(CC)C1=C(C=C(C=C1N)C(F)(F)F)[N+](=O)[O-]	https://envipath.org/package/5882df9c-dae1-4d80-a40e-db4724271456/pathway/ff5c9b2e-408f-4099-bd95-1d991a2fe361	Benfluralin
https://envipath.org/package/5882df9c-dae1-4d80-a40e-db4724271456/compound/d3744c55-117a-42ab-858a-2fc7a9d94c8c/structure/39e6259c-e3c0-49f3-9b11-f02a3eb9599c	B3	C1=C(C(=C(C=C1C(F)(F)F)[N+](=O)[O-])N)[N+](=O)[O-]		2	CCCCNC1=C(C=C(C=C1[N+](=O)[O-])C(F)(F)F)[N+](=O)[O-]	https://envipath.org/package/5882df9c-dae1-4d80-a40e-db4724271456/pathway/ff5c9b2e-408f-4099-bd95-1d991a2fe361	Benfluralin
https://envipath.org/package/5882df9c-dae1-4d80-a40e-db4724271456/compound/d7a3a6de-0c4e-4357-9cb7-be1213933852/structure/faaca96d-acc6-423c-a12d-dfe4d883b7d1	B38	CCCCNC1=C(C=C(C=C1N)C(F)(F)F)[N+](=O)[O-]		2	CCCCN(CC)C1=C(C=C(C=C1N)C(F)(F)F)[N+](=O)[O-]	https://envipath.org/package/5882df9c-dae1-4d80-a40e-db4724271456/pathway/ff5c9b2e-408f-4099-bd95-1d991a2fe361	Benfluralin
https://envipath.org/package/5882df9c-dae1-4d80-a40e-db4724271456/compound/79790c34-fd17-4261-81ca-0c32a96a2b97/structure/10028de0-f015-4a2d-9ee4-8504e85be729	Benfluralin	CCCCN(CC)C1=C(C=C(C=C1[N+](=O)[O-])C(F)(F)F)[N+](=O)[O-]		0		https://envipath.org/package/5882df9c-dae1-4d80-a40e-db4724271456/pathway/ff5c9b2e-408f-4099-bd95-1d991a2fe361	Benfluralin
https://envipath.org/package/5882df9c-dae1-4d80-a40e-db4724271456/compound/19dd37d2-c9a5-4134-942a-f204fabae026/structure/af5e1dec-8d99-45cc-add0-21edae0169d4	B36	CCCCN(CC)C1=C(C=C(C=C1N)C(F)(F)F)[N+](=O)[O-]		1	CCCCN(CC)C1=C(C=C(C=C1[N+](=O)[O-])C(F)(F)F)[N+](=O)[O-]	https://envipath.org/package/5882df9c-dae1-4d80-a40e-db4724271456/pathway/ff5c9b2e-408f-4099-bd95-1d991a2fe361	Benfluralin
https://envipath.org/package/5882df9c-dae1-4d80-a40e-db4724271456/compound/38ad016f-20bb-4e8d-ba72-2de8e14b24bc/structure/49153508-5a02-4335-9306-f54129eacece	Carbofuran-phenol, 7-phenol	CC1(C)CC2=CC=CC(=C2O1)O		2	CC1(C)CC2=CC=CC(=C2O1)OC(=O)NC	https://envipath.org/package/5882df9c-dae1-4d80-a40e-db4724271456/pathway/1fa9f4bc-066f-44ae-88dd-ad881b169490	Benfuracarb
https://envipath.org/package/5882df9c-dae1-4d80-a40e-db4724271456/compound/e78f33f1-0f84-42cc-b033-2f04370ad324/structure/80e35405-1fb7-495e-bec0-ea38a1c5670d	3-OH-carbofuran	CC1(C)C(C2=CC=CC(=C2O1)OC(=O)NC)O		2	CC1(C)CC2=CC=CC(=C2O1)OC(=O)NC	https://envipath.org/package/5882df9c-dae1-4d80-a40e-db4724271456/pathway/1fa9f4bc-066f-44ae-88dd-ad881b169490	Benfuracarb
https://envipath.org/package/5882df9c-dae1-4d80-a40e-db4724271456/compound/e8d09bb4-b56c-40e6-b497-d802e530eaee/structure/50339fa2-80df-4a6b-b4cb-75b4764830f8	Carbofuran	CC1(C)CC2=CC=CC(=C2O1)OC(=O)NC		1	CCOC(=O)CCN(C(C)C)SN(C)C(=O)OC1=C2C(=CC=C1)CC(C)(C)O2	https://envipath.org/package/5882df9c-dae1-4d80-a40e-db4724271456/pathway/1fa9f4bc-066f-44ae-88dd-ad881b169490	Benfuracarb
https://envipath.org/package/5882df9c-dae1-4d80-a40e-db4724271456/compound/0148055b-9557-4216-b928-418f4cf84cb7/structure/e881cffc-b185-42e9-a1f1-9df09c4fb0d7	Benfuracarb	CCOC(=O)CCN(C(C)C)SN(C)C(=O)OC1=C2C(=CC=C1)CC(C)(C)O2		0		https://envipath.org/package/5882df9c-dae1-4d80-a40e-db4724271456/pathway/1fa9f4bc-066f-44ae-88dd-ad881b169490	Benfuracarb
https://envipath.org/package/5882df9c-dae1-4d80-a40e-db4724271456/compound/e54556b3-1ebc-4062-a64e-73c1a49b4522/structure/379083d6-ae83-4618-bf99-fde02264ea53	3-keto-carbofuran	CC1(C)C(=O)C2=CC=CC(=C2O1)OC(=O)NC		3	CC1(C)C(C2=CC=CC(=C2O1)OC(=O)NC)O	https://envipath.org/package/5882df9c-dae1-4d80-a40e-db4724271456/pathway/1fa9f4bc-066f-44ae-88dd-ad881b169490	Benfuracarb
https://envipath.org/package/5882df9c-dae1-4d80-a40e-db4724271456/compound/f81c0352-4237-4d14-9fd7-cf5ebb2201ce/structure/9f5f8125-4543-41c6-bd92-27478cc36c46	IN-N5297	COC(=O)C1=C(C=CC=C1)CS(=O)(=O)N		1	COC1=NC(=NC(=C1)OC)NC(=O)NS(=O)(=O)CC2=C(C=CC=C2)C(=O)OC	https://envipath.org/package/5882df9c-dae1-4d80-a40e-db4724271456/pathway/d127e2c9-afb9-402d-8f71-67d1a0bebb18	Bensulfuron methyl
https://envipath.org/package/5882df9c-dae1-4d80-a40e-db4724271456/compound/6358408d-2559-4ec1-ab03-3e83eeb5e54e/structure/46fd611f-3642-4579-b877-fb0497ef8b86	S13 (2-amino-4,6-dimethoxypyrimidine)	COC1=NC(=NC(=C1)OC)N		1	COC1=NC(=NC(=C1)OC)NC(=O)NS(=O)(=O)CC2=C(C=CC=C2)C(=O)OC	https://envipath.org/package/5882df9c-dae1-4d80-a40e-db4724271456/pathway/d127e2c9-afb9-402d-8f71-67d1a0bebb18	Bensulfuron methyl
https://envipath.org/package/5882df9c-dae1-4d80-a40e-db4724271456/compound/72cb1691-f08f-457c-b6af-fa05dc87ba57/structure/757c0674-7bdb-4615-b247-c6041b4677af	IN-F7880	COC1=CC(=NC(=N1)NC(=O)NS(=O)(=O)CC2=C(C=CC=C2)C(=O)OC)O		1	COC1=NC(=NC(=C1)OC)NC(=O)NS(=O)(=O)CC2=C(C=CC=C2)C(=O)OC	https://envipath.org/package/5882df9c-dae1-4d80-a40e-db4724271456/pathway/d127e2c9-afb9-402d-8f71-67d1a0bebb18	Bensulfuron methyl
https://envipath.org/package/5882df9c-dae1-4d80-a40e-db4724271456/compound/3610bc92-2209-40d9-8593-cea5cfbec2ab/structure/cec3cb66-aab0-42d6-a17d-9223547056d7	IN-R9419	COC1=NC(=NC(=C1)OC)NC(=O)NS(=O)(=O)CC2=C(C=CC=C2)C(=O)O		1	COC1=NC(=NC(=C1)OC)NC(=O)NS(=O)(=O)CC2=C(C=CC=C2)C(=O)OC	https://envipath.org/package/5882df9c-dae1-4d80-a40e-db4724271456/pathway/d127e2c9-afb9-402d-8f71-67d1a0bebb18	Bensulfuron methyl
https://envipath.org/package/5882df9c-dae1-4d80-a40e-db4724271456/compound/3cf9ae8c-3539-4881-a4e7-ebceb0fad2b3/structure/274b25c2-753d-46f6-91fc-014dcefc70aa	IN-B6895	C1=CC2=C(C=C1)C(=O)NS(=O)(=O)C2		2	COC(=O)C1=C(C=CC=C1)CS(=O)(=O)N	https://envipath.org/package/5882df9c-dae1-4d80-a40e-db4724271456/pathway/d127e2c9-afb9-402d-8f71-67d1a0bebb18	Bensulfuron methyl
https://envipath.org/package/5882df9c-dae1-4d80-a40e-db4724271456/compound/daf0908e-68f5-407b-8d73-093b30bf6da5/structure/fe16fc97-96ff-4e0e-a74b-a28df69e2f2a	IN-D1R84	C1=CC(=C(C=C1)C(=O)O)CS(=O)(=O)N		2	COC(=O)C1=C(C=CC=C1)CS(=O)(=O)N	https://envipath.org/package/5882df9c-dae1-4d80-a40e-db4724271456/pathway/d127e2c9-afb9-402d-8f71-67d1a0bebb18	Bensulfuron methyl
https://envipath.org/package/5882df9c-dae1-4d80-a40e-db4724271456/compound/d35e91e7-74f4-4987-98cb-dc850e8108c6/structure/0c4c9493-7954-4989-8e04-b78605201eee	Bensulfuron methyl	COC1=NC(=NC(=C1)OC)NC(=O)NS(=O)(=O)CC2=C(C=CC=C2)C(=O)OC		0		https://envipath.org/package/5882df9c-dae1-4d80-a40e-db4724271456/pathway/d127e2c9-afb9-402d-8f71-67d1a0bebb18	Bensulfuron methyl
https://envipath.org/package/5882df9c-dae1-4d80-a40e-db4724271456/compound/b6eea06d-e655-4491-9a6e-dcfe0803b575/structure/f10527b4-703f-4247-8026-fb6199026a64	6-OH-bentazone	CC(C)N1C(=O)C2=CC(=CC=C2NS1(=O)=O)O	minor	1	CC(C)N1C(=O)C2=C(C=CC=C2)NS1(=O)=O	https://envipath.org/package/5882df9c-dae1-4d80-a40e-db4724271456/pathway/d450cebf-9eec-4a1d-833c-fd883b7c74ec	Bentazone
https://envipath.org/package/5882df9c-dae1-4d80-a40e-db4724271456/compound/e52a8b49-4a30-4b8b-836a-0a45177be852/structure/7cbb7bbc-60fb-4c3c-b57a-e73881dc18cb	8-OH-bentazone	CC(C)N1C(=O)C2=CC=CC(=C2NS1(=O)=O)O	minor	1	CC(C)N1C(=O)C2=C(C=CC=C2)NS1(=O)=O	https://envipath.org/package/5882df9c-dae1-4d80-a40e-db4724271456/pathway/d450cebf-9eec-4a1d-833c-fd883b7c74ec	Bentazone
https://envipath.org/package/5882df9c-dae1-4d80-a40e-db4724271456/compound/154de0a0-b48c-421b-bcec-74da01afca1d/structure/82a3528c-08c9-4fad-99d9-7e8faf4cbe79	6-bromo-bentazone	CC(C)N1C(=O)C2=CC(=CC=C2NS1(=O)=O)Br		1	CC(C)N1C(=O)C2=C(C=CC=C2)NS1(=O)=O	https://envipath.org/package/5882df9c-dae1-4d80-a40e-db4724271456/pathway/d450cebf-9eec-4a1d-833c-fd883b7c74ec	Bentazone
https://envipath.org/package/5882df9c-dae1-4d80-a40e-db4724271456/compound/515e7675-2fad-4e7e-a6fe-1df0c9987424/structure/ef2d98cb-bb9a-4f91-9acf-c451b1d82e03	8-bromo-bentazone	CC(C)N1C(=O)C2=CC=CC(=C2NS1(=O)=O)Br		1	CC(C)N1C(=O)C2=C(C=CC=C2)NS1(=O)=O	https://envipath.org/package/5882df9c-dae1-4d80-a40e-db4724271456/pathway/d450cebf-9eec-4a1d-833c-fd883b7c74ec	Bentazone
https://envipath.org/package/5882df9c-dae1-4d80-a40e-db4724271456/compound/7fea3afc-d7eb-41ea-9de1-635cc5b460ce/structure/a5f2e707-a690-41a7-ae56-88c57b579b20	N-methyl Bentazone	CC(C)N1C(=O)C2=C(C=CC=C2)N(C)S1(=O)=O		1	CC(C)N1C(=O)C2=C(C=CC=C2)NS1(=O)=O	https://envipath.org/package/5882df9c-dae1-4d80-a40e-db4724271456/pathway/d450cebf-9eec-4a1d-833c-fd883b7c74ec	Bentazone
https://envipath.org/package/5882df9c-dae1-4d80-a40e-db4724271456/compound/04c7826b-ad00-4a6f-bedd-c38512df38fa/structure/e3e4f881-d889-4930-beae-f184428b605a	8-chloro-bentazone	CC(C)N1C(=O)C2=CC=CC(=C2NS1(=O)=O)Cl		1	CC(C)N1C(=O)C2=C(C=CC=C2)NS1(=O)=O	https://envipath.org/package/5882df9c-dae1-4d80-a40e-db4724271456/pathway/d450cebf-9eec-4a1d-833c-fd883b7c74ec	Bentazone
https://envipath.org/package/5882df9c-dae1-4d80-a40e-db4724271456/compound/d8b1bb6e-7dc3-4c8d-8021-a6e7504e3977/structure/1d2137e7-413f-41a2-923e-3bd207935716	Bentazone	CC(C)N1C(=O)C2=C(C=CC=C2)NS1(=O)=O		0		https://envipath.org/package/5882df9c-dae1-4d80-a40e-db4724271456/pathway/d450cebf-9eec-4a1d-833c-fd883b7c74ec	Bentazone
https://envipath.org/package/5882df9c-dae1-4d80-a40e-db4724271456/compound/231d50d3-4fbb-4cff-9de9-0de05d1c9902/structure/68747e7e-17d3-4c86-aa79-451aff4624aa	6-chloro-bentazone	CC(C)N1C(=O)C2=CC(=CC=C2NS1(=O)=O)Cl		1	CC(C)N1C(=O)C2=C(C=CC=C2)NS1(=O)=O	https://envipath.org/package/5882df9c-dae1-4d80-a40e-db4724271456/pathway/d450cebf-9eec-4a1d-833c-fd883b7c74ec	Bentazone
https://envipath.org/package/5882df9c-dae1-4d80-a40e-db4724271456/compound/d8db2795-bc76-47a9-a581-07359ce8d83f/structure/b074626d-91e9-4147-8664-c2c5214e7c51	M-1	C1=CC2=C(C=C1F)SC(=N2)O		3	CC(C1=NC2=C(C=C(C=C2)F)S1)O	https://envipath.org/package/5882df9c-dae1-4d80-a40e-db4724271456/pathway/e2fe64f8-c2e9-4098-b781-2db285de397e	Benthiavalicarb
https://envipath.org/package/5882df9c-dae1-4d80-a40e-db4724271456/compound/887416df-1191-42fb-bea3-7e4913cf1bd6/structure/bfb66795-a5f4-48ad-b646-59738ea6e451	M-5	CC(C1=NC2=C(C=C(C=C2)F)S1)N		1	CC(C)[C@@H](C(=O)N[C@H](C)C1=NC2=C(C=C(C=C2)F)S1)NC(=O)OC(C)C	https://envipath.org/package/5882df9c-dae1-4d80-a40e-db4724271456/pathway/e2fe64f8-c2e9-4098-b781-2db285de397e	Benthiavalicarb
https://envipath.org/package/5882df9c-dae1-4d80-a40e-db4724271456/compound/91eb363f-2ab3-4757-b873-e23f20e778ce/structure/c26e82ac-11e0-439e-ac7b-f4f5506b21d0	M-3	CC(C1=NC2=C(C=C(C=C2)F)S1)O		2	CC(C1=NC2=C(C=C(C=C2)F)S1)N	https://envipath.org/package/5882df9c-dae1-4d80-a40e-db4724271456/pathway/e2fe64f8-c2e9-4098-b781-2db285de397e	Benthiavalicarb
https://envipath.org/package/5882df9c-dae1-4d80-a40e-db4724271456/compound/bbb41bb2-da6a-477d-a498-48f2a58f487a/structure/cab4a11e-3c60-4429-8295-cf2135997a5e	M-4	CC(=O)C1=NC2=C(C=C(C=C2)F)S1		2	CC(C1=NC2=C(C=C(C=C2)F)S1)N	https://envipath.org/package/5882df9c-dae1-4d80-a40e-db4724271456/pathway/e2fe64f8-c2e9-4098-b781-2db285de397e	Benthiavalicarb
https://envipath.org/package/5882df9c-dae1-4d80-a40e-db4724271456/compound/44cd642c-15e1-44a8-a5b4-eec69df169be/structure/7e4538fb-662c-4db0-8fcc-9aee04999e04	Benthiavalicarb KIF-230R-L	CC(C)[C@@H](C(=O)N[C@H](C)C1=NC2=C(C=C(C=C2)F)S1)NC(=O)OC(C)C		0		https://envipath.org/package/5882df9c-dae1-4d80-a40e-db4724271456/pathway/e2fe64f8-c2e9-4098-b781-2db285de397e	Benthiavalicarb
https://envipath.org/package/5882df9c-dae1-4d80-a40e-db4724271456/compound/70123d79-25ea-405b-a072-907f0ba771c2/structure/90903e49-f0b3-4b15-ab26-bf7388e1f810	M-8	CC(C1=NC2=C(C=C(C=C2)F)S1)NC(=O)C		2	CC(C1=NC2=C(C=C(C=C2)F)S1)N	https://envipath.org/package/5882df9c-dae1-4d80-a40e-db4724271456/pathway/e2fe64f8-c2e9-4098-b781-2db285de397e	Benthiavalicarb
https://envipath.org/package/5882df9c-dae1-4d80-a40e-db4724271456/compound/754adde4-6191-4855-b0f9-6109781dc1ec/structure/eb175822-1dea-427c-a795-2952f6f653a2	Benzoic acid	C1=CC=C(C=C1)C(=O)O		0		https://envipath.org/package/5882df9c-dae1-4d80-a40e-db4724271456/pathway/3a19d7b9-c182-402d-b898-139a82e2d0ee	Benzoic acid
https://envipath.org/package/5882df9c-dae1-4d80-a40e-db4724271456/compound/7c843230-ae22-4f4f-869f-345b2224b5d4/structure/421cb03b-9828-45ea-9f48-52db35824f58	CSAA798670	CN1C=C(C(=N1)C(F)F)C(=O)O		1	CN1C=C(C(=N1)C(F)F)C(=O)NC2=C3C(=CC=C2)C/4CCC3\C4=C(\Cl)/Cl	https://envipath.org/package/5882df9c-dae1-4d80-a40e-db4724271456/pathway/d104bc7b-84e5-41ca-80d0-da937aa88e23	Benzovindiflupyr
https://envipath.org/package/5882df9c-dae1-4d80-a40e-db4724271456/compound/9fd123dc-d4bb-4071-861b-5be0e225a040/structure/8efbf587-0619-4ea0-8abc-d0fb419f16f6	Benzovindiflupyr	CN1C=C(C(=N1)C(F)F)C(=O)NC2=C3C(=CC=C2)C/4CCC3\C4=C(\Cl)/Cl		0		https://envipath.org/package/5882df9c-dae1-4d80-a40e-db4724271456/pathway/d104bc7b-84e5-41ca-80d0-da937aa88e23	Benzovindiflupyr
https://envipath.org/package/5882df9c-dae1-4d80-a40e-db4724271456/compound/608a8779-effb-4a76-b561-9e018de22096/structure/b343e879-5141-4d73-b21a-0ecc285fda1c	CSCD465008	C1=C(C(=NN1)C(F)F)C(=O)N		2	CN1C=C(C(=N1)C(F)F)C(=O)O	https://envipath.org/package/5882df9c-dae1-4d80-a40e-db4724271456/pathway/d104bc7b-84e5-41ca-80d0-da937aa88e23	Benzovindiflupyr
https://envipath.org/package/5882df9c-dae1-4d80-a40e-db4724271456/compound/b3423d35-185f-4217-b548-947de4a202c9/structure/bfd2c51b-2b5e-4295-a48a-90b8c105dc6a	SYN546040	CN1C=C(C(=N1)C(F)F)C(=O)NC2=C3C(=CC=C2)C\4C(CC3/C4=C(/Cl)\Cl)O		1	CN1C=C(C(=N1)C(F)F)C(=O)NC2=C3C(=CC=C2)C/4CCC3\C4=C(\Cl)/Cl	https://envipath.org/package/5882df9c-dae1-4d80-a40e-db4724271456/pathway/d104bc7b-84e5-41ca-80d0-da937aa88e23	Benzovindiflupyr
https://envipath.org/package/5882df9c-dae1-4d80-a40e-db4724271456/compound/cffe1432-42c2-4035-a43e-8b9fb00074e3/structure/15bd2c91-9ccc-49bc-9d1e-621b231c6e0d	SYN546206	C1=CC(=C2C(=C1)C/3CCC2\C3=C(\Cl)/Cl)NC(=O)C4=CNN=C4C(F)F		1	CN1C=C(C(=N1)C(F)F)C(=O)NC2=C3C(=CC=C2)C/4CCC3\C4=C(\Cl)/Cl	https://envipath.org/package/5882df9c-dae1-4d80-a40e-db4724271456/pathway/d104bc7b-84e5-41ca-80d0-da937aa88e23	Benzovindiflupyr
https://envipath.org/package/5882df9c-dae1-4d80-a40e-db4724271456/compound/d4970dad-89cc-45ac-b519-d0221c5cad00/structure/3dc66141-499c-447e-a76d-7919a4aa0856	CPA	CC1(C)C(/C=C(/Cl)\Cl)C1C(=O)O		1	CC1(C)C(/C=C(/Cl)\Cl)C1C(=O)OC(C#N)C2=CC=CC(=C2)OC3=CC=CC=C3	https://envipath.org/package/5882df9c-dae1-4d80-a40e-db4724271456/pathway/abf8705a-abf2-41ea-955d-c03d6f60a3ca	Beta-cypermethrin
https://envipath.org/package/5882df9c-dae1-4d80-a40e-db4724271456/compound/6ebcdf65-0fb9-4345-99de-cde223579a37/structure/e0740a72-a072-458e-a97d-44fb33f094e7	Beta-cypermethrin	CC1(C)C(/C=C(/Cl)\Cl)C1C(=O)OC(C#N)C2=CC=CC(=C2)OC3=CC=CC=C3		0		https://envipath.org/package/5882df9c-dae1-4d80-a40e-db4724271456/pathway/abf8705a-abf2-41ea-955d-c03d6f60a3ca	Beta-cypermethrin
https://envipath.org/package/5882df9c-dae1-4d80-a40e-db4724271456/compound/971dde96-4136-4e71-a986-5334007766b7/structure/70e8102c-ac55-4533-9181-57ea85cca6d4	Phenol (CGA 73330)	C1=CC=C(C=C1)O		3	C1=CC=C(C=C1)OC2=CC(=CC=C2)C(=O)O	https://envipath.org/package/5882df9c-dae1-4d80-a40e-db4724271456/pathway/abf8705a-abf2-41ea-955d-c03d6f60a3ca	Beta-cypermethrin
https://envipath.org/package/5882df9c-dae1-4d80-a40e-db4724271456/compound/2fc78d4a-7958-4af5-87d4-bcc2f9b6c9ab/structure/f8bb3b76-d463-49b5-b7de-7c5783f98e0c	3-PBAc	C1=CC=C(C=C1)OC2=CC(=CC=C2)C(=O)O		2	C1=CC=C(C=C1)OC2=CC(=CC=C2)C=O	https://envipath.org/package/5882df9c-dae1-4d80-a40e-db4724271456/pathway/abf8705a-abf2-41ea-955d-c03d6f60a3ca	Beta-cypermethrin
https://envipath.org/package/5882df9c-dae1-4d80-a40e-db4724271456/compound/c3245acc-b0d7-4c8a-83b7-e250273f4a35/structure/7ddc0e5f-e7da-492f-b6c7-af1d7506e89f	3-phenoxybenzaldehyde	C1=CC=C(C=C1)OC2=CC(=CC=C2)C=O		1	CC1(C)C(/C=C(/Cl)\Cl)C1C(=O)OC(C#N)C2=CC=CC(=C2)OC3=CC=CC=C3	https://envipath.org/package/5882df9c-dae1-4d80-a40e-db4724271456/pathway/abf8705a-abf2-41ea-955d-c03d6f60a3ca	Beta-cypermethrin
https://envipath.org/package/5882df9c-dae1-4d80-a40e-db4724271456/compound/574711ab-7c5e-443f-b3df-1ffba6c14c53/structure/6ac2947e-43f1-4a97-8535-5d52bf6c8824	D1989	COC1=CC=C(C=C1)C2=CC=CC=C2	major	2	CC(C)OC(=O)/N=N/C1=C(C=CC(=C1)C2=CC=CC=C2)OC	https://envipath.org/package/5882df9c-dae1-4d80-a40e-db4724271456/pathway/bee37d59-35e1-45de-8125-bbefc92608b8	Bifenazate
https://envipath.org/package/5882df9c-dae1-4d80-a40e-db4724271456/compound/2492f0cc-eaa8-4b76-bcda-d62032c4dc2f/structure/b8ec54fd-902d-450f-b2f5-374648b1e07b	Bifenazate	CC(C)OC(=O)NNC1=C(C=CC(=C1)C2=CC=CC=C2)OC	 	0		https://envipath.org/package/5882df9c-dae1-4d80-a40e-db4724271456/pathway/bee37d59-35e1-45de-8125-bbefc92608b8	Bifenazate
https://envipath.org/package/5882df9c-dae1-4d80-a40e-db4724271456/compound/6240b691-c002-4459-bb11-22f317fb1dd0/structure/72821f71-7df1-41f8-9dd4-4cee8d88df79	IBMHC	CC(C)OC(=O)NN(C1=CC(=CC(=C1)OC)C2=CC=CC=C2)C3=CC(=CC(=C3)OC)C4=CC=CC=C4	 	2	CC(C)OC(=O)/N=N/C1=C(C=CC(=C1)C2=CC=CC=C2)OC	https://envipath.org/package/5882df9c-dae1-4d80-a40e-db4724271456/pathway/bee37d59-35e1-45de-8125-bbefc92608b8	Bifenazate
https://envipath.org/package/5882df9c-dae1-4d80-a40e-db4724271456/compound/36cbac66-03e4-4b97-ae90-c6545da7606d/structure/9388b024-0fb5-4e5b-b407-be4688ee4410	D3598	CC(C)OC(=O)/N=N/C1=C(C=CC(=C1)C2=CC=CC=C2)OC	major	1	CC(C)OC(=O)NNC1=C(C=CC(=C1)C2=CC=CC=C2)OC	https://envipath.org/package/5882df9c-dae1-4d80-a40e-db4724271456/pathway/bee37d59-35e1-45de-8125-bbefc92608b8	Bifenazate
https://envipath.org/package/5882df9c-dae1-4d80-a40e-db4724271456/compound/4ff8b4a0-f6be-4f1f-bd2a-09018be6e23d/structure/c917831a-ec6a-4523-ad02-0140c03773e8	DDC	COC1=CC(=C2C(=C1)NC3=C2C(=CC(=C3)OC)C4=CC=CC=C4)C5=CC=CC=C5	 	3	CC(C)OC(=O)NN(C1=CC(=CC(=C1)OC)C2=CC=CC=C2)C3=CC(=CC(=C3)OC)C4=CC=CC=C4	https://envipath.org/package/5882df9c-dae1-4d80-a40e-db4724271456/pathway/bee37d59-35e1-45de-8125-bbefc92608b8	Bifenazate
https://envipath.org/package/5882df9c-dae1-4d80-a40e-db4724271456/compound/1b2c1aa1-135e-4106-8297-d646bc6dccc5/structure/8222501e-fad4-49ca-8b99-1cbf38e22110	LS 825055 Bifenox acid	C1=C(C=C(C(=C1)OC2=CC=C(C(=C2)C(=O)O)[N+](=O)[O-])Cl)Cl		1	COC(=O)C1=CC(=CC=C1[N+](=O)[O-])OC2=CC=C(C=C2Cl)Cl	https://envipath.org/package/5882df9c-dae1-4d80-a40e-db4724271456/pathway/fdd62f1b-dda9-4bec-9fd5-18deaac9a3df	Bifenox
https://envipath.org/package/5882df9c-dae1-4d80-a40e-db4724271456/compound/7b8cf536-83ad-4608-b920-35cac4c07bde/structure/fd676211-8690-493c-9c56-920391e50586	Bifenox	COC(=O)C1=CC(=CC=C1[N+](=O)[O-])OC2=CC=C(C=C2Cl)Cl		0		https://envipath.org/package/5882df9c-dae1-4d80-a40e-db4724271456/pathway/fdd62f1b-dda9-4bec-9fd5-18deaac9a3df	Bifenox
https://envipath.org/package/5882df9c-dae1-4d80-a40e-db4724271456/compound/b7e60cc2-c08b-42c1-86d1-0c531769f0d0/structure/8089cc30-108a-4e6e-849b-382fe1e0464d	RPA 405912	COC(=O)C1=CC(=CC=C1N)OC2=CC=C(C=C2Cl)Cl		1	COC(=O)C1=CC(=CC=C1[N+](=O)[O-])OC2=CC=C(C=C2Cl)Cl	https://envipath.org/package/5882df9c-dae1-4d80-a40e-db4724271456/pathway/fdd62f1b-dda9-4bec-9fd5-18deaac9a3df	Bifenox
https://envipath.org/package/5882df9c-dae1-4d80-a40e-db4724271456/compound/f6cbb34a-7100-4cc6-847a-66b96b6ba2fd/structure/0cd61556-5184-4442-841b-13be29ecf24c	RPA 408354	C1=C(C=C(C(=C1)OC2=CC=C(C(=C2)C(=O)O)N)Cl)Cl		2	COC(=O)C1=CC(=CC=C1N)OC2=CC=C(C=C2Cl)Cl	https://envipath.org/package/5882df9c-dae1-4d80-a40e-db4724271456/pathway/fdd62f1b-dda9-4bec-9fd5-18deaac9a3df	Bifenox
https://envipath.org/package/5882df9c-dae1-4d80-a40e-db4724271456/compound/c7ebe3c2-a87c-429a-8340-be105319f4cf/structure/33298840-a03c-4f43-be73-eb7a26fbc23e	BP Aldehyde	CC1=C(C=CC=C1C=O)C2=CC=CC=C2		2	CC1=C(C=CC=C1CO)C2=CC=CC=C2	https://envipath.org/package/5882df9c-dae1-4d80-a40e-db4724271456/pathway/eeeb7fb4-f567-467e-af40-77b802816329	Bifenthrin
https://envipath.org/package/5882df9c-dae1-4d80-a40e-db4724271456/compound/423fb875-e78f-45e4-80a9-285764de0395/structure/a9c7bffe-1675-4cba-94a9-a4a5f3e763b4	4-OH-Bifenthrin	CC1=C(C=CC=C1C2=CC=C(C=C2)O)COC(=O)C3C(/C=C(/C(F)(F)F)\Cl)C3(C)C		1	CC1=C(C=CC=C1COC(=O)C2C(/C=C(/C(F)(F)F)\Cl)C2(C)C)C3=CC=CC=C3	https://envipath.org/package/5882df9c-dae1-4d80-a40e-db4724271456/pathway/eeeb7fb4-f567-467e-af40-77b802816329	Bifenthrin
https://envipath.org/package/5882df9c-dae1-4d80-a40e-db4724271456/compound/255972cd-df5e-4b49-a0ae-aeea5bdec989/structure/3a0174c8-c4dd-4958-9357-36df0da96f35	BP Acid	CC1=C(C=CC=C1C(=O)O)C2=CC=CC=C2		3	CC1=C(C=CC=C1C=O)C2=CC=CC=C2	https://envipath.org/package/5882df9c-dae1-4d80-a40e-db4724271456/pathway/eeeb7fb4-f567-467e-af40-77b802816329	Bifenthrin
https://envipath.org/package/5882df9c-dae1-4d80-a40e-db4724271456/compound/38308586-6cb7-432e-88b8-92e81e45b189/structure/5e8eb09e-5648-4008-bdf5-2271488ff845	Bifenthrin	CC1=C(C=CC=C1COC(=O)C2C(/C=C(/C(F)(F)F)\Cl)C2(C)C)C3=CC=CC=C3		0		https://envipath.org/package/5882df9c-dae1-4d80-a40e-db4724271456/pathway/eeeb7fb4-f567-467e-af40-77b802816329	Bifenthrin
https://envipath.org/package/5882df9c-dae1-4d80-a40e-db4724271456/compound/bdeb8b1e-72e6-4f17-a4c5-30359e982d72/structure/a0748960-a5a4-4dbf-83d7-4b188fa695b4	BP Alcohol	CC1=C(C=CC=C1CO)C2=CC=CC=C2		1	CC1=C(C=CC=C1COC(=O)C2C(/C=C(/C(F)(F)F)\Cl)C2(C)C)C3=CC=CC=C3	https://envipath.org/package/5882df9c-dae1-4d80-a40e-db4724271456/pathway/eeeb7fb4-f567-467e-af40-77b802816329	Bifenthrin
https://envipath.org/package/5882df9c-dae1-4d80-a40e-db4724271456/compound/0ea3c22d-edb7-4e45-a0cb-b3dfa36e9375/structure/22cddbaa-c536-4814-9c27-981dda6648b7	TFP acid	CC1(C)C(/C=C(/C(F)(F)F)\Cl)C1C(=O)O		1	CC1=C(C=CC=C1COC(=O)C2C(/C=C(/C(F)(F)F)\Cl)C2(C)C)C3=CC=CC=C3	https://envipath.org/package/5882df9c-dae1-4d80-a40e-db4724271456/pathway/eeeb7fb4-f567-467e-af40-77b802816329	Bifenthrin
https://envipath.org/package/5882df9c-dae1-4d80-a40e-db4724271456/compound/802687a5-b4cd-465f-ac9c-e97de67fadc0/structure/2a327415-0631-4ffb-828f-fda972eec116	DesMe-2023 M06	COC1=CC(=NC(=N1)OC2=CC=CC(=C2C(=O)[O-])OC3=NC(=CC(=N3)OC)OC)O.[Na+]		1	COC1=NC(=NC(=C1)OC)OC2=CC=CC(=C2C(=O)[O-])OC3=NC(=CC(=N3)OC)OC.[Na+]	https://envipath.org/package/5882df9c-dae1-4d80-a40e-db4724271456/pathway/ced6525f-fc94-4eb6-b636-e8ab746e7b31	Bispyribac
https://envipath.org/package/5882df9c-dae1-4d80-a40e-db4724271456/compound/405219b6-e06d-4a02-94a3-0a75dda8e4b7/structure/b2367d2f-2419-45dc-93ba-4318cf24e5b6	MeBA M04	COC1=CC(=NC(=N1)O)O		2	COC1=CC(=NC(=N1)OC2=CC=CC(=C2C(=O)[O-])OC3=NC(=CC(=N3)OC)OC)O.[Na+]	https://envipath.org/package/5882df9c-dae1-4d80-a40e-db4724271456/pathway/ced6525f-fc94-4eb6-b636-e8ab746e7b31	Bispyribac
https://envipath.org/package/5882df9c-dae1-4d80-a40e-db4724271456/compound/3a8db8b0-7fd9-4c73-b6e2-027295c4e2f2/structure/7878734e-4d33-4d0d-992c-b310539f8374	Na-BX-180 M05	COC1=NC(=NC(=C1)OC)OC2=C(C(=CC=C2)O)C(=O)[O-].[Na+]		1	COC1=CC(=NC(=N1)OC2=CC=CC(=C2C(=O)[O-])OC3=NC(=CC(=N3)OC)OC)O.[Na+]	https://envipath.org/package/5882df9c-dae1-4d80-a40e-db4724271456/pathway/ced6525f-fc94-4eb6-b636-e8ab746e7b31	Bispyribac
https://envipath.org/package/5882df9c-dae1-4d80-a40e-db4724271456/compound/81dae060-eeb6-484e-8ac2-233fb7ca26f8/structure/79a01049-9c43-405f-a969-d24af9b2815f	Me2BA M03	COC1=NC(=NC(=C1)OC)O		1	COC1=NC(=NC(=C1)OC)OC2=C(C(=CC=C2)O)C(=O)[O-].[Na+]	https://envipath.org/package/5882df9c-dae1-4d80-a40e-db4724271456/pathway/ced6525f-fc94-4eb6-b636-e8ab746e7b31	Bispyribac
https://envipath.org/package/5882df9c-dae1-4d80-a40e-db4724271456/compound/70d85fb6-992e-4f6e-ba27-3756119ec40b/structure/f963aaee-6006-4af2-b509-9369bbcce148	Bispyribac-sodium	COC1=NC(=NC(=C1)OC)OC2=CC=CC(=C2C(=O)[O-])OC3=NC(=CC(=N3)OC)OC.[Na+]		0		https://envipath.org/package/5882df9c-dae1-4d80-a40e-db4724271456/pathway/ced6525f-fc94-4eb6-b636-e8ab746e7b31	Bispyribac
https://envipath.org/package/5882df9c-dae1-4d80-a40e-db4724271456/compound/4760042f-6f1e-40a6-91ec-ff9abec44de9/structure/60ac720f-d644-4d06-ab89-34d38d8ede82	Na-DesMe-180 M10	COC1=CC(=NC(=N1)OC2=C(C(=CC=C2)O)C(=O)[O-])O.[Na+]		2	COC1=NC(=NC(=C1)OC)OC2=C(C(=CC=C2)O)C(=O)[O-].[Na+]	https://envipath.org/package/5882df9c-dae1-4d80-a40e-db4724271456/pathway/ced6525f-fc94-4eb6-b636-e8ab746e7b31	Bispyribac
https://envipath.org/package/5882df9c-dae1-4d80-a40e-db4724271456/compound/b2d4f1be-b12f-4813-973e-a5bb89fc4c08/structure/c312f91c-3487-4b38-a8af-e38a00362dc7	1,2,4 triazole acetic-acid 	C(C(=O)O)N1C=NC=N1		3	C(C(C(=O)O)N)N1C=NC=N1	https://envipath.org/package/5882df9c-dae1-4d80-a40e-db4724271456/pathway/e7d43d2d-49d9-433a-bd02-9c0181c69583	Bitertanol
https://envipath.org/package/5882df9c-dae1-4d80-a40e-db4724271456/compound/1b6fe73e-e641-4419-bf90-3ec5aafcd03b/structure/1cc5e881-e321-4033-9fde-2d1ebcab4fa4	4-[2-hydroxy-3,3-dimethyl-1-(1H-1,2,4-triazol-1-yl)butoxyl)-benzoic acid	CC(C)(C)C(C(N1C=NC=N1)OC2=CC=C(C=C2)C(=O)O)O		1	CC(C)(C)C(C(N1C=NC=N1)OC2=CC=C(C=C2)C3=CC=CC=C3)O	https://envipath.org/package/5882df9c-dae1-4d80-a40e-db4724271456/pathway/e7d43d2d-49d9-433a-bd02-9c0181c69583	Bitertanol
https://envipath.org/package/5882df9c-dae1-4d80-a40e-db4724271456/compound/3c46d9ec-8062-4a0c-95cf-b720b6828c8d/structure/424de194-6923-4b62-961f-0659c50c5845	Triazole alanine	C(C(C(=O)O)N)N1C=NC=N1		2	C1=NC=NN1	https://envipath.org/package/5882df9c-dae1-4d80-a40e-db4724271456/pathway/e7d43d2d-49d9-433a-bd02-9c0181c69583	Bitertanol
https://envipath.org/package/5882df9c-dae1-4d80-a40e-db4724271456/compound/1492b5e9-6f66-490a-a102-f99cff1bf1ea/structure/18f8ac34-7ff4-4bb3-b55d-3826b09fd134	Bitertanol	CC(C)(C)C(C(N1C=NC=N1)OC2=CC=C(C=C2)C3=CC=CC=C3)O		0		https://envipath.org/package/5882df9c-dae1-4d80-a40e-db4724271456/pathway/e7d43d2d-49d9-433a-bd02-9c0181c69583	Bitertanol
https://envipath.org/package/5882df9c-dae1-4d80-a40e-db4724271456/compound/a15dc090-924f-4ae2-9ea6-3230a8a7f504/structure/d705d7e2-2f0e-4230-8d35-5eb2c2fc1c91	1,2,4 triazole	C1=NC=NN1		1	CC(C)(C)C(C(N1C=NC=N1)OC2=CC=C(C=C2)C3=CC=CC=C3)O	https://envipath.org/package/5882df9c-dae1-4d80-a40e-db4724271456/pathway/e7d43d2d-49d9-433a-bd02-9c0181c69583	Bitertanol
https://envipath.org/package/5882df9c-dae1-4d80-a40e-db4724271456/compound/7b9cbee0-6ad9-47e1-954f-23c0636c1cf7/structure/26e240d4-7a8a-46d3-82a1-191d72c58a9d	Bixafen	CN1C=C(C(=N1)C(F)F)C(=O)NC2=C(C=C(C=C2)F)C3=CC=C(C(=C3)Cl)Cl		0		https://envipath.org/package/5882df9c-dae1-4d80-a40e-db4724271456/pathway/85621e3b-92df-45cb-a5b1-c3ff9b81f815	Bixafen
https://envipath.org/package/5882df9c-dae1-4d80-a40e-db4724271456/compound/5bdeceab-a924-48b5-9023-558309cabaa2/structure/8b305eb1-c7b9-49e0-851f-4ccd0ed9161c	CSCD465008	C1=C(C(=NN1)C(F)F)C(=O)O		1	CN1C=C(C(=N1)C(F)F)C(=O)NC2=C(C=C(C=C2)F)C3=CC=C(C(=C3)Cl)Cl	https://envipath.org/package/5882df9c-dae1-4d80-a40e-db4724271456/pathway/85621e3b-92df-45cb-a5b1-c3ff9b81f815	Bixafen
https://envipath.org/package/5882df9c-dae1-4d80-a40e-db4724271456/compound/edeb3aeb-f272-4d51-816b-6365aa7c0684/structure/57321f71-84b0-46a9-80b0-83cee64ff4d9	Unk 3 metabolite,M9	C1=CC=C(C=C1)C(CC(C2=CC=CC=C2)O)CC(C3=CC=C(C=C3)C4=CC=C(C=C4)Br)O		1	C1=CC=C(C=C1)C(CC(C2=CC=C(C=C2)C3=CC=C(C=C3)Br)O)C4=C(C5=C(C=CC=C5)OC4=O)O	https://envipath.org/package/5882df9c-dae1-4d80-a40e-db4724271456/pathway/5bc8777f-8a42-4feb-8a75-de7f08686911	Bromadiolone
https://envipath.org/package/5882df9c-dae1-4d80-a40e-db4724271456/compound/ae323a72-8ae2-4e08-a306-237defa64fd4/structure/1cc3fb7f-b14c-4c13-9263-14c9d43f7f0b	Ketone metabolite, M2	C1=CC=C(C=C1)C(CC(=O)C2=CC=C(C=C2)C3=CC=C(C=C3)Br)C4=C(C5=C(C=CC=C5)OC4=O)O		1	C1=CC=C(C=C1)C(CC(C2=CC=C(C=C2)C3=CC=C(C=C3)Br)O)C4=C(C5=C(C=CC=C5)OC4=O)O	https://envipath.org/package/5882df9c-dae1-4d80-a40e-db4724271456/pathway/5bc8777f-8a42-4feb-8a75-de7f08686911	Bromadiolone
https://envipath.org/package/5882df9c-dae1-4d80-a40e-db4724271456/compound/5e7d401c-5be8-476c-a665-3df0d08236a5/structure/bedd484b-845b-46b2-b103-3330518149aa	Unk 1 metabolite	C1=CC=C(C=C1)C(CCC2=CC=C(C=C2)C3=CC=C(C=C3)Br)CC(C4=CC=CC=C4)O		2	C1=CC=C(C=C1)C(CC(=O)C2=CC=C(C=C2)C3=CC=C(C=C3)Br)C4=C(C5=C(C=CC=C5)OC4=O)O	https://envipath.org/package/5882df9c-dae1-4d80-a40e-db4724271456/pathway/5bc8777f-8a42-4feb-8a75-de7f08686911	Bromadiolone
https://envipath.org/package/5882df9c-dae1-4d80-a40e-db4724271456/compound/1c14472b-8fbd-4bb0-8160-eaa0dfd1a267/structure/ad246237-78fb-4cff-bfbd-3cfb45f0e5f2	Bromadiolone	C1=CC=C(C=C1)C(CC(C2=CC=C(C=C2)C3=CC=C(C=C3)Br)O)C4=C(C5=C(C=CC=C5)OC4=O)O		0		https://envipath.org/package/5882df9c-dae1-4d80-a40e-db4724271456/pathway/5bc8777f-8a42-4feb-8a75-de7f08686911	Bromadiolone
https://envipath.org/package/5882df9c-dae1-4d80-a40e-db4724271456/compound/3a71c115-5485-4262-9a3b-4be42fc58422/structure/fa0677a8-33c4-4e11-afe9-5d016cc934df	3-bromo-4-hydroxybenoic acid	C1=C(C=C(C(=C1)O)Br)C(=O)O		4	C1=C(C(=C(C=C1C(=O)O)Br)O)Br	https://envipath.org/package/5882df9c-dae1-4d80-a40e-db4724271456/pathway/da8dd8cb-e3fb-48be-a402-a06f6b48adfb	Bromoxynil
https://envipath.org/package/5882df9c-dae1-4d80-a40e-db4724271456/compound/5c99d45d-7a68-4a93-9b2c-6ed28964bda2/structure/5b35a4c4-d38d-49b0-b118-b3fed53165b7	3-bromo-4-hydroxybenzamide	C1=C(C=C(C(=C1)O)Br)C(=O)N	minor	3	C1=C(C(=C(C=C1C(=O)N)Br)O)Br	https://envipath.org/package/5882df9c-dae1-4d80-a40e-db4724271456/pathway/da8dd8cb-e3fb-48be-a402-a06f6b48adfb	Bromoxynil
https://envipath.org/package/5882df9c-dae1-4d80-a40e-db4724271456/compound/ad37538f-2da7-4ae9-b4df-3140217be66b/structure/be3b3092-a784-436f-a5ca-f69ff34060e5	Bromoxynil	C1=C(C(=C(C=C1C#N)Br)O)Br		1	CCCCCCCC(=O)OC1=C(C=C(C=C1Br)C#N)Br	https://envipath.org/package/5882df9c-dae1-4d80-a40e-db4724271456/pathway/da8dd8cb-e3fb-48be-a402-a06f6b48adfb	Bromoxynil
https://envipath.org/package/5882df9c-dae1-4d80-a40e-db4724271456/compound/0e0dad45-a4ba-49bc-8172-54d21214bd58/structure/fa9d0145-2948-419a-bf3a-964465797a8f	Bromoxynil butyrate	CCCC(=O)OC1=C(C=C(C=C1Br)C#N)Br		0		https://envipath.org/package/5882df9c-dae1-4d80-a40e-db4724271456/pathway/da8dd8cb-e3fb-48be-a402-a06f6b48adfb	Bromoxynil
https://envipath.org/package/5882df9c-dae1-4d80-a40e-db4724271456/compound/a5702a7e-9b7f-4ece-af52-ecac9bad0c4b/structure/57051174-8025-4004-ad4d-c0bd56342f7b	Bromoxynil heptanoate	CCCCCCC(=O)OC1=C(C=C(C=C1Br)C#N)Br		0		https://envipath.org/package/5882df9c-dae1-4d80-a40e-db4724271456/pathway/da8dd8cb-e3fb-48be-a402-a06f6b48adfb	Bromoxynil
https://envipath.org/package/5882df9c-dae1-4d80-a40e-db4724271456/compound/76015347-5594-418a-9116-ebdd81f3da52/structure/584c5426-02d9-4457-8e85-7f5c1b426707	4-hydroxy benzonitrile	C1=C(C=CC(=C1)O)C#N		3	C1=C(C=C(C(=C1)O)Br)C#N	https://envipath.org/package/5882df9c-dae1-4d80-a40e-db4724271456/pathway/da8dd8cb-e3fb-48be-a402-a06f6b48adfb	Bromoxynil
https://envipath.org/package/5882df9c-dae1-4d80-a40e-db4724271456/compound/c46fe178-05d7-4978-81f2-1fdfb70d7efe/structure/d09c6480-85ea-4a2f-8880-ca562b1e1396	3,5-dibromo-4-hydroxybenzamide 	C1=C(C(=C(C=C1C(=O)N)Br)O)Br	major	2	C1=C(C(=C(C=C1C#N)Br)O)Br	https://envipath.org/package/5882df9c-dae1-4d80-a40e-db4724271456/pathway/da8dd8cb-e3fb-48be-a402-a06f6b48adfb	Bromoxynil
https://envipath.org/package/5882df9c-dae1-4d80-a40e-db4724271456/compound/f84708b6-530d-42c9-9062-bdd9c1d83710/structure/f4f9b925-3e12-4e99-863b-87d2d2cf1758	3-bromo-4-hydroxybenzonitrile	C1=C(C=C(C(=C1)O)Br)C#N		2	C1=C(C(=C(C=C1C#N)Br)O)Br	https://envipath.org/package/5882df9c-dae1-4d80-a40e-db4724271456/pathway/da8dd8cb-e3fb-48be-a402-a06f6b48adfb	Bromoxynil
https://envipath.org/package/5882df9c-dae1-4d80-a40e-db4724271456/compound/6381690e-3ce6-4bd6-a6b8-d6e3b702458f/structure/dc8de84d-3258-4be6-836f-534766485b95	3,5-dibromo-4-hydroxybenzoic acid	C1=C(C(=C(C=C1C(=O)O)Br)O)Br	major	3	C1=C(C(=C(C=C1C(=O)N)Br)O)Br	https://envipath.org/package/5882df9c-dae1-4d80-a40e-db4724271456/pathway/da8dd8cb-e3fb-48be-a402-a06f6b48adfb	Bromoxynil
https://envipath.org/package/5882df9c-dae1-4d80-a40e-db4724271456/compound/754adde4-6191-4855-b0f9-6109781dc1ec/structure/eb175822-1dea-427c-a795-2952f6f653a2	Benzoic acid	C1=CC=C(C=C1)C(=O)O		5	C1=C(C=C(C(=C1)O)Br)C(=O)O	https://envipath.org/package/5882df9c-dae1-4d80-a40e-db4724271456/pathway/da8dd8cb-e3fb-48be-a402-a06f6b48adfb	Bromoxynil
https://envipath.org/package/5882df9c-dae1-4d80-a40e-db4724271456/compound/c1743276-b863-4c5c-9263-d3257c64fd80/structure/1b344aa9-b7c1-4ab7-9927-12be2b2a60cc	Bromoxynil octanoate	CCCCCCCC(=O)OC1=C(C=C(C=C1Br)C#N)Br		0		https://envipath.org/package/5882df9c-dae1-4d80-a40e-db4724271456/pathway/da8dd8cb-e3fb-48be-a402-a06f6b48adfb	Bromoxynil
https://envipath.org/package/5882df9c-dae1-4d80-a40e-db4724271456/compound/9cec4f72-8e31-4cd5-bad4-a54227f0259f/structure/01a8ef37-80f9-44c0-80e1-87e4f30a67ef	LS861590	C1=C(C=C(C(=C1)C2(CC(=O)CO2)CN3C=NC=N3)Cl)Cl		1	C1=C(C=C(C(=C1)C2(CC(CO2)Br)CN3C=NC=N3)Cl)Cl	https://envipath.org/package/5882df9c-dae1-4d80-a40e-db4724271456/pathway/1f574894-fbf1-46e9-b9a4-99035a19fed6	Bromuconazole
https://envipath.org/package/5882df9c-dae1-4d80-a40e-db4724271456/compound/e704be01-bc51-4d74-b0eb-37d2c1c923a6/structure/14dd53d5-6344-4d83-9ed7-615d426aa3a1	LS 860551	C1=C(C=C(C(=C1)C2(CC(CO2)O)CN3C=NC=N3)Cl)Cl		1	COC1CC(CN2C=NC=N2)(C3=CC=C(C=C3Cl)Cl)OC1	https://envipath.org/package/5882df9c-dae1-4d80-a40e-db4724271456/pathway/1f574894-fbf1-46e9-b9a4-99035a19fed6	Bromuconazole
https://envipath.org/package/5882df9c-dae1-4d80-a40e-db4724271456/compound/e729248b-48b3-41f1-a1dc-a21d3e91ee9f/structure/c59e24e8-d5dc-406c-834d-6b6407dd749c	RPA 401527	C1=C(C=C(C(=C1)C2(C=CC(=O)O2)CN3C=NC=N3)Cl)Cl		1	C1=C(C=C(C(=C1)C2(CC(CO2)Br)CN3C=NC=N3)Cl)Cl	https://envipath.org/package/5882df9c-dae1-4d80-a40e-db4724271456/pathway/1f574894-fbf1-46e9-b9a4-99035a19fed6	Bromuconazole
https://envipath.org/package/5882df9c-dae1-4d80-a40e-db4724271456/compound/fa0590c1-561d-4ccc-b1a4-cad0112cab6a/structure/77a911a4-f164-4904-8ec0-5da88c064a9d	MWt 257	C1=C(C=C(C(=C1)C(CN2C=NC=N2)O)Cl)Cl		1	C1=C(C=C(C(=C1)C(=O)CN2C=NC=N2)Cl)Cl	https://envipath.org/package/5882df9c-dae1-4d80-a40e-db4724271456/pathway/1f574894-fbf1-46e9-b9a4-99035a19fed6	Bromuconazole
https://envipath.org/package/5882df9c-dae1-4d80-a40e-db4724271456/compound/1ea586dd-0e62-473f-9139-bf63a4e5086c/structure/a7747e9c-8955-451e-909e-91ee4e79cde5	LS802050	C1=C(C=C(C(=C1)C(=O)CN2C=NC=N2)Cl)Cl		1	C1=C(C=C(C(=C1)C2(CC(CO2)Br)CN3C=NC=N3)Cl)Cl	https://envipath.org/package/5882df9c-dae1-4d80-a40e-db4724271456/pathway/1f574894-fbf1-46e9-b9a4-99035a19fed6	Bromuconazole
https://envipath.org/package/5882df9c-dae1-4d80-a40e-db4724271456/compound/681c956b-c1fc-4404-8a74-e4737c78ed41/structure/78db95d5-aa0d-4963-b11c-879d46da10e3	LS-870353	C1=C(C=C(C(=C1)C2(CCC(=O)O2)CN3C=NC=N3)Cl)Cl		1	C1=C(C=C(C(=C1)C2(CC(CO2)Br)CN3C=NC=N3)Cl)Cl	https://envipath.org/package/5882df9c-dae1-4d80-a40e-db4724271456/pathway/1f574894-fbf1-46e9-b9a4-99035a19fed6	Bromuconazole
https://envipath.org/package/5882df9c-dae1-4d80-a40e-db4724271456/compound/1a81e629-93eb-4e23-bd48-2df5220cabb9/structure/cfdb9bdf-287c-4f3e-a8f6-f88cc83aec24	LS860976	COC1CC(CN2C=NC=N2)(C3=CC=C(C=C3Cl)Cl)OC1		1	C1=C(C=C(C(=C1)C2(CC(CO2)Br)CN3C=NC=N3)Cl)Cl	https://envipath.org/package/5882df9c-dae1-4d80-a40e-db4724271456/pathway/1f574894-fbf1-46e9-b9a4-99035a19fed6	Bromuconazole
https://envipath.org/package/5882df9c-dae1-4d80-a40e-db4724271456/compound/40d55ecc-7b45-4e34-82b2-9dd8e5aeade1/structure/d15e0dae-0ec1-4887-8c8b-2a9174796d01	Bromuconazole	C1=C(C=C(C(=C1)C2(CC(CO2)Br)CN3C=NC=N3)Cl)Cl		0		https://envipath.org/package/5882df9c-dae1-4d80-a40e-db4724271456/pathway/1f574894-fbf1-46e9-b9a4-99035a19fed6	Bromuconazole
https://envipath.org/package/5882df9c-dae1-4d80-a40e-db4724271456/compound/64a2489c-40c4-4cac-acc0-39c13fdc7516/structure/f89ae9ae-e821-44e2-a77b-2376a61f2d6f	Ethirimol	CCCCC1=C(N=C(NCC)N=C1C)O		1	CCCCC1=C(N=C(NCC)N=C1C)OS(=O)(=O)N(C)C	https://envipath.org/package/5882df9c-dae1-4d80-a40e-db4724271456/pathway/71288c6c-909f-49ed-82f4-98db48a288a8	Bupirimate
https://envipath.org/package/5882df9c-dae1-4d80-a40e-db4724271456/compound/3e11e70d-f4a5-437e-b9f7-b54a53666a88/structure/7e388134-6785-4a86-a5c9-b3fd13dc665c	DE-E (2-ethylamino-6-methylpyrimidin-4-ol	CCCCC1=C(N=C(N)N=C1C)O		2	CCCCC1=C(N=C(NCC)N=C1C)O	https://envipath.org/package/5882df9c-dae1-4d80-a40e-db4724271456/pathway/71288c6c-909f-49ed-82f4-98db48a288a8	Bupirimate
https://envipath.org/package/5882df9c-dae1-4d80-a40e-db4724271456/compound/2ac17ceb-4a4f-453d-9147-7184238e9ec3/structure/61d185b6-907f-45e2-b00d-de3dd8367574	Bupirimate	CCCCC1=C(N=C(NCC)N=C1C)OS(=O)(=O)N(C)C		0		https://envipath.org/package/5882df9c-dae1-4d80-a40e-db4724271456/pathway/71288c6c-909f-49ed-82f4-98db48a288a8	Bupirimate
https://envipath.org/package/5882df9c-dae1-4d80-a40e-db4724271456/compound/41014c25-478b-4ee2-bdef-9557e6e7fcf4/structure/bb6ebfd1-a2c8-4cdd-8931-63880227bc61	DE-B (5-butyl-2-amino-6methylpyrimidin-4-yldimethylsulphamate)	CCCCC1=C(N=C(N)N=C1C)OS(=O)(=O)N(C)C		1	CCCCC1=C(N=C(NCC)N=C1C)OS(=O)(=O)N(C)C	https://envipath.org/package/5882df9c-dae1-4d80-a40e-db4724271456/pathway/71288c6c-909f-49ed-82f4-98db48a288a8	Bupirimate
https://envipath.org/package/5882df9c-dae1-4d80-a40e-db4724271456/compound/3804e16c-31b1-45d8-aaf0-a6260e056aef/structure/4a29ddf1-8fe8-473a-88b8-76e85c8b7859	BF12	CC(C)NC(=O)NC1=CC=CC=C1		2	CC(C)N1/C(=N/C(C)(C)C)/S(=O)CN(C2=CC=CC=C2)C1=O	https://envipath.org/package/5882df9c-dae1-4d80-a40e-db4724271456/pathway/82af87c8-35d8-4256-a4a8-3f32fdedb254	Buprofezin
https://envipath.org/package/5882df9c-dae1-4d80-a40e-db4724271456/compound/167fca9b-6fca-4a1f-bb48-8618a6e31d83/structure/45137bdc-d4e1-4760-8448-ec6e4855aafe	BF2	CC(C)N1/C(=N/C(C)(C)C)/SCN(C2=CC=C(C=C2)O)C1=O		-99		https://envipath.org/package/5882df9c-dae1-4d80-a40e-db4724271456/pathway/82af87c8-35d8-4256-a4a8-3f32fdedb254	Buprofezin
https://envipath.org/package/5882df9c-dae1-4d80-a40e-db4724271456/compound/34f67030-d42b-44a0-80bb-bd2a41a4fe42/structure/4c014b01-0d7b-49dd-8c24-4d9aef7de95d	BF22	C1=C(C=CC(=C1)O)N		3	CC(C)NC(=O)NC1=CC=CC=C1	https://envipath.org/package/5882df9c-dae1-4d80-a40e-db4724271456/pathway/82af87c8-35d8-4256-a4a8-3f32fdedb254	Buprofezin
https://envipath.org/package/5882df9c-dae1-4d80-a40e-db4724271456/compound/2c376a23-d424-4b6a-947e-94d6d69bed02/structure/01734d06-2bb4-4ab5-b53b-4423acffbf57	BF10	CC(C)N1/C(=N/C(C)(C)C)/S(=O)CN(C2=CC=CC=C2)C1=O		1	CC(C)N1/C(=N/C(C)(C)C)/SCN(C2=CC=CC=C2)C1=O	https://envipath.org/package/5882df9c-dae1-4d80-a40e-db4724271456/pathway/82af87c8-35d8-4256-a4a8-3f32fdedb254	Buprofezin
https://envipath.org/package/5882df9c-dae1-4d80-a40e-db4724271456/compound/e0a65a8e-3d15-4e2c-95c8-9db60b3ed07b/structure/b0b008b1-0db0-4cc6-a0bb-414344d816a1	BF9	CC(C)(C)N1C(=O)N(CSC1=O)C2=CC=CC=C2		1	CC(C)N1/C(=N/C(C)(C)C)/SCN(C2=CC=CC=C2)C1=O	https://envipath.org/package/5882df9c-dae1-4d80-a40e-db4724271456/pathway/82af87c8-35d8-4256-a4a8-3f32fdedb254	Buprofezin
https://envipath.org/package/5882df9c-dae1-4d80-a40e-db4724271456/compound/450d0a99-6a2c-4f95-9c2a-5bf6c34f207c/structure/8b2c740c-42f8-4dfa-8f71-183c9754186c	Buprofezin	CC(C)N1/C(=N/C(C)(C)C)/SCN(C2=CC=CC=C2)C1=O		0		https://envipath.org/package/5882df9c-dae1-4d80-a40e-db4724271456/pathway/82af87c8-35d8-4256-a4a8-3f32fdedb254	Buprofezin
https://envipath.org/package/5882df9c-dae1-4d80-a40e-db4724271456/compound/74ce0533-fb2d-42c6-a102-15c34f371923/structure/7f143531-c4a5-4f66-a6c0-b6c516be0028	BF11	CC(C)N(C(=O)NC1=CC=CC=C1)C(=O)NC(C)(C)C		2	CC(C)N1/C(=N/C(C)(C)C)/S(=O)CN(C2=CC=CC=C2)C1=O	https://envipath.org/package/5882df9c-dae1-4d80-a40e-db4724271456/pathway/82af87c8-35d8-4256-a4a8-3f32fdedb254	Buprofezin
https://envipath.org/package/5882df9c-dae1-4d80-a40e-db4724271456/compound/0e59ed9c-0c73-4c31-884a-ee362e8c016d/structure/0d1367e2-c650-4455-9243-96bf87aed567	BF19	CC(C)(C)NC1=NC(=O)N(CS1)C2=CC=CC=C2		1	CC(C)N1/C(=N/C(C)(C)C)/SCN(C2=CC=CC=C2)C1=O	https://envipath.org/package/5882df9c-dae1-4d80-a40e-db4724271456/pathway/82af87c8-35d8-4256-a4a8-3f32fdedb254	Buprofezin
https://envipath.org/package/5882df9c-dae1-4d80-a40e-db4724271456/compound/000160cf-d55b-4b96-87b8-4c1b1193d425/structure/c9f3a632-1fbe-4dc4-bcc3-d6e2dec0023d	Butralin	CCC(C)NC1=C(C=C(C=C1[N+](=O)[O-])C(C)(C)C)[N+](=O)[O-]		0		https://envipath.org/package/5882df9c-dae1-4d80-a40e-db4724271456/pathway/783529fb-e0cc-4358-8139-9bc79c46ad96	Butralin
https://envipath.org/package/5882df9c-dae1-4d80-a40e-db4724271456/compound/63dad58d-819f-40db-a97e-c554d2e27f0b/structure/3eb7d160-419e-489a-82c4-77922cc77a04	DNTBA 4-tert-butyl-2,6-dinitroaniline	CC(C)(C)C1=CC(=C(C(=C1)[N+](=O)[O-])N)[N+](=O)[O-]		1	CCC(C)NC1=C(C=C(C=C1[N+](=O)[O-])C(C)(C)C)[N+](=O)[O-]	https://envipath.org/package/5882df9c-dae1-4d80-a40e-db4724271456/pathway/783529fb-e0cc-4358-8139-9bc79c46ad96	Butralin
https://envipath.org/package/5882df9c-dae1-4d80-a40e-db4724271456/compound/5855469d-5893-4ff2-b804-76d589d7bc73/structure/1f2aa454-fd18-4c31-afa3-313e830f5260	methyl-2-butyl sulfone	CCC(C)S(=O)(=O)C		1	CCC(C)SP(=O)(OCC)SC(C)CC	https://envipath.org/package/5882df9c-dae1-4d80-a40e-db4724271456/pathway/75091050-39a6-4509-8e8f-06747dd6f272	Cadusafos
https://envipath.org/package/5882df9c-dae1-4d80-a40e-db4724271456/compound/eb1f4fe1-d386-40be-aa35-6aaeee8ae5a1/structure/b11d6143-30ad-4887-b582-cf091b95c668	2-butane sulfonic acid	CCC(C)S(=O)(=O)O	minor	2	CCC(C)S(=O)(=O)C	https://envipath.org/package/5882df9c-dae1-4d80-a40e-db4724271456/pathway/75091050-39a6-4509-8e8f-06747dd6f272	Cadusafos
https://envipath.org/package/5882df9c-dae1-4d80-a40e-db4724271456/compound/27a5ca90-6fef-4d32-b5cb-a89b4dc59f81/structure/dc0954cd-d162-4e8e-a380-46a52a3aef14	Cadusafos	CCC(C)SP(=O)(OCC)SC(C)CC		0		https://envipath.org/package/5882df9c-dae1-4d80-a40e-db4724271456/pathway/75091050-39a6-4509-8e8f-06747dd6f272	Cadusafos
https://envipath.org/package/5882df9c-dae1-4d80-a40e-db4724271456/compound/fab68c4d-4b56-4490-8109-1b40644199a7/structure/8782e6c3-563a-40b8-8af3-2ff388a03c09	THPAM	C1=CCC(C(C1)C(=O)N)C(=O)O		2	C1=CCC2C(C1)C(=O)NC2=O	https://envipath.org/package/5882df9c-dae1-4d80-a40e-db4724271456/pathway/d7299054-93aa-4196-9d3e-5e13f2b3561b	Captan
https://envipath.org/package/5882df9c-dae1-4d80-a40e-db4724271456/compound/5494dd52-a331-4a12-addd-90cff0c84442/structure/cb6b6a67-52c8-4d8b-a40a-f52a1df7cffb	THPI	C1=CCC2C(C1)C(=O)NC2=O		1	C1=CCC2C(C1)C(=O)N(C2=O)SC(Cl)(Cl)Cl	https://envipath.org/package/5882df9c-dae1-4d80-a40e-db4724271456/pathway/d7299054-93aa-4196-9d3e-5e13f2b3561b	Captan
https://envipath.org/package/5882df9c-dae1-4d80-a40e-db4724271456/compound/dabf189e-ad57-4ea8-a5ec-55db0576e7a8/structure/d13f2da5-e84f-4ce3-9238-2e5ba34eff26	Trichloromethanethiol	C(Cl)(Cl)(Cl)S		1	C1=CCC2C(C1)C(=O)N(C2=O)SC(Cl)(Cl)Cl	https://envipath.org/package/5882df9c-dae1-4d80-a40e-db4724271456/pathway/d7299054-93aa-4196-9d3e-5e13f2b3561b	Captan
https://envipath.org/package/5882df9c-dae1-4d80-a40e-db4724271456/compound/53614204-bcb8-4d99-96e0-3ecf9441e058/structure/2e1a9263-4c20-45a7-b7f1-ddf4529603be	THPI epoxid	C1C2C(CC3C1O3)C(=O)NC2=O		2	C1=CCC2C(C1)C(=O)NC2=O	https://envipath.org/package/5882df9c-dae1-4d80-a40e-db4724271456/pathway/d7299054-93aa-4196-9d3e-5e13f2b3561b	Captan
https://envipath.org/package/5882df9c-dae1-4d80-a40e-db4724271456/compound/847ae922-b64d-4586-ac06-82c8cbc05063/structure/268c5934-a282-4945-a88d-6778a36f1767	THPAI	C1=CCC(C(C1)C(=O)O)C(=O)O		3	C1=CCC(C(C1)C(=O)N)C(=O)O	https://envipath.org/package/5882df9c-dae1-4d80-a40e-db4724271456/pathway/d7299054-93aa-4196-9d3e-5e13f2b3561b	Captan
https://envipath.org/package/5882df9c-dae1-4d80-a40e-db4724271456/compound/60e37c38-23c2-4cbb-b3d8-b38e8d2561c6/structure/88b00c58-8267-4670-af76-ff9e312e162e	Captan	C1=CCC2C(C1)C(=O)N(C2=O)SC(Cl)(Cl)Cl		0		https://envipath.org/package/5882df9c-dae1-4d80-a40e-db4724271456/pathway/d7299054-93aa-4196-9d3e-5e13f2b3561b	Captan
https://envipath.org/package/5882df9c-dae1-4d80-a40e-db4724271456/compound/80913422-6581-4166-a2c0-5f298b9c6922/structure/88f8e6fc-79e6-48c5-bf5e-84503c1755a9	THPI Diol	C1C2C(CC(C1O)O)C(=O)NC2=O		3	C1C2C(CC3C1O3)C(=O)NC2=O	https://envipath.org/package/5882df9c-dae1-4d80-a40e-db4724271456/pathway/d7299054-93aa-4196-9d3e-5e13f2b3561b	Captan
https://envipath.org/package/5882df9c-dae1-4d80-a40e-db4724271456/compound/52c2d3b7-d72f-41d1-b372-45d971a7154e/structure/65102e95-cd0b-47bd-b5b9-c6e918c78b11	NQ	C1=CC2=C(C=C1)C(=O)C=CC2=O		3	C1=CC2=C(C=CC(=C2C=C1)O)O	https://envipath.org/package/5882df9c-dae1-4d80-a40e-db4724271456/pathway/28889e09-2bc6-47bd-a1a0-122293581ad7	Carbaryl
https://envipath.org/package/5882df9c-dae1-4d80-a40e-db4724271456/compound/437b0fa2-bdbf-45df-9c69-d710a99d420f/structure/ea65029e-0944-4232-a448-a1ff223fd0d8	1-napthyl-(hydroxymethyl)-carbamate MC	C1=CC2=C(C=C1)C(=CC=C2)OC(=O)NCO		-99		https://envipath.org/package/5882df9c-dae1-4d80-a40e-db4724271456/pathway/28889e09-2bc6-47bd-a1a0-122293581ad7	Carbaryl
https://envipath.org/package/5882df9c-dae1-4d80-a40e-db4724271456/compound/7abdf20d-38f2-4da2-afbd-7d9efb028cb2/structure/89afed3f-e640-4815-a2a8-61166a534516	1,4-Dihydroxynaphthalene	C1=CC2=C(C=CC(=C2C=C1)O)O		2	C1=CC2=C(C=C1)C(=CC=C2)O	https://envipath.org/package/5882df9c-dae1-4d80-a40e-db4724271456/pathway/28889e09-2bc6-47bd-a1a0-122293581ad7	Carbaryl
https://envipath.org/package/5882df9c-dae1-4d80-a40e-db4724271456/compound/b68871c1-7ee9-4a82-9ff6-f7f94d675903/structure/8af89826-7f76-4737-bd8b-9d5b04bd44c3	Carbaryl	CNC(=O)OC1=CC=CC2=C1C=CC=C2		0		https://envipath.org/package/5882df9c-dae1-4d80-a40e-db4724271456/pathway/28889e09-2bc6-47bd-a1a0-122293581ad7	Carbaryl
https://envipath.org/package/5882df9c-dae1-4d80-a40e-db4724271456/compound/0b1b0b11-c19b-46d1-be85-3339be521106/structure/16300d20-55a3-42f4-b7a0-e301ecb4b1c3	1-Napthol	C1=CC2=C(C=C1)C(=CC=C2)O		1	CNC(=O)OC1=CC=CC2=C1C=CC=C2	https://envipath.org/package/5882df9c-dae1-4d80-a40e-db4724271456/pathway/28889e09-2bc6-47bd-a1a0-122293581ad7	Carbaryl
https://envipath.org/package/5882df9c-dae1-4d80-a40e-db4724271456/compound/aef7695c-e345-4ba2-8a66-89c42c570533/structure/f13564d5-23b7-421d-9c12-1dfe83b29e05	Carbendazim	COC(=O)NC1=NC2=C(C=CC=C2)N1		0		https://envipath.org/package/5882df9c-dae1-4d80-a40e-db4724271456/pathway/1573e7e3-5180-4266-a9cf-4070858ae9eb	Carbendazim
https://envipath.org/package/5882df9c-dae1-4d80-a40e-db4724271456/compound/53b22ee2-a22f-49c9-ab8a-679005eddd38/structure/8c41c22c-2ea3-4709-94da-e90c0f37d21e	2-AB (2-Amine-1H-benzimidazole)	C1=CC2=C(C=C1)N=C(N)N2		1	COC(=O)NC1=NC2=C(C=CC=C2)N1	https://envipath.org/package/5882df9c-dae1-4d80-a40e-db4724271456/pathway/1573e7e3-5180-4266-a9cf-4070858ae9eb	Carbendazim
https://envipath.org/package/5882df9c-dae1-4d80-a40e-db4724271456/compound/cbd9060a-b57b-4446-87a9-c8addb66915f/structure/5c3bb44a-fb13-4185-9c89-a78e38aee730	RP 12913	CC1C(=O)N(C2=CC=CC=C2)C(=O)O1		2	CC(C(=O)NC(=O)O)OC(=O)NC1=CC=CC=C1	https://envipath.org/package/5882df9c-dae1-4d80-a40e-db4724271456/pathway/b576afad-0a8e-4e0e-9dde-7a0d2cab42f1	Carbetamide
https://envipath.org/package/5882df9c-dae1-4d80-a40e-db4724271456/compound/0d1caa45-457a-40d4-b2dc-93a972aabf1d/structure/659c7501-00e7-48a2-913b-f0f4fbaf585b	Carbetamide	CCNC(=O)C(C)OC(=O)NC1=CC=CC=C1		0		https://envipath.org/package/5882df9c-dae1-4d80-a40e-db4724271456/pathway/b576afad-0a8e-4e0e-9dde-7a0d2cab42f1	Carbetamide
https://envipath.org/package/5882df9c-dae1-4d80-a40e-db4724271456/compound/8f02d71a-c959-402d-91f7-c871a88882b4/structure/7e0d6c79-d1b3-44a9-977f-265477b70ca1	RP 10810	CC(C(=O)NC(=O)O)OC(=O)NC1=CC=CC=C1		1	CCNC(=O)C(C)OC(=O)NC1=CC=CC=C1	https://envipath.org/package/5882df9c-dae1-4d80-a40e-db4724271456/pathway/b576afad-0a8e-4e0e-9dde-7a0d2cab42f1	Carbetamide
https://envipath.org/package/5882df9c-dae1-4d80-a40e-db4724271456/compound/6d01b6b2-6bdc-452b-b815-bfbc8c867c33/structure/20d85789-c6a1-42d3-97bd-833a06ef925c	RP 29922	CC1C(=O)N(C2=CC=C(C=C2)O)C(=O)O1		3	CC1C(=O)N(C2=CC=CC=C2)C(=O)O1	https://envipath.org/package/5882df9c-dae1-4d80-a40e-db4724271456/pathway/b576afad-0a8e-4e0e-9dde-7a0d2cab42f1	Carbetamide
https://envipath.org/package/5882df9c-dae1-4d80-a40e-db4724271456/compound/19f1af04-347e-4bcc-b1cb-6996f7566d94/structure/b188f27c-4537-4fdf-9ce6-1e9afa496d95	RP 39791	CC(C(=O)NC1=CC=CC=C1)O		3	CC1C(=O)N(C2=CC=CC=C2)C(=O)O1	https://envipath.org/package/5882df9c-dae1-4d80-a40e-db4724271456/pathway/b576afad-0a8e-4e0e-9dde-7a0d2cab42f1	Carbetamide
https://envipath.org/package/5882df9c-dae1-4d80-a40e-db4724271456/compound/e8d09bb4-b56c-40e6-b497-d802e530eaee/structure/50339fa2-80df-4a6b-b4cb-75b4764830f8	Carbofuran	CC1(C)CC2=CC=CC(=C2O1)OC(=O)NC		0		https://envipath.org/package/5882df9c-dae1-4d80-a40e-db4724271456/pathway/460a475d-0c46-436c-abc0-ceab66fc4784	Carbofuran
https://envipath.org/package/5882df9c-dae1-4d80-a40e-db4724271456/compound/38ad016f-20bb-4e8d-ba72-2de8e14b24bc/structure/49153508-5a02-4335-9306-f54129eacece	Carbofuran-phenol, 7-phenol	CC1(C)CC2=CC=CC(=C2O1)O		1	CC1(C)CC2=CC=CC(=C2O1)OC(=O)NC	https://envipath.org/package/5882df9c-dae1-4d80-a40e-db4724271456/pathway/460a475d-0c46-436c-abc0-ceab66fc4784	Carbofuran
https://envipath.org/package/5882df9c-dae1-4d80-a40e-db4724271456/compound/e78f33f1-0f84-42cc-b033-2f04370ad324/structure/80e35405-1fb7-495e-bec0-ea38a1c5670d	3-OH-carbofuran	CC1(C)C(C2=CC=CC(=C2O1)OC(=O)NC)O		1	CC1(C)CC2=CC=CC(=C2O1)OC(=O)NC	https://envipath.org/package/5882df9c-dae1-4d80-a40e-db4724271456/pathway/460a475d-0c46-436c-abc0-ceab66fc4784	Carbofuran
https://envipath.org/package/5882df9c-dae1-4d80-a40e-db4724271456/compound/20b99649-55bc-415b-b464-1f5623b02f8e/structure/b9e32b93-b988-4cb9-bd18-e4295ef3613f	3-keto-7-phenol	CC1(C)C(=O)C2=CC=CC(=C2O1)O		-99		https://envipath.org/package/5882df9c-dae1-4d80-a40e-db4724271456/pathway/460a475d-0c46-436c-abc0-ceab66fc4784	Carbofuran
https://envipath.org/package/5882df9c-dae1-4d80-a40e-db4724271456/compound/e54556b3-1ebc-4062-a64e-73c1a49b4522/structure/379083d6-ae83-4618-bf99-fde02264ea53	3-keto-carbofuran	CC1(C)C(=O)C2=CC=CC(=C2O1)OC(=O)NC		2	CC1(C)C(C2=CC=CC(=C2O1)OC(=O)NC)O	https://envipath.org/package/5882df9c-dae1-4d80-a40e-db4724271456/pathway/460a475d-0c46-436c-abc0-ceab66fc4784	Carbofuran
https://envipath.org/package/5882df9c-dae1-4d80-a40e-db4724271456/compound/f2bb2ed1-efa5-40f3-8d38-aa5d27998d00/structure/2315f92d-c3d7-4ed0-b43b-7236fe069ae4	3-OH-7-phenol	CC1(C)C(C2=CC=CC(=C2O1)O)O		-99		https://envipath.org/package/5882df9c-dae1-4d80-a40e-db4724271456/pathway/460a475d-0c46-436c-abc0-ceab66fc4784	Carbofuran
https://envipath.org/package/5882df9c-dae1-4d80-a40e-db4724271456/compound/f71f2a92-5226-4e5c-af5e-bf9d10079588/structure/3a4678f9-55aa-4f79-be03-b0d872f9f6e6	3-OH-carbosulfan	CCCCN(CCCC)S(=O)(=O)N(C)C(=O)OC1=C2C(=CC=C1)C(C(C)(C)O2)O		-99		https://envipath.org/package/5882df9c-dae1-4d80-a40e-db4724271456/pathway/1b408c15-ce9c-4e81-86f7-27989bf4c691	Carbosulfan
https://envipath.org/package/5882df9c-dae1-4d80-a40e-db4724271456/compound/d883cd74-2373-4c64-94e6-e01ff6773fec/structure/47683a62-6508-43a9-91db-bb075f35f67d	Dibutylamine	CCCCNCCCC		1	CCCCN(CCCC)SN(C)C(=O)OC1=C2C(=CC=C1)CC(C)(C)O2	https://envipath.org/package/5882df9c-dae1-4d80-a40e-db4724271456/pathway/1b408c15-ce9c-4e81-86f7-27989bf4c691	Carbosulfan
https://envipath.org/package/5882df9c-dae1-4d80-a40e-db4724271456/compound/38ad016f-20bb-4e8d-ba72-2de8e14b24bc/structure/49153508-5a02-4335-9306-f54129eacece	Carbofuran-phenol, 7-phenol	CC1(C)CC2=CC=CC(=C2O1)O		2	CC1(C)CC2=CC=CC(=C2O1)OC(=O)NC	https://envipath.org/package/5882df9c-dae1-4d80-a40e-db4724271456/pathway/1b408c15-ce9c-4e81-86f7-27989bf4c691	Carbosulfan
https://envipath.org/package/5882df9c-dae1-4d80-a40e-db4724271456/compound/e54556b3-1ebc-4062-a64e-73c1a49b4522/structure/379083d6-ae83-4618-bf99-fde02264ea53	3-keto-carbofuran	CC1(C)C(=O)C2=CC=CC(=C2O1)OC(=O)NC		3	CC1(C)C(C2=CC=CC(=C2O1)OC(=O)NC)O	https://envipath.org/package/5882df9c-dae1-4d80-a40e-db4724271456/pathway/1b408c15-ce9c-4e81-86f7-27989bf4c691	Carbosulfan
https://envipath.org/package/5882df9c-dae1-4d80-a40e-db4724271456/compound/3d7f4921-a730-4def-b248-2828fd26f119/structure/f78b70c3-4593-4318-b22b-722e74176bcd	Carbosulfan	CCCCN(CCCC)SN(C)C(=O)OC1=C2C(=CC=C1)CC(C)(C)O2		0		https://envipath.org/package/5882df9c-dae1-4d80-a40e-db4724271456/pathway/1b408c15-ce9c-4e81-86f7-27989bf4c691	Carbosulfan
https://envipath.org/package/5882df9c-dae1-4d80-a40e-db4724271456/compound/e8d09bb4-b56c-40e6-b497-d802e530eaee/structure/50339fa2-80df-4a6b-b4cb-75b4764830f8	Carbofuran	CC1(C)CC2=CC=CC(=C2O1)OC(=O)NC		1	CCCCN(CCCC)SN(C)C(=O)OC1=C2C(=CC=C1)CC(C)(C)O2	https://envipath.org/package/5882df9c-dae1-4d80-a40e-db4724271456/pathway/1b408c15-ce9c-4e81-86f7-27989bf4c691	Carbosulfan
https://envipath.org/package/5882df9c-dae1-4d80-a40e-db4724271456/compound/e78f33f1-0f84-42cc-b033-2f04370ad324/structure/80e35405-1fb7-495e-bec0-ea38a1c5670d	3-OH-carbofuran	CC1(C)C(C2=CC=CC(=C2O1)OC(=O)NC)O		2	CC1(C)CC2=CC=CC(=C2O1)OC(=O)NC	https://envipath.org/package/5882df9c-dae1-4d80-a40e-db4724271456/pathway/1b408c15-ce9c-4e81-86f7-27989bf4c691	Carbosulfan
https://envipath.org/package/5882df9c-dae1-4d80-a40e-db4724271456/compound/7515a622-8518-493e-9e8c-673271d165bd/structure/c0b2f8fc-d578-40d7-83e9-7b99db2dc508	3-keto-carbosulfan	CCCCN(CCCC)S(=O)(=O)N(C)C(=O)OC1=C2C(=CC=C1)C(=O)C(C)(C)O2		-99		https://envipath.org/package/5882df9c-dae1-4d80-a40e-db4724271456/pathway/1b408c15-ce9c-4e81-86f7-27989bf4c691	Carbosulfan
https://envipath.org/package/5882df9c-dae1-4d80-a40e-db4724271456/compound/302a374f-4e49-4d20-acec-9ca3d3cac21f/structure/252fd54b-ce8e-489e-84db-c80f97f184e9	Carbosulfan-sulfone	CCCCN(CCCC)S(=O)(=O)N(C)C(=O)OC1=C2C(=CC=C1)CC(C)(C)O2		-99		https://envipath.org/package/5882df9c-dae1-4d80-a40e-db4724271456/pathway/1b408c15-ce9c-4e81-86f7-27989bf4c691	Carbosulfan
https://envipath.org/package/5882df9c-dae1-4d80-a40e-db4724271456/compound/c6f8589f-d80f-41c3-9cfb-58665af1216e/structure/4cd457eb-990d-41e7-96cd-66deba6fb049	M13 P/V-54	CC1=C(C(=O)N)S(=O)CCO1		2	CC1=C(C(=O)NC2=CC=CC=C2)S(=O)CCO1	https://envipath.org/package/5882df9c-dae1-4d80-a40e-db4724271456/pathway/577313de-b9df-4886-a48f-982b65c5d671	Carboxin
https://envipath.org/package/5882df9c-dae1-4d80-a40e-db4724271456/compound/b3506416-f866-44d3-aed4-30b4be399c60/structure/1467f8f7-e86d-4e91-8642-bcde2f5ce39c	M5/M7, diastereomers	CC1(C(C(=O)NC2=CC=CC=C2)SCCO1)O		1	CC1=C(C(=O)NC2=CC=CC=C2)SCCO1	https://envipath.org/package/5882df9c-dae1-4d80-a40e-db4724271456/pathway/577313de-b9df-4886-a48f-982b65c5d671	Carboxin
https://envipath.org/package/5882df9c-dae1-4d80-a40e-db4724271456/compound/48599b0e-540f-4314-a3a6-3efecc176b3b/structure/0254dc50-0bd7-416b-9c7f-88e3e9b796a1	Carboxin	CC1=C(C(=O)NC2=CC=CC=C2)SCCO1		0		https://envipath.org/package/5882df9c-dae1-4d80-a40e-db4724271456/pathway/577313de-b9df-4886-a48f-982b65c5d671	Carboxin
https://envipath.org/package/5882df9c-dae1-4d80-a40e-db4724271456/compound/93631b75-2216-401b-acc6-06f843cb6e13/structure/98069014-89ed-48f9-b3de-817535fa0ce7	M9	CC1(C(C(=O)NC2=CC=CC=C2)S(=O)CCO1)O		2	CC1(C(C(=O)NC2=CC=CC=C2)SCCO1)O	https://envipath.org/package/5882df9c-dae1-4d80-a40e-db4724271456/pathway/577313de-b9df-4886-a48f-982b65c5d671	Carboxin
https://envipath.org/package/5882df9c-dae1-4d80-a40e-db4724271456/compound/c5e4ce09-4f02-4786-b70b-441832a33033/structure/e5e4c3bc-0773-4e0e-8d77-fb7cd5341a70	M17	C1=CC=C(C=C1)NC(=O)CS(=O)CCO		-99		https://envipath.org/package/5882df9c-dae1-4d80-a40e-db4724271456/pathway/577313de-b9df-4886-a48f-982b65c5d671	Carboxin
https://envipath.org/package/5882df9c-dae1-4d80-a40e-db4724271456/compound/5b1e90fe-b53d-4cac-b005-d0d0825ecc47/structure/26ddd548-1881-4a31-b5e5-cd69cc402646	M12-P	C1=CC=C(C=C1)NC(=O)C(C(=O)O)O		3	CC1=C(C(=O)NC2=CC=CC=C2)S(=O)(=O)CCO1	https://envipath.org/package/5882df9c-dae1-4d80-a40e-db4724271456/pathway/577313de-b9df-4886-a48f-982b65c5d671	Carboxin
https://envipath.org/package/5882df9c-dae1-4d80-a40e-db4724271456/compound/9c7fd746-a380-4509-a58d-9fc55997fded/structure/877bea11-d056-44cf-a595-646a33ceb758	M1 (P/V-10)	C=CS(=O)(=O)CC(=O)NC1=CC=CC=C1		3	CC1(C(C(=O)NC2=CC=CC=C2)S(=O)CCO1)O	https://envipath.org/package/5882df9c-dae1-4d80-a40e-db4724271456/pathway/577313de-b9df-4886-a48f-982b65c5d671	Carboxin
https://envipath.org/package/5882df9c-dae1-4d80-a40e-db4724271456/compound/b2350c57-edbd-4bdc-a156-7e4b5a4b611f/structure/65c28bd1-a1a4-48ba-aa28-24deb07b0798	Carboxin sulfone M0	CC1=C(C(=O)NC2=CC=CC=C2)S(=O)(=O)CCO1		2	CC1=C(C(=O)NC2=CC=CC=C2)S(=O)CCO1	https://envipath.org/package/5882df9c-dae1-4d80-a40e-db4724271456/pathway/577313de-b9df-4886-a48f-982b65c5d671	Carboxin
https://envipath.org/package/5882df9c-dae1-4d80-a40e-db4724271456/compound/178fc504-ebcc-481e-85b6-341343e3dda7/structure/98f96c1a-b53e-472c-b48e-b3004bd44457	M8 additional	CC1C(C(=O)NC2=CC=CC=C2)(O)S(=O)CCO1		-99		https://envipath.org/package/5882df9c-dae1-4d80-a40e-db4724271456/pathway/577313de-b9df-4886-a48f-982b65c5d671	Carboxin
https://envipath.org/package/5882df9c-dae1-4d80-a40e-db4724271456/compound/7856249f-c363-4f1f-a83a-c888c41ac642/structure/dbc36b64-09c8-40bd-b293-9787b5a52a56	M8	CSC(=O)C(=O)NC1=CC=CC=C1		2	CC(=O)OCCSC(=O)C(=O)NC1=CC=CC=C1	https://envipath.org/package/5882df9c-dae1-4d80-a40e-db4724271456/pathway/577313de-b9df-4886-a48f-982b65c5d671	Carboxin
https://envipath.org/package/5882df9c-dae1-4d80-a40e-db4724271456/compound/e20c4aa0-f4c4-4534-8b49-6002a6ac5ffd/structure/723bd57a-2054-4cf3-8a4b-2b4c89ad0c47	Carboxin sulfoxide P/V-16 M4	CC1=C(C(=O)NC2=CC=CC=C2)S(=O)CCO1		1	CC1=C(C(=O)NC2=CC=CC=C2)SCCO1	https://envipath.org/package/5882df9c-dae1-4d80-a40e-db4724271456/pathway/577313de-b9df-4886-a48f-982b65c5d671	Carboxin
https://envipath.org/package/5882df9c-dae1-4d80-a40e-db4724271456/compound/850fedf9-a16e-480a-a20c-005c35ec0fc5/structure/da52be54-ece8-422b-b6de-ad18975c6568	PH-3, P/V-05	C=CS(=O)CC(=O)NC1=CC=CC=C1		-99		https://envipath.org/package/5882df9c-dae1-4d80-a40e-db4724271456/pathway/577313de-b9df-4886-a48f-982b65c5d671	Carboxin
https://envipath.org/package/5882df9c-dae1-4d80-a40e-db4724271456/compound/2f75cf1b-79d5-4bf8-8ea0-7e19a64efc87/structure/41b0372f-3401-4ecf-a26e-513e46989f63	M6	CC(=O)OCCSC(=O)C(=O)NC1=CC=CC=C1		1	CC1=C(C(=O)NC2=CC=CC=C2)SCCO1	https://envipath.org/package/5882df9c-dae1-4d80-a40e-db4724271456/pathway/577313de-b9df-4886-a48f-982b65c5d671	Carboxin
https://envipath.org/package/5882df9c-dae1-4d80-a40e-db4724271456/compound/5ce13378-6faf-4eef-bb04-fa9fc3a2dad9/structure/9dccbf1d-15f3-417b-a682-38676f64972f	M14 P/V-55	CC1=C(C(=O)N)S(=O)(=O)CCO1		3	CC1=C(C(=O)NC2=CC=CC=C2)S(=O)(=O)CCO1	https://envipath.org/package/5882df9c-dae1-4d80-a40e-db4724271456/pathway/577313de-b9df-4886-a48f-982b65c5d671	Carboxin
https://envipath.org/package/5882df9c-dae1-4d80-a40e-db4724271456/compound/3d0b7559-9fa1-4b81-97ab-66bf6e65cf14/structure/dd0e36ea-a8cc-4a7e-b36b-ed8d37c937f4	F8426-propionic acid	CC1=NN(C2=CC(=C(C=C2F)Cl)CCC(=O)O)C(=O)N1C(F)F	minor	2	CC1=NN(C2=CC(=C(C=C2F)Cl)CC(C(=O)O)Cl)C(=O)N1C(F)F	https://envipath.org/package/5882df9c-dae1-4d80-a40e-db4724271456/pathway/bfb06608-bbce-4c3d-9303-bc0ea465ffeb	Carfentrazone-ethyl
https://envipath.org/package/5882df9c-dae1-4d80-a40e-db4724271456/compound/da122933-362b-4e15-9041-02a37ec73c7e/structure/a552d7c4-3cea-4b07-b7ba-1fa7d03137a2	F8426-cinnamic acid	CC1=NN(C2=CC(=C(C=C2F)Cl)/C=C/C(=O)O)C(=O)N1C(F)F	major	2	CC1=NN(C2=CC(=C(C=C2F)Cl)CC(C(=O)O)Cl)C(=O)N1C(F)F	https://envipath.org/package/5882df9c-dae1-4d80-a40e-db4724271456/pathway/bfb06608-bbce-4c3d-9303-bc0ea465ffeb	Carfentrazone-ethyl
https://envipath.org/package/5882df9c-dae1-4d80-a40e-db4724271456/compound/c8b4c345-6612-49b4-a7e8-8e01f19a8a93/structure/9f4839a9-6c2e-4961-a9a3-a904d57b1c3a	F8426-chloropropionic acid	CC1=NN(C2=CC(=C(C=C2F)Cl)CC(C(=O)O)Cl)C(=O)N1C(F)F	major	1	CCOC(=O)C(CC1=C(C=C(C(=C1)N2C(=O)N(C(=N2)C)C(F)F)F)Cl)Cl	https://envipath.org/package/5882df9c-dae1-4d80-a40e-db4724271456/pathway/bfb06608-bbce-4c3d-9303-bc0ea465ffeb	Carfentrazone-ethyl
https://envipath.org/package/5882df9c-dae1-4d80-a40e-db4724271456/compound/7daa30dc-2572-4ce3-ae04-1a61f3d29cb9/structure/4a355170-8732-40ba-a5c4-bf22eaa9cd78	F8246-dicarboxylic acid	C1=C(C(=CC(=C1C(=O)O)Cl)F)N2C(=O)N(C(=N2)C(=O)O)C(F)F	major	5	C1=C(C(=CC(=C1C(=O)O)Cl)F)N2C(=O)N(C(=N2)CO)C(F)F	https://envipath.org/package/5882df9c-dae1-4d80-a40e-db4724271456/pathway/bfb06608-bbce-4c3d-9303-bc0ea465ffeb	Carfentrazone-ethyl
https://envipath.org/package/5882df9c-dae1-4d80-a40e-db4724271456/compound/c5558a84-e579-426a-accd-91d278601a1c/structure/b884e675-6382-40c3-9a87-0f411e1b5a94	Methoxy-F8246-despropionate	CC1=NN(C2=CC(=C(C=C2F)Cl)OC)C(=O)N1C(F)F	major	4	CC1=NN(C2=CC(=C(C=C2F)Cl)C(=O)O)C(=O)N1C(F)F	https://envipath.org/package/5882df9c-dae1-4d80-a40e-db4724271456/pathway/bfb06608-bbce-4c3d-9303-bc0ea465ffeb	Carfentrazone-ethyl
https://envipath.org/package/5882df9c-dae1-4d80-a40e-db4724271456/compound/8c757d3d-45a6-4996-addf-5b5ff16e894d/structure/3f23a8bb-2a7d-4a1d-9c4f-aa5627bead16	FMC185655 	CC1=NNC(=O)N1C(F)F		4	CC1=NN(C2=CC(=C(C=C2F)Cl)C(=O)O)C(=O)N1C(F)F	https://envipath.org/package/5882df9c-dae1-4d80-a40e-db4724271456/pathway/bfb06608-bbce-4c3d-9303-bc0ea465ffeb	Carfentrazone-ethyl
https://envipath.org/package/5882df9c-dae1-4d80-a40e-db4724271456/compound/0e5617d8-6a32-4351-9bed-fdf5aa06ceb3/structure/ac3ae3b4-51ab-43e3-9839-f8ea2c785510	3-hydroxymethyl-F8426-benzoic acid	C1=C(C(=CC(=C1C(=O)O)Cl)F)N2C(=O)N(C(=N2)CO)C(F)F	minor	4	C(CC(=O)O)C1=C(C=C(C(=C1)N2C(=O)N(C(=N2)CO)C(F)F)F)Cl	https://envipath.org/package/5882df9c-dae1-4d80-a40e-db4724271456/pathway/bfb06608-bbce-4c3d-9303-bc0ea465ffeb	Carfentrazone-ethyl
https://envipath.org/package/5882df9c-dae1-4d80-a40e-db4724271456/compound/94684405-6978-433a-a943-05f60e21cd73/structure/dc8b9e0b-2c12-45de-ae1b-5e2dd64c4517	3-hydroxymethyl-F8426-chloropropionic acid	C(C1=C(C=C(C(=C1)N2C(=O)N(C(=N2)CO)C(F)F)F)Cl)C(C(=O)O)Cl	minor	2	CC1=NN(C2=CC(=C(C=C2F)Cl)CC(C(=O)O)Cl)C(=O)N1C(F)F	https://envipath.org/package/5882df9c-dae1-4d80-a40e-db4724271456/pathway/bfb06608-bbce-4c3d-9303-bc0ea465ffeb	Carfentrazone-ethyl
https://envipath.org/package/5882df9c-dae1-4d80-a40e-db4724271456/compound/2a6860b0-f048-4065-8387-34fd9b7a0c68/structure/dee6bffe-01e1-4f3a-b23b-ad70c41e7bc5	Carfentrazone-ethyl	CCOC(=O)C(CC1=C(C=C(C(=C1)N2C(=O)N(C(=N2)C)C(F)F)F)Cl)Cl		0		https://envipath.org/package/5882df9c-dae1-4d80-a40e-db4724271456/pathway/bfb06608-bbce-4c3d-9303-bc0ea465ffeb	Carfentrazone-ethyl
https://envipath.org/package/5882df9c-dae1-4d80-a40e-db4724271456/compound/229754d8-ae13-47c3-adaa-84fa4af72746/structure/1b40f6fe-d650-4036-a182-7129e338b35c	3-hydroxymethyl-F8426-cinnamic acid	C(=C\C(=O)O)/C1=C(C=C(C(=C1)N2C(=O)N(C(=N2)CO)C(F)F)F)Cl		3	C(C1=C(C=C(C(=C1)N2C(=O)N(C(=N2)CO)C(F)F)F)Cl)C(C(=O)O)Cl	https://envipath.org/package/5882df9c-dae1-4d80-a40e-db4724271456/pathway/bfb06608-bbce-4c3d-9303-bc0ea465ffeb	Carfentrazone-ethyl
https://envipath.org/package/5882df9c-dae1-4d80-a40e-db4724271456/compound/7967bf20-b628-4701-8c91-08c38480e18a/structure/6b93d3bf-0384-45a8-8f50-05079685a1f5	F8426-benzoic acid	CC1=NN(C2=CC(=C(C=C2F)Cl)C(=O)O)C(=O)N1C(F)F	major	3	CC1=NN(C2=CC(=C(C=C2F)Cl)/C=C/C(=O)O)C(=O)N1C(F)F	https://envipath.org/package/5882df9c-dae1-4d80-a40e-db4724271456/pathway/bfb06608-bbce-4c3d-9303-bc0ea465ffeb	Carfentrazone-ethyl
https://envipath.org/package/5882df9c-dae1-4d80-a40e-db4724271456/compound/a55ff09e-153c-4364-aac1-eda7d7f14aac/structure/ef8a06e8-f1ad-4ab7-818e-fb9dd862d990	3-hydroxymethyl-F8246-propionic acid	C(CC(=O)O)C1=C(C=C(C(=C1)N2C(=O)N(C(=N2)CO)C(F)F)F)Cl	major	3	CC1=NN(C2=CC(=C(C=C2F)Cl)CCC(=O)O)C(=O)N1C(F)F	https://envipath.org/package/5882df9c-dae1-4d80-a40e-db4724271456/pathway/bfb06608-bbce-4c3d-9303-bc0ea465ffeb	Carfentrazone-ethyl
https://envipath.org/package/5882df9c-dae1-4d80-a40e-db4724271456/compound/9f051684-e59d-45a2-bb0d-4b223743f124/structure/b6608e41-9328-4575-a208-8e6648f0675d	IN-ECD73	CC1=CC(=CC2=C1N=C3C(=CC=CN3C2=O)Cl)Cl		1	CC1=C(C(=CC(=C1)Cl)C(=O)NC)NC(=O)C2=CC(=NN2C3=NC=CC=C3Cl)Br	https://envipath.org/package/5882df9c-dae1-4d80-a40e-db4724271456/pathway/b39f04f5-9930-4e6c-a9d2-c03c4e998c0f	Chlorantraniliprole
https://envipath.org/package/5882df9c-dae1-4d80-a40e-db4724271456/compound/1f684e46-59c9-4d81-87be-97e88c8798a3/structure/1c6e583c-15b9-47b8-b531-949ac4766838	IN-F6L99	CNC(=O)C1=CC(=NN1)Br		1	CC1=C(C(=CC(=C1)Cl)C(=O)NC)NC(=O)C2=CC(=NN2C3=NC=CC=C3Cl)Br	https://envipath.org/package/5882df9c-dae1-4d80-a40e-db4724271456/pathway/b39f04f5-9930-4e6c-a9d2-c03c4e998c0f	Chlorantraniliprole
https://envipath.org/package/5882df9c-dae1-4d80-a40e-db4724271456/compound/00fc125b-b10b-4480-8722-bf04265c106f/structure/a0795438-c498-467e-af56-b6acb230d0a4	Chlorantraniliprole	CC1=C(C(=CC(=C1)Cl)C(=O)NC)NC(=O)C2=CC(=NN2C3=NC=CC=C3Cl)Br		0		https://envipath.org/package/5882df9c-dae1-4d80-a40e-db4724271456/pathway/b39f04f5-9930-4e6c-a9d2-c03c4e998c0f	Chlorantraniliprole
https://envipath.org/package/5882df9c-dae1-4d80-a40e-db4724271456/compound/0b488858-3a07-46c4-bf05-76f8d34212eb/structure/465efb27-675b-4357-99d4-1a862c2e673c	IN-GAZ70	CC1=CC(=CC2=C1N=C(C3=CC(=NN3C4=NC=CC=C4Cl)Br)NC2=O)Cl		2	CC1=CC(=CC2=C1N=C(C3=CC(=NN3C4=NC=CC=C4Cl)Br)N(C)C2=O)Cl	https://envipath.org/package/5882df9c-dae1-4d80-a40e-db4724271456/pathway/b39f04f5-9930-4e6c-a9d2-c03c4e998c0f	Chlorantraniliprole
https://envipath.org/package/5882df9c-dae1-4d80-a40e-db4724271456/compound/75dc7551-c83a-4a62-a338-ce2192950f7f/structure/b6e2f6bb-8d60-4444-a499-c8aa8b1618ec	IN-F9N04	CC1=C(C(=CC(=C1)Cl)C(=O)N)NC(=O)C2=CC(=NN2C3=NC=CC=C3Cl)Br		1	CC1=C(C(=CC(=C1)Cl)C(=O)NC)NC(=O)C2=CC(=NN2C3=NC=CC=C3Cl)Br	https://envipath.org/package/5882df9c-dae1-4d80-a40e-db4724271456/pathway/b39f04f5-9930-4e6c-a9d2-c03c4e998c0f	Chlorantraniliprole
https://envipath.org/package/5882df9c-dae1-4d80-a40e-db4724271456/compound/67e0f98b-2810-439c-be40-fbd06dc150c6/structure/b34d4a34-6f0e-4641-8977-40cf35f91f4f	IN-EVK64	C1=C(C(=O)O)NN=C1Br		-99		https://envipath.org/package/5882df9c-dae1-4d80-a40e-db4724271456/pathway/b39f04f5-9930-4e6c-a9d2-c03c4e998c0f	Chlorantraniliprole
https://envipath.org/package/5882df9c-dae1-4d80-a40e-db4724271456/compound/95859e1c-4344-4a02-843b-30fdb66f93e3/structure/f89347d5-4767-407b-b39c-8a458df4a636	IN-EQW78	CC1=CC(=CC2=C1N=C(C3=CC(=NN3C4=NC=CC=C4Cl)Br)N(C)C2=O)Cl		1	CC1=C(C(=CC(=C1)Cl)C(=O)NC)NC(=O)C2=CC(=NN2C3=NC=CC=C3Cl)Br	https://envipath.org/package/5882df9c-dae1-4d80-a40e-db4724271456/pathway/b39f04f5-9930-4e6c-a9d2-c03c4e998c0f	Chlorantraniliprole
https://envipath.org/package/5882df9c-dae1-4d80-a40e-db4724271456/compound/27ccd957-3ca8-4780-a3bf-18b49428a72a/structure/261ab058-b66a-40f3-a1ef-a34236edcb3b	Chloridazon	C1=CC=C(C=C1)N2C(=O)C(=C(C=N2)N)Cl		0		https://envipath.org/package/5882df9c-dae1-4d80-a40e-db4724271456/pathway/59345291-a930-420b-83b5-1447e4ce97b1	Chloridazon
https://envipath.org/package/5882df9c-dae1-4d80-a40e-db4724271456/compound/4ea63df8-f7d0-4c8d-92df-e93e6be9f055/structure/3047ebd5-6ec2-483b-bb3a-fd6656c79696	Metabolite B	C1=NNC(=O)C(=C1N)Cl		1	C1=CC=C(C=C1)N2C(=O)C(=C(C=N2)N)Cl	https://envipath.org/package/5882df9c-dae1-4d80-a40e-db4724271456/pathway/59345291-a930-420b-83b5-1447e4ce97b1	Chloridazon
https://envipath.org/package/5882df9c-dae1-4d80-a40e-db4724271456/compound/f3689645-6a8f-44d6-b466-11e51a3dae08/structure/8888fcc9-c9ce-4157-b9c1-f5cb335914ca	Metabolite B-1	CN1C(=O)C(=C(C=N1)N)Cl		2	C1=NNC(=O)C(=C1N)Cl	https://envipath.org/package/5882df9c-dae1-4d80-a40e-db4724271456/pathway/59345291-a930-420b-83b5-1447e4ce97b1	Chloridazon
https://envipath.org/package/5882df9c-dae1-4d80-a40e-db4724271456/compound/6a3ea056-75fc-44d8-ad1d-56706db5abe7/structure/cdb61930-c59f-4879-a166-f485e692cdc4	Chlormequat	C[N+](C)(C)CCCl.[Cl-]		0		https://envipath.org/package/5882df9c-dae1-4d80-a40e-db4724271456/pathway/71431c3b-fe55-4cc1-ad67-d62de858070f	Chlormequat
https://envipath.org/package/5882df9c-dae1-4d80-a40e-db4724271456/compound/8797b51e-be83-48e1-82db-612c84006fdf/structure/940bfe36-513e-458e-b9cc-999b76b87d6f	Chloride	[Cl-]		1	C(Cl)(Cl)(Cl)[N+](=O)[O-]	https://envipath.org/package/5882df9c-dae1-4d80-a40e-db4724271456/pathway/757d4669-bc2e-4ffe-be67-346a2b6a6fb4	Chloropicrin
https://envipath.org/package/5882df9c-dae1-4d80-a40e-db4724271456/compound/c28020cf-8ccf-43ac-8c5b-70e4e5f1ac0b/structure/a69cd924-7e6f-4788-8893-2095e6b9a83b	Dichloronitromethane	C(Cl)(Cl)[N+](=O)[O-]		1	C(Cl)(Cl)(Cl)[N+](=O)[O-]	https://envipath.org/package/5882df9c-dae1-4d80-a40e-db4724271456/pathway/757d4669-bc2e-4ffe-be67-346a2b6a6fb4	Chloropicrin
https://envipath.org/package/5882df9c-dae1-4d80-a40e-db4724271456/compound/55acf3f0-6255-4ad2-81be-c8aed838dc65/structure/95325f28-1f15-4afe-8722-0d53a0cf32cd	Nitromethane	C[N+](=O)[O-]		3	C(Cl)[N+](=O)[O-]	https://envipath.org/package/5882df9c-dae1-4d80-a40e-db4724271456/pathway/757d4669-bc2e-4ffe-be67-346a2b6a6fb4	Chloropicrin
https://envipath.org/package/5882df9c-dae1-4d80-a40e-db4724271456/compound/1784894a-3cca-4cf4-9109-c0eb94e4c2f0/structure/186e6462-de87-4c86-9b49-2de1d1d40ef0	Carbonate	C(=O)([O-])[O-]		-99		https://envipath.org/package/5882df9c-dae1-4d80-a40e-db4724271456/pathway/757d4669-bc2e-4ffe-be67-346a2b6a6fb4	Chloropicrin
https://envipath.org/package/5882df9c-dae1-4d80-a40e-db4724271456/compound/d491f05e-8e1d-4192-8715-d15632e352cd/structure/52389ee8-d33f-4dc7-bc50-e3f0c62812e4	Chloronitromethane	C(Cl)[N+](=O)[O-]		2	C(Cl)(Cl)[N+](=O)[O-]	https://envipath.org/package/5882df9c-dae1-4d80-a40e-db4724271456/pathway/757d4669-bc2e-4ffe-be67-346a2b6a6fb4	Chloropicrin
https://envipath.org/package/5882df9c-dae1-4d80-a40e-db4724271456/compound/cfc60f93-718a-472d-a83f-7df60373361b/structure/a4fa5540-712e-498d-b789-080271cab368	Chloropicrin	C(Cl)(Cl)(Cl)[N+](=O)[O-]		0		https://envipath.org/package/5882df9c-dae1-4d80-a40e-db4724271456/pathway/757d4669-bc2e-4ffe-be67-346a2b6a6fb4	Chloropicrin
https://envipath.org/package/5882df9c-dae1-4d80-a40e-db4724271456/compound/6f28950c-bbec-4086-8d5e-d2bb0a220a57/structure/54eb11ad-b920-47a7-ae86-dcbb2b9c183a	IN-F5475	CC1=NC(=NC(=N1)O)O		3	CC1=NC(=NC(=N1)N)O	https://envipath.org/package/5882df9c-dae1-4d80-a40e-db4724271456/pathway/01ceaa21-dabe-4287-b8ab-679efd602be8	Chlorsulfuron
https://envipath.org/package/5882df9c-dae1-4d80-a40e-db4724271456/compound/d01bed44-505e-4de4-84c5-91caaf0ed9b4/structure/cbfc96f9-1051-455a-baed-20c4906b37c1	IN-M6957	CC1=NC(=NC(=N1)NC(=O)NS(=O)(=O)C2=C(C=CC=C2)Cl)O		1	CC1=NC(=NC(=N1)NC(=O)NS(=O)(=O)C2=C(C=CC=C2)Cl)OC	https://envipath.org/package/5882df9c-dae1-4d80-a40e-db4724271456/pathway/01ceaa21-dabe-4287-b8ab-679efd602be8	Chlorsulfuron
https://envipath.org/package/5882df9c-dae1-4d80-a40e-db4724271456/compound/b293f349-b5a2-4cf7-94fa-78b228f38bd8/structure/c0ce4221-d236-4e7e-a1ff-132164b8d3b0	IN-JJ998	C1=CC(=C(C=C1)S(=O)(=O)NC(=O)NC(=N)NC(=O)N)Cl		3	CC(=O)/N=C(\N=C(/N)\NC(=O)NS(=O)(=O)C1=C(C=CC=C1)Cl)/O	https://envipath.org/package/5882df9c-dae1-4d80-a40e-db4724271456/pathway/01ceaa21-dabe-4287-b8ab-679efd602be8	Chlorsulfuron
https://envipath.org/package/5882df9c-dae1-4d80-a40e-db4724271456/compound/736293d5-636b-490b-9ad3-7a1024d047ca/structure/9535b7a2-7f2a-480e-9228-093f5032b3bb	Int.1	CC(=O)/N=C(\N=C(/N)\NC(=O)NS(=O)(=O)C1=C(C=CC=C1)Cl)/O		2	CC1=NC(=NC(=N1)NC(=O)NS(=O)(=O)C2=C(C=CC=C2)Cl)O	https://envipath.org/package/5882df9c-dae1-4d80-a40e-db4724271456/pathway/01ceaa21-dabe-4287-b8ab-679efd602be8	Chlorsulfuron
https://envipath.org/package/5882df9c-dae1-4d80-a40e-db4724271456/compound/d06dd934-15d6-4690-a379-903b3398a530/structure/424e7175-23c1-45fb-b117-9a956577ac7f	O-desmethyl triazine amine (IN-B5528)	CC1=NC(=NC(=N1)N)O		2	CC1=NC(=NC(=N1)NC(=O)NS(=O)(=O)C2=C(C=CC=C2)Cl)O	https://envipath.org/package/5882df9c-dae1-4d80-a40e-db4724271456/pathway/01ceaa21-dabe-4287-b8ab-679efd602be8	Chlorsulfuron
https://envipath.org/package/5882df9c-dae1-4d80-a40e-db4724271456/compound/167cf982-c1ea-4b29-aaa7-54e4c925465a/structure/7e70af71-af67-486c-b805-c6161fd67b9a	IN-F5475 hydrated	CC(=O)NC(=O)NC(=O)N		4	CC1=NC(=NC(=N1)O)O	https://envipath.org/package/5882df9c-dae1-4d80-a40e-db4724271456/pathway/01ceaa21-dabe-4287-b8ab-679efd602be8	Chlorsulfuron
https://envipath.org/package/5882df9c-dae1-4d80-a40e-db4724271456/compound/45cde323-ba8b-46c2-9bb4-94cc18efc0d4/structure/a25e3f0b-ce55-4328-9a67-cc69de6aaada	Chlorsulfuron	CC1=NC(=NC(=N1)NC(=O)NS(=O)(=O)C2=C(C=CC=C2)Cl)OC		0		https://envipath.org/package/5882df9c-dae1-4d80-a40e-db4724271456/pathway/01ceaa21-dabe-4287-b8ab-679efd602be8	Chlorsulfuron
https://envipath.org/package/5882df9c-dae1-4d80-a40e-db4724271456/compound/09d7712e-42b9-438e-8c2a-b2633c4a6d85/structure/4a56562b-ae2d-4682-b2f6-e0d1d6008300	IN-A4097	C1=CC(=C(C=C1)S(=O)(=O)N)Cl		1	CC1=NC(=NC(=N1)NC(=O)NS(=O)(=O)C2=C(C=CC=C2)Cl)O	https://envipath.org/package/5882df9c-dae1-4d80-a40e-db4724271456/pathway/01ceaa21-dabe-4287-b8ab-679efd602be8	Chlorsulfuron
https://envipath.org/package/5882df9c-dae1-4d80-a40e-db4724271456/compound/16a66ffb-d8e6-43fe-92c9-0d5a25b94821/structure/929d2047-4bcb-41c8-bcd7-bb970abf3a83	Triazine amine (IN-A4098)	CC1=NC(=NC(=N1)N)OC		1	CC1=NC(=NC(=N1)NC(=O)N)OC	https://envipath.org/package/5882df9c-dae1-4d80-a40e-db4724271456/pathway/01ceaa21-dabe-4287-b8ab-679efd602be8	Chlorsulfuron
https://envipath.org/package/5882df9c-dae1-4d80-a40e-db4724271456/compound/61951402-056f-4a5c-98f0-85ca2ee27c48/structure/75384dfc-d6d8-4e87-b893-6193dab4be39	IN-V7160	CC1=NC(=NC(=N1)NC(=O)N)OC		1	CC1=NC(=NC(=N1)NC(=O)NS(=O)(=O)C2=C(C=CC=C2)Cl)OC	https://envipath.org/package/5882df9c-dae1-4d80-a40e-db4724271456/pathway/01ceaa21-dabe-4287-b8ab-679efd602be8	Chlorsulfuron
https://envipath.org/package/5882df9c-dae1-4d80-a40e-db4724271456/compound/962d9dc4-9e84-4e26-94b3-372c87b0e93b/structure/76d12b98-4e29-4dce-b324-d464258fb622	TPA Tetrachloroterephtalic acid	C1(=C(C(=C(C(=C1Cl)Cl)C(=O)O)Cl)Cl)C(=O)O		2	COC(=O)C1=C(C(=C(C(=C1Cl)Cl)C(=O)O)Cl)Cl	https://envipath.org/package/5882df9c-dae1-4d80-a40e-db4724271456/pathway/f0efaf9a-14cb-4564-989c-b664dd6c66f5	Chlorthal-dimethyl
https://envipath.org/package/5882df9c-dae1-4d80-a40e-db4724271456/compound/984cd41b-4706-4e58-9842-42393d32ece5/structure/4843dd96-599e-43e4-baea-709c3df32d7a	Chlorthal-dimethyl	COC(=O)C1=C(C(=C(C(=C1Cl)Cl)C(=O)OC)Cl)Cl		0		https://envipath.org/package/5882df9c-dae1-4d80-a40e-db4724271456/pathway/f0efaf9a-14cb-4564-989c-b664dd6c66f5	Chlorthal-dimethyl
https://envipath.org/package/5882df9c-dae1-4d80-a40e-db4724271456/compound/03c6106b-31af-4243-826a-e834dae2bfeb/structure/8590bffc-e902-4b77-a481-b618b54458a7	MPA Monomethyltetrachloroterephtalate	COC(=O)C1=C(C(=C(C(=C1Cl)Cl)C(=O)O)Cl)Cl		1	COC(=O)C1=C(C(=C(C(=C1Cl)Cl)C(=O)OC)Cl)Cl	https://envipath.org/package/5882df9c-dae1-4d80-a40e-db4724271456/pathway/f0efaf9a-14cb-4564-989c-b664dd6c66f5	Chlorthal-dimethyl
https://envipath.org/package/5882df9c-dae1-4d80-a40e-db4724271456/compound/bac59e3e-dd9f-45de-b697-60f3e60c4dc9/structure/1b40b614-f874-4e22-a805-9691edbdbd2a	M-006	CC1=CC(=CC(=C1)C)C(=O)N(C(C)(C)C)NC(=O)C2=CC=C3C(=C2C)CCC(=O)O3		1	CC1=CC(=CC(=C1)C)C(=O)N(C(C)(C)C)NC(=O)C2=CC=C3C(=C2C)CCCO3	https://envipath.org/package/5882df9c-dae1-4d80-a40e-db4724271456/pathway/701758b2-f288-4336-ba9c-15503e276510	Chromafenozide
https://envipath.org/package/5882df9c-dae1-4d80-a40e-db4724271456/compound/766f0c98-57fc-475d-b7ac-dde0cd138a48/structure/c491f478-abca-4bd9-a7a1-2c515b5a4de9	Chromafenozide	CC1=CC(=CC(=C1)C)C(=O)N(C(C)(C)C)NC(=O)C2=CC=C3C(=C2C)CCCO3		0		https://envipath.org/package/5882df9c-dae1-4d80-a40e-db4724271456/pathway/701758b2-f288-4336-ba9c-15503e276510	Chromafenozide
https://envipath.org/package/5882df9c-dae1-4d80-a40e-db4724271456/compound/2a2176d3-a0cc-45af-9e08-d2ea1b9db275/structure/f42977d3-74be-4d44-8dc3-3d719dc377b5	M-023	CC1=CC(=CC(=C1)C(=O)N(C(C)(C)C)NC(=O)C2=CC=C3C(=C2C)C(CCO3)O)C(=O)O		1	CC1=CC(=CC(=C1)C)C(=O)N(C(C)(C)C)NC(=O)C2=CC=C3C(=C2C)CCCO3	https://envipath.org/package/5882df9c-dae1-4d80-a40e-db4724271456/pathway/701758b2-f288-4336-ba9c-15503e276510	Chromafenozide
https://envipath.org/package/5882df9c-dae1-4d80-a40e-db4724271456/compound/fb11966b-2b8f-46c8-aaf6-552358016a9f/structure/029440ae-1046-4719-8c9f-41d76e3c8b17	M1 / M-010	CC1=CC(=CC(=C1)C)C(=O)N(C(C)(C)C)NC(=O)C2=CC=C3C(=C2C)C(CCO3)O		1	CC1=CC(=CC(=C1)C)C(=O)N(C(C)(C)C)NC(=O)C2=CC=C3C(=C2C)CCCO3	https://envipath.org/package/5882df9c-dae1-4d80-a40e-db4724271456/pathway/701758b2-f288-4336-ba9c-15503e276510	Chromafenozide
https://envipath.org/package/5882df9c-dae1-4d80-a40e-db4724271456/compound/2779b1a1-0f7e-4a50-8043-4370e50cd7cd/structure/d6106faf-b1c0-4cbd-9cf2-244037e44af0	Clethodim	CC/C(=N\OC/C=C/Cl)/C1=C(CC(CC(C)SCC)CC1=O)O		0		https://envipath.org/package/5882df9c-dae1-4d80-a40e-db4724271456/pathway/f06c5b3d-fb19-41ec-b7b1-36c5e80a0216	Clethodim
https://envipath.org/package/5882df9c-dae1-4d80-a40e-db4724271456/compound/c0e80daf-9b85-45ec-be51-9ea7beb27a5f/structure/4a5c0476-5f11-405a-8579-10abeedc4014	Clethodim sulfone	CC/C(=N\OC/C=C/Cl)/C1=C(CC(CC(C)S(=O)(=O)CC)CC1=O)O		2	CC/C(=N\OC/C=C/Cl)/C1=C(CC(CC(C)S(=O)CC)CC1=O)O	https://envipath.org/package/5882df9c-dae1-4d80-a40e-db4724271456/pathway/f06c5b3d-fb19-41ec-b7b1-36c5e80a0216	Clethodim
https://envipath.org/package/5882df9c-dae1-4d80-a40e-db4724271456/compound/2446662d-34a8-46e3-b68d-db5c766b72cd/structure/9ab1700e-4771-4970-bc42-1da9fbf243bc	Clethodim imine sulfoxide	CCC(=N)C1=C(CC(CC(C)S(=O)CC)CC1=O)O		2	CC/C(=N\OC/C=C/Cl)/C1=C(CC(CC(C)S(=O)CC)CC1=O)O	https://envipath.org/package/5882df9c-dae1-4d80-a40e-db4724271456/pathway/f06c5b3d-fb19-41ec-b7b1-36c5e80a0216	Clethodim
https://envipath.org/package/5882df9c-dae1-4d80-a40e-db4724271456/compound/1df5f68b-d975-40a3-88f7-2be1a68b0e95/structure/fabd3f21-9481-4f1b-bbaa-e630560ec4f5	Clethodim oxazole sulfoxide	CCC1=NC2=C(CC(CC(C)S(=O)CC)CC2=O)O1		2	CCC1=NC2=C(CC(CC(C)SCC)CC2=O)O1	https://envipath.org/package/5882df9c-dae1-4d80-a40e-db4724271456/pathway/f06c5b3d-fb19-41ec-b7b1-36c5e80a0216	Clethodim
https://envipath.org/package/5882df9c-dae1-4d80-a40e-db4724271456/compound/abce54d4-f755-4a3a-8e36-8e0db272b82a/structure/941ebf85-644a-4f48-b821-c2ef0b276b27	Clethodim sulfoxide	CC/C(=N\OC/C=C/Cl)/C1=C(CC(CC(C)S(=O)CC)CC1=O)O		1	CC/C(=N\OC/C=C/Cl)/C1=C(CC(CC(C)SCC)CC1=O)O	https://envipath.org/package/5882df9c-dae1-4d80-a40e-db4724271456/pathway/f06c5b3d-fb19-41ec-b7b1-36c5e80a0216	Clethodim
https://envipath.org/package/5882df9c-dae1-4d80-a40e-db4724271456/compound/4260e529-0c4c-44c0-97ea-ae8809079c00/structure/deba7613-7dcb-44db-a0bc-9f5926e073fb	Clethodim oxazole sulfone	CCC1=NC2=C(CC(CC(C)S(=O)(=O)CC)CC2=O)O1		3	CC/C(=N\OC/C=C/Cl)/C1=C(CC(CC(C)S(=O)(=O)CC)CC1=O)O	https://envipath.org/package/5882df9c-dae1-4d80-a40e-db4724271456/pathway/f06c5b3d-fb19-41ec-b7b1-36c5e80a0216	Clethodim
https://envipath.org/package/5882df9c-dae1-4d80-a40e-db4724271456/compound/9616e785-9fe4-40d1-b977-d9906603fbcb/structure/1bb425fa-286e-41c9-a310-00b958ad3158	Clethodim oxazole	CCC1=NC2=C(CC(CC(C)SCC)CC2=O)O1		1	CC/C(=N\OC/C=C/Cl)/C1=C(CC(CC(C)SCC)CC1=O)O	https://envipath.org/package/5882df9c-dae1-4d80-a40e-db4724271456/pathway/f06c5b3d-fb19-41ec-b7b1-36c5e80a0216	Clethodim
https://envipath.org/package/5882df9c-dae1-4d80-a40e-db4724271456/compound/bab3896a-c9c6-40fd-b3e4-3a68d52c462a/structure/c36547ff-55bb-4da9-8ced-56231d41b540	CGA 302371	C1=C(C(=O)NC=C1Cl)F		2	C[C@H](C(=O)O)OC1=CC=C(C=C1)OC2=NC=C(C=C2F)Cl	https://envipath.org/package/5882df9c-dae1-4d80-a40e-db4724271456/pathway/ec8b0bda-45db-44ec-a022-9cca656893ed	Clodinafop
https://envipath.org/package/5882df9c-dae1-4d80-a40e-db4724271456/compound/726eea1d-7717-4b33-8cd0-724730d2aad4/structure/42619bcb-d73a-43dd-8a9f-99ec84add631	Clodinafop	C#CCOC(=O)[C@@H](C)OC1=CC=C(C=C1)OC2=NC=C(C=C2F)Cl		0		https://envipath.org/package/5882df9c-dae1-4d80-a40e-db4724271456/pathway/ec8b0bda-45db-44ec-a022-9cca656893ed	Clodinafop
https://envipath.org/package/5882df9c-dae1-4d80-a40e-db4724271456/compound/b178040c-2a58-41a7-9f9f-29615098eacd/structure/6bdbe057-606f-4f6a-8904-ce6c5c91f050	CGA 193469	C[C@H](C(=O)O)OC1=CC=C(C=C1)OC2=NC=C(C=C2F)Cl		1	C#CCOC(=O)[C@@H](C)OC1=CC=C(C=C1)OC2=NC=C(C=C2F)Cl	https://envipath.org/package/5882df9c-dae1-4d80-a40e-db4724271456/pathway/ec8b0bda-45db-44ec-a022-9cca656893ed	Clodinafop
https://envipath.org/package/5882df9c-dae1-4d80-a40e-db4724271456/compound/e4579189-f968-4c55-ae0f-01f48b205bf8/structure/c04956ff-3a99-4f16-963d-f780de1bd710	M01 2-chlorobenzamide	C1=CC(=C(C=C1)Cl)C(=O)N		2	C1=CC(=C(C=C1)Cl)/C=N/NC(=O)C2=C(C=CC=C2)Cl	https://envipath.org/package/5882df9c-dae1-4d80-a40e-db4724271456/pathway/bb8e9135-9f45-4c59-9549-5a6e1f2d152a	Clofentezine
https://envipath.org/package/5882df9c-dae1-4d80-a40e-db4724271456/compound/98d92e89-d9cd-4204-a261-d1b09c384c43/structure/666de949-c892-4f89-9999-c40a47758133	AE C512898	C1=CC(=C(C=C1)Cl)C(=O)NNC(=O)C2=C(C=CC=C2)Cl		2	C1=CC(=C(C=C1)Cl)/C=N/NC(=O)C2=C(C=CC=C2)Cl	https://envipath.org/package/5882df9c-dae1-4d80-a40e-db4724271456/pathway/bb8e9135-9f45-4c59-9549-5a6e1f2d152a	Clofentezine
https://envipath.org/package/5882df9c-dae1-4d80-a40e-db4724271456/compound/8ae9f0ae-aad7-438d-b727-a55232e0fdad/structure/4e232ce1-9645-47f0-8dfb-5a519bab404d	AE C593600	C1=CC(=C(C=C1)Cl)/C=N/NC(=O)C2=C(C=CC=C2)Cl		1	C1=CC=C(C(=C1)C2=NN=C(C3=C(C=CC=C3)Cl)N=N2)Cl	https://envipath.org/package/5882df9c-dae1-4d80-a40e-db4724271456/pathway/bb8e9135-9f45-4c59-9549-5a6e1f2d152a	Clofentezine
https://envipath.org/package/5882df9c-dae1-4d80-a40e-db4724271456/compound/84c96310-72a4-4746-a431-70f5c6084530/structure/91ca651f-adfd-4d9f-bb15-b011c96c21a3	M02 2-chlorobenzoic acid	C1=CC(=C(C=C1)Cl)C(=O)O		3	C1=CC(=C(C=C1)Cl)C(=O)NNC(=O)C2=C(C=CC=C2)Cl	https://envipath.org/package/5882df9c-dae1-4d80-a40e-db4724271456/pathway/bb8e9135-9f45-4c59-9549-5a6e1f2d152a	Clofentezine
https://envipath.org/package/5882df9c-dae1-4d80-a40e-db4724271456/compound/614eeccc-1028-4ce9-aa52-1271f23ffbfc/structure/9dd2f2b7-fe92-404b-afee-e51b93241702	Clofentezine	C1=CC=C(C(=C1)C2=NN=C(C3=C(C=CC=C3)Cl)N=N2)Cl		0	C1=CC=C(C(=C1)C2=NN=C(C3=C(C=CC=C3)Cl)NN2)Cl	https://envipath.org/package/5882df9c-dae1-4d80-a40e-db4724271456/pathway/bb8e9135-9f45-4c59-9549-5a6e1f2d152a	Clofentezine
https://envipath.org/package/5882df9c-dae1-4d80-a40e-db4724271456/compound/c05c3f2f-5158-42f7-9bda-20bf66ba276f/structure/aa94e297-2480-4887-94ff-f58636b8dbee	AE C522505	C1=CC=C(C(=C1)C2=NN=C(C3=C(C=CC=C3)Cl)NN2)Cl		1	C1=CC=C(C(=C1)C2=NN=C(C3=C(C=CC=C3)Cl)N=N2)Cl	https://envipath.org/package/5882df9c-dae1-4d80-a40e-db4724271456/pathway/bb8e9135-9f45-4c59-9549-5a6e1f2d152a	Clofentezine
https://envipath.org/package/5882df9c-dae1-4d80-a40e-db4724271456/compound/f12eeb31-171f-4cfc-b91f-df145a1d901e/structure/4337a66d-b00b-4616-b460-7dd856ec39cb	(5-Hydroxy-2-chlorobenzene) Clomazone	CC1(C)CON(CC2=CC(=CC=C2Cl)O)C1=O		1	CC1(C)CON(CC2=C(C=CC=C2)Cl)C1=O	https://envipath.org/package/5882df9c-dae1-4d80-a40e-db4724271456/pathway/0adbea7a-4bfe-4f5b-a401-0bf3d5bf95b6	Clomazone
https://envipath.org/package/5882df9c-dae1-4d80-a40e-db4724271456/compound/369ccbfc-79a5-43b9-8827-bf01009e6007/structure/a21bdd28-d0c2-4495-8f2f-1502c9fc23b3	4,4-Dimethyl-1,2-oxazolidin-3-one	CC1(C)CONC1=O		2	CC1(C)CON(C(C2=C(C=CC=C2)Cl)O)C1=O	https://envipath.org/package/5882df9c-dae1-4d80-a40e-db4724271456/pathway/0adbea7a-4bfe-4f5b-a401-0bf3d5bf95b6	Clomazone
https://envipath.org/package/5882df9c-dae1-4d80-a40e-db4724271456/compound/d34ba62f-c0cb-4a4c-95d8-6c8a2689b3cc/structure/bb0eec21-a15f-410e-a030-16856cf819ee	5-keto Clomazone	CC1(C)C(=O)N(CC2=C(C=CC=C2)Cl)OC1=O		2	CC1(C)C(=O)N(CC2=C(C=CC=C2)Cl)OC1O	https://envipath.org/package/5882df9c-dae1-4d80-a40e-db4724271456/pathway/0adbea7a-4bfe-4f5b-a401-0bf3d5bf95b6	Clomazone
https://envipath.org/package/5882df9c-dae1-4d80-a40e-db4724271456/compound/0c8cd06a-9cce-4714-8d76-357be6286322/structure/f26077d7-b55f-4710-b327-21866a942026	Unknown2	CC(CO)C(=O)N(CC1=C(C=CC=C1)Cl)O		5	CC(C)C(=O)/N=C/C1=C(C=CC=C1)Cl	https://envipath.org/package/5882df9c-dae1-4d80-a40e-db4724271456/pathway/0adbea7a-4bfe-4f5b-a401-0bf3d5bf95b6	Clomazone
https://envipath.org/package/5882df9c-dae1-4d80-a40e-db4724271456/compound/4bb3a115-4ca3-429e-9643-91d0e4681835/structure/60516d27-4994-4f8c-acce-46b239eaa132	4-hydroxy-2-chlorobenzaldehyde	C1=C(C=O)C(=CC(=C1)O)Cl		3	CC1(C)C(=O)N(CC2=CC(=CC=C2Cl)O)OC1O	https://envipath.org/package/5882df9c-dae1-4d80-a40e-db4724271456/pathway/0adbea7a-4bfe-4f5b-a401-0bf3d5bf95b6	Clomazone
https://envipath.org/package/5882df9c-dae1-4d80-a40e-db4724271456/compound/e6c892a5-4ed5-468c-9ef0-1eb33beac11a/structure/85a4434d-6bec-4b60-8f7d-b877a9ebbefa	5-Hydroxy Clomazone	CC1(C)C(=O)N(CC2=C(C=CC=C2)Cl)OC1O		1	CC1(C)CON(CC2=C(C=CC=C2)Cl)C1=O	https://envipath.org/package/5882df9c-dae1-4d80-a40e-db4724271456/pathway/0adbea7a-4bfe-4f5b-a401-0bf3d5bf95b6	Clomazone
https://envipath.org/package/5882df9c-dae1-4d80-a40e-db4724271456/compound/074b1542-f885-498a-ad1e-e38f8ab452e0/structure/f847d319-9df4-4b6b-9a02-3018e4839ef6	Hydroxy-(4,4-Dimethyl-1,2-oxazolidin-3-one)	CC1(C)C(=O)NOC1O		3	CC1(C)C(=O)N(CC2=CC(=CC=C2Cl)O)OC1O	https://envipath.org/package/5882df9c-dae1-4d80-a40e-db4724271456/pathway/0adbea7a-4bfe-4f5b-a401-0bf3d5bf95b6	Clomazone
https://envipath.org/package/5882df9c-dae1-4d80-a40e-db4724271456/compound/bf514661-2137-467a-870d-0c2c1e9f0cc7/structure/b79c5516-a5f8-42fb-848b-effb91f581fe	4,5-hydroxy-2-chlorobenzoic acid	C1=C(C(=CC(=C1C(=O)O)Cl)O)O		5	C1=C(C=C(C(=C1)C(=O)O)Cl)O	https://envipath.org/package/5882df9c-dae1-4d80-a40e-db4724271456/pathway/0adbea7a-4bfe-4f5b-a401-0bf3d5bf95b6	Clomazone
https://envipath.org/package/5882df9c-dae1-4d80-a40e-db4724271456/compound/08d2a795-9b88-4c86-b3e5-65de96903204/structure/492ae0d4-a757-4b44-a7f8-26b7314cae09	2-Chlorobenzaldehyde	C1=CC(=C(C=C1)Cl)C=O		2	CC(CO)C(=O)N(CC1=C(C=CC=C1)Cl)O	https://envipath.org/package/5882df9c-dae1-4d80-a40e-db4724271456/pathway/0adbea7a-4bfe-4f5b-a401-0bf3d5bf95b6	Clomazone
https://envipath.org/package/5882df9c-dae1-4d80-a40e-db4724271456/compound/db030ae8-c331-4ee4-b634-441f8b4d900b/structure/596b694f-cfe3-4e07-b5fa-196228b66b80	Methylmalonic acid	CC(C(=O)O)C(=O)O		6	CC(CO)C(=O)N(CC1=C(C=CC=C1)Cl)O	https://envipath.org/package/5882df9c-dae1-4d80-a40e-db4724271456/pathway/0adbea7a-4bfe-4f5b-a401-0bf3d5bf95b6	Clomazone
https://envipath.org/package/5882df9c-dae1-4d80-a40e-db4724271456/compound/5706b601-a795-47bb-9ec0-34bbe5569538/structure/90d5f290-804f-49cd-b759-f08519af7e2d	(5-hydroxy-2-chlorobenzene)-5-hydroxy Clomazone	CC1(C)C(=O)N(CC2=CC(=CC=C2Cl)O)OC1O		2	CC1(C)CON(CC2=CC(=CC=C2Cl)O)C1=O	https://envipath.org/package/5882df9c-dae1-4d80-a40e-db4724271456/pathway/0adbea7a-4bfe-4f5b-a401-0bf3d5bf95b6	Clomazone
https://envipath.org/package/5882df9c-dae1-4d80-a40e-db4724271456/compound/1d350d50-ce80-4341-ad36-0da4dcf7d066/structure/16328f7f-b0d9-461e-8da0-3cc83ca1c279	4,4-Dimethyl-1,2-oxazolidine-3,5-dione	CC1(C)C(=O)NOC1=O		3	CC1(C)C(=O)NOC1O	https://envipath.org/package/5882df9c-dae1-4d80-a40e-db4724271456/pathway/0adbea7a-4bfe-4f5b-a401-0bf3d5bf95b6	Clomazone
https://envipath.org/package/5882df9c-dae1-4d80-a40e-db4724271456/compound/4435ca6e-ae25-4398-9a6d-405777e29809/structure/f78a289f-33cf-457e-9892-532f1bb512f3	Clomazone acid	CC(C)(C(=O)N(CC1=C(C=CC=C1)Cl)O)C(=O)O		3	CC1(C)C(=O)N(CC2=C(C=CC=C2)Cl)OC1=O	https://envipath.org/package/5882df9c-dae1-4d80-a40e-db4724271456/pathway/0adbea7a-4bfe-4f5b-a401-0bf3d5bf95b6	Clomazone
https://envipath.org/package/5882df9c-dae1-4d80-a40e-db4724271456/compound/71b255cb-e090-43b3-8871-18b04e76f547/structure/db5c4e40-a40f-4491-b0b6-ac64e561dbe0	Unknown1	CC(C)C(=O)/N=C/C1=C(C=CC=C1)Cl		4	CC(C)(C(=O)N(CC1=C(C=CC=C1)Cl)O)C(=O)O	https://envipath.org/package/5882df9c-dae1-4d80-a40e-db4724271456/pathway/0adbea7a-4bfe-4f5b-a401-0bf3d5bf95b6	Clomazone
https://envipath.org/package/5882df9c-dae1-4d80-a40e-db4724271456/compound/db548584-8cf8-4ecb-a034-841f6d6b9c68/structure/3cd02809-2bf7-48fe-bffd-caf0b08c83b1	2-hydroxy Clomazone	CC1(C)CON(C(C2=C(C=CC=C2)Cl)O)C1=O		1	CC1(C)CON(CC2=C(C=CC=C2)Cl)C1=O	https://envipath.org/package/5882df9c-dae1-4d80-a40e-db4724271456/pathway/0adbea7a-4bfe-4f5b-a401-0bf3d5bf95b6	Clomazone
https://envipath.org/package/5882df9c-dae1-4d80-a40e-db4724271456/compound/8797b51e-be83-48e1-82db-612c84006fdf/structure/940bfe36-513e-458e-b9cc-999b76b87d6f	Chloride	[Cl-]		6	C1=C(C(=CC(=C1C(=O)O)Cl)O)O	https://envipath.org/package/5882df9c-dae1-4d80-a40e-db4724271456/pathway/0adbea7a-4bfe-4f5b-a401-0bf3d5bf95b6	Clomazone
https://envipath.org/package/5882df9c-dae1-4d80-a40e-db4724271456/compound/273a941c-4616-4d11-88c7-581ea2695a0a/structure/8ac2a9b7-d493-4310-8fea-c7c0551b8828	Clomazone	CC1(C)CON(CC2=C(C=CC=C2)Cl)C1=O		0		https://envipath.org/package/5882df9c-dae1-4d80-a40e-db4724271456/pathway/0adbea7a-4bfe-4f5b-a401-0bf3d5bf95b6	Clomazone
https://envipath.org/package/5882df9c-dae1-4d80-a40e-db4724271456/compound/916ae674-8ac8-460e-ad3d-52b5b1440e92/structure/ad333f00-b1df-4ebf-9827-cafc39b56d72	Dimethylmalonic acid	CC(C)(C(=O)O)C(=O)O		4	CC1(C)C(=O)NOC1=O	https://envipath.org/package/5882df9c-dae1-4d80-a40e-db4724271456/pathway/0adbea7a-4bfe-4f5b-a401-0bf3d5bf95b6	Clomazone
https://envipath.org/package/5882df9c-dae1-4d80-a40e-db4724271456/compound/84c96310-72a4-4746-a431-70f5c6084530/structure/91ca651f-adfd-4d9f-bb15-b011c96c21a3	M02 2-chlorobenzoic acid	C1=CC(=C(C=C1)Cl)C(=O)O		3	C1=CC(=C(C=C1)Cl)C=O	https://envipath.org/package/5882df9c-dae1-4d80-a40e-db4724271456/pathway/0adbea7a-4bfe-4f5b-a401-0bf3d5bf95b6	Clomazone
https://envipath.org/package/5882df9c-dae1-4d80-a40e-db4724271456/compound/30626934-840a-4374-af46-951cc890d8d4/structure/2d5d0670-f4c5-4a23-b60e-1f21ef87e4b5	4-hydroxy-2-chlorobenzoic acid	C1=C(C=C(C(=C1)C(=O)O)Cl)O		4	C1=CC(=C(C=C1)Cl)C(=O)O	https://envipath.org/package/5882df9c-dae1-4d80-a40e-db4724271456/pathway/0adbea7a-4bfe-4f5b-a401-0bf3d5bf95b6	Clomazone
https://envipath.org/package/5882df9c-dae1-4d80-a40e-db4724271456/compound/653f41db-e7c7-4957-a043-c35144daca63/structure/6e5748bf-1822-4d3f-8bd9-77ed22d34c8e	Clopyralid	C1=C(C(=NC(=C1)Cl)C(=O)O)Cl		0		https://envipath.org/package/5882df9c-dae1-4d80-a40e-db4724271456/pathway/a7431c03-bb81-4f49-8049-0c87895d1b95	Clopyralid
https://envipath.org/package/5882df9c-dae1-4d80-a40e-db4724271456/compound/69262335-5752-4bb9-aa2f-1df35ba834f3/structure/5f70112f-67b3-4aa7-b0b2-600fc08ee94d	Dicyandiamide	C(#N)/N=C(\N)/N		1	C(#N)N	https://envipath.org/package/5882df9c-dae1-4d80-a40e-db4724271456/pathway/5f90f63e-a43a-40c9-ab70-ef6487b0058c	Cyanamide
https://envipath.org/package/5882df9c-dae1-4d80-a40e-db4724271456/compound/8afad709-fb0f-4905-be05-00944f9f185f/structure/00bc4e95-0e6e-4f9a-b4a3-97c322f761d3	Cyanamide	C(#N)N		0		https://envipath.org/package/5882df9c-dae1-4d80-a40e-db4724271456/pathway/5f90f63e-a43a-40c9-ab70-ef6487b0058c	Cyanamide
https://envipath.org/package/5882df9c-dae1-4d80-a40e-db4724271456/compound/04e89da4-8db6-481c-9326-bcfda38a7ad2/structure/6e368e84-7e9d-42d3-9a48-ac28411fa14d	IN-QKV35	CC1=C(C(=CC(=C1)C#N)C(=O)NC)NC(=O)C2=CC(=NN2C3=NC=CC=C3O)Br		2	CC1=C(C(=CC(=C1)C#N)C(=O)NC)/N=C\2/C3=CC(=NN3C4=NC=CC=C4O2)Br	https://envipath.org/package/5882df9c-dae1-4d80-a40e-db4724271456/pathway/3f6d8171-bb36-42b4-87eb-b781e8752f42	Cyantraniliprole
https://envipath.org/package/5882df9c-dae1-4d80-a40e-db4724271456/compound/82d5e0ff-3e0f-4b22-bfb2-ae2da7a6cd66/structure/6027093a-5d9e-46c4-afd9-bc75c87667a6	IN-K7H19	CC1=C(C(=CC(=C1)C(=O)N)C(=O)N)NC(=O)C2=CC(=NN2C3=NC=CC=C3Cl)Br		2	CC1=C(C(=CC(=C1)C(=O)N)C(=O)NC)NC(=O)C2=CC(=NN2C3=NC=CC=C3Cl)Br	https://envipath.org/package/5882df9c-dae1-4d80-a40e-db4724271456/pathway/3f6d8171-bb36-42b4-87eb-b781e8752f42	Cyantraniliprole
https://envipath.org/package/5882df9c-dae1-4d80-a40e-db4724271456/compound/4dfdda66-6741-414b-90f5-f12a7d54b92d/structure/c8b6adf6-44df-4f11-b2b0-e11d4f7624db	IN-K5A79	CC1=C(C(=CC(=C1)C(=O)O)C(=O)N)NC(=O)C2=CC(=NN2C3=NC=CC=C3Cl)Br		3	CC1=C(C(=CC(=C1)C(=O)N)C(=O)N)NC(=O)C2=CC(=NN2C3=NC=CC=C3Cl)Br	https://envipath.org/package/5882df9c-dae1-4d80-a40e-db4724271456/pathway/3f6d8171-bb36-42b4-87eb-b781e8752f42	Cyantraniliprole
https://envipath.org/package/5882df9c-dae1-4d80-a40e-db4724271456/compound/366dbe41-90dd-41a6-882a-602bafa6043a/structure/975bda13-c839-4121-aa2d-43f0a21c4525	IN-J9Z38	CC1=CC(=CC2=C1N=C(C3=CC(=NN3C4=NC=CC=C4Cl)Br)N(C)C2=O)C#N		1	CC1=C(C(=CC(=C1)C#N)C(=O)NC)NC(=O)C2=CC(=NN2C3=NC=CC=C3Cl)Br	https://envipath.org/package/5882df9c-dae1-4d80-a40e-db4724271456/pathway/3f6d8171-bb36-42b4-87eb-b781e8752f42	Cyantraniliprole
https://envipath.org/package/5882df9c-dae1-4d80-a40e-db4724271456/compound/462c8635-15b4-4f5c-a119-d07a1eea64b9/structure/b3f573ea-d8cd-432a-90f4-890a7199ff11	IN-K5A77	CC1=CC(=CC2=C1N=C(C3=CC(=NN3C4=NC=CC=C4Cl)Br)N(C)C2=O)C(=O)N		2	CC1=CC(=CC2=C1N=C(C3=CC(=NN3C4=NC=CC=C4Cl)Br)N(C)C2=O)C#N	https://envipath.org/package/5882df9c-dae1-4d80-a40e-db4724271456/pathway/3f6d8171-bb36-42b4-87eb-b781e8752f42	Cyantraniliprole
https://envipath.org/package/5882df9c-dae1-4d80-a40e-db4724271456/compound/b1e13485-f6f5-4a7f-be33-e5c462e73d90/structure/5ec46cff-242b-47f5-9420-150e106a13bd	IN-M2G98	C1=CN=C(C(=C1)Cl)N2C(=CC(=N2)Br)C(=O)N		4	CC1=C(C(=CC(=C1)C(=O)O)C(=O)N)NC(=O)C2=CC(=NN2C3=NC=CC=C3Cl)Br	https://envipath.org/package/5882df9c-dae1-4d80-a40e-db4724271456/pathway/3f6d8171-bb36-42b4-87eb-b781e8752f42	Cyantraniliprole
https://envipath.org/package/5882df9c-dae1-4d80-a40e-db4724271456/compound/c1744bc4-6926-4f4f-8ca1-17352aa56f27/structure/1c0ea51e-edc3-4255-b709-564567b06d47	IN-K5A78	CC1=CC(=CC2=C1N=C(C3=CC(=NN3C4=NC=CC=C4Cl)Br)N(C)C2=O)C(=O)O		3	CC1=C(C(=CC(=C1)C(=O)O)C(=O)NC)NC(=O)C2=CC(=NN2C3=NC=CC=C3Cl)Br	https://envipath.org/package/5882df9c-dae1-4d80-a40e-db4724271456/pathway/3f6d8171-bb36-42b4-87eb-b781e8752f42	Cyantraniliprole
https://envipath.org/package/5882df9c-dae1-4d80-a40e-db4724271456/compound/395b5472-616b-4eab-bc17-cd39183975b5/structure/42c88c27-3d09-436e-bce5-218cd6256ede	IN-DBC80	C1=CN=C(C(=C1)Cl)N2C(=CC(=N2)Br)C(=O)O		5	C1=CN=C(C(=C1)Cl)N2C(=CC(=N2)Br)C(=O)N	https://envipath.org/package/5882df9c-dae1-4d80-a40e-db4724271456/pathway/3f6d8171-bb36-42b4-87eb-b781e8752f42	Cyantraniliprole
https://envipath.org/package/5882df9c-dae1-4d80-a40e-db4724271456/compound/0868749f-d628-44cb-b7b9-e8374162e08d/structure/a15cfaf5-c127-47ff-9c83-35fc798fd3c0	IN-NXX69	CC1=C(C(=CC(=C1)C#N)C(=O)NC)/N=C\2/C3=CC(=NN3C4=NC=CC=C4O2)Br		1	CC1=C(C(=CC(=C1)C#N)C(=O)NC)NC(=O)C2=CC(=NN2C3=NC=CC=C3Cl)Br	https://envipath.org/package/5882df9c-dae1-4d80-a40e-db4724271456/pathway/3f6d8171-bb36-42b4-87eb-b781e8752f42	Cyantraniliprole
https://envipath.org/package/5882df9c-dae1-4d80-a40e-db4724271456/compound/90527d31-9452-4573-a096-6edd0312f94b/structure/78536eaf-60de-4bc0-93c3-14ae71dbd9f6	IN-QKV54	CC1=CC(=CC2=C1N=C(C3=CC(=NN3)Br)N(C)C2=O)C#N		3	CC1=CC(=CC2=C1N=C(C3=CC(=NN3C4=NC=CC=C4O)Br)N(C)C2=O)C#N	https://envipath.org/package/5882df9c-dae1-4d80-a40e-db4724271456/pathway/3f6d8171-bb36-42b4-87eb-b781e8752f42	Cyantraniliprole
https://envipath.org/package/5882df9c-dae1-4d80-a40e-db4724271456/compound/15a01294-3414-433d-b2b5-4b6200ae883c/structure/51791926-6b18-4e29-a0d1-001835ab350f	IN-RNU71	CC1=C(C(=CC(=C1)C#N)C(=O)NC)N2C3=CC=CN=C3N4C(CC(=N4)Br)C2=O		2	CC1=CC(=CC2=C1N=C(C3=CC(=NN3C4=NC=CC=C4Cl)Br)N(C)C2=O)C#N	https://envipath.org/package/5882df9c-dae1-4d80-a40e-db4724271456/pathway/3f6d8171-bb36-42b4-87eb-b781e8752f42	Cyantraniliprole
https://envipath.org/package/5882df9c-dae1-4d80-a40e-db4724271456/compound/dc797884-aa9d-41a1-8caa-1fd5a1ad0119/structure/5c130a89-8901-44e0-91de-2b9c695f2390	IN-PLT97	CC1=CC(=CC2=C1N=C(C3=CC(=NN3C4=NC=CC=C4Cl)Br)NC2=O)C(=O)O		4	CC1=C(C(=CC(=C1)C(=O)O)C(=O)N)NC(=O)C2=CC(=NN2C3=NC=CC=C3Cl)Br	https://envipath.org/package/5882df9c-dae1-4d80-a40e-db4724271456/pathway/3f6d8171-bb36-42b4-87eb-b781e8752f42	Cyantraniliprole
https://envipath.org/package/5882df9c-dae1-4d80-a40e-db4724271456/compound/da315f42-4a66-4250-ba77-6b3a2e80354b/structure/de025e5c-c1fd-43d5-8c06-edbf714237fe	IN-JCZ38	CC1=C(C(=CC(=C1)C(=O)N)C(=O)NC)NC(=O)C2=CC(=NN2C3=NC=CC=C3Cl)Br		1	CC1=C(C(=CC(=C1)C#N)C(=O)NC)NC(=O)C2=CC(=NN2C3=NC=CC=C3Cl)Br	https://envipath.org/package/5882df9c-dae1-4d80-a40e-db4724271456/pathway/3f6d8171-bb36-42b4-87eb-b781e8752f42	Cyantraniliprole
https://envipath.org/package/5882df9c-dae1-4d80-a40e-db4724271456/compound/ade34050-3924-4a31-987d-55aee4e80507/structure/36bf6a3b-37cc-4470-96e7-305870a5f44d	Cyantraniliprole	CC1=C(C(=CC(=C1)C#N)C(=O)NC)NC(=O)C2=CC(=NN2C3=NC=CC=C3Cl)Br		0		https://envipath.org/package/5882df9c-dae1-4d80-a40e-db4724271456/pathway/3f6d8171-bb36-42b4-87eb-b781e8752f42	Cyantraniliprole
https://envipath.org/package/5882df9c-dae1-4d80-a40e-db4724271456/compound/39a44b27-9e0e-4777-b50d-bc07b927caf6/structure/ba54d193-ba8c-4476-b99b-a0e875706e98	IN-JSE76	CC1=C(C(=CC(=C1)C(=O)O)C(=O)NC)NC(=O)C2=CC(=NN2C3=NC=CC=C3Cl)Br		2	CC1=C(C(=CC(=C1)C(=O)N)C(=O)NC)NC(=O)C2=CC(=NN2C3=NC=CC=C3Cl)Br	https://envipath.org/package/5882df9c-dae1-4d80-a40e-db4724271456/pathway/3f6d8171-bb36-42b4-87eb-b781e8752f42	Cyantraniliprole
https://envipath.org/package/5882df9c-dae1-4d80-a40e-db4724271456/compound/e341dcc3-a746-46da-b3a3-66ec207daed3/structure/d635e508-7abb-4200-88b0-1875b468eddd	IN-NXX70	CC1=CC(=CC2=C1N=C(C3=CC(=NN3C4=NC=CC=C4O)Br)N(C)C2=O)C#N		2	CC1=C(C(=CC(=C1)C#N)C(=O)NC)NC(=O)C2=CC(=NN2C3=NC=CC=C3O)Br	https://envipath.org/package/5882df9c-dae1-4d80-a40e-db4724271456/pathway/3f6d8171-bb36-42b4-87eb-b781e8752f42	Cyantraniliprole
https://envipath.org/package/5882df9c-dae1-4d80-a40e-db4724271456/compound/e8c549c4-c92d-4232-989c-effb04a65df0/structure/9bb79691-72c6-4456-aec7-c02c57664ff2	CCIM	CC1=CC=C(C=C1)C2=C(Cl)N=C(C#N)N2	major	1	CC1=CC=C(C=C1)C2=C(Cl)N=C(C#N)N2S(=O)(=O)N(C)C	https://envipath.org/package/5882df9c-dae1-4d80-a40e-db4724271456/pathway/44b1b39f-4a1a-416c-9c14-ec6758829a64	Cyazofamid
https://envipath.org/package/5882df9c-dae1-4d80-a40e-db4724271456/compound/660f39e0-ac32-4b9f-8d46-c3a89f746d04/structure/b6f43e98-0c41-4050-a2b0-36036b43e596	CCIM-AM	CC1=CC=C(C=C1)C2=C(Cl)N=C(C(=O)N)N2	minor	2	CC1=CC=C(C=C1)C2=C(Cl)N=C(C#N)N2	https://envipath.org/package/5882df9c-dae1-4d80-a40e-db4724271456/pathway/44b1b39f-4a1a-416c-9c14-ec6758829a64	Cyazofamid
https://envipath.org/package/5882df9c-dae1-4d80-a40e-db4724271456/compound/8afc84d9-816d-4954-8946-f82d96fb9370/structure/a469b9e1-622f-4d75-b3b5-7f155b7998bf	CTCA	CC1=CC=C(C=C1)C2=C(Cl)N=C(C(=O)O)N2	minor	3	CC1=CC=C(C=C1)C2=C(Cl)N=C(C(=O)N)N2	https://envipath.org/package/5882df9c-dae1-4d80-a40e-db4724271456/pathway/44b1b39f-4a1a-416c-9c14-ec6758829a64	Cyazofamid
https://envipath.org/package/5882df9c-dae1-4d80-a40e-db4724271456/compound/b7d547c8-009a-4091-b72c-67d1e688acc5/structure/2f2d971d-fefa-4990-9646-e68014afa155	Cyazofamid	CC1=CC=C(C=C1)C2=C(Cl)N=C(C#N)N2S(=O)(=O)N(C)C		0		https://envipath.org/package/5882df9c-dae1-4d80-a40e-db4724271456/pathway/44b1b39f-4a1a-416c-9c14-ec6758829a64	Cyazofamid
https://envipath.org/package/5882df9c-dae1-4d80-a40e-db4724271456/compound/7582da87-5b07-4f18-8b16-84f9fce50b45/structure/4ede07c6-b274-4898-b4e3-6fa81c2f5923	YT-1284	C1=CN=C(C(=C1)Cl)N2C(=CC(=N2)Br)C(=O)NC3=C(C=C(C=C3C(=O)N)Cl)Br	minor	1	CC(C1CC1)NC(=O)C2=CC(=CC(=C2NC(=O)C3=CC(=NN3C4=NC=CC=C4Cl)Br)Br)Cl	https://envipath.org/package/5882df9c-dae1-4d80-a40e-db4724271456/pathway/d13518ec-d165-4b5a-a475-906427717c6b	Cyclaniliprole
https://envipath.org/package/5882df9c-dae1-4d80-a40e-db4724271456/compound/a389a7a7-1e9a-4527-8de5-b59744b8c744/structure/7926b79d-353a-48a7-a405-5cb84b8f10d6	NSY-27	C1=CN=C(C(=C1)Cl)N2C(=CC(=N2)Br)C(=O)NC3=C(C=C(C=C3C(=O)O)Cl)Br	minor	1	C1=CN=C(C(=C1)Cl)N2C(=CC(=N2)Br)C(=O)NC3=C(C=C(C=C3C(=O)N)Cl)Br	https://envipath.org/package/5882df9c-dae1-4d80-a40e-db4724271456/pathway/d13518ec-d165-4b5a-a475-906427717c6b	Cyclaniliprole
https://envipath.org/package/5882df9c-dae1-4d80-a40e-db4724271456/compound/e48d73e0-4c79-4e04-873b-dd00ddc876b8/structure/4cd10ccc-ee13-40a4-a4dc-92bb0b92af96	Cyclaniliprole	CC(C1CC1)NC(=O)C2=CC(=CC(=C2NC(=O)C3=CC(=NN3C4=NC=CC=C4Cl)Br)Br)Cl		0		https://envipath.org/package/5882df9c-dae1-4d80-a40e-db4724271456/pathway/d13518ec-d165-4b5a-a475-906427717c6b	Cyclaniliprole
https://envipath.org/package/5882df9c-dae1-4d80-a40e-db4724271456/compound/6e37be32-5980-471a-8a5e-95968b9b53bf/structure/85591361-dfd4-48dc-bee4-67b32713928a	BH 517-T1SO	CCCC(=N)C1=C(CC(CC1=O)C2CCCS(=O)C2)O		2	CCC/C(=N\OCC)/C1=C(CC(CC1=O)C2CCCS(=O)C2)O	https://envipath.org/package/5882df9c-dae1-4d80-a40e-db4724271456/pathway/a5ca8c78-f827-4680-992e-8d888a052b1b	Cycloxydim 
https://envipath.org/package/5882df9c-dae1-4d80-a40e-db4724271456/compound/2e8e7960-7dfd-4dfa-91c2-3e683775331f/structure/9a7d119f-22e4-486c-a748-cce9d063b9f1	BH 517-T1S	CCCC(=N)C1=C(CC(CC1=O)C2CCCSC2)O		1	CCC/C(=N\OCC)/C1=C(CC(CC1=O)C2CCCSC2)O	https://envipath.org/package/5882df9c-dae1-4d80-a40e-db4724271456/pathway/a5ca8c78-f827-4680-992e-8d888a052b1b	Cycloxydim 
https://envipath.org/package/5882df9c-dae1-4d80-a40e-db4724271456/compound/80014152-38ab-4df1-8e4a-53e69d905957/structure/b15e8b49-aee3-49ac-951a-c7f946a9e374	BH517-T2SO	CCCC1=NC2=C(CC(CC2=O)C3CCCS(=O)C3)O1		2	CCCC1=NC2=C(CC(CC2=O)C3CCCSC3)O1	https://envipath.org/package/5882df9c-dae1-4d80-a40e-db4724271456/pathway/a5ca8c78-f827-4680-992e-8d888a052b1b	Cycloxydim 
https://envipath.org/package/5882df9c-dae1-4d80-a40e-db4724271456/compound/24b3ba85-1eef-42e4-af21-4ce6aa0172e6/structure/56ae4cbb-3163-4579-9737-9ae9ae37aad4	BH 517-TSO2 E/Z-isomer	CCC/C(=N\OCC)/C1=C(CC(CC1=O)C2CCCS(=O)(=O)C2)O		2	CCC/C(=N\OCC)/C1=C(CC(CC1=O)C2CCCS(=O)C2)O	https://envipath.org/package/5882df9c-dae1-4d80-a40e-db4724271456/pathway/a5ca8c78-f827-4680-992e-8d888a052b1b	Cycloxydim 
https://envipath.org/package/5882df9c-dae1-4d80-a40e-db4724271456/compound/768a98e0-56c7-4f8f-a1df-65b084c1f1d9/structure/a549d407-f955-4aff-a628-cc0050d11db8	Sulfoxide (structure not clearly stated)	C1CC(CS(=O)C1)C(=O)O		-99		https://envipath.org/package/5882df9c-dae1-4d80-a40e-db4724271456/pathway/a5ca8c78-f827-4680-992e-8d888a052b1b	Cycloxydim 
https://envipath.org/package/5882df9c-dae1-4d80-a40e-db4724271456/compound/848cb8bf-a71d-4072-917b-49d6cdd6015b/structure/788827d8-9ec7-4fd0-905a-8d2d8f71b4b7	BH 517-T2S	CCCC1=NC2=C(CC(CC2=O)C3CCCSC3)O1		1	CCC/C(=N\OCC)/C1=C(CC(CC1=O)C2CCCSC2)O	https://envipath.org/package/5882df9c-dae1-4d80-a40e-db4724271456/pathway/a5ca8c78-f827-4680-992e-8d888a052b1b	Cycloxydim 
https://envipath.org/package/5882df9c-dae1-4d80-a40e-db4724271456/compound/80640035-be3d-4c9a-837a-8ab5ff1dd0a9/structure/8cc491b6-4226-44e0-8d0b-21824066ba67	THTP	C1CC(CSC1)C(=O)O		-99		https://envipath.org/package/5882df9c-dae1-4d80-a40e-db4724271456/pathway/a5ca8c78-f827-4680-992e-8d888a052b1b	Cycloxydim 
https://envipath.org/package/5882df9c-dae1-4d80-a40e-db4724271456/compound/05a214a2-f60c-4708-acc2-b11faeb12e5b/structure/09cba371-6d52-41be-a648-ebb5c96cf548	BH 517-T1SO2	CCCC(=N)C1=C(CC(CC1=O)C2CCCS(=O)(=O)C2)O		3	CCCC(=N)C1=C(CC(CC1=O)C2CCCS(=O)C2)O	https://envipath.org/package/5882df9c-dae1-4d80-a40e-db4724271456/pathway/a5ca8c78-f827-4680-992e-8d888a052b1b	Cycloxydim 
https://envipath.org/package/5882df9c-dae1-4d80-a40e-db4724271456/compound/184b1e58-a460-4e5f-8d7f-715bab95349c/structure/b81b93c4-01b7-4582-8bb7-32747a20ac58	BH517-T2SO2	CCCC1=NC2=C(CC(CC2=O)C3CCCS(=O)(=O)C3)O1		3	CCCC1=NC2=C(CC(CC2=O)C3CCCS(=O)C3)O1	https://envipath.org/package/5882df9c-dae1-4d80-a40e-db4724271456/pathway/a5ca8c78-f827-4680-992e-8d888a052b1b	Cycloxydim 
https://envipath.org/package/5882df9c-dae1-4d80-a40e-db4724271456/compound/09357ede-9cb8-474f-a64c-d55c99402bf3/structure/20e2641f-02c7-4902-bd38-8ecc9a173dbb	Cycloxydim	CCC/C(=N\OCC)/C1=C(CC(CC1=O)C2CCCSC2)O		0		https://envipath.org/package/5882df9c-dae1-4d80-a40e-db4724271456/pathway/a5ca8c78-f827-4680-992e-8d888a052b1b	Cycloxydim 
https://envipath.org/package/5882df9c-dae1-4d80-a40e-db4724271456/compound/4de79eab-0231-4d7a-b83a-4af894681b2b/structure/8ba542cd-c196-49ad-943b-f89e9a99cc91	Sulfonic acid (structure not clearly stated)	CCCC(CS(=O)(=O)O)C(=O)O		-99		https://envipath.org/package/5882df9c-dae1-4d80-a40e-db4724271456/pathway/a5ca8c78-f827-4680-992e-8d888a052b1b	Cycloxydim 
https://envipath.org/package/5882df9c-dae1-4d80-a40e-db4724271456/compound/cf279ce8-c2d8-4930-9717-1c052f50a186/structure/503b90bf-36da-4494-adf2-6595ad546f4e	BH 517-TSO E/Z-isomer	CCC/C(=N\OCC)/C1=C(CC(CC1=O)C2CCCS(=O)C2)O		1	CCC/C(=N\OCC)/C1=C(CC(CC1=O)C2CCCSC2)O	https://envipath.org/package/5882df9c-dae1-4d80-a40e-db4724271456/pathway/a5ca8c78-f827-4680-992e-8d888a052b1b	Cycloxydim 
https://envipath.org/package/5882df9c-dae1-4d80-a40e-db4724271456/compound/8b8d5cb9-b232-4cdc-9dbb-6b151b0223ce/structure/aa5e3230-6df6-4682-bf34-1574f4dc65fa	Cyflufenamid	C1=CC=C(C=C1)CC(=O)N/C(=N\OCC2CC2)/C3=C(C(=CC=C3C(F)(F)F)F)F		0	C1=CC=C(C=C1)CC(=O)N/C(=N/OCC2CC2)/C3=C(C(=CC=C3C(F)(F)F)F)F	https://envipath.org/package/5882df9c-dae1-4d80-a40e-db4724271456/pathway/01b62743-d974-4259-8374-5c2255986268	Cyflufenamid
https://envipath.org/package/5882df9c-dae1-4d80-a40e-db4724271456/compound/ad47ef8f-a6f2-4f1e-ada0-fcee47d967c5/structure/823bc49d-45a6-4eed-8fdf-169d2757bcd6	149-F	C1CC1CO/N=C(/C2=C(C(=CC=C2C(F)(F)F)F)F)\N		2	C1CC1CO/N=C(\C2=C(C(=CC=C2C(F)(F)F)F)F)/NC(=O)CC(=O)O	https://envipath.org/package/5882df9c-dae1-4d80-a40e-db4724271456/pathway/01b62743-d974-4259-8374-5c2255986268	Cyflufenamid
https://envipath.org/package/5882df9c-dae1-4d80-a40e-db4724271456/compound/6e7a87ee-0946-4c8a-94cc-c701a6f1cb9d/structure/47822a58-8148-499a-a5d5-b714ce6e65f1	149F-11	C1CC1CO/N=C(\C2=C(C(=CC=C2C(F)(F)F)F)F)/NC(=O)CC(=O)O		1	C1=CC=C(C=C1)CC(=O)N/C(=N\OCC2CC2)/C3=C(C(=CC=C3C(F)(F)F)F)F	https://envipath.org/package/5882df9c-dae1-4d80-a40e-db4724271456/pathway/01b62743-d974-4259-8374-5c2255986268	Cyflufenamid
https://envipath.org/package/5882df9c-dae1-4d80-a40e-db4724271456/compound/81bff819-a5a0-4122-8841-c8db8a615549/structure/205f962a-e50e-4793-a776-96f2b1e1741f	149-F6	C1=C(C(=C(C(=C1)F)F)C(=O)N)C(F)(F)F		4	C1=C(C(=C(C(=C1)F)F)C(=N)N)C(F)(F)F	https://envipath.org/package/5882df9c-dae1-4d80-a40e-db4724271456/pathway/01b62743-d974-4259-8374-5c2255986268	Cyflufenamid
https://envipath.org/package/5882df9c-dae1-4d80-a40e-db4724271456/compound/117eac9d-a0ab-4f31-8082-c2463156aebd/structure/71625e1b-c179-4eb1-9484-555bdb4177b6	149-(E)-FB	C1=CC=C(C=C1)CC(=O)N/C(=N/OCC2CC2)/C3=C(C(=CC=C3C(F)(F)F)F)F		1	C1=CC=C(C=C1)CC(=O)N/C(=N\OCC2CC2)/C3=C(C(=CC=C3C(F)(F)F)F)F	https://envipath.org/package/5882df9c-dae1-4d80-a40e-db4724271456/pathway/01b62743-d974-4259-8374-5c2255986268	Cyflufenamid
https://envipath.org/package/5882df9c-dae1-4d80-a40e-db4724271456/compound/5aa19faf-7bb8-4ac2-a718-77a22de00d31/structure/b6856b18-ec7e-4627-8abd-fe07cb429bcb	149-F1	C1=C(C(=C(C(=C1)F)F)C(=N)N)C(F)(F)F		3	C1CC1CO/N=C(/C2=C(C(=CC=C2C(F)(F)F)F)F)\N	https://envipath.org/package/5882df9c-dae1-4d80-a40e-db4724271456/pathway/01b62743-d974-4259-8374-5c2255986268	Cyflufenamid
https://envipath.org/package/5882df9c-dae1-4d80-a40e-db4724271456/compound/9dd7ef9d-e861-4b1c-a702-e8410a613974/structure/5ede96bf-b08e-4cfc-86ee-aabaa64f39ba	Cyflumetofen	CC(C)(C)C1=CC=C(C=C1)C(C#N)(C(=O)C2=C(C=CC=C2)C(F)(F)F)C(=O)OCCOC		0		https://envipath.org/package/5882df9c-dae1-4d80-a40e-db4724271456/pathway/1e610400-d797-4522-a833-677968bbd535	Cyflumetofen
https://envipath.org/package/5882df9c-dae1-4d80-a40e-db4724271456/compound/052bf640-7e22-4955-a51a-1a5a3b30ca74/structure/9045c762-6d16-45dc-a8a5-cfba1cb2dcff	SHL9	CC(C)(C)C1=CC=C(C=C1)/C(=C(\C2=C(C=CC=C2)C(F)(F)F)/O/C(=C(\C#N)/C3=CC=C(C=C3)C(C)(C)C)/C4=C(C=CC=C4)C(F)(F)F)/C#N		-99		https://envipath.org/package/5882df9c-dae1-4d80-a40e-db4724271456/pathway/1e610400-d797-4522-a833-677968bbd535	Cyflumetofen
https://envipath.org/package/5882df9c-dae1-4d80-a40e-db4724271456/compound/a893ef90-b095-4f1d-880f-48f32096559b/structure/0a2502ad-5518-4fb1-b372-efd1ca2e6b64	SHL10 a/b cis/trans isomers	CC(C)(C)C1=CC=C(C=C1)/C(=C(/C2=C(C=CC=C2)C(F)(F)F)\O)/C#N		-99		https://envipath.org/package/5882df9c-dae1-4d80-a40e-db4724271456/pathway/1e610400-d797-4522-a833-677968bbd535	Cyflumetofen
https://envipath.org/package/5882df9c-dae1-4d80-a40e-db4724271456/compound/89964d55-2f92-4182-ade9-4dde42926303/structure/400ea3f5-eea0-4e56-b859-5b3402cf762c	SHL5 AB-1	CC(C)(C)C1=CC=C(C=C1)C(C#N)C(=O)C2=C(C=CC=C2)C(F)(F)F		1	CC(C)(C)C1=CC=C(C=C1)C(C#N)(C(=O)C2=C(C=CC=C2)C(F)(F)F)C(=O)OCCOC	https://envipath.org/package/5882df9c-dae1-4d80-a40e-db4724271456/pathway/1e610400-d797-4522-a833-677968bbd535	Cyflumetofen
https://envipath.org/package/5882df9c-dae1-4d80-a40e-db4724271456/compound/6325b38c-54fe-482e-94f8-37ed3b090aad/structure/123d8603-2e6a-4783-b4b9-74842d82a79e	SHL2 B-1	C1=CC(=C(C=C1)C(F)(F)F)C(=O)O		1	CC(C)(C)C1=CC=C(C=C1)C(C#N)(C(=O)C2=C(C=CC=C2)C(F)(F)F)C(=O)OCCOC	https://envipath.org/package/5882df9c-dae1-4d80-a40e-db4724271456/pathway/1e610400-d797-4522-a833-677968bbd535	Cyflumetofen
https://envipath.org/package/5882df9c-dae1-4d80-a40e-db4724271456/compound/36511f88-b2d4-40c0-a782-c6ce0929783a/structure/c50bee11-7fe2-4d58-84a4-935d8390d5d7	benzamide	C1=CC(=C(C=C1)C(F)(F)F)C(=O)N		1	CC(C)(C)C1=CC=C(C=C1)C(C#N)C(=O)C2=C(C=CC=C2)C(F)(F)F	https://envipath.org/package/5882df9c-dae1-4d80-a40e-db4724271456/pathway/1e610400-d797-4522-a833-677968bbd535	Cyflumetofen
https://envipath.org/package/5882df9c-dae1-4d80-a40e-db4724271456/compound/2b1ddec8-7438-4df1-95e1-74698b1463f2/structure/64043f17-d512-496b-a606-8b022505ac14	Ethyl urea	CCNC(=O)N		1	CCNC(=O)NC(=O)/C(=N/OC)/C#N	https://envipath.org/package/5882df9c-dae1-4d80-a40e-db4724271456/pathway/49f8ac01-9999-4316-b14c-5673df153f0c	Cymoxanil
https://envipath.org/package/5882df9c-dae1-4d80-a40e-db4724271456/compound/c85291d2-bb9f-4f78-b6d0-c543bc53b2dc/structure/12dc5bbb-acea-4ff7-9006-b982dfd41316	Oxalic acid	C(=O)(C(=O)O)O		3	C(=O)(C(=O)O)N	https://envipath.org/package/5882df9c-dae1-4d80-a40e-db4724271456/pathway/49f8ac01-9999-4316-b14c-5673df153f0c	Cymoxanil
https://envipath.org/package/5882df9c-dae1-4d80-a40e-db4724271456/compound/39b30a97-8fc7-4a71-be89-c591d56a8f6a/structure/b1ed3ebd-bacd-4b6c-9fac-a3d8f4d5a6b3	IN-18474 oxamic acid	C(=O)(C(=O)O)N		3	CCNC(=O)NC(=O)C(=O)O	https://envipath.org/package/5882df9c-dae1-4d80-a40e-db4724271456/pathway/49f8ac01-9999-4316-b14c-5673df153f0c	Cymoxanil
https://envipath.org/package/5882df9c-dae1-4d80-a40e-db4724271456/compound/097430e1-0499-4bfc-bbe6-a97226732a3d/structure/84ee0e2f-8961-4240-a521-cffbcb7be8ac	IN-T4226	CCN1C(=O)C(=O)NC1=O		2	CCN1C(=O)NC(=O)C1(C(=O)N)NOC	https://envipath.org/package/5882df9c-dae1-4d80-a40e-db4724271456/pathway/49f8ac01-9999-4316-b14c-5673df153f0c	Cymoxanil
https://envipath.org/package/5882df9c-dae1-4d80-a40e-db4724271456/compound/15a304ad-ee49-4be8-b4f7-43930906bdda/structure/13da0988-a971-42b8-be4b-1636646d9987	IN-JX915	CCN1C(=O)NC(=O)C1(C#N)NOC		1	CCNC(=O)NC(=O)/C(=N/OC)/C#N	https://envipath.org/package/5882df9c-dae1-4d80-a40e-db4724271456/pathway/49f8ac01-9999-4316-b14c-5673df153f0c	Cymoxanil
https://envipath.org/package/5882df9c-dae1-4d80-a40e-db4724271456/compound/4a5e80aa-6f55-418e-94e5-3730ed547e6c/structure/150c229d-a66d-4b3a-8788-d2e92f9ee7c8	IN-KQ960	CCN1C(=O)NC(=O)C1(C(=O)N)NOC		2	CCN1C(=O)NC(=O)C1(C#N)NOC	https://envipath.org/package/5882df9c-dae1-4d80-a40e-db4724271456/pathway/49f8ac01-9999-4316-b14c-5673df153f0c	Cymoxanil
https://envipath.org/package/5882df9c-dae1-4d80-a40e-db4724271456/compound/e9a996b7-bbe2-4588-b49a-f1ec4f0db7c4/structure/c42ec12d-d459-466b-a558-7246a581d61f	IN-U3204	CCN1C(=N)/C(=N\OC)/C(=O)NC1=O		1	CCNC(=O)NC(=O)/C(=N/OC)/C#N	https://envipath.org/package/5882df9c-dae1-4d80-a40e-db4724271456/pathway/49f8ac01-9999-4316-b14c-5673df153f0c	Cymoxanil
https://envipath.org/package/5882df9c-dae1-4d80-a40e-db4724271456/compound/b007dff1-acff-4d46-bef1-ced196a3419d/structure/a37141e1-ba31-4e13-8556-5b84901e2081	IN-R3273	CCN1/C(=N\OC)/C(=O)NC1=O		2	CCN1C(=O)NC(=O)C1(C#N)NOC	https://envipath.org/package/5882df9c-dae1-4d80-a40e-db4724271456/pathway/49f8ac01-9999-4316-b14c-5673df153f0c	Cymoxanil
https://envipath.org/package/5882df9c-dae1-4d80-a40e-db4724271456/compound/61b32504-a401-434a-8fa7-ecfa9f48c8b3/structure/80c1afce-ba41-48b9-b72e-b80d3691981a	Cymoxanil	CCNC(=O)NC(=O)/C(=N/OC)/C#N		0	CCN1C(=N)/C(=N\OC)/C(=O)NC1=O	https://envipath.org/package/5882df9c-dae1-4d80-a40e-db4724271456/pathway/49f8ac01-9999-4316-b14c-5673df153f0c	Cymoxanil
https://envipath.org/package/5882df9c-dae1-4d80-a40e-db4724271456/compound/e6b12b1d-85ee-4ff7-846c-2ed57b8e918f/structure/11aeb60f-5075-46e5-93ac-c0cef04f9ac9	IN-W3595	CO/N=C(\C#N)/C(=O)O		1	CCNC(=O)NC(=O)/C(=N/OC)/C#N	https://envipath.org/package/5882df9c-dae1-4d80-a40e-db4724271456/pathway/49f8ac01-9999-4316-b14c-5673df153f0c	Cymoxanil
https://envipath.org/package/5882df9c-dae1-4d80-a40e-db4724271456/compound/d7679cf9-4721-4dd3-9b9d-5af2101cd6d3/structure/ff1e52bb-a2e1-4dd0-9afc-df6f8946670f	IN-R3274	C(#N)/C(=N\O)/C(=O)O		2	CO/N=C(\C#N)/C(=O)O	https://envipath.org/package/5882df9c-dae1-4d80-a40e-db4724271456/pathway/49f8ac01-9999-4316-b14c-5673df153f0c	Cymoxanil
https://envipath.org/package/5882df9c-dae1-4d80-a40e-db4724271456/compound/a0dcf712-f4fd-4a43-bba5-e3577745372c/structure/21cb3f41-96ca-475f-88ab-ac375c0faf70	IN-KP533	CCNC(=O)NC(=O)C(=O)O		2	CCN1C(=O)C(=O)NC1=O	https://envipath.org/package/5882df9c-dae1-4d80-a40e-db4724271456/pathway/49f8ac01-9999-4316-b14c-5673df153f0c	Cymoxanil
https://envipath.org/package/5882df9c-dae1-4d80-a40e-db4724271456/compound/b2d4f1be-b12f-4813-973e-a5bb89fc4c08/structure/c312f91c-3487-4b38-a8af-e38a00362dc7	1,2,4 triazole acetic-acid 	C(C(=O)O)N1C=NC=N1		1	C1=NC=NN1	https://envipath.org/package/5882df9c-dae1-4d80-a40e-db4724271456/pathway/58fcef77-011e-451d-881e-1a870d7927f6	Cyproconazole
https://envipath.org/package/5882df9c-dae1-4d80-a40e-db4724271456/compound/a15dc090-924f-4ae2-9ea6-3230a8a7f504/structure/d705d7e2-2f0e-4230-8d35-5eb2c2fc1c91	1,2,4 triazole	C1=NC=NN1		1	C(C(=O)O)N1C=NC=N1	https://envipath.org/package/5882df9c-dae1-4d80-a40e-db4724271456/pathway/58fcef77-011e-451d-881e-1a870d7927f6	Cyproconazole
https://envipath.org/package/5882df9c-dae1-4d80-a40e-db4724271456/compound/18fb4cda-681d-42e6-a0c4-ed02942fe0c9/structure/ce5d9b97-d407-4d66-bdea-fbdedbd31c5d	Hydroxy-Triazole	C1=NC(=NN1)O	minor	2	C1=NC=NN1	https://envipath.org/package/5882df9c-dae1-4d80-a40e-db4724271456/pathway/58fcef77-011e-451d-881e-1a870d7927f6	Cyproconazole
https://envipath.org/package/5882df9c-dae1-4d80-a40e-db4724271456/compound/c9ebae7d-6a15-44ea-91a5-4df1190d2754/structure/e6981f0e-9125-4598-8314-245ba2f3a278	Cyproconazole	CC(C1CC1)C(CN2C=NC=N2)(C3=CC=C(C=C3)Cl)O		0		https://envipath.org/package/5882df9c-dae1-4d80-a40e-db4724271456/pathway/58fcef77-011e-451d-881e-1a870d7927f6	Cyproconazole
https://envipath.org/package/5882df9c-dae1-4d80-a40e-db4724271456/compound/971dde96-4136-4e71-a986-5334007766b7/structure/70e8102c-ac55-4533-9181-57ea85cca6d4	Phenol (CGA 73330)	C1=CC=C(C=C1)O		1	C1=CC=C(C=C1)NC(=N)N	https://envipath.org/package/5882df9c-dae1-4d80-a40e-db4724271456/pathway/97c2b761-abf3-42fa-b945-b0690722b30b	Cyprodinil
https://envipath.org/package/5882df9c-dae1-4d80-a40e-db4724271456/compound/dca455d5-c451-43c1-9959-63e0f0dee52b/structure/bb56443b-bf66-498a-90c0-c63ebedfb37e	CGA 275535	CC1=NC(=NC(=C1)C2CC2)NC3=CC=CC(=C3)O		1	CC1=NC(=NC(=C1)C2CC2)NC3=CC=CC=C3	https://envipath.org/package/5882df9c-dae1-4d80-a40e-db4724271456/pathway/97c2b761-abf3-42fa-b945-b0690722b30b	Cyprodinil
https://envipath.org/package/5882df9c-dae1-4d80-a40e-db4724271456/compound/e3d08faf-79cc-4987-95f5-c5341e487704/structure/acd38048-1452-40c1-a6b1-b9a154a49a1e	CGA 321915	CC1=NC(=NC(=C1)C2CC2)O		2	CC1=NC(=NC(=C1)C2CC2)NC3=C(C=CC=C3)O	https://envipath.org/package/5882df9c-dae1-4d80-a40e-db4724271456/pathway/97c2b761-abf3-42fa-b945-b0690722b30b	Cyprodinil
https://envipath.org/package/5882df9c-dae1-4d80-a40e-db4724271456/compound/ef1658bf-3f84-478a-8305-0754f9fc505f/structure/ab4403d4-ff5d-4196-a4ed-fb45a9dc82f1	CGA 263208	C1=CC=C(C=C1)NC(=N)N		2	C1=CC=C(C=C1)NC2=NC(=CC(=N2)CO)C3CC3	https://envipath.org/package/5882df9c-dae1-4d80-a40e-db4724271456/pathway/97c2b761-abf3-42fa-b945-b0690722b30b	Cyprodinil
https://envipath.org/package/5882df9c-dae1-4d80-a40e-db4724271456/compound/19d0d87a-83ae-42ca-9357-dbe0ba1cd9ed/structure/66cd64fe-ce96-46f5-ac53-ca262a109c12	NOA 413167	CC1=NC(=NC(=C1)C2CC2)NC3=C(C=CC=C3)O		1	CC1=NC(=NC(=C1)C2CC2)NC3=CC=CC=C3	https://envipath.org/package/5882df9c-dae1-4d80-a40e-db4724271456/pathway/97c2b761-abf3-42fa-b945-b0690722b30b	Cyprodinil
https://envipath.org/package/5882df9c-dae1-4d80-a40e-db4724271456/compound/4a6b72b9-8375-4552-9f2b-6b7b796e72f4/structure/0bd87e52-9f76-4b54-bfe3-ff60e00c120a	CGA 304075	CC1=NC(=NC(=C1)C2CC2)NC3=CC=C(C=C3)O		1	CC1=NC(=NC(=C1)C2CC2)NC3=CC=CC=C3	https://envipath.org/package/5882df9c-dae1-4d80-a40e-db4724271456/pathway/97c2b761-abf3-42fa-b945-b0690722b30b	Cyprodinil
https://envipath.org/package/5882df9c-dae1-4d80-a40e-db4724271456/compound/24a83260-d1f2-44cf-bec7-c436a105bf4d/structure/34a0d33c-3661-4d04-b551-df33401f2354	CGA 232449	C1=CC=C(C=C1)NC2=NC(=CC(=N2)CO)C3CC3		1	CC1=NC(=NC(=C1)C2CC2)NC3=CC=CC=C3	https://envipath.org/package/5882df9c-dae1-4d80-a40e-db4724271456/pathway/97c2b761-abf3-42fa-b945-b0690722b30b	Cyprodinil
https://envipath.org/package/5882df9c-dae1-4d80-a40e-db4724271456/compound/ad4c53f7-5dd9-4c24-8e6b-fcfb2a51fe62/structure/000b5812-69a2-4783-9b17-cb7934986314	Aniline	C1=CC=C(C=C1)N	minor	3	C1=CC=C(C=C1)NC(=N)N	https://envipath.org/package/5882df9c-dae1-4d80-a40e-db4724271456/pathway/97c2b761-abf3-42fa-b945-b0690722b30b	Cyprodinil
https://envipath.org/package/5882df9c-dae1-4d80-a40e-db4724271456/compound/a8781b59-f0db-474c-a894-c79f1f4d3a1d/structure/33feb9ad-9436-4ba3-b210-31e0217dffad	CGA 304076	CC1=NC(=NC(=C1O)C2CC2)NC3=CC=CC=C3		1	CC1=NC(=NC(=C1)C2CC2)NC3=CC=CC=C3	https://envipath.org/package/5882df9c-dae1-4d80-a40e-db4724271456/pathway/97c2b761-abf3-42fa-b945-b0690722b30b	Cyprodinil
https://envipath.org/package/5882df9c-dae1-4d80-a40e-db4724271456/compound/b929652e-851e-46dd-89ac-436607f0f18f/structure/a1034245-529e-45bc-9907-3f3ce80a3727	CGA 249287	CC1=NC(=NC(=C1)C2CC2)N		1	CC1=NC(=NC(=C1)C2CC2)NC3=CC=CC(=C3)O	https://envipath.org/package/5882df9c-dae1-4d80-a40e-db4724271456/pathway/97c2b761-abf3-42fa-b945-b0690722b30b	Cyprodinil
https://envipath.org/package/5882df9c-dae1-4d80-a40e-db4724271456/compound/79ddcf11-8d57-4a01-8c6a-5e02d735106f/structure/9003ec4f-5b64-4018-85aa-31fdd24f4cf3	Hydroxyphenols	C1=CC(=C(C=C1)O)O	minor	2	C1=CC=C(C=C1)O	https://envipath.org/package/5882df9c-dae1-4d80-a40e-db4724271456/pathway/97c2b761-abf3-42fa-b945-b0690722b30b	Cyprodinil
https://envipath.org/package/5882df9c-dae1-4d80-a40e-db4724271456/compound/5b60c075-deb1-4d1d-aad6-0437ff403d38/structure/0741babc-9dc3-4770-a4a9-394bb3c07e2b	Cyprodinil (CGA 219417)	CC1=NC(=NC(=C1)C2CC2)NC3=CC=CC=C3		0		https://envipath.org/package/5882df9c-dae1-4d80-a40e-db4724271456/pathway/97c2b761-abf3-42fa-b945-b0690722b30b	Cyprodinil
https://envipath.org/package/5882df9c-dae1-4d80-a40e-db4724271456/compound/f270db80-9d1e-48e5-8cd1-8c31b79e6685/structure/73b85bd1-a2c4-4def-8020-bb4585eece1c	Cyromazine	C1CC1NC2=NC(=NC(=N2)N)N		0		https://envipath.org/package/5882df9c-dae1-4d80-a40e-db4724271456/pathway/fafc1287-7a84-4ed5-8788-3a658cd80fb3	Cyromazine
https://envipath.org/package/5882df9c-dae1-4d80-a40e-db4724271456/compound/a72835dc-dc81-4167-b562-0f386a706094/structure/88f386e6-5138-4f3f-b063-1ccc0947a472	Melamine	C1(=NC(=NC(=N1)N)N)N		1	CC(C(=O)O)NC1=NC(=NC(=N1)N)N	https://envipath.org/package/5882df9c-dae1-4d80-a40e-db4724271456/pathway/fafc1287-7a84-4ed5-8788-3a658cd80fb3	Cyromazine
https://envipath.org/package/5882df9c-dae1-4d80-a40e-db4724271456/compound/56f395b8-b408-4b81-9cc9-cbf6d10afb37/structure/5d1f1901-9c35-4ab6-b6d7-432987de56ba	NOA 435343	CC(C(=O)O)NC1=NC(=NC(=N1)N)N		1	C1CC1NC2=NC(=NC(=N2)N)N	https://envipath.org/package/5882df9c-dae1-4d80-a40e-db4724271456/pathway/fafc1287-7a84-4ed5-8788-3a658cd80fb3	Cyromazine
https://envipath.org/package/5882df9c-dae1-4d80-a40e-db4724271456/compound/217a6dfa-6bd9-45d4-8198-c94dc1107068/structure/d8484c3e-85ac-46e4-856f-9f94cee79052	Methylamine	CN		3	CN1CN(C)S(=O)C1=S	https://envipath.org/package/5882df9c-dae1-4d80-a40e-db4724271456/pathway/eb9eb811-b3ca-4470-bc42-6f51686e212d	Dazomet
https://envipath.org/package/5882df9c-dae1-4d80-a40e-db4724271456/compound/6d8db1e6-23a1-4d24-891d-d6babf42abcc/structure/c2177655-5d26-480d-9685-bffac00ae2c7	TDL-S	CN1CN(C)SC1=S		1	CN1CN(C)C(=S)SC1	https://envipath.org/package/5882df9c-dae1-4d80-a40e-db4724271456/pathway/eb9eb811-b3ca-4470-bc42-6f51686e212d	Dazomet
https://envipath.org/package/5882df9c-dae1-4d80-a40e-db4724271456/compound/040e9d3f-1c61-478b-a5dd-bdf3190a415b/structure/e19a91c0-855f-4c81-a016-339a1c13d111	MITC	CN=C=S		1	CN1CN(C)SC1=S	https://envipath.org/package/5882df9c-dae1-4d80-a40e-db4724271456/pathway/eb9eb811-b3ca-4470-bc42-6f51686e212d	Dazomet
https://envipath.org/package/5882df9c-dae1-4d80-a40e-db4724271456/compound/df35cd12-0f45-4313-af6e-f66ed09e2113/structure/d4dc6a3e-c576-459c-92b8-bb20b883c139	TDL-SO	CN1CN(C)S(=O)C1=S		2	CN1CN(C)SC1=S	https://envipath.org/package/5882df9c-dae1-4d80-a40e-db4724271456/pathway/eb9eb811-b3ca-4470-bc42-6f51686e212d	Dazomet
https://envipath.org/package/5882df9c-dae1-4d80-a40e-db4724271456/compound/4103a49c-b6c5-4db6-aef3-65b68fd2f6da/structure/0d9cb7de-ac08-4e6a-836a-479bbe6aa2fc	Formaldehyde	C=O		1	CN1CN(C)SC1=S	https://envipath.org/package/5882df9c-dae1-4d80-a40e-db4724271456/pathway/eb9eb811-b3ca-4470-bc42-6f51686e212d	Dazomet
https://envipath.org/package/5882df9c-dae1-4d80-a40e-db4724271456/compound/34fe3cd9-9b0b-46b0-a1c5-8a66509f1919/structure/0b65c86f-aa81-47d7-a0ee-f00ca497f4f3	Formic acid	C(=O)O		2	C=O	https://envipath.org/package/5882df9c-dae1-4d80-a40e-db4724271456/pathway/eb9eb811-b3ca-4470-bc42-6f51686e212d	Dazomet
https://envipath.org/package/5882df9c-dae1-4d80-a40e-db4724271456/compound/48fcafd1-7b0c-4149-8d35-3f4cc1aab681/structure/08408d25-b367-40fd-a599-6c5f54e9fbdf	Dazomet	CN1CN(C)C(=S)SC1		0		https://envipath.org/package/5882df9c-dae1-4d80-a40e-db4724271456/pathway/eb9eb811-b3ca-4470-bc42-6f51686e212d	Dazomet
https://envipath.org/package/5882df9c-dae1-4d80-a40e-db4724271456/compound/55f5204f-33f8-4e87-bb42-a0fd07e120e1/structure/13b835a1-67f6-45d4-bd49-43d9e2b1c998	Diazinon	CCOP(=S)(OCC)OC1=CC(=NC(=N1)C(C)C)C		0		https://envipath.org/package/5882df9c-dae1-4d80-a40e-db4724271456/pathway/84054ec9-b1e6-49df-a044-e9e2a456f3f2	Diazinon
https://envipath.org/package/5882df9c-dae1-4d80-a40e-db4724271456/compound/31fa73c7-e47c-4f44-87fe-12f86aac72a3/structure/6992d7f1-f90b-43f2-b0ce-ec5a39a3e8a2	G 27550 (2-isopropyl-4-methyl-6-hydroxypyrimidine)	CC(C)C1=NC(=CC(=N1)C)O		1	CCOP(=S)(OCC)OC1=CC(=NC(=N1)C(C)C)C	https://envipath.org/package/5882df9c-dae1-4d80-a40e-db4724271456/pathway/84054ec9-b1e6-49df-a044-e9e2a456f3f2	Diazinon
https://envipath.org/package/5882df9c-dae1-4d80-a40e-db4724271456/compound/6db96e84-cf00-45cc-bb48-0f0fad34ed06/structure/6f8e9c94-3562-4fb1-8049-a28c2b146bf9	G 31144 (2-(1-hydroxy-1-methyl)-ethyl-4-methyl-6-hydroxy-pyrimidine)	CC1=NC(=NC(=C1)O)C(C)(C)O		2	CC(C)C1=NC(=CC(=N1)C)O	https://envipath.org/package/5882df9c-dae1-4d80-a40e-db4724271456/pathway/84054ec9-b1e6-49df-a044-e9e2a456f3f2	Diazinon
https://envipath.org/package/5882df9c-dae1-4d80-a40e-db4724271456/compound/c3acfce2-565f-4650-a470-d496e37574f5/structure/f8539edb-034b-4cd2-95f6-833f2b94c7a8	2,5-DIOH	C1=C(C(=C(C(=C1Cl)O)C(=O)O)Cl)O		2	C1=C(C(=C(C(=C1)Cl)O)C(=O)O)Cl	https://envipath.org/package/5882df9c-dae1-4d80-a40e-db4724271456/pathway/c957b6e3-4491-420e-9edf-a8dc18f347e9	Dicamba
https://envipath.org/package/5882df9c-dae1-4d80-a40e-db4724271456/compound/48139d46-23c1-4425-b08b-b644e39297d8/structure/4e4e7f27-7dea-4493-9441-1d305ac63fb7	DCSA	C1=C(C(=C(C(=C1)Cl)O)C(=O)O)Cl		1	COC1=C(C(=CC=C1Cl)Cl)C(=O)O	https://envipath.org/package/5882df9c-dae1-4d80-a40e-db4724271456/pathway/c957b6e3-4491-420e-9edf-a8dc18f347e9	Dicamba
https://envipath.org/package/5882df9c-dae1-4d80-a40e-db4724271456/compound/50a17ecb-90bf-4b4a-a155-e634270afe28/structure/b625491a-d327-4f83-b308-ec31ebf65214	Dicamba	COC1=C(C(=CC=C1Cl)Cl)C(=O)O		0		https://envipath.org/package/5882df9c-dae1-4d80-a40e-db4724271456/pathway/c957b6e3-4491-420e-9edf-a8dc18f347e9	Dicamba
https://envipath.org/package/5882df9c-dae1-4d80-a40e-db4724271456/compound/24eb4113-5450-461c-8747-e329a3539ec0/structure/c9f564b5-a76e-4ab9-8676-cb02f4008e32	5-OH-Dicamba	COC1=C(C=C(C(=C1C(=O)O)Cl)O)Cl		1	COC1=C(C(=CC=C1Cl)Cl)C(=O)O	https://envipath.org/package/5882df9c-dae1-4d80-a40e-db4724271456/pathway/c957b6e3-4491-420e-9edf-a8dc18f347e9	Dicamba
https://envipath.org/package/5882df9c-dae1-4d80-a40e-db4724271456/compound/fbcba4dd-14fe-4f8d-b06d-828ef7327b1c/structure/5550e2aa-d0bc-4c35-b4f5-5fec1aaeee5e	Dichlobenil	C1=CC(=C(C#N)C(=C1)Cl)Cl		0		https://envipath.org/package/5882df9c-dae1-4d80-a40e-db4724271456/pathway/048e1cb6-5618-4bad-990a-1b9c8dd467af	Dichlobenil
https://envipath.org/package/5882df9c-dae1-4d80-a40e-db4724271456/compound/e3a0232a-e524-4f35-bfa2-db81410b2242/structure/1f898488-6417-421c-b17d-f75d5e90da0e	2,6-dichlorobenzoic acid	C1=CC(=C(C(=C1)Cl)C(=O)O)Cl		-99		https://envipath.org/package/5882df9c-dae1-4d80-a40e-db4724271456/pathway/048e1cb6-5618-4bad-990a-1b9c8dd467af	Dichlobenil
https://envipath.org/package/5882df9c-dae1-4d80-a40e-db4724271456/compound/6792ab10-810f-4b80-bc9b-67b1f20cd6f6/structure/56c92dfe-38c2-480b-9e17-da75dc1b6e02	AE C653711	C1=CC(=C(C(=C1)Cl)C(=O)N)Cl		1	C1=CC(=C(C#N)C(=C1)Cl)Cl	https://envipath.org/package/5882df9c-dae1-4d80-a40e-db4724271456/pathway/048e1cb6-5618-4bad-990a-1b9c8dd467af	Dichlobenil
https://envipath.org/package/5882df9c-dae1-4d80-a40e-db4724271456/compound/ec701df9-090a-48ba-a5f3-43e947ecebe7/structure/96e61292-fa9c-49f3-9c76-f09a0e62ca74	2,4-Dichlorophenol	C1=C(C=C(C(=C1)O)Cl)Cl		1	CC(C(=O)O)OC1=CC=C(C=C1Cl)Cl	https://envipath.org/package/5882df9c-dae1-4d80-a40e-db4724271456/pathway/124ddbee-3e05-4b04-b5f7-8781bb1b13c8	Dichlorprop-p
https://envipath.org/package/5882df9c-dae1-4d80-a40e-db4724271456/compound/e456623e-5ee5-46de-9739-dfa3c4041541/structure/04e5198b-99ad-484c-a607-73e6d4b683f5	Dichlorprop-p	CC(C(=O)O)OC1=CC=C(C=C1Cl)Cl		0		https://envipath.org/package/5882df9c-dae1-4d80-a40e-db4724271456/pathway/124ddbee-3e05-4b04-b5f7-8781bb1b13c8	Dichlorprop-p
https://envipath.org/package/5882df9c-dae1-4d80-a40e-db4724271456/compound/999a9b61-2f3e-40c7-a712-f6afbc166091/structure/47fae3bf-9055-4dc2-8471-1402c4b96e4d	2,4-Dichloroanisole	COC1=CC=C(C=C1Cl)Cl		2	C1=C(C=C(C(=C1)O)Cl)Cl	https://envipath.org/package/5882df9c-dae1-4d80-a40e-db4724271456/pathway/124ddbee-3e05-4b04-b5f7-8781bb1b13c8	Dichlorprop-p
https://envipath.org/package/5882df9c-dae1-4d80-a40e-db4724271456/compound/6c37463a-8022-4561-baf8-66df2d4598d2/structure/7ed7ffbc-f57b-4350-bec2-f93bbe716740	2,2-dichloroethanol	C(C(Cl)Cl)O		2	C(=O)C(Cl)Cl	https://envipath.org/package/5882df9c-dae1-4d80-a40e-db4724271456/pathway/e822d918-d2b9-4981-86b6-8fec51f31b1a	Dichlorvos
https://envipath.org/package/5882df9c-dae1-4d80-a40e-db4724271456/compound/0d9a7fd1-13d8-4eca-a548-d7023b5568f1/structure/0e18af59-8024-4358-a325-556d62c5ce14	Dichloroacetaldehyd	C(=O)C(Cl)Cl		1	COP(=O)(OC)O/C=C(\Cl)/Cl	https://envipath.org/package/5882df9c-dae1-4d80-a40e-db4724271456/pathway/e822d918-d2b9-4981-86b6-8fec51f31b1a	Dichlorvos
https://envipath.org/package/5882df9c-dae1-4d80-a40e-db4724271456/compound/7b0171af-5c44-4789-8c2a-414cbb8d3ab6/structure/82cf00a1-fe5a-4ed5-9ddb-dc6249f846c3	Dichlorvos	COP(=O)(OC)O/C=C(\Cl)/Cl		0		https://envipath.org/package/5882df9c-dae1-4d80-a40e-db4724271456/pathway/e822d918-d2b9-4981-86b6-8fec51f31b1a	Dichlorvos
https://envipath.org/package/5882df9c-dae1-4d80-a40e-db4724271456/compound/6a55eb89-e673-4ef4-aa5a-9cc8344a3771/structure/1c9495a1-a893-41da-8049-da022af72e83	dicloroacetic acid	C(C(=O)O)(Cl)Cl		2	C(=O)C(Cl)Cl	https://envipath.org/package/5882df9c-dae1-4d80-a40e-db4724271456/pathway/e822d918-d2b9-4981-86b6-8fec51f31b1a	Dichlorvos
https://envipath.org/package/5882df9c-dae1-4d80-a40e-db4724271456/compound/45bbb068-bef3-4e66-8625-36f68357afc4/structure/88f235d8-9f60-4ab5-9d1a-08a2bcb45fc7	desmethyldichlorvos sodium salt	COP(=O)([O-])O/C=C(/Cl)\Cl.[Na+]		1	COP(=O)(OC)O/C=C(\Cl)/Cl	https://envipath.org/package/5882df9c-dae1-4d80-a40e-db4724271456/pathway/e822d918-d2b9-4981-86b6-8fec51f31b1a	Dichlorvos
https://envipath.org/package/5882df9c-dae1-4d80-a40e-db4724271456/compound/e958e55d-e489-4420-8354-b1905c774cdc/structure/901ce829-3733-4980-8a70-f306b008bf77	Diclofop-acid	CC(C(=O)O)OC1=CC=C(C=C1)OC2=CC=C(C=C2Cl)Cl		1	CC(C(=O)OC)OC1=CC=C(C=C1)OC2=CC=C(C=C2Cl)Cl	https://envipath.org/package/5882df9c-dae1-4d80-a40e-db4724271456/pathway/760819c7-c149-43e3-8116-18fdd06734a9	Diclofop-methyl
https://envipath.org/package/5882df9c-dae1-4d80-a40e-db4724271456/compound/66bc1513-cf85-48f5-85b9-0832a797bfb7/structure/2e330445-64d7-40aa-b12c-2dc3b6d7b754	Diclofop-phenol	C1=C(C=C(C(=C1)OC2=CC=C(C=C2)O)Cl)Cl		2	CC(C(=O)O)OC1=CC=C(C=C1)OC2=CC=C(C=C2Cl)Cl	https://envipath.org/package/5882df9c-dae1-4d80-a40e-db4724271456/pathway/760819c7-c149-43e3-8116-18fdd06734a9	Diclofop-methyl
https://envipath.org/package/5882df9c-dae1-4d80-a40e-db4724271456/compound/a2f69364-85fb-417a-9550-81d72f81ec6b/structure/8b0f65a5-5881-4246-b650-b0b9e5b97949	Hydroxy-diclofop-acid	CC(C(=O)O)OC1=CC=C(C=C1)OC2=CC(=C(C=C2Cl)Cl)O		2	CC(C(=O)O)OC1=CC=C(C=C1)OC2=CC=C(C=C2Cl)Cl	https://envipath.org/package/5882df9c-dae1-4d80-a40e-db4724271456/pathway/760819c7-c149-43e3-8116-18fdd06734a9	Diclofop-methyl
https://envipath.org/package/5882df9c-dae1-4d80-a40e-db4724271456/compound/dcb79fce-f6e8-426f-8bbc-80e503358f5c/structure/0f591bc1-7ff0-4350-970d-de5d28cce5a7	Diclofop-methyl	CC(C(=O)OC)OC1=CC=C(C=C1)OC2=CC=C(C=C2Cl)Cl		0		https://envipath.org/package/5882df9c-dae1-4d80-a40e-db4724271456/pathway/760819c7-c149-43e3-8116-18fdd06734a9	Diclofop-methyl
https://envipath.org/package/5882df9c-dae1-4d80-a40e-db4724271456/compound/53ca3355-8746-4bae-9694-85c2aa36d6ae/structure/c581e498-d7bd-4475-8732-e972b13ff188	Dicloran	C1=C(C(=C(C=C1[N+](=O)[O-])Cl)N)Cl		0		https://envipath.org/package/5882df9c-dae1-4d80-a40e-db4724271456/pathway/25a8ee66-7024-4adc-95c1-00bf50e7d80e	Dicloran
https://envipath.org/package/5882df9c-dae1-4d80-a40e-db4724271456/compound/8cc416e9-1da9-4c7f-9e32-28ffaefd05a0/structure/42abe045-88a6-4fdb-ac9f-43ab2ad52783	DCHA	C1=C(C(=C(C=C1O)Cl)N)Cl		2	C1=C(C(=C(C=C1N)Cl)N)Cl	https://envipath.org/package/5882df9c-dae1-4d80-a40e-db4724271456/pathway/25a8ee66-7024-4adc-95c1-00bf50e7d80e	Dicloran
https://envipath.org/package/5882df9c-dae1-4d80-a40e-db4724271456/compound/fcbe4af4-a426-41e0-a838-58a4e6d5d948/structure/8cc588b0-ce47-4f72-b060-2451467c94c7	DCAA	CC(=O)NC1=CC(=C(C(=C1)Cl)N)Cl		2	C1=C(C(=C(C=C1N)Cl)N)Cl	https://envipath.org/package/5882df9c-dae1-4d80-a40e-db4724271456/pathway/25a8ee66-7024-4adc-95c1-00bf50e7d80e	Dicloran
https://envipath.org/package/5882df9c-dae1-4d80-a40e-db4724271456/compound/0f694c70-c263-4299-abcc-9649b689a790/structure/1f7685c4-dc0d-4b5a-9358-f1fee621039d	DCPD	C1=C(C(=C(C=C1N)Cl)N)Cl		1	C1=C(C(=C(C=C1[N+](=O)[O-])Cl)N)Cl	https://envipath.org/package/5882df9c-dae1-4d80-a40e-db4724271456/pathway/25a8ee66-7024-4adc-95c1-00bf50e7d80e	Dicloran
https://envipath.org/package/5882df9c-dae1-4d80-a40e-db4724271456/compound/2dc5296c-6e38-413b-83c2-91ee0556c57c/structure/4478a78c-31ee-4d38-88f2-333efe219c90	6-NO2-DFC	CCOC1=CC(=C(C=C1OCC)[N+](=O)[O-])NC(=O)OC(C)C		1	CCOC1=CC=C(C=C1OCC)NC(=O)OC(C)C	https://envipath.org/package/5882df9c-dae1-4d80-a40e-db4724271456/pathway/919525a5-0099-49eb-b965-1460cea5453d	Diethofencarb
https://envipath.org/package/5882df9c-dae1-4d80-a40e-db4724271456/compound/caf9a8b8-1444-4c17-97eb-4c9b26803907/structure/4d88582e-69dc-4df4-825e-5ddba5d6cb5b	Diethofencarb	CCOC1=CC=C(C=C1OCC)NC(=O)OC(C)C		0		https://envipath.org/package/5882df9c-dae1-4d80-a40e-db4724271456/pathway/919525a5-0099-49eb-b965-1460cea5453d	Diethofencarb
https://envipath.org/package/5882df9c-dae1-4d80-a40e-db4724271456/compound/de66594d-2b76-488d-b390-d0f53165aa01/structure/2af70f1a-49e6-4b61-a786-3701a2c1e79d	3,4-(Oet)2-6-NO2-A	CCOC1=CC(=C(C=C1OCC)[N+](=O)[O-])N		-99		https://envipath.org/package/5882df9c-dae1-4d80-a40e-db4724271456/pathway/919525a5-0099-49eb-b965-1460cea5453d	Diethofencarb
https://envipath.org/package/5882df9c-dae1-4d80-a40e-db4724271456/compound/1f933b06-98cf-482f-9aaf-5325bba34cbc/structure/982888e9-376c-4a4e-9509-6d9d15c06d31	4-OH-DFC	CCOC1=CC(=CC=C1O)NC(=O)OC(C)C		-99		https://envipath.org/package/5882df9c-dae1-4d80-a40e-db4724271456/pathway/919525a5-0099-49eb-b965-1460cea5453d	Diethofencarb
https://envipath.org/package/5882df9c-dae1-4d80-a40e-db4724271456/compound/94815f0f-3b21-47ba-9ac6-04ef1ba5ee24/structure/9f7c8253-aa30-40c6-bb0d-ea68e0f76bcb	DFC-COOH	CCOC1=CC=C(C=C1OCC)NC(=O)OC(C)C(=O)O	minor	1	CCOC1=CC=C(C=C1OCC)NC(=O)OC(C)C	https://envipath.org/package/5882df9c-dae1-4d80-a40e-db4724271456/pathway/919525a5-0099-49eb-b965-1460cea5453d	Diethofencarb
https://envipath.org/package/5882df9c-dae1-4d80-a40e-db4724271456/compound/72d8c6c0-5110-4b6d-b7a9-43ce1cbea186/structure/7c97387e-60e7-497e-a9a8-83012ed2be50	DPO	CCOC1=CC=C(C=C1OCC)N2C(=O)C(C)OC2=O		2	CCOC1=CC=C(C=C1OCC)NC(=O)OC(C)C(=O)O	https://envipath.org/package/5882df9c-dae1-4d80-a40e-db4724271456/pathway/919525a5-0099-49eb-b965-1460cea5453d	Diethofencarb
https://envipath.org/package/5882df9c-dae1-4d80-a40e-db4724271456/compound/a15dc090-924f-4ae2-9ea6-3230a8a7f504/structure/d705d7e2-2f0e-4230-8d35-5eb2c2fc1c91	1,2,4 triazole	C1=NC=NN1		2	C1=C(C=CC(=C1)OC2=CC=C(C(=C2)Cl)C(CN3C=NC=N3)O)Cl	https://envipath.org/package/5882df9c-dae1-4d80-a40e-db4724271456/pathway/b6798e55-af84-421b-9f14-357ae9913893	Difenoconazole
https://envipath.org/package/5882df9c-dae1-4d80-a40e-db4724271456/compound/b9e2409a-7ec6-4078-bbd1-30554fb79f75/structure/3a1d511e-903b-4d3e-a56c-dc933e1b3aa1	CGA 205374	C1=C(C=CC(=C1)OC2=CC=C(C(=C2)Cl)C(=O)CN3C=NC=N3)Cl		2	C1=C(C=CC(=C1)OC2=CC=C(C(=C2)Cl)C(CN3C=NC=N3)O)Cl	https://envipath.org/package/5882df9c-dae1-4d80-a40e-db4724271456/pathway/b6798e55-af84-421b-9f14-357ae9913893	Difenoconazole
https://envipath.org/package/5882df9c-dae1-4d80-a40e-db4724271456/compound/2b60383b-d540-4bd5-9b7a-67fb2d4113e2/structure/ae2d823c-f259-48a2-bce7-df82cfa6814d	Difenoconazole	CC1COC(CN2C=NC=N2)(C3=CC=C(C=C3Cl)OC4=CC=C(C=C4)Cl)O1		0		https://envipath.org/package/5882df9c-dae1-4d80-a40e-db4724271456/pathway/b6798e55-af84-421b-9f14-357ae9913893	Difenoconazole
https://envipath.org/package/5882df9c-dae1-4d80-a40e-db4724271456/compound/b4c58756-f57b-40a7-96ec-159428ff87a3/structure/13c8ebe3-99c6-43a5-a588-d0116d1ada74	CGA 205375	C1=C(C=CC(=C1)OC2=CC=C(C(=C2)Cl)C(CN3C=NC=N3)O)Cl		1	CC1COC(CN2C=NC=N2)(C3=CC=C(C=C3Cl)OC4=CC=C(C=C4)Cl)O1	https://envipath.org/package/5882df9c-dae1-4d80-a40e-db4724271456/pathway/b6798e55-af84-421b-9f14-357ae9913893	Difenoconazole
https://envipath.org/package/5882df9c-dae1-4d80-a40e-db4724271456/compound/a6a99d95-8f8e-48a1-97d9-ba8eed6cdb8b/structure/4dbe24a7-9930-4dbc-9cf1-dc0a8a20b321	CGA 189138	C1=C(C=CC(=C1)OC2=CC=C(C(=C2)C(=O)O)Cl)Cl		2	C1=C(C=CC(=C1)OC2=CC=C(C(=C2)Cl)C(CN3C=NC=N3)O)Cl	https://envipath.org/package/5882df9c-dae1-4d80-a40e-db4724271456/pathway/b6798e55-af84-421b-9f14-357ae9913893	Difenoconazole
https://envipath.org/package/5882df9c-dae1-4d80-a40e-db4724271456/compound/8cf2f2d2-4ddc-4a24-b562-4c66efa838a2/structure/af2e1bce-653a-4b5d-85a5-a6ec1b5c95bf	PCA 4-chloraniline	C1=C(C=CC(=C1)N)Cl		-99		https://envipath.org/package/5882df9c-dae1-4d80-a40e-db4724271456/pathway/124c2360-4947-42df-bec6-56dd3c2a111d	Diflubenzuron
https://envipath.org/package/5882df9c-dae1-4d80-a40e-db4724271456/compound/e7497bde-c89f-49d6-a663-25fd253f7a54/structure/04c29f1b-b5af-4b7a-81b3-c6511fe30943	CPU 4-chlorophenylurea	C1=C(C=CC(=C1)NC(=O)N)Cl		1	C1=CC(=C(C(=C1)F)C(=O)NC(=O)NC2=CC=C(C=C2)Cl)F	https://envipath.org/package/5882df9c-dae1-4d80-a40e-db4724271456/pathway/124c2360-4947-42df-bec6-56dd3c2a111d	Diflubenzuron
https://envipath.org/package/5882df9c-dae1-4d80-a40e-db4724271456/compound/648240b4-1dae-4e90-bce5-8b24ad10c52d/structure/b745eef3-9a66-46fe-9940-b9d83c6102d4	CGA 149776	C1=CC(=C(C(=C1)F)C(=O)O)F		1	C1=CC(=C(C(=C1)F)C(=O)NC(=O)NC2=CC=C(C=C2)Cl)F	https://envipath.org/package/5882df9c-dae1-4d80-a40e-db4724271456/pathway/124c2360-4947-42df-bec6-56dd3c2a111d	Diflubenzuron
https://envipath.org/package/5882df9c-dae1-4d80-a40e-db4724271456/compound/4866d196-b863-4f88-9d72-15f05a12dec3/structure/19b11da7-4133-40d7-a0ca-6df0aa6c7fe5	Diflubenzuron	C1=CC(=C(C(=C1)F)C(=O)NC(=O)NC2=CC=C(C=C2)Cl)F		0		https://envipath.org/package/5882df9c-dae1-4d80-a40e-db4724271456/pathway/124c2360-4947-42df-bec6-56dd3c2a111d	Diflubenzuron
https://envipath.org/package/5882df9c-dae1-4d80-a40e-db4724271456/compound/399691c0-0aa5-4593-84dd-63c0b388af46/structure/617c55eb-8af9-4d2a-80a5-186d07b62659	Metabolite 4 3-hydroxymethyl-2-(3-trifluoromethylphenoxy))pyridine	C1=CC(=CC(=C1)C(F)(F)F)OC2=NC=CC=C2CO		-99		https://envipath.org/package/5882df9c-dae1-4d80-a40e-db4724271456/pathway/c3ed6311-591e-400b-825c-89475f1ac960	Diflufenican
https://envipath.org/package/5882df9c-dae1-4d80-a40e-db4724271456/compound/6c6baa04-1b16-4491-84fb-9a5fe58fe4d3/structure/4fb39b58-52db-43cf-a57c-c523ed8fb093	AE 0542291	C1=CC(=CC(=C1)C(F)(F)F)OC2=NC=CC=C2C(=O)N		1	C1=CC(=CC(=C1)C(F)(F)F)OC2=NC=CC=C2C(=O)NC3=CC=C(C=C3F)F	https://envipath.org/package/5882df9c-dae1-4d80-a40e-db4724271456/pathway/c3ed6311-591e-400b-825c-89475f1ac960	Diflufenican
https://envipath.org/package/5882df9c-dae1-4d80-a40e-db4724271456/compound/802cb70e-fb0d-43db-8009-d17827b43b4e/structure/c0911232-a973-4f22-99b2-c6ee6342ccc9	Diflufenican	C1=CC(=CC(=C1)C(F)(F)F)OC2=NC=CC=C2C(=O)NC3=CC=C(C=C3F)F		0		https://envipath.org/package/5882df9c-dae1-4d80-a40e-db4724271456/pathway/c3ed6311-591e-400b-825c-89475f1ac960	Diflufenican
https://envipath.org/package/5882df9c-dae1-4d80-a40e-db4724271456/compound/e46e11e0-6e6c-4237-a291-d649a5d425c6/structure/5523ab7a-a1cb-4948-8439-1fd8de673236	AE B107137	C1=CC(=CC(=C1)C(F)(F)F)OC2=NC=CC=C2C(=O)O		1	C1=CC(=CC(=C1)C(F)(F)F)OC2=NC=CC=C2C(=O)N	https://envipath.org/package/5882df9c-dae1-4d80-a40e-db4724271456/pathway/c3ed6311-591e-400b-825c-89475f1ac960	Diflufenican
https://envipath.org/package/5882df9c-dae1-4d80-a40e-db4724271456/compound/cc2a0779-c367-41aa-8d62-9b5d87c9cad7/structure/adf57e6c-ec36-4cdb-b400-7db3ec922a18	CGA 354742	CC1=CC=CC(=C1N(CCOC)C(=O)CS(=O)(=O)[O-])C.[Na+]		1	CC1=CC=CC(=C1N(CCOC)C(=O)CCl)C	https://envipath.org/package/5882df9c-dae1-4d80-a40e-db4724271456/pathway/fff62c5e-34e2-43f7-9160-dfd330682a8b	Dimethachlor
https://envipath.org/package/5882df9c-dae1-4d80-a40e-db4724271456/compound/3680003b-60ba-4ab2-bdd3-affef51ba9ec/structure/9547dc0e-7f31-462b-bc0d-3ae6cd211b21	Dimethachlor	CC1=CC=CC(=C1N(CCOC)C(=O)CCl)C		0		https://envipath.org/package/5882df9c-dae1-4d80-a40e-db4724271456/pathway/fff62c5e-34e2-43f7-9160-dfd330682a8b	Dimethachlor
https://envipath.org/package/5882df9c-dae1-4d80-a40e-db4724271456/compound/e7c6e0d7-48ce-4f2f-aa83-a6253d66a7b7/structure/5b3a2f86-17bb-4533-a728-a48f98ffcd41	CGA 102935	CC1=CC=CC(=C1N(CC(=O)O)C(=O)C(=O)O)C		3	CC1=CC=CC(=C1N(CC(=O)O)C(=O)CO)C	https://envipath.org/package/5882df9c-dae1-4d80-a40e-db4724271456/pathway/fff62c5e-34e2-43f7-9160-dfd330682a8b	Dimethachlor
https://envipath.org/package/5882df9c-dae1-4d80-a40e-db4724271456/compound/bc854d10-04ec-4eba-a80b-122a1829b8c8/structure/8622c265-161a-4f1e-9101-ec4cbf73666d	CGA 369873	CC1=CC=CC(=C1NC(=O)CS(=O)(=O)[O-])C.[Na+]		3	CC1=CC=CC(=C1N(CC(=O)O)C(=O)CS(=O)(=O)[O-])C.[Na+]	https://envipath.org/package/5882df9c-dae1-4d80-a40e-db4724271456/pathway/fff62c5e-34e2-43f7-9160-dfd330682a8b	Dimethachlor
https://envipath.org/package/5882df9c-dae1-4d80-a40e-db4724271456/compound/dc6f545e-4fcf-460a-8c87-5f69855195b4/structure/1ac05c66-d62e-447d-afcb-34d6077c5f80	[CGA37734]	CC1=CC=CC(=C1NC(=O)CO)C	minor	2	CC1=CC=CC(=C1NC(=O)CCl)C	https://envipath.org/package/5882df9c-dae1-4d80-a40e-db4724271456/pathway/fff62c5e-34e2-43f7-9160-dfd330682a8b	Dimethachlor
https://envipath.org/package/5882df9c-dae1-4d80-a40e-db4724271456/compound/893a60bb-8ffb-4efd-88fc-3ba7205864de/structure/d667b0d3-0eef-4af5-b1ce-a8d1d845d6c3	CGA 39981	CC1=CC=CC(=C1N(CCOC)C(=O)CO)C		1	CC1=CC=CC(=C1N(CCOC)C(=O)C)C	https://envipath.org/package/5882df9c-dae1-4d80-a40e-db4724271456/pathway/fff62c5e-34e2-43f7-9160-dfd330682a8b	Dimethachlor
https://envipath.org/package/5882df9c-dae1-4d80-a40e-db4724271456/compound/5ad0c7ac-c569-4de1-aa8c-60b0a2a7aeb6/structure/7a66403d-e46c-4767-b681-4bfbe65d2605	CGA 39026	CC1=CC=CC(=C1N(CCO)C(=O)CCl)C		1	CC1=CC=CC(=C1N(CCOC)C(=O)CCl)C	https://envipath.org/package/5882df9c-dae1-4d80-a40e-db4724271456/pathway/fff62c5e-34e2-43f7-9160-dfd330682a8b	Dimethachlor
https://envipath.org/package/5882df9c-dae1-4d80-a40e-db4724271456/compound/044f4e4a-0aa0-447d-b792-f2fbee359033/structure/c0ea7c93-a671-4b9a-9a56-edc1564d2cd5	CGA 373464	CC1=CC=CC(=C1N(CC(=O)O)C(=O)CS(=O)(=O)[O-])C.[Na+]		2	CC1=CC=CC(=C1N(CCOC)C(=O)CS(=O)(=O)[O-])C.[Na+]	https://envipath.org/package/5882df9c-dae1-4d80-a40e-db4724271456/pathway/fff62c5e-34e2-43f7-9160-dfd330682a8b	Dimethachlor
https://envipath.org/package/5882df9c-dae1-4d80-a40e-db4724271456/compound/0a46d12f-b016-48f1-8340-a7ea391d87a3/structure/84f0dc78-c616-4540-88d2-42d6d7712ddb	CGA 103699	CC1=CC=CC(=C1N(CC(=O)O)C(=O)CO)C		2	CC1=CC=CC(=C1N(CCOC)C(=O)CO)C	https://envipath.org/package/5882df9c-dae1-4d80-a40e-db4724271456/pathway/fff62c5e-34e2-43f7-9160-dfd330682a8b	Dimethachlor
https://envipath.org/package/5882df9c-dae1-4d80-a40e-db4724271456/compound/3e0c94a5-5319-46eb-91b8-335fa219561c/structure/e9a13c59-7d79-4556-9176-0e8b9c2bb4b3	SYN 530561	CC1=CC=CC(=C1N(CCOC)C(=O)CO)C(=O)O		2	CC1=CC=CC(=C1N(CCOC)C(=O)CO)C	https://envipath.org/package/5882df9c-dae1-4d80-a40e-db4724271456/pathway/fff62c5e-34e2-43f7-9160-dfd330682a8b	Dimethachlor
https://envipath.org/package/5882df9c-dae1-4d80-a40e-db4724271456/compound/f72d961a-97ca-485b-b987-3269d1e503b2/structure/85810875-16a2-48d1-99ff-466412e506fe	CGA 42443	CC1=CC=CC(=C1N(CCOC)C(=O)C)C		1	CC1=CC=CC(=C1N(CCOC)C(=O)CCl)C	https://envipath.org/package/5882df9c-dae1-4d80-a40e-db4724271456/pathway/fff62c5e-34e2-43f7-9160-dfd330682a8b	Dimethachlor
https://envipath.org/package/5882df9c-dae1-4d80-a40e-db4724271456/compound/e2bedeaf-4ee6-4ab1-8763-687b8bcf217d/structure/dc481a48-b1eb-485e-805a-c3ac6444063e	SYN 528702	CC1=CC=CC(=C1N(CCSCC(C(=O)O)O)C(=O)CO)C		1	CC1=CC=CC(=C1N(CCOC)C(=O)CCl)C	https://envipath.org/package/5882df9c-dae1-4d80-a40e-db4724271456/pathway/fff62c5e-34e2-43f7-9160-dfd330682a8b	Dimethachlor
https://envipath.org/package/5882df9c-dae1-4d80-a40e-db4724271456/compound/3a2882e9-647b-4496-abb2-dc46ff567a2d/structure/cdb51cfb-76d4-4785-bcb6-98b0e8c046e9	CGA 50266	CC1=CC=CC(=C1N(CCOC)C(=O)C(=O)O)C		2	CC1=CC=CC(=C1N(CCOC)C(=O)CO)C	https://envipath.org/package/5882df9c-dae1-4d80-a40e-db4724271456/pathway/fff62c5e-34e2-43f7-9160-dfd330682a8b	Dimethachlor
https://envipath.org/package/5882df9c-dae1-4d80-a40e-db4724271456/compound/4cae4ff5-96f4-4e8f-8291-fdd9daddbaa8/structure/5aeb5f1b-613e-4b26-aff7-b2b4bb3d2c60	CGA 16942	CC1=CC=CC(=C1NC(=O)CCl)C		2	CC1=CC=CC(=C1N(CCO)C(=O)CCl)C	https://envipath.org/package/5882df9c-dae1-4d80-a40e-db4724271456/pathway/fff62c5e-34e2-43f7-9160-dfd330682a8b	Dimethachlor
https://envipath.org/package/5882df9c-dae1-4d80-a40e-db4724271456/compound/c86dad56-ec47-48c3-bf4d-d49e46a8bb8c/structure/f5d5c716-d9cd-4e6f-a760-3205f9d1bf8b	M27	CC1=CSC(=C1N(C(C)COC)C(=O)CS(=O)(=O)[O-])C		3	CC1=CSC(=C1N(C(C)COC)C(=O)CS(=O)CC(C(=O)O)O)C	https://envipath.org/package/5882df9c-dae1-4d80-a40e-db4724271456/pathway/bae7c79b-7689-4c21-b271-504f16f91321	Dimethenamid
https://envipath.org/package/5882df9c-dae1-4d80-a40e-db4724271456/compound/414209f3-4c37-4d70-a4cc-145c6d7918bc/structure/e899a908-e0c8-4f61-9dfc-3bca9a26dbbc	Dimethenamid, racemic	CC1=CSC(=C1N(C(C)COC)C(=O)CCl)C		0		https://envipath.org/package/5882df9c-dae1-4d80-a40e-db4724271456/pathway/bae7c79b-7689-4c21-b271-504f16f91321	Dimethenamid
https://envipath.org/package/5882df9c-dae1-4d80-a40e-db4724271456/compound/8ec92658-76f1-43f4-a999-1a04e09e4f1a/structure/85abac04-d6e6-4cc5-836c-0bc809cbd92b	Dimethenamid-P, often used isomer	CC1=CSC(=C1N([C@@H](C)COC)C(=O)CCl)C		-99		https://envipath.org/package/5882df9c-dae1-4d80-a40e-db4724271456/pathway/bae7c79b-7689-4c21-b271-504f16f91321	Dimethenamid
https://envipath.org/package/5882df9c-dae1-4d80-a40e-db4724271456/compound/eef2b916-5ef5-4d0b-8227-26cad0bdc62a/structure/a594f591-1573-4606-8250-6ee0f7ba8d7a	M26	CC1=CSC(=C1N(C(C)COC)C(=O)CSCC(C(=O)O)O)C		1	CC1=CSC(=C1N(C(C)COC)C(=O)CCl)C	https://envipath.org/package/5882df9c-dae1-4d80-a40e-db4724271456/pathway/bae7c79b-7689-4c21-b271-504f16f91321	Dimethenamid
https://envipath.org/package/5882df9c-dae1-4d80-a40e-db4724271456/compound/aac1af41-340c-4c2f-ab6e-3038a7f97eb9/structure/73a4f9e7-892c-4596-bec0-857f1e3c7e8e	M11	CC1=CSC(=C1N(C(C)COC)C(=O)CO)C		1	CC1=CSC(=C1N(C(C)COC)C(=O)CCl)C	https://envipath.org/package/5882df9c-dae1-4d80-a40e-db4724271456/pathway/bae7c79b-7689-4c21-b271-504f16f91321	Dimethenamid
https://envipath.org/package/5882df9c-dae1-4d80-a40e-db4724271456/compound/ed0155bf-f9c5-45b2-af25-a9128f9f4098/structure/c3cf64e4-bb1e-4000-9faf-6efdfa7b197d	M31	CC1=CSC(=C1N(C(C)COC)C(=O)CS(=O)CC(=O)O)C		2	CC1=CSC(=C1N(C(C)COC)C(=O)CSCC(=O)O)C	https://envipath.org/package/5882df9c-dae1-4d80-a40e-db4724271456/pathway/bae7c79b-7689-4c21-b271-504f16f91321	Dimethenamid
https://envipath.org/package/5882df9c-dae1-4d80-a40e-db4724271456/compound/e2971111-e849-4628-b8a4-5c753a38496c/structure/f4b6b03b-dd8d-44d8-a286-fdcc9452587a	M32	CC1=CSC(=C1N(C(C)COC)C(=O)CSCC(=O)O)C		1	CC1=CSC(=C1N(C(C)COC)C(=O)CCl)C	https://envipath.org/package/5882df9c-dae1-4d80-a40e-db4724271456/pathway/bae7c79b-7689-4c21-b271-504f16f91321	Dimethenamid
https://envipath.org/package/5882df9c-dae1-4d80-a40e-db4724271456/compound/2032a075-fc68-46cc-8581-2787fdf63372/structure/c617d49f-5852-48cb-bd91-b3c71cdccf78	M23	CC1=CSC(=C1N(C(C)COC)C(=O)C(=O)O)C		2	CC1=CSC(=C1N(C(C)COC)C(=O)CO)C	https://envipath.org/package/5882df9c-dae1-4d80-a40e-db4724271456/pathway/bae7c79b-7689-4c21-b271-504f16f91321	Dimethenamid
https://envipath.org/package/5882df9c-dae1-4d80-a40e-db4724271456/compound/c5360868-7438-4800-b3ce-41465abc1b22/structure/eba0ad7c-1d88-4e0c-b9cc-f74fa06c28ef	M30	CC1=CSC(=C1N(C(C)COC)C(=O)CS(=O)CC(C(=O)O)O)C		2	CC1=CSC(=C1N(C(C)COC)C(=O)CSCC(C(=O)O)O)C	https://envipath.org/package/5882df9c-dae1-4d80-a40e-db4724271456/pathway/bae7c79b-7689-4c21-b271-504f16f91321	Dimethenamid
https://envipath.org/package/5882df9c-dae1-4d80-a40e-db4724271456/compound/6045d409-c789-4f1f-9bfa-d1b3c05ac8b0/structure/0f59bf6c-0790-499e-acf3-123fd5dde345	1,4-dithiane-1,1,4,4-tetraoxide H9	C1CS(=O)(=O)CCS1(=O)=O	minor	1	CC1=C(C)S(=O)(=O)CCS1(=O)=O	https://envipath.org/package/5882df9c-dae1-4d80-a40e-db4724271456/pathway/53535128-1bf8-4768-ba62-896d887462ae	Dimethipin
https://envipath.org/package/5882df9c-dae1-4d80-a40e-db4724271456/compound/a805738c-a519-49f9-9e37-53a5d5d42049/structure/3cd09aef-7b4e-4c57-ad40-10b3bb3c4ea6	Dimethipin	CC1=C(C)S(=O)(=O)CCS1(=O)=O		0		https://envipath.org/package/5882df9c-dae1-4d80-a40e-db4724271456/pathway/53535128-1bf8-4768-ba62-896d887462ae	Dimethipin
https://envipath.org/package/5882df9c-dae1-4d80-a40e-db4724271456/compound/c9a2102a-c7d1-4eae-9665-bd529b231d86/structure/6b4e369a-3ca1-496c-99ec-da5e91e89eac	2-methyl-3-methylene-1,4-dithiane-1,1,4,4-tetraoxide H4	C=C1C(C)S(=O)(=O)CCS1(=O)=O	minor	1	CC1=C(C)S(=O)(=O)CCS1(=O)=O	https://envipath.org/package/5882df9c-dae1-4d80-a40e-db4724271456/pathway/53535128-1bf8-4768-ba62-896d887462ae	Dimethipin
https://envipath.org/package/5882df9c-dae1-4d80-a40e-db4724271456/compound/fa0a18d2-495d-4707-a41b-847d045b1b76/structure/42072bf5-d760-4c8f-878e-a11e5adb019a	Omethoate, structurally similar to dimethoate	CNC(=O)CSP(=O)(OC)OC		-99		https://envipath.org/package/5882df9c-dae1-4d80-a40e-db4724271456/pathway/69ad357a-7240-4817-a0c9-1648a53c3672	Dimethoate
https://envipath.org/package/5882df9c-dae1-4d80-a40e-db4724271456/compound/05ea8702-8365-4b0b-9c35-c46d6bff11de/structure/3a7779bb-8449-4024-9f1b-cfdefa0fc3f9	O-Desmethyl dimethoate	CNC(=O)CSP(=S)(O)OC		1	CNC(=O)CSP(=S)(OC)OC	https://envipath.org/package/5882df9c-dae1-4d80-a40e-db4724271456/pathway/69ad357a-7240-4817-a0c9-1648a53c3672	Dimethoate
https://envipath.org/package/5882df9c-dae1-4d80-a40e-db4724271456/compound/8aed484c-5c67-4bcd-a1c7-deed9841c7ec/structure/f7742607-8626-4452-8060-98cd16093707	O,O-Dimethyl thiophosphoric acid	COP(=S)(O)OC		1	CNC(=O)CSP(=S)(OC)OC	https://envipath.org/package/5882df9c-dae1-4d80-a40e-db4724271456/pathway/69ad357a-7240-4817-a0c9-1648a53c3672	Dimethoate
https://envipath.org/package/5882df9c-dae1-4d80-a40e-db4724271456/compound/c4d36601-5491-4ba5-9e26-6c0adb7ddaf9/structure/d354b514-151b-4ece-a60d-64ef3849302c	Dimethoate	CNC(=O)CSP(=S)(OC)OC		0		https://envipath.org/package/5882df9c-dae1-4d80-a40e-db4724271456/pathway/69ad357a-7240-4817-a0c9-1648a53c3672	Dimethoate
https://envipath.org/package/5882df9c-dae1-4d80-a40e-db4724271456/compound/e98cd963-288f-46c2-b486-6075ccd5d4ef/structure/6a08f6fd-a4fb-4568-959b-d2ada916ac9c	Dimethomorph, E-isomer	COC1=CC=C(C=C1OC)/C(=C/C(=O)N2CCOCC2)/C3=CC=C(C=C3)Cl		0		https://envipath.org/package/5882df9c-dae1-4d80-a40e-db4724271456/pathway/ac6bf124-0ff5-4393-bab4-04ad007766a7	Dimethomorph
https://envipath.org/package/5882df9c-dae1-4d80-a40e-db4724271456/compound/8f17357d-8008-44af-8320-7d28103dbf9c/structure/3477a312-a7ed-4b7c-994f-86678d8265f4	Dimethomorph, Z-isomer	COC1=CC=C(C=C1OC)/C(=C\C(=O)N2CCOCC2)/C3=CC=C(C=C3)Cl		0		https://envipath.org/package/5882df9c-dae1-4d80-a40e-db4724271456/pathway/ac6bf124-0ff5-4393-bab4-04ad007766a7	Dimethomorph
https://envipath.org/package/5882df9c-dae1-4d80-a40e-db4724271456/compound/a6d8e322-d3f4-48bb-bc38-2f7335d554ae/structure/d61956bb-6b7d-4c2a-b9e2-508031b14948	Dimethomorph, isomer mixture	COC1=CC=C(C=C1OC)C(=CC(=O)N2CCOCC2)C3=CC=C(C=C3)Cl		0		https://envipath.org/package/5882df9c-dae1-4d80-a40e-db4724271456/pathway/ac6bf124-0ff5-4393-bab4-04ad007766a7	Dimethomorph
https://envipath.org/package/5882df9c-dae1-4d80-a40e-db4724271456/compound/e6a70f41-2852-408b-b672-e3f6fa7fabae/structure/d3a21425-66c9-4cb5-bdbb-085d3a8199e6	505M08 BF 505-7	CC1=CC=C(C(=C1)OCC2=C(C=CC=C2)/C(=N\OC)/C(=O)NC)C(=O)O		1	CC1=CC=C(C)C(=C1)OCC2=C(C=CC=C2)/C(=N\OC)/C(=O)NC	https://envipath.org/package/5882df9c-dae1-4d80-a40e-db4724271456/pathway/e95fbc7c-b737-49f8-a69e-6c99e82894ae	Dimoxystrobin
https://envipath.org/package/5882df9c-dae1-4d80-a40e-db4724271456/compound/e9a7aa4c-dbe8-4078-8fa7-680196413ede/structure/beda8ee3-b1d6-4099-9439-db66e710312e	505M09 BF 505-8	CC1=CC=C(C=C1OCC2=C(C=CC=C2)/C(=N\OC)/C(=O)NC)C(=O)O		1	CC1=CC=C(C)C(=C1)OCC2=C(C=CC=C2)/C(=N\OC)/C(=O)NC	https://envipath.org/package/5882df9c-dae1-4d80-a40e-db4724271456/pathway/e95fbc7c-b737-49f8-a69e-6c99e82894ae	Dimoxystrobin
https://envipath.org/package/5882df9c-dae1-4d80-a40e-db4724271456/compound/02a3ebb9-baeb-45bf-9abc-bfc5a4216898/structure/884b625f-f7c9-4cc1-a934-aade55285547	Dimoxystrobin, E isomer more prevalent	CC1=CC=C(C)C(=C1)OCC2=C(C=CC=C2)/C(=N\OC)/C(=O)NC		0		https://envipath.org/package/5882df9c-dae1-4d80-a40e-db4724271456/pathway/e95fbc7c-b737-49f8-a69e-6c99e82894ae	Dimoxystrobin
https://envipath.org/package/5882df9c-dae1-4d80-a40e-db4724271456/compound/18ccb928-5b4f-4f3e-8dca-fe3233da7544/structure/2fe7d992-c0db-4d69-a111-db479b1159cf	SYN-546442	C1C=C[N+]2CCN3C(=O)CC=CC3C=2C=1	minor	1	C1=CC2=[N+](C=C1)CC[N+]3=C2C=CC=C3	https://envipath.org/package/5882df9c-dae1-4d80-a40e-db4724271456/pathway/74f0aaf1-673b-406c-b3ed-a2ed5faf69b1	Diquat
https://envipath.org/package/5882df9c-dae1-4d80-a40e-db4724271456/compound/d455a6c2-85a6-453e-8056-29e223177bce/structure/0bcc186d-aa16-4440-a81d-cb80dca5dbdb	Diquat	C1=CC2=[N+](C=C1)CC[N+]3=C2C=CC=C3		0		https://envipath.org/package/5882df9c-dae1-4d80-a40e-db4724271456/pathway/74f0aaf1-673b-406c-b3ed-a2ed5faf69b1	Diquat
https://envipath.org/package/5882df9c-dae1-4d80-a40e-db4724271456/compound/ad82c39b-2edb-4953-b971-79a2d2ea6e26/structure/cf8b0680-4433-480f-965a-9bbce972c55a	Phosphate	O=P([O-])([O-])[O-]		1	[Na+].[Na+].O=P([O-])[O-]	https://envipath.org/package/5882df9c-dae1-4d80-a40e-db4724271456/pathway/03017ddf-02ba-4e36-9b25-54214ed2ad2a	Disodium phosphonate
https://envipath.org/package/5882df9c-dae1-4d80-a40e-db4724271456/compound/91e8dde8-9208-4ea8-af8b-a1e6c2ddd0d4/structure/7a3bfbf7-d798-43f6-8c8d-abae78075d53	Disodium phosphonate	[Na+].[Na+].O=P([O-])[O-]		0		https://envipath.org/package/5882df9c-dae1-4d80-a40e-db4724271456/pathway/03017ddf-02ba-4e36-9b25-54214ed2ad2a	Disodium phosphonate
https://envipath.org/package/5882df9c-dae1-4d80-a40e-db4724271456/compound/9eea3dee-1f4a-4289-9cf4-41d49e50856a/structure/7d3e846e-2c84-4c9a-acf2-76a8e6c1113d	Dipotassium phosphonate	[K+].[K+].O=P([O-])[O-]		0		https://envipath.org/package/5882df9c-dae1-4d80-a40e-db4724271456/pathway/03017ddf-02ba-4e36-9b25-54214ed2ad2a	Disodium phosphonate
https://envipath.org/package/5882df9c-dae1-4d80-a40e-db4724271456/compound/72696d0b-ee6f-4186-8ba8-3baeddcfcfa4/structure/d2c402a5-a5e0-4635-b5f3-3eafa9bbb196	ROI 8(2)	C1=CC2=C(C=C1)C(=O)C3=C(C(=C(C#N)N3)C#N)C2=O		1	C1=CC2=C(C=C1)C(=O)C3=C(C2=O)SC(=C(C#N)S3)C#N	https://envipath.org/package/5882df9c-dae1-4d80-a40e-db4724271456/pathway/3936cd27-07aa-4418-b9fb-40f6bab3008b	Dithianon
https://envipath.org/package/5882df9c-dae1-4d80-a40e-db4724271456/compound/12c0692e-d00c-4adf-9b82-ca8642b22d68/structure/54bd1ad3-ea3e-45b6-8011-23fa485e80ed	ROI 10	C1=CC2=C(C=C1)C(=O)C(=CC2=O)SC(CC(=O)N)C(=O)N		3	C1=CC2=C(C=C1)C(=O)C3=C(C(=C(C#N)S3)C(=O)N)C2=O	https://envipath.org/package/5882df9c-dae1-4d80-a40e-db4724271456/pathway/3936cd27-07aa-4418-b9fb-40f6bab3008b	Dithianon
https://envipath.org/package/5882df9c-dae1-4d80-a40e-db4724271456/compound/52c2d3b7-d72f-41d1-b372-45d971a7154e/structure/65102e95-cd0b-47bd-b5b9-c6e918c78b11	NQ	C1=CC2=C(C=C1)C(=O)C=CC2=O	minor	2	C1=CC2=C(C=C1)C(=O)C(=CC2=O)S/C(=C(/C#N)\O)/C#N.C1=CC2=C(C=C1)C(=O)C(=C(C2=O)O)S/C(=C/C#N)/C#N	https://envipath.org/package/5882df9c-dae1-4d80-a40e-db4724271456/pathway/3936cd27-07aa-4418-b9fb-40f6bab3008b	Dithianon
https://envipath.org/package/5882df9c-dae1-4d80-a40e-db4724271456/compound/ac69038b-e95d-49ed-a649-db473adad152/structure/27b73aaa-a8dd-43d3-a285-6b9239e18ae2	D15 (CL902200)	C1=CC2=C(C=C1)C(=O)C3=C(C2=O)SC(=C(C(=O)N)S3)C#N	minor	1	C1=CC2=C(C=C1)C(=O)C3=C(C2=O)SC(=C(C#N)S3)C#N	https://envipath.org/package/5882df9c-dae1-4d80-a40e-db4724271456/pathway/3936cd27-07aa-4418-b9fb-40f6bab3008b	Dithianon
https://envipath.org/package/5882df9c-dae1-4d80-a40e-db4724271456/compound/62e1791f-05a6-4c3d-be52-94d506d73b56/structure/bdbc9cae-2bef-481a-b5e7-53fca9d0e39a	ROI 8	C1=CC(=C(C=C1)O)C(=O)C2=C(C(=O)O)SC(=C(C#N)S2)C#N		1	C1=CC2=C(C=C1)C(=O)C3=C(C2=O)SC(=C(C#N)S3)C#N	https://envipath.org/package/5882df9c-dae1-4d80-a40e-db4724271456/pathway/3936cd27-07aa-4418-b9fb-40f6bab3008b	Dithianon
https://envipath.org/package/5882df9c-dae1-4d80-a40e-db4724271456/compound/00cd6390-1493-4638-8ef3-6a453f7eb9c0/structure/860e1456-6e4d-447c-aec0-80723bb1632b	D8 (CL902198)	C1=CC2=C(C=C1)C(=O)C3=C(C(=C(C#N)S3)C#N)C2=O		2	C1=CC2=C(C=C1)C(=O)C(=CC2=O)S/C(=C(/C#N)\O)/C#N.C1=CC2=C(C=C1)C(=O)C(=C(C2=O)O)S/C(=C/C#N)/C#N	https://envipath.org/package/5882df9c-dae1-4d80-a40e-db4724271456/pathway/3936cd27-07aa-4418-b9fb-40f6bab3008b	Dithianon
https://envipath.org/package/5882df9c-dae1-4d80-a40e-db4724271456/compound/fe308772-0155-4e38-80fd-4a2c6e493271/structure/6871e79b-7d2e-423a-a882-ba5d26d09110	ROI 4 not clear which one	C1=CC2=C(C=C1)C(=O)C(=CC2=O)S/C(=C(/C#N)\O)/C#N.C1=CC2=C(C=C1)C(=O)C(=C(C2=O)O)S/C(=C/C#N)/C#N		1	C1=CC2=C(C=C1)C(=O)C3=C(C2=O)SC(=C(C#N)S3)C#N	https://envipath.org/package/5882df9c-dae1-4d80-a40e-db4724271456/pathway/3936cd27-07aa-4418-b9fb-40f6bab3008b	Dithianon
https://envipath.org/package/5882df9c-dae1-4d80-a40e-db4724271456/compound/3d067b01-59ad-4a66-8b60-71402a11b461/structure/74bbb5ac-32fe-4ffd-b185-8715d9907d25	ROI 4(2)	C1=CC2=C(C=C1)C(=O)C3=C(C(=C(C#N)S3)C(=O)N)C2=O		2	C1=CC2=C(C=C1)C(=O)C3=C(C2=O)SC(=C(C(=O)N)S3)C#N	https://envipath.org/package/5882df9c-dae1-4d80-a40e-db4724271456/pathway/3936cd27-07aa-4418-b9fb-40f6bab3008b	Dithianon
https://envipath.org/package/5882df9c-dae1-4d80-a40e-db4724271456/compound/5095ab65-ccae-48c6-ab99-e53b924f5d5a/structure/55de6cd6-f4df-4b80-885d-cad6fa2baead	D3 (CL902195)	C1=CC2=C(C=C1)C(=O)C3=C(C2=O)SC4=C(C#N)SN=C4S3		1	C1=CC2=C(C=C1)C(=O)C3=C(C2=O)SC(=C(C#N)S3)C#N	https://envipath.org/package/5882df9c-dae1-4d80-a40e-db4724271456/pathway/3936cd27-07aa-4418-b9fb-40f6bab3008b	Dithianon
https://envipath.org/package/5882df9c-dae1-4d80-a40e-db4724271456/compound/8873d63e-b88f-4589-87f1-a4a60818782c/structure/ee570be0-ae18-4d69-8b3b-f6eba30afdc8	Dithianon	C1=CC2=C(C=C1)C(=O)C3=C(C2=O)SC(=C(C#N)S3)C#N		0		https://envipath.org/package/5882df9c-dae1-4d80-a40e-db4724271456/pathway/3936cd27-07aa-4418-b9fb-40f6bab3008b	Dithianon
https://envipath.org/package/5882df9c-dae1-4d80-a40e-db4724271456/compound/7bb0f652-9788-408b-94a6-a30a6548800e/structure/8c0038a7-44b1-432e-bef9-56e7df602695	D4 (CL 66629)	C1=CC2=C(C=C1)C(=O)C3=C(C2=O)SC4=C(C(=O)C5=C(C=CC=C5)C4=O)S3		1	C1=CC2=C(C=C1)C(=O)C3=C(C2=O)SC(=C(C#N)S3)C#N	https://envipath.org/package/5882df9c-dae1-4d80-a40e-db4724271456/pathway/3936cd27-07aa-4418-b9fb-40f6bab3008b	Dithianon
https://envipath.org/package/5882df9c-dae1-4d80-a40e-db4724271456/compound/7ff0bc9f-ca9e-4fea-baf3-9d1d6aaed103/structure/af3efc82-8eed-42f3-afd1-12dc946fd5e5	Phthalic acid	C1=CC(=C(C=C1)C(=O)O)C(=O)O		3	C1=CC2=C(C=C1)C(=O)C3=C(C(=C(C#N)S3)C#N)C2=O	https://envipath.org/package/5882df9c-dae1-4d80-a40e-db4724271456/pathway/3936cd27-07aa-4418-b9fb-40f6bab3008b	Dithianon
https://envipath.org/package/5882df9c-dae1-4d80-a40e-db4724271456/compound/6e0837b5-b1c2-4255-90ba-fa5ece77e580/structure/2e9ea286-e9f0-4ae5-ad84-b52b63ee2328	Phthalaldehyde or Phenylenedimethan	C1=CC(=C(C=C1)CO)CO.C1=CC(=C(C=C1)C=O)C=O	minor	2	C1=CC2=C(C=C1)C(=O)C3=C(C2=O)SC4=C(C(=O)NC4=O)S3	https://envipath.org/package/5882df9c-dae1-4d80-a40e-db4724271456/pathway/3936cd27-07aa-4418-b9fb-40f6bab3008b	Dithianon
https://envipath.org/package/5882df9c-dae1-4d80-a40e-db4724271456/compound/f0efdec8-29ac-483a-8e80-46f7165e4c32/structure/a8b82d04-c43d-4a22-b8f8-fb4b6e9a6c36	D5 (4,11-dithia-2-aza-cyclopenta[b]anthracene-1,3,5,10-tetraone)	C1=CC2=C(C=C1)C(=O)C3=C(C2=O)SC4=C(C(=O)NC4=O)S3		2	C1=CC2=C(C=C1)C(=O)C3=C(C2=O)SC(=C(C(=O)N)S3)C#N	https://envipath.org/package/5882df9c-dae1-4d80-a40e-db4724271456/pathway/3936cd27-07aa-4418-b9fb-40f6bab3008b	Dithianon
https://envipath.org/package/5882df9c-dae1-4d80-a40e-db4724271456/compound/761600e0-d151-4871-8783-fb07ee00527f/structure/a8357992-229b-463f-82f8-dfa588f7b420	Diuron	CN(C)C(=O)NC1=CC=C(C(=C1)Cl)Cl		0		https://envipath.org/package/5882df9c-dae1-4d80-a40e-db4724271456/pathway/96639d18-d17a-441f-89bc-e260d8b59e65	Diuron
https://envipath.org/package/5882df9c-dae1-4d80-a40e-db4724271456/compound/88622df6-2647-4607-9216-45d7b022191e/structure/1dd776db-a2cb-4afe-bb3e-9a8c8589e279	DCA	C1=C(C=C(C(=C1)Cl)Cl)N		3	C1=C(C=C(C(=C1)Cl)Cl)NC(=O)N	https://envipath.org/package/5882df9c-dae1-4d80-a40e-db4724271456/pathway/96639d18-d17a-441f-89bc-e260d8b59e65	Diuron
https://envipath.org/package/5882df9c-dae1-4d80-a40e-db4724271456/compound/b21e035d-5336-41ee-9ac6-5a0e48c125b1/structure/f5b7981b-1ce8-494c-ae25-2a6743c476bc	DCPMU	CNC(=O)NC1=CC=C(C(=C1)Cl)Cl		1	CN(C)C(=O)NC1=CC=C(C(=C1)Cl)Cl	https://envipath.org/package/5882df9c-dae1-4d80-a40e-db4724271456/pathway/96639d18-d17a-441f-89bc-e260d8b59e65	Diuron
https://envipath.org/package/5882df9c-dae1-4d80-a40e-db4724271456/compound/b8a6cb19-8517-4052-8404-a29474dd07d1/structure/543af1b5-0d10-40a4-9323-a68ee5ef206f	DCPU	C1=C(C=C(C(=C1)Cl)Cl)NC(=O)N		2	CNC(=O)NC1=CC=C(C(=C1)Cl)Cl	https://envipath.org/package/5882df9c-dae1-4d80-a40e-db4724271456/pathway/96639d18-d17a-441f-89bc-e260d8b59e65	Diuron
https://envipath.org/package/5882df9c-dae1-4d80-a40e-db4724271456/compound/493e6c1f-8a78-4142-a79a-8a255c4addf0/structure/67bd3df9-b826-41ed-b5b4-b4487dc5c9bc	Dodemorph, cis/trans isomer mixture	CC1CN(CC(C)O1)C2CCCCCCCCCCC2		0		https://envipath.org/package/5882df9c-dae1-4d80-a40e-db4724271456/pathway/3579cd69-208b-42e0-b520-2f3261541a16	Dodemorph
https://envipath.org/package/5882df9c-dae1-4d80-a40e-db4724271456/compound/4c42f985-dd2e-40d4-acc0-dbab5abd2d9b/structure/d2956f0f-26c9-439e-b71e-dd828c972eda	cis-2,6-dimethylmorpholine	CC1CNCC(C)O1		1	CC1CN(CC(C)O1)C2CCCCCCCCCCC2.CC(=O)O	https://envipath.org/package/5882df9c-dae1-4d80-a40e-db4724271456/pathway/3579cd69-208b-42e0-b520-2f3261541a16	Dodemorph
https://envipath.org/package/5882df9c-dae1-4d80-a40e-db4724271456/compound/1ccac3c2-e8d1-4fa2-b11e-60011a8381b0/structure/1c1867ef-f0c0-4c0a-81ba-57298d492f0f	trans Dodemorph	C[C@H]1CN(C[C@H](C)O1)C2CCCCCCCCCCC2		0		https://envipath.org/package/5882df9c-dae1-4d80-a40e-db4724271456/pathway/3579cd69-208b-42e0-b520-2f3261541a16	Dodemorph
https://envipath.org/package/5882df9c-dae1-4d80-a40e-db4724271456/compound/40f0d514-53bd-45af-9458-a8f562c9d90b/structure/5983d091-6b5a-4139-9c29-e13252dfe8a8	cis Dodemorph	C[C@H]1CN(C[C@@H](C)O1)C2CCCCCCCCCCC2		0		https://envipath.org/package/5882df9c-dae1-4d80-a40e-db4724271456/pathway/3579cd69-208b-42e0-b520-2f3261541a16	Dodemorph
https://envipath.org/package/5882df9c-dae1-4d80-a40e-db4724271456/compound/c3381a72-eaca-4040-8734-c0f9005cd4a4/structure/47ffb867-73f1-4dbb-8c63-68644b17e55a	Dodemorph acetate	CC1CN(CC(C)O1)C2CCCCCCCCCCC2.CC(=O)O		0		https://envipath.org/package/5882df9c-dae1-4d80-a40e-db4724271456/pathway/3579cd69-208b-42e0-b520-2f3261541a16	Dodemorph
https://envipath.org/package/5882df9c-dae1-4d80-a40e-db4724271456/compound/78e55cd2-5bbd-4f7e-8440-7a2c3923f819/structure/e4885071-1161-40e0-bdcf-af730751efdc	Guanidine	C(=N)(N)N		1	CCCCCCCCCCCCNC(=N)N.CC(=O)O	https://envipath.org/package/5882df9c-dae1-4d80-a40e-db4724271456/pathway/1de166c5-f71f-4b9a-96e6-1552f801df9e	Dodine
https://envipath.org/package/5882df9c-dae1-4d80-a40e-db4724271456/compound/0eb3754d-bcf2-47c8-ac41-e1e03bae4e43/structure/5aeb6874-eba8-43c9-8d23-ac6d83a2e4f9	Decanol	CCCCCCCCCCO		2	CCCCCCCCCCCC	https://envipath.org/package/5882df9c-dae1-4d80-a40e-db4724271456/pathway/1de166c5-f71f-4b9a-96e6-1552f801df9e	Dodine
https://envipath.org/package/5882df9c-dae1-4d80-a40e-db4724271456/compound/5e4989fc-13d3-45d4-ad57-3be380a9d3c0/structure/001ae332-266b-42f3-9737-3e1c793221dc	Acetic acid	CC(=O)O		1	CCCCCCCCCCCCNC(=N)N.CC(=O)O	https://envipath.org/package/5882df9c-dae1-4d80-a40e-db4724271456/pathway/1de166c5-f71f-4b9a-96e6-1552f801df9e	Dodine
https://envipath.org/package/5882df9c-dae1-4d80-a40e-db4724271456/compound/866cfb80-358f-4c8e-9044-6b53928c22c3/structure/5ab0eec9-4ff3-458e-b850-4efc828dece3	Dodine	CCCCCCCCCCCCNC(=N)N.CC(=O)O		0		https://envipath.org/package/5882df9c-dae1-4d80-a40e-db4724271456/pathway/1de166c5-f71f-4b9a-96e6-1552f801df9e	Dodine
https://envipath.org/package/5882df9c-dae1-4d80-a40e-db4724271456/compound/e0ccb30a-a3e9-41cb-95b2-dd7f84c2be4d/structure/c481ce55-c93f-423b-9a99-ab03bc5f69a0	Dodecane	CCCCCCCCCCCC		1	CCCCCCCCCCCCNC(=N)N.CC(=O)O	https://envipath.org/package/5882df9c-dae1-4d80-a40e-db4724271456/pathway/1de166c5-f71f-4b9a-96e6-1552f801df9e	Dodine
https://envipath.org/package/5882df9c-dae1-4d80-a40e-db4724271456/compound/1e2d921e-6b1b-4b58-84f4-6a5c577078db/structure/4a298b19-001f-494d-b257-956fafc294d6	N-nitroso MAB 1a	CC[C@H](C)[C@@H]1[C@@H](C)C=C[C@]2(C[C@@H]3C[C@@H](C/C=C(\C)/[C@H]([C@@H](C)/C=C/C=C/4\CO[C@@H]5[C@@H](C(=C[C@@H](C(=O)O3)[C@]45O)C)O)O[C@H]6C[C@@H]([C@H]([C@H](C)O6)O[C@H]7C[C@@H]([C@H]([C@H](C)O7)N(C)N=O)OC)OC)O2)O1		1	CC[C@H](C)[C@@H]1[C@@H](C)C=C[C@]2(C[C@@H]3C[C@@H](C/C=C(\C)/[C@H]([C@@H](C)/C=C/C=C/4\CO[C@@H]5[C@@H](C(=C[C@@H](C(=O)O3)[C@]45O)C)O)O[C@H]6C[C@@H]([C@H]([C@H](C)O6)O[C@H]7C[C@@H]([C@H]([C@H](C)O7)[NH2+]C)OC)OC)O2)O1.C1=CC=C(C=C1)C(=O)[O-]	https://envipath.org/package/5882df9c-dae1-4d80-a40e-db4724271456/pathway/feac07b9-3411-4b3c-a48e-1b54e01cdda9	Emamectin
https://envipath.org/package/5882df9c-dae1-4d80-a40e-db4724271456/compound/55d3d10f-ee62-4d00-a8dd-faebda02238e/structure/3b509157-335b-42ca-ac72-4d9d9de3da2c	Aglycone	CC[C@@H](C)[C@H]1[C@H](C)C=C[C@@]2(C[C@@H]3C[C@@H](CC=C(C)[C@H]([C@@H](C)C=CC=C4CO[C@@H]5[C@@H](C(=C[C@@H](C(=O)O3)[C@@]45O)C)O)O)O2)O1		3	CC[C@H](C)[C@@H]1[C@@H](C)C=C[C@]2(C[C@@H]3C[C@@H](C/C=C(\C)/[C@H]([C@@H](C)/C=C/C=C/4\CO[C@@H]5[C@@H](C(=C[C@@H](C(=O)O3)[C@]45O)C)O)O[C@H]6C[C@@H]([C@H]([C@H](C)O6)O)OC)O2)O1	https://envipath.org/package/5882df9c-dae1-4d80-a40e-db4724271456/pathway/feac07b9-3411-4b3c-a48e-1b54e01cdda9	Emamectin
https://envipath.org/package/5882df9c-dae1-4d80-a40e-db4724271456/compound/716235f4-15e0-4d40-9da5-67d367674795/structure/994ebaef-0ec6-4fdf-8f4b-44330880912e	FAB 1a	CC[C@H](C)[C@@H]1[C@@H](C)C=C[C@]2(C[C@@H]3C[C@@H](C/C=C(\C)/[C@H]([C@@H](C)/C=C/C=C/4\CO[C@@H]5[C@@H](C(=C[C@@H](C(=O)O3)[C@]45O)C)O)O[C@H]6C[C@@H]([C@H]([C@H](C)O6)O[C@H]7C[C@@H]([C@H]([C@H](C)O7)NC=O)OC)OC)O2)O1		1	CC[C@H](C)[C@@H]1[C@@H](C)C=C[C@]2(C[C@@H]3C[C@@H](C/C=C(\C)/[C@H]([C@@H](C)/C=C/C=C/4\CO[C@@H]5[C@@H](C(=C[C@@H](C(=O)O3)[C@]45O)C)O)O[C@H]6C[C@@H]([C@H]([C@H](C)O6)O[C@H]7C[C@@H]([C@H]([C@H](C)O7)[NH2+]C)OC)OC)O2)O1.C1=CC=C(C=C1)C(=O)[O-]	https://envipath.org/package/5882df9c-dae1-4d80-a40e-db4724271456/pathway/feac07b9-3411-4b3c-a48e-1b54e01cdda9	Emamectin
https://envipath.org/package/5882df9c-dae1-4d80-a40e-db4724271456/compound/23027900-2b8d-452c-9cd4-255784677b59/structure/f092942b-00cb-4c1e-b4c1-993f2b858bbd	Carboxylic acid	CC[C@@H](C)C1[C@H](C)C=C[C@@]2(C[C@@H](C[C@@H](CC(=O)O)O2)O)O1	minor	4	CC[C@@H](C)[C@H]1[C@H](C)C=C[C@@]2(C[C@@H]3C[C@@H](CC=C(C)[C@H]([C@@H](C)C=CC=C4CO[C@@H]5[C@@H](C(=C[C@@H](C(=O)O3)[C@@]45O)C)O)O)O2)O1	https://envipath.org/package/5882df9c-dae1-4d80-a40e-db4724271456/pathway/feac07b9-3411-4b3c-a48e-1b54e01cdda9	Emamectin
https://envipath.org/package/5882df9c-dae1-4d80-a40e-db4724271456/compound/e8fb1069-3534-4574-b47b-01904baf102c/structure/fc8c37b6-39b1-4844-9c7a-9261ac8dd11e	Emamectin 1b minor part	CC(C)[C@@H]1[C@@H](C)C=C[C@]2(C[C@@H]3C[C@@H](C/C=C(\C)/[C@H]([C@@H](C)/C=C/C=C/4\CO[C@@H]5[C@@H](C(=C[C@@H](C(=O)O3)[C@]45O)C)O)O[C@H]6C[C@@H]([C@H]([C@H](C)O6)O[C@H]7C[C@@H]([C@H]([C@H](C)O7)[NH2+]C)OC)OC)O2)O1.C1=CC=C(C=C1)C(=O)[O-]		-99		https://envipath.org/package/5882df9c-dae1-4d80-a40e-db4724271456/pathway/feac07b9-3411-4b3c-a48e-1b54e01cdda9	Emamectin
https://envipath.org/package/5882df9c-dae1-4d80-a40e-db4724271456/compound/32714063-2628-4e8e-b476-f362c09dd24f/structure/ced1e77f-44b3-4dc8-ab2a-6cfa32dedca7	AB 1a	CC[C@H](C)[C@@H]1[C@@H](C)C=C[C@]2(C[C@@H]3C[C@@H](C/C=C(\C)/[C@H]([C@@H](C)/C=C/C=C/4\CO[C@@H]5[C@@H](C(=C[C@@H](C(=O)O3)[C@]45O)C)O)O[C@H]6C[C@@H]([C@H]([C@H](C)O6)O[C@H]7C[C@@H]([C@H]([C@H](C)O7)N)OC)OC)O2)O1		1	CC[C@H](C)[C@@H]1[C@@H](C)C=C[C@]2(C[C@@H]3C[C@@H](C/C=C(\C)/[C@H]([C@@H](C)/C=C/C=C/4\CO[C@@H]5[C@@H](C(=C[C@@H](C(=O)O3)[C@]45O)C)O)O[C@H]6C[C@@H]([C@H]([C@H](C)O6)O[C@H]7C[C@@H]([C@H]([C@H](C)O7)[NH2+]C)OC)OC)O2)O1.C1=CC=C(C=C1)C(=O)[O-]	https://envipath.org/package/5882df9c-dae1-4d80-a40e-db4724271456/pathway/feac07b9-3411-4b3c-a48e-1b54e01cdda9	Emamectin
https://envipath.org/package/5882df9c-dae1-4d80-a40e-db4724271456/compound/6c4efc5d-ee6f-4563-ac31-d2b5c147b196/structure/9543505d-9de7-48a5-b32a-5c19e5475451	MSB 1a	CC[C@H](C)[C@@H]1[C@@H](C)C=C[C@]2(C[C@@H]3C[C@@H](C/C=C(\C)/[C@H]([C@@H](C)/C=C/C=C/4\CO[C@@H]5[C@@H](C(=C[C@@H](C(=O)O3)[C@]45O)C)O)O[C@H]6C[C@@H]([C@H]([C@H](C)O6)O)OC)O2)O1		2	CC[C@H](C)[C@@H]1[C@@H](C)C=C[C@]2(C[C@@H]3C[C@@H](C/C=C(\C)/[C@H]([C@@H](C)/C=C/C=C/4\CO[C@@H]5[C@@H](C(=C[C@@H](C(=O)O3)[C@]45O)C)O)O[C@H]6C[C@@H]([C@H]([C@H](C)O6)O[C@H]7C[C@@H]([C@H]([C@H](C)O7)N)OC)OC)O2)O1	https://envipath.org/package/5882df9c-dae1-4d80-a40e-db4724271456/pathway/feac07b9-3411-4b3c-a48e-1b54e01cdda9	Emamectin
https://envipath.org/package/5882df9c-dae1-4d80-a40e-db4724271456/compound/d53a7ecc-4f60-4d17-8bf4-f5dc171ac065/structure/848cbce7-090e-4e46-a00f-cc5e5f42d756	Emamectin 1a	CC[C@H](C)[C@@H]1[C@@H](C)C=C[C@]2(C[C@@H]3C[C@@H](C/C=C(\C)/[C@H]([C@@H](C)/C=C/C=C/4\CO[C@@H]5[C@@H](C(=C[C@@H](C(=O)O3)[C@]45O)C)O)O[C@H]6C[C@@H]([C@H]([C@H](C)O6)O[C@H]7C[C@@H]([C@H]([C@H](C)O7)[NH2+]C)OC)OC)O2)O1.C1=CC=C(C=C1)C(=O)[O-]		0		https://envipath.org/package/5882df9c-dae1-4d80-a40e-db4724271456/pathway/feac07b9-3411-4b3c-a48e-1b54e01cdda9	Emamectin
https://envipath.org/package/5882df9c-dae1-4d80-a40e-db4724271456/compound/28cd4044-03c4-4d14-89ac-88ef7fcdb066/structure/3ccb41ed-62d5-4cec-949e-aeb4713c3208	8a-oxo MAB 1a	CC[C@H](C)[C@@H]1[C@@H](C)C=C[C@]2(C[C@@H]3C[C@@H](C/C=C(\C)/[C@H]([C@@H](C)/C=C/C=C/4\C(=O)O[C@@H]5[C@@H](C(=C[C@@H](C(=O)O3)[C@]45O)C)O)O[C@H]6C[C@@H]([C@H]([C@H](C)O6)O[C@H]7C[C@@H]([C@H]([C@H](C)O7)NC)OC)OC)O2)O1		2	CC[C@H](C)[C@@H]1[C@@H](C)C=C[C@]2(C[C@@H]3C[C@@H](C/C=C(\C)/[C@H]([C@@H](C)/C=C/C=C/4\C(O)O[C@@H]5[C@@H](C(=C[C@@H](C(=O)O3)[C@]45O)C)O)O[C@H]6C[C@@H]([C@H]([C@H](C)O6)O[C@H]7C[C@@H]([C@H]([C@H](C)O7)NC)OC)OC)O2)O1	https://envipath.org/package/5882df9c-dae1-4d80-a40e-db4724271456/pathway/feac07b9-3411-4b3c-a48e-1b54e01cdda9	Emamectin
https://envipath.org/package/5882df9c-dae1-4d80-a40e-db4724271456/compound/a54c7682-08af-4f40-839a-3f2ee8e6dfbe/structure/2ac0e33d-98ff-44f4-8ffa-47de75b0a793	MFB 1a	CC[C@H](C)[C@@H]1[C@@H](C)C=C[C@]2(C[C@@H]3C[C@@H](C/C=C(\C)/[C@H]([C@@H](C)/C=C/C=C/4\CO[C@@H]5[C@@H](C(=C[C@@H](C(=O)O3)[C@]45O)C)O)O[C@H]6C[C@@H]([C@H]([C@H](C)O6)O[C@H]7C[C@@H]([C@H]([C@H](C)O7)N(C)C=O)OC)OC)O2)O1		1	CC[C@H](C)[C@@H]1[C@@H](C)C=C[C@]2(C[C@@H]3C[C@@H](C/C=C(\C)/[C@H]([C@@H](C)/C=C/C=C/4\CO[C@@H]5[C@@H](C(=C[C@@H](C(=O)O3)[C@]45O)C)O)O[C@H]6C[C@@H]([C@H]([C@H](C)O6)O[C@H]7C[C@@H]([C@H]([C@H](C)O7)[NH2+]C)OC)OC)O2)O1.C1=CC=C(C=C1)C(=O)[O-]	https://envipath.org/package/5882df9c-dae1-4d80-a40e-db4724271456/pathway/feac07b9-3411-4b3c-a48e-1b54e01cdda9	Emamectin
https://envipath.org/package/5882df9c-dae1-4d80-a40e-db4724271456/compound/f7b7e977-1ede-43dc-9639-c973e2c8e555/structure/19c1abe7-6c5b-42a8-9e78-7794cde9c820	8a-OH MAB 1a	CC[C@H](C)[C@@H]1[C@@H](C)C=C[C@]2(C[C@@H]3C[C@@H](C/C=C(\C)/[C@H]([C@@H](C)/C=C/C=C/4\C(O)O[C@@H]5[C@@H](C(=C[C@@H](C(=O)O3)[C@]45O)C)O)O[C@H]6C[C@@H]([C@H]([C@H](C)O6)O[C@H]7C[C@@H]([C@H]([C@H](C)O7)NC)OC)OC)O2)O1		1	CC[C@H](C)[C@@H]1[C@@H](C)C=C[C@]2(C[C@@H]3C[C@@H](C/C=C(\C)/[C@H]([C@@H](C)/C=C/C=C/4\CO[C@@H]5[C@@H](C(=C[C@@H](C(=O)O3)[C@]45O)C)O)O[C@H]6C[C@@H]([C@H]([C@H](C)O6)O[C@H]7C[C@@H]([C@H]([C@H](C)O7)[NH2+]C)OC)OC)O2)O1.C1=CC=C(C=C1)C(=O)[O-]	https://envipath.org/package/5882df9c-dae1-4d80-a40e-db4724271456/pathway/feac07b9-3411-4b3c-a48e-1b54e01cdda9	Emamectin
https://envipath.org/package/5882df9c-dae1-4d80-a40e-db4724271456/compound/a15dc090-924f-4ae2-9ea6-3230a8a7f504/structure/d705d7e2-2f0e-4230-8d35-5eb2c2fc1c91	1,2,4 triazole	C1=NC=NN1		1	C1=CC(=C(C=C1)Cl)C2C(CN3C=NC=N3)(C4=CC=C(C=C4)F)O2	https://envipath.org/package/5882df9c-dae1-4d80-a40e-db4724271456/pathway/c9a5a33b-778c-44a1-9a20-5928f33aa6fb	Epoxiconazole
https://envipath.org/package/5882df9c-dae1-4d80-a40e-db4724271456/compound/18fb4cda-681d-42e6-a0c4-ed02942fe0c9/structure/ce5d9b97-d407-4d66-bdea-fbdedbd31c5d	Hydroxy-Triazole	C1=NC(=NN1)O		2	C1=NC=NN1	https://envipath.org/package/5882df9c-dae1-4d80-a40e-db4724271456/pathway/c9a5a33b-778c-44a1-9a20-5928f33aa6fb	Epoxiconazole
https://envipath.org/package/5882df9c-dae1-4d80-a40e-db4724271456/compound/6f680f5a-5f06-499b-ab76-f55e1e00e586/structure/f33feebc-8e36-4325-acbd-bbefd82a9d3c	BF 480 alcohol	C1=CC(=C(C=C1)Cl)C(C(CN2C=NC=N2)C3=CC=C(C=C3)F)O		1	C1=CC(=C(C=C1)Cl)C2C(CN3C=NC=N3)(C4=CC=C(C=C4)F)O2	https://envipath.org/package/5882df9c-dae1-4d80-a40e-db4724271456/pathway/c9a5a33b-778c-44a1-9a20-5928f33aa6fb	Epoxiconazole
https://envipath.org/package/5882df9c-dae1-4d80-a40e-db4724271456/compound/4f5eedbf-ff10-434d-a612-71ef2eec521b/structure/1fe565dc-f03c-463a-a97e-773e8221bcdc	BF 480-11	C1=CC(=C(C=C1)Cl)C(C(CN2C=NC=N2)(C3=CC=C(C=C3)F)O)O		1	C1=CC(=C(C=C1)Cl)C2C(CN3C=NC=N3)(C4=CC=C(C=C4)F)O2	https://envipath.org/package/5882df9c-dae1-4d80-a40e-db4724271456/pathway/c9a5a33b-778c-44a1-9a20-5928f33aa6fb	Epoxiconazole
https://envipath.org/package/5882df9c-dae1-4d80-a40e-db4724271456/compound/b2d4f1be-b12f-4813-973e-a5bb89fc4c08/structure/c312f91c-3487-4b38-a8af-e38a00362dc7	1,2,4 triazole acetic-acid 	C(C(=O)O)N1C=NC=N1		3	C(C(C(=O)O)N)N1C=NC=N1	https://envipath.org/package/5882df9c-dae1-4d80-a40e-db4724271456/pathway/c9a5a33b-778c-44a1-9a20-5928f33aa6fb	Epoxiconazole
https://envipath.org/package/5882df9c-dae1-4d80-a40e-db4724271456/compound/da1808ce-7f07-4a2b-908d-963adba1b50b/structure/58d0aa4a-c8a4-44bc-b8f2-4b253fb85f8e	BF 480 entriazol	C1=CC(=C(C=C1)Cl)/C=C(\CN2C=NC=N2)/C3=CC=C(C=C3)F		2	C1=CC(=C(C=C1)Cl)C(C(CN2C=NC=N2)C3=CC=C(C=C3)F)O	https://envipath.org/package/5882df9c-dae1-4d80-a40e-db4724271456/pathway/c9a5a33b-778c-44a1-9a20-5928f33aa6fb	Epoxiconazole
https://envipath.org/package/5882df9c-dae1-4d80-a40e-db4724271456/compound/3c46d9ec-8062-4a0c-95cf-b720b6828c8d/structure/424de194-6923-4b62-961f-0659c50c5845	Triazole alanine	C(C(C(=O)O)N)N1C=NC=N1		2	C1=NC=NN1	https://envipath.org/package/5882df9c-dae1-4d80-a40e-db4724271456/pathway/c9a5a33b-778c-44a1-9a20-5928f33aa6fb	Epoxiconazole
https://envipath.org/package/5882df9c-dae1-4d80-a40e-db4724271456/compound/5150a6ff-acda-48d6-a866-b7ed345c15ea/structure/6342d41a-aed4-44a2-a791-2eba39a0fd2d	Epoxiconazole	C1=CC(=C(C=C1)Cl)C2C(CN3C=NC=N3)(C4=CC=C(C=C4)F)O2		0		https://envipath.org/package/5882df9c-dae1-4d80-a40e-db4724271456/pathway/c9a5a33b-778c-44a1-9a20-5928f33aa6fb	Epoxiconazole
https://envipath.org/package/5882df9c-dae1-4d80-a40e-db4724271456/compound/c0280b12-4cbd-45f9-866b-608a61f29f8f/structure/698c31e2-4231-4eca-8d5c-c8e6c245747f	Esfenvalerate	CC(C)[C@@H](C1=CC=C(C=C1)Cl)C(=O)O[C@H](C#N)C2=CC=CC(=C2)OC3=CC=CC=C3		0		https://envipath.org/package/5882df9c-dae1-4d80-a40e-db4724271456/pathway/2616959a-c5bc-4772-ab3a-3da3b5415ba2	Esfenvalerate
https://envipath.org/package/5882df9c-dae1-4d80-a40e-db4724271456/compound/fdd0a446-dc81-4e2d-bf27-4abe1322cf96/structure/64d9d216-66e1-4ab5-85d0-eec24763cc8a	CONH2-Fen	CC(C)[C@@H](C1=CC=C(C=C1)Cl)C(=O)O[C@H](CON)C2=CC=CC(=C2)OC3=CC=CC=C3		1	CC(C)[C@@H](C1=CC=C(C=C1)Cl)C(=O)O[C@H](C#N)C2=CC=CC(=C2)OC3=CC=CC=C3	https://envipath.org/package/5882df9c-dae1-4d80-a40e-db4724271456/pathway/2616959a-c5bc-4772-ab3a-3da3b5415ba2	Esfenvalerate
https://envipath.org/package/5882df9c-dae1-4d80-a40e-db4724271456/compound/3ce7a8c3-7f61-4d77-b3d8-a7cd06325829/structure/fcc4c344-88a0-4eb7-986f-c6be83344014	Dec-fen	CC(C)C(C1=CC=C(C=C1)Cl)C(C#N)C2=CC=CC(=C2)OC3=CC=CC=C3		1	CC(C)[C@@H](C1=CC=C(C=C1)Cl)C(=O)O[C@H](C#N)C2=CC=CC(=C2)OC3=CC=CC=C3	https://envipath.org/package/5882df9c-dae1-4d80-a40e-db4724271456/pathway/2616959a-c5bc-4772-ab3a-3da3b5415ba2	Esfenvalerate
https://envipath.org/package/5882df9c-dae1-4d80-a40e-db4724271456/compound/a53811b9-5c56-4f31-92b7-b6b71e6d4c61/structure/dc488e92-a76b-4154-8c45-5217c33f7c52	CPIA	CC(C)[C@@H](C1=CC=C(C=C1)Cl)C(=O)O		1	CC(C)[C@@H](C1=CC=C(C=C1)Cl)C(=O)O[C@H](C#N)C2=CC=CC(=C2)OC3=CC=CC=C3	https://envipath.org/package/5882df9c-dae1-4d80-a40e-db4724271456/pathway/2616959a-c5bc-4772-ab3a-3da3b5415ba2	Esfenvalerate
https://envipath.org/package/5882df9c-dae1-4d80-a40e-db4724271456/compound/2fc78d4a-7958-4af5-87d4-bcc2f9b6c9ab/structure/f8bb3b76-d463-49b5-b7de-7c5783f98e0c	3-PBAc	C1=CC=C(C=C1)OC2=CC(=CC=C2)C(=O)O		1	CC(C)[C@@H](C1=CC=C(C=C1)Cl)C(=O)O[C@H](C#N)C2=CC=CC(=C2)OC3=CC=CC=C3	https://envipath.org/package/5882df9c-dae1-4d80-a40e-db4724271456/pathway/2616959a-c5bc-4772-ab3a-3da3b5415ba2	Esfenvalerate
https://envipath.org/package/5882df9c-dae1-4d80-a40e-db4724271456/compound/03f02861-b0f8-42e3-a0bd-22840aeb491d/structure/3ada738d-fa90-484b-960b-dba140bfd10b	ET-28E	CCNC1=C(C=C(C=C1/[NH+]=[NH+]\C2=CC(=CC(=C2NCC)[N+](=O)[O-])C(F)(F)F)C(F)(F)F)[N+](=O)[O-]		2	CCNC1=C(C=C(C=C1[N+](=O)[O-])C(F)(F)F)[N+](=O)[O-]	https://envipath.org/package/5882df9c-dae1-4d80-a40e-db4724271456/pathway/1da499a3-989b-40b3-a414-d125317cbd1c	Ethalfluralin 
https://envipath.org/package/5882df9c-dae1-4d80-a40e-db4724271456/compound/7ba44560-c2a0-48d8-9688-0217839eaeec/structure/a429e44d-1dfc-4683-a61a-6c5684b563f8	ET-4	CCN(CC(=C)C)C1=C(C=C(C=C1N)C(F)(F)F)[N+](=O)[O-]		1	CCN(CC(=C)C)C1=C(C=C(C=C1[N+](=O)[O-])C(F)(F)F)[N+](=O)[O-]	https://envipath.org/package/5882df9c-dae1-4d80-a40e-db4724271456/pathway/1da499a3-989b-40b3-a414-d125317cbd1c	Ethalfluralin 
https://envipath.org/package/5882df9c-dae1-4d80-a40e-db4724271456/compound/e27e1564-1823-4e1d-ad90-495fe6355404/structure/46f72c10-04fa-4a4d-ab48-431b33ef897c	M1	CCN1CC(=C)CNC2=CC(=CC(=C21)[N+](=O)[O-])C(F)(F)F		1	CCN(CC(=C)C)C1=C(C=C(C=C1[N+](=O)[O-])C(F)(F)F)[N+](=O)[O-]	https://envipath.org/package/5882df9c-dae1-4d80-a40e-db4724271456/pathway/1da499a3-989b-40b3-a414-d125317cbd1c	Ethalfluralin 
https://envipath.org/package/5882df9c-dae1-4d80-a40e-db4724271456/compound/97f7d95e-dc9a-48b5-9045-953a91173679/structure/8f689779-f6d3-4f77-8eb2-b287bbe4092b	ET-2E	CCNC1=C(C=C(C=C1[N+](=O)[O-])C(F)(F)F)[N+](=O)[O-]		1	CCN(CC(=C)C)C1=C(C=C(C=C1[N+](=O)[O-])C(F)(F)F)[N+](=O)[O-]	https://envipath.org/package/5882df9c-dae1-4d80-a40e-db4724271456/pathway/1da499a3-989b-40b3-a414-d125317cbd1c	Ethalfluralin 
https://envipath.org/package/5882df9c-dae1-4d80-a40e-db4724271456/compound/0ca81d67-5f26-4bd3-b5f9-290c83e1e4e4/structure/f8a31179-2536-4fe0-8bb3-a56c10684748	ET-15M	CC1=NC2=C(C(=CC(=C2)C(F)(F)F)[N+](=O)[O-])N1		1	CCN(CC(=C)C)C1=C(C=C(C=C1[N+](=O)[O-])C(F)(F)F)[N+](=O)[O-]	https://envipath.org/package/5882df9c-dae1-4d80-a40e-db4724271456/pathway/1da499a3-989b-40b3-a414-d125317cbd1c	Ethalfluralin 
https://envipath.org/package/5882df9c-dae1-4d80-a40e-db4724271456/compound/cc886312-ba76-4589-add1-2ffbcbca913f/structure/3a20c8a9-a2c6-49b9-8a7f-7374bc63545d	Ethalfluralin 	CCN(CC(=C)C)C1=C(C=C(C=C1[N+](=O)[O-])C(F)(F)F)[N+](=O)[O-]		0		https://envipath.org/package/5882df9c-dae1-4d80-a40e-db4724271456/pathway/1da499a3-989b-40b3-a414-d125317cbd1c	Ethalfluralin 
https://envipath.org/package/5882df9c-dae1-4d80-a40e-db4724271456/compound/28ad5a14-4b38-4455-bc6b-9723e37ea67a/structure/ac5461cc-8898-4895-aee7-45a1f14d2390	ET-2M	C=C(C)CNC1=C(C=C(C=C1[N+](=O)[O-])C(F)(F)F)[N+](=O)[O-]		1	CCN(CC(=C)C)C1=C(C=C(C=C1[N+](=O)[O-])C(F)(F)F)[N+](=O)[O-]	https://envipath.org/package/5882df9c-dae1-4d80-a40e-db4724271456/pathway/1da499a3-989b-40b3-a414-d125317cbd1c	Ethalfluralin 
https://envipath.org/package/5882df9c-dae1-4d80-a40e-db4724271456/compound/0fcb2f1e-80f7-4b24-bfef-57fcbf088470/structure/caf38225-e629-4509-829e-cf6dde5956e1	ET-17E	CCN1C=NC2=C1C(=CC(=C2)C(F)(F)F)[N+](=O)[O-]		1	CCN(CC(=C)C)C1=C(C=C(C=C1[N+](=O)[O-])C(F)(F)F)[N+](=O)[O-]	https://envipath.org/package/5882df9c-dae1-4d80-a40e-db4724271456/pathway/1da499a3-989b-40b3-a414-d125317cbd1c	Ethalfluralin 
https://envipath.org/package/5882df9c-dae1-4d80-a40e-db4724271456/compound/1587b134-a5ef-4c3a-804d-b730b02545c1/structure/054d3c3d-84ab-4dee-8b45-195b1a469cc9	ET-20	C1=C(C(=C(C=C1C(F)(F)F)[N+](=O)[O-])O)[N+](=O)[O-]		1	C=C(C)CNC1=C(C=C(C=C1[N+](=O)[O-])C(F)(F)F)[N+](=O)[O-]	https://envipath.org/package/5882df9c-dae1-4d80-a40e-db4724271456/pathway/1da499a3-989b-40b3-a414-d125317cbd1c	Ethalfluralin 
https://envipath.org/package/5882df9c-dae1-4d80-a40e-db4724271456/compound/e82ab45a-8b5f-4688-a1f4-986fa5c69d6f/structure/95398fcb-1a15-4117-9645-dbd3f65f2ed5	R7558	CCOC1=NC(=NC(=N1)N)N		2	CCOC1=NC(=NC(=N1)N)NC(=O)NS(=O)(=O)C2=C(C=CC=C2)C(=O)OC	https://envipath.org/package/5882df9c-dae1-4d80-a40e-db4724271456/pathway/74b66794-725f-4630-87d0-b44598d9923c	Ethametsulfuron methyl
https://envipath.org/package/5882df9c-dae1-4d80-a40e-db4724271456/compound/15d003e4-f1b8-43d0-9c2d-1f2bc6541475/structure/2c04b82f-52f4-4f55-82a5-d189f8097046	Ester sulfonamide (IN-D5803)	COC(=O)C1=C(C=CC=C1)S(=O)(=O)N		1	COC(=O)C1=C(C=CC=C1)S(=O)(=O)NC(=O)NC2=NC(=NC(=N2)O)N	https://envipath.org/package/5882df9c-dae1-4d80-a40e-db4724271456/pathway/74b66794-725f-4630-87d0-b44598d9923c	Ethametsulfuron methyl
https://envipath.org/package/5882df9c-dae1-4d80-a40e-db4724271456/compound/e135197a-f61c-4f13-aa8b-e575b9be6cbe/structure/dc72d324-551d-4c72-86a1-af6a7a97e8b8	Ethametsulfuron methyl	CCOC1=NC(=NC(=N1)NC)NC(=O)NS(=O)(=O)C2=C(C=CC=C2)C(=O)OC		0		https://envipath.org/package/5882df9c-dae1-4d80-a40e-db4724271456/pathway/74b66794-725f-4630-87d0-b44598d9923c	Ethametsulfuron methyl
https://envipath.org/package/5882df9c-dae1-4d80-a40e-db4724271456/compound/31748349-7ad0-467e-a338-2cdab3c896d2/structure/5a1f818c-ba12-45aa-b19f-a8722855e97a	Acid sulphonamide (IN-D5119)	C1=CC(=C(C=C1)S(=O)(=O)N)C(=O)O		2	COC(=O)C1=C(C=CC=C1)S(=O)(=O)N	https://envipath.org/package/5882df9c-dae1-4d80-a40e-db4724271456/pathway/74b66794-725f-4630-87d0-b44598d9923c	Ethametsulfuron methyl
https://envipath.org/package/5882df9c-dae1-4d80-a40e-db4724271456/compound/b422411d-c2ad-46e1-a108-55f101798d9c/structure/6843b70a-0ac3-47c7-85c2-e2865e6ae331	A9795	CNC1=NC(=NC(=N1)O)N		2	CCOC1=NC(=NC(=N1)N)NC	https://envipath.org/package/5882df9c-dae1-4d80-a40e-db4724271456/pathway/74b66794-725f-4630-87d0-b44598d9923c	Ethametsulfuron methyl
https://envipath.org/package/5882df9c-dae1-4d80-a40e-db4724271456/compound/70d11b30-3cce-49de-8569-77e0b161b8dd/structure/5e4ff5bd-be86-4758-a9ba-4e9ee87e12f3	A8768	CCOC1=NC(=NC(=N1)NC)NC(=O)NS(=O)(=O)C2=C(C=CC=C2)C(=O)O		1	CCOC1=NC(=NC(=N1)NC)NC(=O)NS(=O)(=O)C2=C(C=CC=C2)C(=O)OC	https://envipath.org/package/5882df9c-dae1-4d80-a40e-db4724271456/pathway/74b66794-725f-4630-87d0-b44598d9923c	Ethametsulfuron methyl
https://envipath.org/package/5882df9c-dae1-4d80-a40e-db4724271456/compound/74367905-6e53-482a-a1d4-321c28eecd78/structure/8f1d0b15-84da-4791-a010-b02988202bec	RXR81	COC(=O)C1=C(C=CC=C1)S(=O)(=O)NC(=O)NC2=NC(=NC(=N2)O)N		2	CNC1=NC(=NC(=N1)NC(=O)NS(=O)(=O)C2=C(C=CC=C2)C(=O)OC)O	https://envipath.org/package/5882df9c-dae1-4d80-a40e-db4724271456/pathway/74b66794-725f-4630-87d0-b44598d9923c	Ethametsulfuron methyl
https://envipath.org/package/5882df9c-dae1-4d80-a40e-db4724271456/compound/9952c600-5afe-46d2-a88a-65b05736c39e/structure/77936305-0f79-43ea-94dd-641f046ec7e4	Saccharin (IN-00581)	C1=CC2=C(C=C1)S(=O)(=O)NC2=O		2	C1=CC(=C(C=C1)S(=O)(=O)N)C(=O)O	https://envipath.org/package/5882df9c-dae1-4d80-a40e-db4724271456/pathway/74b66794-725f-4630-87d0-b44598d9923c	Ethametsulfuron methyl
https://envipath.org/package/5882df9c-dae1-4d80-a40e-db4724271456/compound/c79b2b5f-d0a1-4c9e-9b6d-b40fe32bd733/structure/dcef3793-3dcf-440c-989f-de00542a19cc	B9161	CCOC1=NC(=NC(=N1)NC)NC(=O)N		1	CCOC1=NC(=NC(=N1)NC)NC(=O)NS(=O)(=O)C2=C(C=CC=C2)C(=O)O	https://envipath.org/package/5882df9c-dae1-4d80-a40e-db4724271456/pathway/74b66794-725f-4630-87d0-b44598d9923c	Ethametsulfuron methyl
https://envipath.org/package/5882df9c-dae1-4d80-a40e-db4724271456/compound/e5be2871-899e-4a9c-b5d8-403a4e696ed6/structure/a482a71c-6e08-49e3-b9a4-bed0027cb110	D7556	CCOC1=NC(=NC(=N1)N)NC		1	CCOC1=NC(=NC(=N1)NC)NC(=O)N	https://envipath.org/package/5882df9c-dae1-4d80-a40e-db4724271456/pathway/74b66794-725f-4630-87d0-b44598d9923c	Ethametsulfuron methyl
https://envipath.org/package/5882df9c-dae1-4d80-a40e-db4724271456/compound/f329b4ea-6b84-4ce4-8601-fec1a70e47aa/structure/8d5c3d1e-8e9f-4cc7-9c71-aec86162c3d0	RYM15	CCOC1=NC(=NC(=N1)N)NC(=O)NS(=O)(=O)C2=C(C=CC=C2)C(=O)O		2	CCOC1=NC(=NC(=N1)NC)NC(=O)NS(=O)(=O)C2=C(C=CC=C2)C(=O)O	https://envipath.org/package/5882df9c-dae1-4d80-a40e-db4724271456/pathway/74b66794-725f-4630-87d0-b44598d9923c	Ethametsulfuron methyl
https://envipath.org/package/5882df9c-dae1-4d80-a40e-db4724271456/compound/be03ea0d-6a96-45c6-b739-ddc06b0ed2a8/structure/f1d88d13-0c3b-4a69-9ecc-933899971aab	N7468	CCOC1=NC(=NC(=N1)N)NC(=O)NS(=O)(=O)C2=C(C=CC=C2)C(=O)OC		1	CCOC1=NC(=NC(=N1)NC)NC(=O)NS(=O)(=O)C2=C(C=CC=C2)C(=O)OC	https://envipath.org/package/5882df9c-dae1-4d80-a40e-db4724271456/pathway/74b66794-725f-4630-87d0-b44598d9923c	Ethametsulfuron methyl
https://envipath.org/package/5882df9c-dae1-4d80-a40e-db4724271456/compound/0f023464-153d-4c50-93e2-d4a13b8d0171/structure/905590b3-f7e7-4795-9bf5-899e84b1227f	N7469	CNC1=NC(=NC(=N1)NC(=O)NS(=O)(=O)C2=C(C=CC=C2)C(=O)OC)O		1	CCOC1=NC(=NC(=N1)NC)NC(=O)NS(=O)(=O)C2=C(C=CC=C2)C(=O)OC	https://envipath.org/package/5882df9c-dae1-4d80-a40e-db4724271456/pathway/74b66794-725f-4630-87d0-b44598d9923c	Ethametsulfuron methyl
https://envipath.org/package/5882df9c-dae1-4d80-a40e-db4724271456/compound/da3b4e0d-0f83-44b3-bd27-8670e18217a6/structure/a1aa90b4-b71e-4465-92d7-caebe99f829c	Ethephon	C(CP(=O)(O)O)Cl		0		https://envipath.org/package/5882df9c-dae1-4d80-a40e-db4724271456/pathway/e6b923d0-6033-4002-88f2-fa73a0fe1240	Ethephon
https://envipath.org/package/5882df9c-dae1-4d80-a40e-db4724271456/compound/594a1cec-5bb9-4e2e-bbef-2ceda447789c/structure/8f300666-43b0-4955-aed6-2f48516f0bf9	Ethylene	C=C		1	C(CP(=O)(O)O)Cl	https://envipath.org/package/5882df9c-dae1-4d80-a40e-db4724271456/pathway/e6b923d0-6033-4002-88f2-fa73a0fe1240	Ethephon
https://envipath.org/package/5882df9c-dae1-4d80-a40e-db4724271456/compound/96254ee1-6ea9-4a72-bf32-779f7edd55c3/structure/02e3a711-51a4-4e66-b659-11d2216a3b29	2-hydroxyethanephosphonic acid	C(CP(=O)(O)O)O		1	C(CP(=O)(O)O)Cl	https://envipath.org/package/5882df9c-dae1-4d80-a40e-db4724271456/pathway/e6b923d0-6033-4002-88f2-fa73a0fe1240	Ethephon
https://envipath.org/package/5882df9c-dae1-4d80-a40e-db4724271456/compound/3cdcc57a-04e6-403b-9134-dbcff0dbf65b/structure/b870e4e8-857a-4b57-b127-3889082543b4	Ethofumesate	CCOC1C(C)(C)C2=CC(=CC=C2O1)OS(=O)(=O)C		0		https://envipath.org/package/5882df9c-dae1-4d80-a40e-db4724271456/pathway/655a2072-8fc8-4c1e-9a64-e113e59ff88b	Ethofumesate
https://envipath.org/package/5882df9c-dae1-4d80-a40e-db4724271456/compound/dde70288-5f64-4b69-aca8-187bda9ddd44/structure/a55740c1-4902-43fc-9133-034bce49d125	NC8493	CC1(C)C2=CC(=CC=C2OC1O)OS(=O)(=O)C		1	CCOC1C(C)(C)C2=CC(=CC=C2O1)OS(=O)(=O)C	https://envipath.org/package/5882df9c-dae1-4d80-a40e-db4724271456/pathway/655a2072-8fc8-4c1e-9a64-e113e59ff88b	Ethofumesate
https://envipath.org/package/5882df9c-dae1-4d80-a40e-db4724271456/compound/4207167f-ced7-4e60-857b-f20f08f9e404/structure/f8426dc2-ed5d-4b2b-9834-431d382f2850	NC20645	CC(C)(C1=CC(=CC=C1O)OS(=O)(=O)C)C(=O)O		3	CC1(C)C2=CC(=CC=C2OC1=O)OS(=O)(=O)C	https://envipath.org/package/5882df9c-dae1-4d80-a40e-db4724271456/pathway/655a2072-8fc8-4c1e-9a64-e113e59ff88b	Ethofumesate
https://envipath.org/package/5882df9c-dae1-4d80-a40e-db4724271456/compound/d14a91df-c8cc-4393-9632-fce4545827cb/structure/fe8b847d-17ca-4d9f-a0e2-b6fde4ec984a	NC9607	CC1(C)C2=CC(=CC=C2OC1=O)OS(=O)(=O)C		2	CC1(C)C2=CC(=CC=C2OC1O)OS(=O)(=O)C	https://envipath.org/package/5882df9c-dae1-4d80-a40e-db4724271456/pathway/655a2072-8fc8-4c1e-9a64-e113e59ff88b	Ethofumesate
https://envipath.org/package/5882df9c-dae1-4d80-a40e-db4724271456/compound/72f9d4f9-ddc7-4ee9-908c-277679303d95/structure/b030ad0a-5c89-49a6-b9de-a845bbe06316	AE 0592496 (O-ethyl-S-propylphosphorothioic acid)	CCCSP(=O)(O)OCC		1	CCCSP(=O)(OCC)SCCC	https://envipath.org/package/5882df9c-dae1-4d80-a40e-db4724271456/pathway/3c03a358-32ca-4b0d-8603-0d21d7433a3c	Ethoprophos
https://envipath.org/package/5882df9c-dae1-4d80-a40e-db4724271456/compound/40c07c80-f720-4a50-9a7a-a86dbda6de6f/structure/1273e571-50be-483e-a879-65d110a11f52	Ethoprophos	CCCSP(=O)(OCC)SCCC		0		https://envipath.org/package/5882df9c-dae1-4d80-a40e-db4724271456/pathway/3c03a358-32ca-4b0d-8603-0d21d7433a3c	Ethoprophos
https://envipath.org/package/5882df9c-dae1-4d80-a40e-db4724271456/compound/9901cd16-97d0-4e45-94b9-2e7ad511dba7/structure/e0372369-0f6a-4337-99d4-4fb1907764a7	alpha-CO	CCOC1=CC=C(C=C1)C(C)(C)COC(=O)C2=CC=CC(=C2)OC3=CC=CC=C3		1	CCOC1=CC=C(C=C1)C(C)(C)COCC2=CC=CC(=C2)OC3=CC=CC=C3	https://envipath.org/package/5882df9c-dae1-4d80-a40e-db4724271456/pathway/9bdd9b56-74f9-4802-94fa-99aaf23caa2b	Etofenprox
https://envipath.org/package/5882df9c-dae1-4d80-a40e-db4724271456/compound/afe41c4c-1a60-43de-a94d-42d355b7694b/structure/1e223b8c-99fc-41a7-9239-b828e9c9af3f	PENA	CCOC1=CC=C(C=C1)C(C)(C)CO		2	CCOC1=CC=C(C=C1)C(C)(C)COCC2=CC=CC(=C2)OC3=CC=C(C=C3)O	https://envipath.org/package/5882df9c-dae1-4d80-a40e-db4724271456/pathway/9bdd9b56-74f9-4802-94fa-99aaf23caa2b	Etofenprox
https://envipath.org/package/5882df9c-dae1-4d80-a40e-db4724271456/compound/aba08107-553f-47d5-9682-b8de02de43ed/structure/6206726d-4235-4521-8c0d-bfcf6d22a4ae	4-OH	CCOC1=CC=C(C=C1)C(C)(C)COCC2=CC=CC(=C2)OC3=CC=C(C=C3)O		1	CCOC1=CC=C(C=C1)C(C)(C)COCC2=CC=CC(=C2)OC3=CC=CC=C3	https://envipath.org/package/5882df9c-dae1-4d80-a40e-db4724271456/pathway/9bdd9b56-74f9-4802-94fa-99aaf23caa2b	Etofenprox
https://envipath.org/package/5882df9c-dae1-4d80-a40e-db4724271456/compound/2fc78d4a-7958-4af5-87d4-bcc2f9b6c9ab/structure/f8bb3b76-d463-49b5-b7de-7c5783f98e0c	3-PBAc	C1=CC=C(C=C1)OC2=CC(=CC=C2)C(=O)O		2	CCOC1=CC=C(C=C1)C(C)(C)COC(=O)C2=CC=CC(=C2)OC3=CC=CC=C3	https://envipath.org/package/5882df9c-dae1-4d80-a40e-db4724271456/pathway/9bdd9b56-74f9-4802-94fa-99aaf23caa2b	Etofenprox
https://envipath.org/package/5882df9c-dae1-4d80-a40e-db4724271456/compound/de880d39-2f37-4412-9d39-87b64f36e959/structure/566a1ae2-5b34-4243-8817-a8a8c9f32355	gamma-CO	CCOC1=CC=C(C=C1)C(C)(C)C(=O)OCC2=CC=CC(=C2)OC3=CC=CC=C3	minor	1	CCOC1=CC=C(C=C1)C(C)(C)COCC2=CC=CC(=C2)OC3=CC=CC=C3	https://envipath.org/package/5882df9c-dae1-4d80-a40e-db4724271456/pathway/9bdd9b56-74f9-4802-94fa-99aaf23caa2b	Etofenprox
https://envipath.org/package/5882df9c-dae1-4d80-a40e-db4724271456/compound/4c1c8e86-188e-4da4-b529-8d14bcdae8f4/structure/b95217b9-d792-4237-ae34-a1a32945d602	DE	CC(C)(COCC1=CC=CC(=C1)OC2=CC=CC=C2)C3=CC=C(C=C3)O		1	CCOC1=CC=C(C=C1)C(C)(C)COCC2=CC=CC(=C2)OC3=CC=CC=C3	https://envipath.org/package/5882df9c-dae1-4d80-a40e-db4724271456/pathway/9bdd9b56-74f9-4802-94fa-99aaf23caa2b	Etofenprox
https://envipath.org/package/5882df9c-dae1-4d80-a40e-db4724271456/compound/2027f863-1496-4235-ae8f-93ab63fa5896/structure/780017f0-01ae-44f1-a52f-4a23f8421969	EPMP	CCOC1=CC=C(C=C1)C(C)(C)C(=O)O		2	CCOC1=CC=C(C=C1)C(C)(C)C(=O)OCC2=CC=CC(=C2)OC3=CC=CC=C3	https://envipath.org/package/5882df9c-dae1-4d80-a40e-db4724271456/pathway/9bdd9b56-74f9-4802-94fa-99aaf23caa2b	Etofenprox
https://envipath.org/package/5882df9c-dae1-4d80-a40e-db4724271456/compound/5215dd76-9ff6-49a6-bcac-550d0bbf4a49/structure/cad458ca-10e3-4b3a-9d6b-5155a4ad1162	mPB-alcohol	C1=CC=C(C=C1)OC2=CC(=CC=C2)CO	minor	2	CC(C)(COCC1=CC=CC(=C1)OC2=CC=CC=C2)C3=CC=C(C=C3)O	https://envipath.org/package/5882df9c-dae1-4d80-a40e-db4724271456/pathway/9bdd9b56-74f9-4802-94fa-99aaf23caa2b	Etofenprox
https://envipath.org/package/5882df9c-dae1-4d80-a40e-db4724271456/compound/e3fc2597-b907-408c-ac59-988a7e7b1f52/structure/46d03a14-04db-4198-9be1-6fae6f9fc136	Etofenprox	CCOC1=CC=C(C=C1)C(C)(C)COCC2=CC=CC(=C2)OC3=CC=CC=C3		0		https://envipath.org/package/5882df9c-dae1-4d80-a40e-db4724271456/pathway/9bdd9b56-74f9-4802-94fa-99aaf23caa2b	Etofenprox
https://envipath.org/package/5882df9c-dae1-4d80-a40e-db4724271456/compound/6602a3c7-61f8-40b7-b21a-08198f0bf458/structure/4d638b07-a733-4596-9a09-cbb4f940f761	DP	CCOC1=CC=C(C=C1)C(C)(C)COCC2=CC=CC(=C2)O		1	CCOC1=CC=C(C=C1)C(C)(C)COCC2=CC=CC(=C2)OC3=CC=CC=C3	https://envipath.org/package/5882df9c-dae1-4d80-a40e-db4724271456/pathway/9bdd9b56-74f9-4802-94fa-99aaf23caa2b	Etofenprox
https://envipath.org/package/5882df9c-dae1-4d80-a40e-db4724271456/compound/0636719f-ce36-4abe-a7f9-815c6da39680/structure/ead2820e-54cd-471f-b0f0-5dfefff81463	Etridiazole	CCOC1=NC(=NS1)C(Cl)(Cl)Cl		0		https://envipath.org/package/5882df9c-dae1-4d80-a40e-db4724271456/pathway/996378ec-cf1a-43cb-a462-bf0141aa041a	Etridiazole
https://envipath.org/package/5882df9c-dae1-4d80-a40e-db4724271456/compound/d714b3dd-fd4d-4849-b66d-64da1de1a8f9/structure/b3085a43-397f-46d1-ba28-47e07b693a61	Etridiazole acid	CCOC1=NC(=NS1)C(=O)O		1	CCOC1=NC(=NS1)C(Cl)(Cl)Cl	https://envipath.org/package/5882df9c-dae1-4d80-a40e-db4724271456/pathway/996378ec-cf1a-43cb-a462-bf0141aa041a	Etridiazole
https://envipath.org/package/5882df9c-dae1-4d80-a40e-db4724271456/compound/f13bfe84-1b7a-4926-9b54-272230cd7749/structure/2552a4bb-fd23-4699-ad8c-1555d22b7e11	Dichloro-etridiazole	CCOC1=NC(=NS1)C(Cl)Cl		1	CCOC1=NC(=NS1)C(Cl)(Cl)Cl	https://envipath.org/package/5882df9c-dae1-4d80-a40e-db4724271456/pathway/996378ec-cf1a-43cb-a462-bf0141aa041a	Etridiazole
https://envipath.org/package/5882df9c-dae1-4d80-a40e-db4724271456/compound/90cfdd97-f525-415f-9667-8b0d16213c1d/structure/d472b7a3-f64b-411b-bb96-4d4f5010dd63	3-carboxy-5-hydroxy-1,2,4-thiadiazole	C1(=NSC(=N1)O)C(=O)O		-99		https://envipath.org/package/5882df9c-dae1-4d80-a40e-db4724271456/pathway/996378ec-cf1a-43cb-a462-bf0141aa041a	Etridiazole
https://envipath.org/package/5882df9c-dae1-4d80-a40e-db4724271456/compound/233ee0a1-fbb5-4ffe-8aab-b513ae49ee28/structure/4723fc54-d034-497c-9249-fb5c5babf490	IN-KZ007	CC1(C2=CC=C(C=C2)OC3=CC=C(C=C3)O)C(=O)N(C(=O)O1)NC4=CC=CC=C4		1	CC1(C2=CC=C(C=C2)OC3=CC=CC=C3)C(=O)N(C(=O)O1)NC4=CC=CC=C4	https://envipath.org/package/5882df9c-dae1-4d80-a40e-db4724271456/pathway/603f0577-610a-437d-af19-a83cd694d4a5	Famoxadone
https://envipath.org/package/5882df9c-dae1-4d80-a40e-db4724271456/compound/2d7e4522-8e9e-4e25-970b-7d79ab5867dd/structure/7fbad759-439f-428f-9d4c-5173d4fb67d8	IN-MN467	CC1(C2=CC=C(C=C2)OC3=CC=CC=C3)C(=O)N(C(=O)O1)NC4=C(C=CC=C4)N(=O)=O	minor	1	CC1(C2=CC=C(C=C2)OC3=CC=CC=C3)C(=O)N(C(=O)O1)NC4=CC=CC=C4	https://envipath.org/package/5882df9c-dae1-4d80-a40e-db4724271456/pathway/603f0577-610a-437d-af19-a83cd694d4a5	Famoxadone
https://envipath.org/package/5882df9c-dae1-4d80-a40e-db4724271456/compound/3839a196-f371-4d96-8494-5d6934fbb898/structure/3a625ba3-6f40-4505-b81c-c5e638b14440	IN-JS940	CC(C1=CC=C(C=C1)OC2=CC=CC=C2)(C(=O)O)O		1	CC1(C2=CC=C(C=C2)OC3=CC=CC=C3)C(=O)N(C(=O)O1)NC4=CC=CC=C4	https://envipath.org/package/5882df9c-dae1-4d80-a40e-db4724271456/pathway/603f0577-610a-437d-af19-a83cd694d4a5	Famoxadone
https://envipath.org/package/5882df9c-dae1-4d80-a40e-db4724271456/compound/fc386cfe-a907-45c7-bc97-a207a2c8b371/structure/a1ddcc01-b245-4e01-9254-239e124cd18d	IN-MN468	CC1(C2=CC=C(C=C2)OC3=CC=CC=C3)C(=O)N(C(=O)O1)NC4=CC=C(C=C4)N(=O)=O	minor	1	CC1(C2=CC=C(C=C2)OC3=CC=CC=C3)C(=O)N(C(=O)O1)NC4=CC=CC=C4	https://envipath.org/package/5882df9c-dae1-4d80-a40e-db4724271456/pathway/603f0577-610a-437d-af19-a83cd694d4a5	Famoxadone
https://envipath.org/package/5882df9c-dae1-4d80-a40e-db4724271456/compound/db10ef67-6ac7-41d1-9ebc-5effe098c125/structure/92905a4a-b715-4207-9286-22bfab7e5c61	Famoxadone	CC1(C2=CC=C(C=C2)OC3=CC=CC=C3)C(=O)N(C(=O)O1)NC4=CC=CC=C4		0		https://envipath.org/package/5882df9c-dae1-4d80-a40e-db4724271456/pathway/603f0577-610a-437d-af19-a83cd694d4a5	Famoxadone
https://envipath.org/package/5882df9c-dae1-4d80-a40e-db4724271456/compound/e7b3267e-eb2c-42ef-8a7f-4c0750e5e834/structure/d7950c48-f479-40a8-8415-8b16d9bbff8e	Fatty acids	CCCCCCCCCCCCCCC(=O)[O-].[K+]		0		https://envipath.org/package/5882df9c-dae1-4d80-a40e-db4724271456/pathway/bf1e7d03-5ce7-41d1-bf09-21b70238c2dd	Fatty acids
https://envipath.org/package/5882df9c-dae1-4d80-a40e-db4724271456/compound/687ab5af-0454-4944-bac4-c9549e1a90bf/structure/434b47c9-2567-4665-9d4a-92a79fa26951	RPA 221607	C[C@]1(C2=CC=CC=C2)C(=O)N(C(=O)N1)NC3=CC=C(C=C3)N(=O)=O	 	2	C[C@]1(C2=CC=CC=C2)C(=O)N(C(N1)SC)NC3=CC=C(C=C3)N(=O)=O	https://envipath.org/package/5882df9c-dae1-4d80-a40e-db4724271456/pathway/98748682-b955-4d67-886b-8e7588b4ae3f	Fenamidone
https://envipath.org/package/5882df9c-dae1-4d80-a40e-db4724271456/compound/0fd55487-6622-4e3f-aaf1-bd5e392ab921/structure/28c3476d-a20e-4d3d-bbb8-27407a3d753f	BCS-CV62706	CC1(C2=CC=CC=C2)C(=O)N(C(=N1)SC)N(C3=CC=CC=C3)N(C4=CC=CC=C4)N5C(=O)C(C)(C6=CC=CC=C6)N=C5SC	 	1	C[C@]1(C2=CC=CC=C2)C(=O)N(C(=N1)SC)NC3=CC=CC=C3	https://envipath.org/package/5882df9c-dae1-4d80-a40e-db4724271456/pathway/98748682-b955-4d67-886b-8e7588b4ae3f	Fenamidone
https://envipath.org/package/5882df9c-dae1-4d80-a40e-db4724271456/compound/ba5bd4ac-7ed6-48e5-be80-bde19a495c25/structure/c7384422-8b4c-418d-ab22-cb022f9bf196	RPA 410193	C[C@]1(C2=CC=CC=C2)C(=O)N(C(=O)N1)NC3=CC=CC=C3	 	1	C[C@]1(C2=CC=CC=C2)C(=O)N(C(=N1)SC)NC3=CC=CC=C3	https://envipath.org/package/5882df9c-dae1-4d80-a40e-db4724271456/pathway/98748682-b955-4d67-886b-8e7588b4ae3f	Fenamidone
https://envipath.org/package/5882df9c-dae1-4d80-a40e-db4724271456/compound/b40bfd9b-f23f-467a-aabd-ebaa267ca7ce/structure/47e623fc-b51c-4bac-9ec4-d4e72953b504	RPA 412708	C[C@]1(C2=CC=CC=C2)C(=O)NC(=N1)SC	major	1	C[C@]1(C2=CC=CC=C2)C(=O)N(C(=N1)SC)NC3=CC=CC=C3	https://envipath.org/package/5882df9c-dae1-4d80-a40e-db4724271456/pathway/98748682-b955-4d67-886b-8e7588b4ae3f	Fenamidone
https://envipath.org/package/5882df9c-dae1-4d80-a40e-db4724271456/compound/2ee2c026-9405-4187-81a6-5619671ae5ce/structure/27733dca-3d83-4684-aec7-6dfc3f03e6b6	RPA 411639	C[C@]1(C2=CC=CC=C2)C(=O)N(C(N1)SC)NC3=CC=C(C=C3)N(=O)=O	minor	1	C[C@]1(C2=CC=CC=C2)C(=O)N(C(=N1)SC)NC3=CC=CC=C3	https://envipath.org/package/5882df9c-dae1-4d80-a40e-db4724271456/pathway/98748682-b955-4d67-886b-8e7588b4ae3f	Fenamidone
https://envipath.org/package/5882df9c-dae1-4d80-a40e-db4724271456/compound/14f28a53-615e-4e4b-838b-c4ef1f2f838f/structure/dc45d1ee-9b81-412e-b124-1b739d2458f5	RPA 221701	C[C@]1(C2=CC=CC=C2)C(=O)N(C(=O)N1)NC3=C(C=CC=C3)N(=O)=O	 	2	C[C@]1(C2=CC=CC=C2)C(=O)N(C(=N1)SC)NC3=C(C=CC=C3)N(=O)=O	https://envipath.org/package/5882df9c-dae1-4d80-a40e-db4724271456/pathway/98748682-b955-4d67-886b-8e7588b4ae3f	Fenamidone
https://envipath.org/package/5882df9c-dae1-4d80-a40e-db4724271456/compound/8cd3d90a-f81f-4cf8-821b-8229fa200c82/structure/93ad114e-d828-43d2-9f83-ce598ebb9e43	RPA 413255	C[C@]1(C2=CC=CC=C2)C(=O)N(C(=N1)SC)NC3=C(C=CC=C3)N(=O)=O	minor	1	C[C@]1(C2=CC=CC=C2)C(=O)N(C(=N1)SC)NC3=CC=CC=C3	https://envipath.org/package/5882df9c-dae1-4d80-a40e-db4724271456/pathway/98748682-b955-4d67-886b-8e7588b4ae3f	Fenamidone
https://envipath.org/package/5882df9c-dae1-4d80-a40e-db4724271456/compound/8043905a-4ea6-4065-9382-2575cb68439d/structure/26709d16-a8ec-43bf-b6a5-fb99c41ab36c	Fenamidone	C[C@]1(C2=CC=CC=C2)C(=O)N(C(=N1)SC)NC3=CC=CC=C3	 	0		https://envipath.org/package/5882df9c-dae1-4d80-a40e-db4724271456/pathway/98748682-b955-4d67-886b-8e7588b4ae3f	Fenamidone
https://envipath.org/package/5882df9c-dae1-4d80-a40e-db4724271456/compound/cec3f985-4dbc-4af0-b33d-e8aa6e942b8b/structure/0dbf418a-8c04-46f3-a3b3-4d4452d29245	RPA 412636	C[C@]1(C2=CC=CC=C2)C(=O)NC(=O)N1	major	2	C[C@]1(C2=CC=CC=C2)C(=O)NC(=N1)SC	https://envipath.org/package/5882df9c-dae1-4d80-a40e-db4724271456/pathway/98748682-b955-4d67-886b-8e7588b4ae3f	Fenamidone
https://envipath.org/package/5882df9c-dae1-4d80-a40e-db4724271456/compound/318c495c-4787-45e9-aa07-648b7f747343/structure/c30ae1f7-5291-4071-bc37-134ae8720852	Fenamiphos-sulfoxide-phenol	CC1=CC(=CC=C1S(=O)C)O		2	CCOP(=O)(NC(C)C)OC1=CC=C(C(=C1)C)S(=O)C	https://envipath.org/package/5882df9c-dae1-4d80-a40e-db4724271456/pathway/71cc3448-57e7-4994-b3c8-da287d89c21c	Fenamiphos
https://envipath.org/package/5882df9c-dae1-4d80-a40e-db4724271456/compound/acc5519c-c40b-49ee-80bd-b6bf1cb24b3e/structure/9d6a2732-761b-408b-b0bf-16301843048f	Fenamiphos-sulfone anisole	CC1=CC(=CC=C1S(=O)(=O)C)OC		4	CC1=CC(=CC=C1S(=O)(=O)C)O	https://envipath.org/package/5882df9c-dae1-4d80-a40e-db4724271456/pathway/71cc3448-57e7-4994-b3c8-da287d89c21c	Fenamiphos
https://envipath.org/package/5882df9c-dae1-4d80-a40e-db4724271456/compound/f9396694-7a9d-4e97-8567-33fced4aaf96/structure/300a5ff4-40d8-4227-88b4-939a95fac3de	M11	CC1=CC(=CC=C1SC)O		1	CCOP(=O)(NC(C)C)OC1=CC=C(C(=C1)C)SC	https://envipath.org/package/5882df9c-dae1-4d80-a40e-db4724271456/pathway/71cc3448-57e7-4994-b3c8-da287d89c21c	Fenamiphos
https://envipath.org/package/5882df9c-dae1-4d80-a40e-db4724271456/compound/2a396ef0-d3a6-4343-9aed-c0b594bcdcfe/structure/11973740-15e8-4ff3-9296-2da260a88a17	Fenamiphos-sulfone	CCOP(=O)(NC(C)C)OC1=CC=C(C(=C1)C)S(=O)(=O)C		2	CCOP(=O)(NC(C)C)OC1=CC=C(C(=C1)C)S(=O)C	https://envipath.org/package/5882df9c-dae1-4d80-a40e-db4724271456/pathway/71cc3448-57e7-4994-b3c8-da287d89c21c	Fenamiphos
https://envipath.org/package/5882df9c-dae1-4d80-a40e-db4724271456/compound/62986076-1ba0-4e7a-8a56-bf3cf975b882/structure/f48eca5f-f5d4-41f9-9d31-4228657c9885	Fenamiphos	CCOP(=O)(NC(C)C)OC1=CC=C(C(=C1)C)SC		0		https://envipath.org/package/5882df9c-dae1-4d80-a40e-db4724271456/pathway/71cc3448-57e7-4994-b3c8-da287d89c21c	Fenamiphos
https://envipath.org/package/5882df9c-dae1-4d80-a40e-db4724271456/compound/94d7fe79-addb-4a29-bfb3-76de0ddfa0f2/structure/e29ee183-6ac8-44f7-8522-9da172dba24d	Fenamiphos-sulfone-phenol	CC1=CC(=CC=C1S(=O)(=O)C)O		3	CC1=CC(=CC=C1S(=O)C)O	https://envipath.org/package/5882df9c-dae1-4d80-a40e-db4724271456/pathway/71cc3448-57e7-4994-b3c8-da287d89c21c	Fenamiphos
https://envipath.org/package/5882df9c-dae1-4d80-a40e-db4724271456/compound/d07d72ab-ce4c-4d25-9d0a-ce688a40fb7f/structure/4fba5c18-690a-4538-a1d7-4ea008ad55a6	Fenamiphos-sulfoxide	CCOP(=O)(NC(C)C)OC1=CC=C(C(=C1)C)S(=O)C		1	CCOP(=O)(NC(C)C)OC1=CC=C(C(=C1)C)SC	https://envipath.org/package/5882df9c-dae1-4d80-a40e-db4724271456/pathway/71cc3448-57e7-4994-b3c8-da287d89c21c	Fenamiphos
https://envipath.org/package/5882df9c-dae1-4d80-a40e-db4724271456/compound/8c040eda-f208-4d70-a732-9658b64ef84b/structure/5685e213-6442-4b0f-9669-d5b72479ff34	Unnamed 7	CC(C)(C1=CC=C(C=C1)CCOC2=NC(=O)NC3=C2C=CC=C3)C(=O)O		2	CC(C)(C)C1=CC=C(C=C1)CCOC2=NC(=O)NC3=C2C=CC=C3	https://envipath.org/package/5882df9c-dae1-4d80-a40e-db4724271456/pathway/4b0b97ea-da2c-4f75-851f-db71c87524e7	Fenazaquin
https://envipath.org/package/5882df9c-dae1-4d80-a40e-db4724271456/compound/b3c2e90f-75a1-4135-be13-349640b8a272/structure/8ad6e7aa-4c6e-48b9-bae9-665e861cf7cf	Fenazaquin	CC(C)(C)C1=CC=C(C=C1)CCOC2=C3C=CC=CC3=NC=N2		0		https://envipath.org/package/5882df9c-dae1-4d80-a40e-db4724271456/pathway/4b0b97ea-da2c-4f75-851f-db71c87524e7	Fenazaquin
https://envipath.org/package/5882df9c-dae1-4d80-a40e-db4724271456/compound/a60f791d-6ae2-4484-b4a2-c2dcb5a27bed/structure/5abddcf8-9e74-4e0c-9e71-d8bbcc254a3f	M2 4-(2-(4-(1,1-Dimethyl ethanoic acid)phenyl)ethoxy)quinazoline	CC(C)(C1=CC=C(C=C1)CCOC2=C3C=CC=CC3=NC=N2)C(=O)O		1	CC(C)(C)C1=CC=C(C=C1)CCOC2=C3C=CC=CC3=NC=N2	https://envipath.org/package/5882df9c-dae1-4d80-a40e-db4724271456/pathway/4b0b97ea-da2c-4f75-851f-db71c87524e7	Fenazaquin
https://envipath.org/package/5882df9c-dae1-4d80-a40e-db4724271456/compound/7355f0bf-7a64-4dd9-84b0-7d188e03dacc/structure/9cc5b2c2-7614-4afc-a4ae-d4b5f4f6501b	Unnamed 2	CC(C)(C1=CC=C(C=C1)CO)C(=O)O		2	CC(C)(C1=CC=C(C=C1)CCOC2=C3C=CC=CC3=NC=N2)C(=O)O	https://envipath.org/package/5882df9c-dae1-4d80-a40e-db4724271456/pathway/4b0b97ea-da2c-4f75-851f-db71c87524e7	Fenazaquin
https://envipath.org/package/5882df9c-dae1-4d80-a40e-db4724271456/compound/9c9d2696-d5e3-43e5-8caa-f411bb08aacd/structure/f8bff2db-aa60-49f1-bfb7-fa8bf1bc9578	M3 Phenyl-1-ethanoic acid-4-(1,1-dimethyl ethanoic acid)	CC(C)(C1=CC=C(C=C1)CC(=O)O)C(=O)O		3	CC(C)(C1=CC=C(C=C1)CO)C(=O)O	https://envipath.org/package/5882df9c-dae1-4d80-a40e-db4724271456/pathway/4b0b97ea-da2c-4f75-851f-db71c87524e7	Fenazaquin
https://envipath.org/package/5882df9c-dae1-4d80-a40e-db4724271456/compound/2683cf40-6f70-46b0-8ab1-ee627f1d72c2/structure/453ef943-07d7-4141-95d1-1e114c622084	Unnamed 4	CC(C)(C1=CC=C(C=C1)C(=O)OC)C(=O)OC		5	CC(C)(C1=CC=C(C=C1)C(=O)OC)C(=O)O	https://envipath.org/package/5882df9c-dae1-4d80-a40e-db4724271456/pathway/4b0b97ea-da2c-4f75-851f-db71c87524e7	Fenazaquin
https://envipath.org/package/5882df9c-dae1-4d80-a40e-db4724271456/compound/a5397bf0-d94f-48fd-96af-d0daaeb0611e/structure/487b1381-c402-4a24-abe1-4ac8a2ae4fa2	Unnamed 6	CC(C)(C)C1=CC=C(C=C1)CC(=O)O		2	CC(C)(C)C1=CC=C(C=C1)CCOC2=NC(=O)NC3=C2C=CC=C3	https://envipath.org/package/5882df9c-dae1-4d80-a40e-db4724271456/pathway/4b0b97ea-da2c-4f75-851f-db71c87524e7	Fenazaquin
https://envipath.org/package/5882df9c-dae1-4d80-a40e-db4724271456/compound/5144b0be-2759-48c7-9494-a2e17f35594c/structure/de039511-409c-4f3b-8860-4fb996908e48	Unnamed 1	CC(C)(C)C1=CC=C(C=C1)C(=O)COC2=C3C=CC=CC3=NC=N2		1	CC(C)(C)C1=CC=C(C=C1)CCOC2=C3C=CC=CC3=NC=N2	https://envipath.org/package/5882df9c-dae1-4d80-a40e-db4724271456/pathway/4b0b97ea-da2c-4f75-851f-db71c87524e7	Fenazaquin
https://envipath.org/package/5882df9c-dae1-4d80-a40e-db4724271456/compound/d5204b36-ad82-4742-9eed-ec69e7d61609/structure/d6a2c904-25e1-4f74-8982-27f65e1be8a4	Unnamed 5	C1=CC2=C(N=C(N=C2C=C1)O)O		2	CC(C)(C)C1=CC=C(C=C1)CCOC2=NC(=O)NC3=C2C=CC=C3	https://envipath.org/package/5882df9c-dae1-4d80-a40e-db4724271456/pathway/4b0b97ea-da2c-4f75-851f-db71c87524e7	Fenazaquin
https://envipath.org/package/5882df9c-dae1-4d80-a40e-db4724271456/compound/165e82bb-2f53-4618-8eb8-cb026872ac67/structure/79b4cf78-8523-4bfa-a03e-591b61ba23af	Unnamed 3	CC(C)(C1=CC=C(C=C1)C(=O)OC)C(=O)O		4	CC(C)(C1=CC=C(C=C1)CC(=O)O)C(=O)O	https://envipath.org/package/5882df9c-dae1-4d80-a40e-db4724271456/pathway/4b0b97ea-da2c-4f75-851f-db71c87524e7	Fenazaquin
https://envipath.org/package/5882df9c-dae1-4d80-a40e-db4724271456/compound/0cee1135-9d5e-49a1-917e-ba32ea0d434f/structure/68c4df94-3608-40d2-bad1-c25c56ad0561	4-Hydroxyquinazoline	C1=CC2=C(C=C1)NC=NC2=O		2	CC(C)(C1=CC=C(C=C1)CCOC2=C3C=CC=CC3=NC=N2)C(=O)O	https://envipath.org/package/5882df9c-dae1-4d80-a40e-db4724271456/pathway/4b0b97ea-da2c-4f75-851f-db71c87524e7	Fenazaquin
https://envipath.org/package/5882df9c-dae1-4d80-a40e-db4724271456/compound/c885879d-5a42-442b-a9d7-fcbdefccbb0f/structure/f6145c97-e963-4bde-b2bf-343993849f8a	M1  2-Oxy-fenazaquin	CC(C)(C)C1=CC=C(C=C1)CCOC2=NC(=O)NC3=C2C=CC=C3		1	CC(C)(C)C1=CC=C(C=C1)CCOC2=C3C=CC=CC3=NC=N2	https://envipath.org/package/5882df9c-dae1-4d80-a40e-db4724271456/pathway/4b0b97ea-da2c-4f75-851f-db71c87524e7	Fenazaquin
https://envipath.org/package/5882df9c-dae1-4d80-a40e-db4724271456/compound/4f98abab-b736-4780-b380-a04c5e85a60a/structure/55d3fb5a-9914-42f8-b790-76bfbaec70e6	M4 2-(Formylamino)-2-(4-(1,1-dimethylethyl)phenyl) ethyl benzoate	CC(C)(C)C1=CC=C(C=C1)CCOC(=O)C2=C(C=CC=C2)NC=O		2	CC(C)(C)C1=CC=C(C=C1)CCOC2=NC(=O)NC3=C2C=CC=C3	https://envipath.org/package/5882df9c-dae1-4d80-a40e-db4724271456/pathway/4b0b97ea-da2c-4f75-851f-db71c87524e7	Fenazaquin
https://envipath.org/package/5882df9c-dae1-4d80-a40e-db4724271456/compound/a4bbc324-3041-464e-8f3c-8baa85969100/structure/b82c1185-6fa9-4afd-af7d-32e956df7e00	RH-6468 "iminolactone"	C1=CC=C(C=C1)C2(CC(C3=CC=C(C=C3)Cl)OC2=N)CN4C=NC=N4	minor	2	C1=CC=C(C=C1)C(CC(C2=CC=C(C=C2)Cl)O)(C#N)CN3C=NC=N3	https://envipath.org/package/5882df9c-dae1-4d80-a40e-db4724271456/pathway/6cda633c-5a0d-4bee-9a2f-9d6957f2988f	Fenbuconazole
https://envipath.org/package/5882df9c-dae1-4d80-a40e-db4724271456/compound/3c46d9ec-8062-4a0c-95cf-b720b6828c8d/structure/424de194-6923-4b62-961f-0659c50c5845	Triazole alanine	C(C(C(=O)O)N)N1C=NC=N1		4	C1=NC=NN1	https://envipath.org/package/5882df9c-dae1-4d80-a40e-db4724271456/pathway/6cda633c-5a0d-4bee-9a2f-9d6957f2988f	Fenbuconazole
https://envipath.org/package/5882df9c-dae1-4d80-a40e-db4724271456/compound/b2d4f1be-b12f-4813-973e-a5bb89fc4c08/structure/c312f91c-3487-4b38-a8af-e38a00362dc7	1,2,4 triazole acetic-acid 	C(C(=O)O)N1C=NC=N1		5	C(C(C(=O)O)N)N1C=NC=N1	https://envipath.org/package/5882df9c-dae1-4d80-a40e-db4724271456/pathway/6cda633c-5a0d-4bee-9a2f-9d6957f2988f	Fenbuconazole
https://envipath.org/package/5882df9c-dae1-4d80-a40e-db4724271456/compound/a15dc090-924f-4ae2-9ea6-3230a8a7f504/structure/d705d7e2-2f0e-4230-8d35-5eb2c2fc1c91	1,2,4 triazole	C1=NC=NN1		3	C1=CC=C(C=C1)[C@]2(CC(C3=CC=C(C=C3)Cl)OC2=O)CN4C=NC=N4	https://envipath.org/package/5882df9c-dae1-4d80-a40e-db4724271456/pathway/6cda633c-5a0d-4bee-9a2f-9d6957f2988f	Fenbuconazole
https://envipath.org/package/5882df9c-dae1-4d80-a40e-db4724271456/compound/18fb4cda-681d-42e6-a0c4-ed02942fe0c9/structure/ce5d9b97-d407-4d66-bdea-fbdedbd31c5d	Hydroxy-Triazole	C1=NC(=NN1)O		4	C1=NC=NN1	https://envipath.org/package/5882df9c-dae1-4d80-a40e-db4724271456/pathway/6cda633c-5a0d-4bee-9a2f-9d6957f2988f	Fenbuconazole
https://envipath.org/package/5882df9c-dae1-4d80-a40e-db4724271456/compound/757a26f3-224a-4ca3-b252-78237a8b5c29/structure/12a86859-70c6-4d59-bd4b-0aa7ee034105	RH-6467 4-(4-chlorophenyl)-2-(methyl-1H-1,2,4-triazole)-4-oxo-2-phenyl butane nitrile	C1=CC=C(C=C1)C(CC(=O)C2=CC=C(C=C2)Cl)(C#N)CN3C=NC=N3		2	C1=CC=C(C=C1)C(CC(C2=CC=C(C=C2)Cl)O)(C#N)CN3C=NC=N3	https://envipath.org/package/5882df9c-dae1-4d80-a40e-db4724271456/pathway/6cda633c-5a0d-4bee-9a2f-9d6957f2988f	Fenbuconazole
https://envipath.org/package/5882df9c-dae1-4d80-a40e-db4724271456/compound/ce420aaf-d839-4667-bc2f-4e24aaf821b6/structure/2f34f80a-b7fd-4bd2-adfe-f887ce486c89	RH-9129 cis-5-(4-chlorophenyl) dihydro-3-phenyl-3-(1H-1,2,3-triazol-1-yl)methyl-2(3H)-furanone	C1=CC=C(C=C1)[C@]2(CC(C3=CC=C(C=C3)Cl)OC2=O)CN4C=NC=N4		2	C1=CC=C(C=C1)C2(CC(C3=CC=C(C=C3)Cl)OC2=N)CN4C=NC=N4	https://envipath.org/package/5882df9c-dae1-4d80-a40e-db4724271456/pathway/6cda633c-5a0d-4bee-9a2f-9d6957f2988f	Fenbuconazole
https://envipath.org/package/5882df9c-dae1-4d80-a40e-db4724271456/compound/7d301a31-2b7e-4909-a605-16dd1bbb6dc1/structure/8454f792-18c0-43a7-a50d-3fa0a3e7f3ab	1,2 dihydro-triazolone	C1=NC(=O)NN1		5	C1=NC(=NN1)O	https://envipath.org/package/5882df9c-dae1-4d80-a40e-db4724271456/pathway/6cda633c-5a0d-4bee-9a2f-9d6957f2988f	Fenbuconazole
https://envipath.org/package/5882df9c-dae1-4d80-a40e-db4724271456/compound/cf06a468-f2fe-462f-84a4-f102123dbaab/structure/d31a36ac-78d3-41a7-bd04-6b0e2fd5052c	Hydroxy Fenbuconazole	C1=CC=C(C=C1)C(CC(C2=CC=C(C=C2)Cl)O)(C#N)CN3C=NC=N3	minor	1	C1=CC=C(C=C1)C(CCC2=CC=C(C=C2)Cl)(C#N)CN3C=NC=N3	https://envipath.org/package/5882df9c-dae1-4d80-a40e-db4724271456/pathway/6cda633c-5a0d-4bee-9a2f-9d6957f2988f	Fenbuconazole
https://envipath.org/package/5882df9c-dae1-4d80-a40e-db4724271456/compound/fd7f032c-8d3c-497c-a2ec-d2f4bf151cb0/structure/4761411a-fc4a-41b1-9def-c6b94913b51b	Fenbuconazole	C1=CC=C(C=C1)C(CCC2=CC=C(C=C2)Cl)(C#N)CN3C=NC=N3		0		https://envipath.org/package/5882df9c-dae1-4d80-a40e-db4724271456/pathway/6cda633c-5a0d-4bee-9a2f-9d6957f2988f	Fenbuconazole
https://envipath.org/package/5882df9c-dae1-4d80-a40e-db4724271456/compound/1c8be4cb-8847-41f9-8bd6-7778bdbe2baf/structure/dfb2e400-346f-423a-8fa3-6a17ac25b011	Fenbutatin oxide	CC(C)(C[Sn](CC(C)(C)C1=CC=CC=C1)(CC(C)(C)C2=CC=CC=C2)O[Sn](CC(C)(C)C3=CC=CC=C3)(CC(C)(C)C4=CC=CC=C4)CC(C)(C)C5=CC=CC=C5)C6=CC=CC=C6		0		https://envipath.org/package/5882df9c-dae1-4d80-a40e-db4724271456/pathway/5d05e450-c161-4030-9bd2-862acc5ea8c6	Fenbutatin oxide
https://envipath.org/package/5882df9c-dae1-4d80-a40e-db4724271456/compound/5b93d5d5-0c1f-4ab8-9163-a6d1e3a5ce25/structure/750a253f-c497-4312-b56c-8953ae494f64	M24	CC1(CCCCC1)C(=O)NC2=CC(=C(C(=C2Cl)Cl)O)C3=C(C(=C(C(=C3)NC(=O)C4(C)CCCCC4)Cl)Cl)O		1	CC1(CCCCC1)C(=O)NC2=CC=C(C(=C2Cl)Cl)O	https://envipath.org/package/5882df9c-dae1-4d80-a40e-db4724271456/pathway/f1d985ad-5b2d-4a61-b2ac-bce0544ac55e	Fenhexamid
https://envipath.org/package/5882df9c-dae1-4d80-a40e-db4724271456/compound/4b2003bf-9d3e-4e6d-91e3-a24858c095ac/structure/f045fb2b-9d95-48f3-b691-38008e419ddd	M09	CC1(CCCCC1)C(=O)NC2=CC=C(C(=C2Cl)Cl)OC		-99		https://envipath.org/package/5882df9c-dae1-4d80-a40e-db4724271456/pathway/f1d985ad-5b2d-4a61-b2ac-bce0544ac55e	Fenhexamid
https://envipath.org/package/5882df9c-dae1-4d80-a40e-db4724271456/compound/56add479-4c77-4fc6-a5f4-1673dcb964dc/structure/ae92758f-b854-4b6f-99bc-bbcb751e454c	M22, trimer	CC1(CCCCC1)C(=O)NC2=CC=C(C(=C2Cl)Cl)OC3=CC(=C(C(=C3OC4=CC(=C(C(=C4O)Cl)Cl)NC(=O)C5(C)CCCCC5)Cl)Cl)NC(=O)C6(C)CCCCC6		-99		https://envipath.org/package/5882df9c-dae1-4d80-a40e-db4724271456/pathway/f1d985ad-5b2d-4a61-b2ac-bce0544ac55e	Fenhexamid
https://envipath.org/package/5882df9c-dae1-4d80-a40e-db4724271456/compound/23ad2561-b869-4570-894d-6ce82598a9cb/structure/caa600b0-2fd9-47c1-aa86-a097e03d6d0a	Fenhexamid	CC1(CCCCC1)C(=O)NC2=CC=C(C(=C2Cl)Cl)O		0		https://envipath.org/package/5882df9c-dae1-4d80-a40e-db4724271456/pathway/f1d985ad-5b2d-4a61-b2ac-bce0544ac55e	Fenhexamid
https://envipath.org/package/5882df9c-dae1-4d80-a40e-db4724271456/compound/38c2ecaa-049c-4ec2-8d6c-f7abedb8a9cc/structure/90bb4f31-0d5b-40d7-ae7d-0255ca56eee0	M21, [C-O-C] dimer	CC1(CCCCC1)C(=O)NC2=CC=C(C(=C2OC3=CC(=C(C(=C3O)Cl)Cl)NC(=O)C4(C)CCCCC4)Cl)O		-99		https://envipath.org/package/5882df9c-dae1-4d80-a40e-db4724271456/pathway/f1d985ad-5b2d-4a61-b2ac-bce0544ac55e	Fenhexamid
https://envipath.org/package/5882df9c-dae1-4d80-a40e-db4724271456/compound/67bd3c4f-6af4-424c-b97f-eed2b6eefd3d/structure/3b3ca0a0-d6ff-441e-a60c-9fec183cc27f	M25	CC1(CCCCC1)C2=NC(=C(C(=O)O)O2)C(=O)O		-99		https://envipath.org/package/5882df9c-dae1-4d80-a40e-db4724271456/pathway/f1d985ad-5b2d-4a61-b2ac-bce0544ac55e	Fenhexamid
https://envipath.org/package/5882df9c-dae1-4d80-a40e-db4724271456/compound/bd774f79-8d0a-4250-878b-70834ea944c4/structure/438d6554-f849-44cc-8595-bb77c3306321	M20, [C-O-C] dimer	CC1(CCCCC1)C(=O)NC2=CC=C(C(=C2Cl)Cl)OC3=CC(=C(C(=C3O)Cl)Cl)NC(=O)C4(C)CCCCC4		1	CC1(CCCCC1)C(=O)NC2=CC=C(C(=C2Cl)Cl)O	https://envipath.org/package/5882df9c-dae1-4d80-a40e-db4724271456/pathway/f1d985ad-5b2d-4a61-b2ac-bce0544ac55e	Fenhexamid
https://envipath.org/package/5882df9c-dae1-4d80-a40e-db4724271456/compound/578a103c-888f-487a-9bb2-d76d5c486f7e/structure/34b16ac8-845b-41b8-9cbf-8738d0d572e6	M23, trimer	CC1(CCCCC1)C(=O)NC2=CC=C(C(=C2Cl)Cl)OC3=CC(=C(C(=C3OC4=CC(=C(C=C4O)Cl)NC(=O)C5(C)CCCCC5)Cl)Cl)NC(=O)C6(C)CCCCC6		-99		https://envipath.org/package/5882df9c-dae1-4d80-a40e-db4724271456/pathway/f1d985ad-5b2d-4a61-b2ac-bce0544ac55e	Fenhexamid
https://envipath.org/package/5882df9c-dae1-4d80-a40e-db4724271456/compound/d94e6756-89ef-4caa-904f-d75f18a375ff/structure/07197675-efa4-43a2-ae8b-36e7588ae054	AM-FNT	CC1=CC(=CC=C1N)OP(=S)(OC)OC		1	CC1=CC(=CC=C1[N+](=O)[O-])OP(=S)(OC)OC	https://envipath.org/package/5882df9c-dae1-4d80-a40e-db4724271456/pathway/0ebc3077-c256-4555-8004-a667c77ce5ba	Fenitrothion
https://envipath.org/package/5882df9c-dae1-4d80-a40e-db4724271456/compound/d2fea381-d626-4a5e-9193-a4cd6699acff/structure/814557c7-fd2d-4c71-be3e-1d6a2e5727c7	DM-FNT	CC1=CC(=CC=C1[N+](=O)[O-])OP(=S)(O)OC		1	CC1=CC(=CC=C1[N+](=O)[O-])OP(=S)(OC)OC	https://envipath.org/package/5882df9c-dae1-4d80-a40e-db4724271456/pathway/0ebc3077-c256-4555-8004-a667c77ce5ba	Fenitrothion
https://envipath.org/package/5882df9c-dae1-4d80-a40e-db4724271456/compound/d7229449-e913-47de-b499-772d3cd1e3ce/structure/318d5b1c-93a9-4f15-8e07-7266a5e04e6f	DM-FNO	CC1=CC(=CC=C1N=O)OP(=O)(O)OC		2	CC1=CC(=CC=C1[N+](=O)[O-])OP(=O)(OC)OC	https://envipath.org/package/5882df9c-dae1-4d80-a40e-db4724271456/pathway/0ebc3077-c256-4555-8004-a667c77ce5ba	Fenitrothion
https://envipath.org/package/5882df9c-dae1-4d80-a40e-db4724271456/compound/9130c0d5-54c9-4e86-b40a-e260f5c58790/structure/ae402e57-f30a-4a71-8f77-6fdf67f6ee36	NMA	CC1=CC(=CC=C1[N+](=O)[O-])OC		2	CC1=CC(=CC=C1[N+](=O)[O-])O	https://envipath.org/package/5882df9c-dae1-4d80-a40e-db4724271456/pathway/0ebc3077-c256-4555-8004-a667c77ce5ba	Fenitrothion
https://envipath.org/package/5882df9c-dae1-4d80-a40e-db4724271456/compound/f63ac9e1-c6b1-4010-983d-d1ce767f2e5a/structure/ea7b39e1-232b-43fc-8b5d-4b53e2403de5	FA-FNT	CC1=CC(=CC=C1NC=O)OP(=S)(OC)OC		2	CC1=CC(=CC=C1N)OP(=S)(OC)OC	https://envipath.org/package/5882df9c-dae1-4d80-a40e-db4724271456/pathway/0ebc3077-c256-4555-8004-a667c77ce5ba	Fenitrothion
https://envipath.org/package/5882df9c-dae1-4d80-a40e-db4724271456/compound/48e8cefd-f504-48ae-ad80-d403a0e56837/structure/a2c0c8fb-edfd-4524-b56b-7cc1cdfebcdf	Fenitrothion	CC1=CC(=CC=C1[N+](=O)[O-])OP(=S)(OC)OC		0		https://envipath.org/package/5882df9c-dae1-4d80-a40e-db4724271456/pathway/0ebc3077-c256-4555-8004-a667c77ce5ba	Fenitrothion
https://envipath.org/package/5882df9c-dae1-4d80-a40e-db4724271456/compound/1746b655-dd59-4cde-b3f4-52615649fe25/structure/430b7ff2-da84-461c-a12b-cfc84d8eca1e	FNO	CC1=CC(=CC=C1[N+](=O)[O-])OP(=O)(OC)OC		1	CC1=CC(=CC=C1[N+](=O)[O-])OP(=S)(OC)OC	https://envipath.org/package/5882df9c-dae1-4d80-a40e-db4724271456/pathway/0ebc3077-c256-4555-8004-a667c77ce5ba	Fenitrothion
https://envipath.org/package/5882df9c-dae1-4d80-a40e-db4724271456/compound/c8937461-c097-4e27-8b3c-9f840ca96b2e/structure/d89f0111-4809-4093-9ef3-e4eb4f865c7c	NMC	CC1=CC(=CC=C1[N+](=O)[O-])O		1	CC1=CC(=CC=C1[N+](=O)[O-])OP(=S)(O)OC	https://envipath.org/package/5882df9c-dae1-4d80-a40e-db4724271456/pathway/0ebc3077-c256-4555-8004-a667c77ce5ba	Fenitrothion
https://envipath.org/package/5882df9c-dae1-4d80-a40e-db4724271456/compound/7def94eb-219a-4a0b-a88c-2a0036177e88/structure/5958c62d-7626-4567-9693-f1e180211708	AE F054014	C1=C(C=C2C(=C1)NC(=O)O2)Cl		2	C1=CC2=C(C=C1Cl)OC(=N2)OC3=CC=C(C=C3)O	https://envipath.org/package/5882df9c-dae1-4d80-a40e-db4724271456/pathway/48502d84-a54e-4b37-af13-b5639e2df943	Fenoxaprop-P-ethyl
https://envipath.org/package/5882df9c-dae1-4d80-a40e-db4724271456/compound/5778cfd2-3b66-43a6-b878-50a36e9423ea/structure/f8bb7724-7d0a-4e56-98da-edf258e0cc95	Hoe 053022, racemic mixture of Fenoxaprop acid	CC(C(=O)O)OC1=CC=C(C=C1)OC2=NC3=C(C=C(C=C3)Cl)O2		-99		https://envipath.org/package/5882df9c-dae1-4d80-a40e-db4724271456/pathway/48502d84-a54e-4b37-af13-b5639e2df943	Fenoxaprop-P-ethyl
https://envipath.org/package/5882df9c-dae1-4d80-a40e-db4724271456/compound/b66a535b-2158-48be-b38e-0615d958b078/structure/2309c483-4ba4-4fa6-b7a8-5c8d6d9896fa	AE F040356	C1=CC2=C(C=C1Cl)OC(=N2)OC3=CC=C(C=C3)O		2	C[C@H](C(=O)O)OC1=CC=C(C=C1)OC2=NC3=C(C=C(C=C3)Cl)O2	https://envipath.org/package/5882df9c-dae1-4d80-a40e-db4724271456/pathway/48502d84-a54e-4b37-af13-b5639e2df943	Fenoxaprop-P-ethyl
https://envipath.org/package/5882df9c-dae1-4d80-a40e-db4724271456/compound/f10ff3cd-5928-4b99-82d9-b42dced6c646/structure/f4ea91c1-fc02-45d2-99b0-f553a26d6ecf	AE F096918	C[C@H](C(=O)O)OC1=CC=C(C=C1)O		2	C[C@H](C(=O)O)OC1=CC=C(C=C1)OC2=NC3=C(C=C(C=C3)Cl)O2	https://envipath.org/package/5882df9c-dae1-4d80-a40e-db4724271456/pathway/48502d84-a54e-4b37-af13-b5639e2df943	Fenoxaprop-P-ethyl
https://envipath.org/package/5882df9c-dae1-4d80-a40e-db4724271456/compound/6589fb52-1004-467f-8136-29d36b6f558a/structure/2197bf71-b099-4c30-9eeb-35ac83f8ff24	Fenoxaprop-P-ethyl, D-enantiomer	CCOC(=O)[C@@H](C)OC1=CC=C(C=C1)OC2=NC3=C(C=C(C=C3)Cl)O2		0		https://envipath.org/package/5882df9c-dae1-4d80-a40e-db4724271456/pathway/48502d84-a54e-4b37-af13-b5639e2df943	Fenoxaprop-P-ethyl
https://envipath.org/package/5882df9c-dae1-4d80-a40e-db4724271456/compound/81d16582-4d6c-4a3b-a284-2cf632e728d2/structure/f4b867bb-4feb-44c0-b91b-ad719d2a681d	AE F033171, racemic mixture of Fenoxaprop-ethyl	CCOC(=O)C(C)OC1=CC=C(C=C1)OC2=NC3=C(C=C(C=C3)Cl)O2		-99		https://envipath.org/package/5882df9c-dae1-4d80-a40e-db4724271456/pathway/48502d84-a54e-4b37-af13-b5639e2df943	Fenoxaprop-P-ethyl
https://envipath.org/package/5882df9c-dae1-4d80-a40e-db4724271456/compound/5b34da4e-2ebd-4f0c-ab53-6d81415ed330/structure/c3164eef-f3d0-46a9-8b3b-1ead4039be8a	AE F088406, active metabolite	C[C@H](C(=O)O)OC1=CC=C(C=C1)OC2=NC3=C(C=C(C=C3)Cl)O2		1	CCOC(=O)[C@@H](C)OC1=CC=C(C=C1)OC2=NC3=C(C=C(C=C3)Cl)O2	https://envipath.org/package/5882df9c-dae1-4d80-a40e-db4724271456/pathway/48502d84-a54e-4b37-af13-b5639e2df943	Fenoxaprop-P-ethyl
https://envipath.org/package/5882df9c-dae1-4d80-a40e-db4724271456/compound/8f81a733-0e9a-4e2e-a8ea-8fb976eb958f/structure/aad6584a-8e01-43e9-883d-dbb03a6b9003	CGA-197810	C1=CC=C(C=C1)OC2=CC=C(C=C2)OCCN		1	CCOC(=O)NCCOC1=CC=C(C=C1)OC2=CC=CC=C2	https://envipath.org/package/5882df9c-dae1-4d80-a40e-db4724271456/pathway/f794c521-f9b5-4d40-93e8-c49064b3cd87	Fenoxycarb
https://envipath.org/package/5882df9c-dae1-4d80-a40e-db4724271456/compound/77391602-7d72-4f74-be64-c357185831c0/structure/498db08a-d52f-49e9-8f45-eb70143e92eb	CGA-26021	C1=CC=C(C=C1)OC2=CC=C(C=C2)O		2	C1=CC=C(C=C1)OC2=CC=C(C=C2)OCCN	https://envipath.org/package/5882df9c-dae1-4d80-a40e-db4724271456/pathway/f794c521-f9b5-4d40-93e8-c49064b3cd87	Fenoxycarb
https://envipath.org/package/5882df9c-dae1-4d80-a40e-db4724271456/compound/bc60bd77-f01e-448d-9d8c-9e3be8b10150/structure/5f982697-2e66-4ad6-b423-26a54fa3bd3f	CGA 294847	CCOC(=O)NCCOC1=CC=C(C=C1)O		2	CCOC(=O)NCCOC1=CC=C(C=C1)OC2=CC=C(C=C2)O	https://envipath.org/package/5882df9c-dae1-4d80-a40e-db4724271456/pathway/f794c521-f9b5-4d40-93e8-c49064b3cd87	Fenoxycarb
https://envipath.org/package/5882df9c-dae1-4d80-a40e-db4724271456/compound/7ad67dc9-a1cf-4c99-a935-a1fd2bae5d1c/structure/c1cfc641-8aa1-4a42-a6c1-adf6c1ff2854	CGA-294850 / Ro 16-8797	CCOC(=O)NCCOC1=CC=C(C=C1)OC2=CC=C(C=C2)O		1	CCOC(=O)NCCOC1=CC=C(C=C1)OC2=CC=CC=C2	https://envipath.org/package/5882df9c-dae1-4d80-a40e-db4724271456/pathway/f794c521-f9b5-4d40-93e8-c49064b3cd87	Fenoxycarb
https://envipath.org/package/5882df9c-dae1-4d80-a40e-db4724271456/compound/15ea403f-88a4-406a-820e-de7f0a996fe3/structure/7102bab4-9a8c-45c9-b8ad-7b136fcae9a9	CGA-294848	C1=C(C=CC(=C1)OC2=CC=C(C=C2)OCC(=O)O)O		1	CCOC(=O)NCCOC1=CC=C(C=C1)OC2=CC=CC=C2	https://envipath.org/package/5882df9c-dae1-4d80-a40e-db4724271456/pathway/f794c521-f9b5-4d40-93e8-c49064b3cd87	Fenoxycarb
https://envipath.org/package/5882df9c-dae1-4d80-a40e-db4724271456/compound/be7a99e3-9b3c-4b01-80b9-096a9f20a8e4/structure/ee694821-5fa6-4e95-b1e1-eeb8b0051f5f	CGA-344889	C1=C(C=CC(=C1)OC2=CC=C(C=C2)OCCN)O		2	C1=CC=C(C=C1)OC2=CC=C(C=C2)OCCN	https://envipath.org/package/5882df9c-dae1-4d80-a40e-db4724271456/pathway/f794c521-f9b5-4d40-93e8-c49064b3cd87	Fenoxycarb
https://envipath.org/package/5882df9c-dae1-4d80-a40e-db4724271456/compound/0fc8c3bd-5914-403a-8fb0-78de83d0de5e/structure/df8471bd-460d-4958-8c98-2aefe6de5831	CGA-197811	C1=CC=C(C=C1)OC2=CC=C(C=C2)OCCO		1	CCOC(=O)NCCOC1=CC=C(C=C1)OC2=CC=CC=C2	https://envipath.org/package/5882df9c-dae1-4d80-a40e-db4724271456/pathway/f794c521-f9b5-4d40-93e8-c49064b3cd87	Fenoxycarb
https://envipath.org/package/5882df9c-dae1-4d80-a40e-db4724271456/compound/973ad852-5fe9-47b4-baaf-92d093222e5d/structure/3e16df33-ac68-4da5-81cb-c9da800d94e9	Fenoxycarb	CCOC(=O)NCCOC1=CC=C(C=C1)OC2=CC=CC=C2		0		https://envipath.org/package/5882df9c-dae1-4d80-a40e-db4724271456/pathway/f794c521-f9b5-4d40-93e8-c49064b3cd87	Fenoxycarb
https://envipath.org/package/5882df9c-dae1-4d80-a40e-db4724271456/compound/6961c247-ed19-4bee-8bbb-44ff397e3c29/structure/62bd6273-63f5-4688-84e0-c7c3165e7f2c	CGA-195935	C1=C(C=CC(=C1)OC2=CC=C(C=C2)O)O		2	C1=C(C=CC(=C1)OC2=CC=C(C=C2)OCC(=O)O)O	https://envipath.org/package/5882df9c-dae1-4d80-a40e-db4724271456/pathway/f794c521-f9b5-4d40-93e8-c49064b3cd87	Fenoxycarb
https://envipath.org/package/5882df9c-dae1-4d80-a40e-db4724271456/compound/a961c486-4d41-4c47-9677-2d7cb84ab0ee/structure/5bf798bc-9147-4aa0-b7cb-8b9f58dce0cb	CGA -294851 / Ro 17-3192	C1=C(C=CC(=C1)OC2=CC=C(C=C2)OCCNC(=O)OCCO)O		2	CCOC(=O)NCCOC1=CC=C(C=C1)OC2=CC=C(C=C2)O	https://envipath.org/package/5882df9c-dae1-4d80-a40e-db4724271456/pathway/f794c521-f9b5-4d40-93e8-c49064b3cd87	Fenoxycarb
https://envipath.org/package/5882df9c-dae1-4d80-a40e-db4724271456/compound/5a92b0d5-c5f4-4537-bf5b-d73b240acf04/structure/d117d6a0-79f9-49db-9147-41b0b6e2c556	NOA 406116	CC(C)(C)C1=CC=C(C=C1)CC(CN2CCCCC2)C(=O)O		2	CC(C)(C)C1=CC=C(C=C1)CC(CN2CCCCC2)CO	https://envipath.org/package/5882df9c-dae1-4d80-a40e-db4724271456/pathway/7dfa084b-b754-4977-85e1-8c0731c2822f	Fenpropidin
https://envipath.org/package/5882df9c-dae1-4d80-a40e-db4724271456/compound/4c75a355-8666-4c4b-9df3-18d86fd3b422/structure/4ac02b87-0d97-48c7-967c-10b2e96be0ae	CGA 289274	CC(CC1=CC=C(C=C1)C(C)(C)C)C(=O)O		2	CC(CC1=CC=C(C=C1)C(C)(C)C)C=O	https://envipath.org/package/5882df9c-dae1-4d80-a40e-db4724271456/pathway/7dfa084b-b754-4977-85e1-8c0731c2822f	Fenpropidin
https://envipath.org/package/5882df9c-dae1-4d80-a40e-db4724271456/compound/78e3562b-ed90-4330-b596-afb849897817/structure/11374d85-bf8f-426f-9dbd-96ca0ac2eb7a	CGA 289269	CC(CC1=CC=C(C=C1)C(C)(C)C)CN2CCC(CC2)O		1	CC(CC1=CC=C(C=C1)C(C)(C)C)CN2CCCCC2	https://envipath.org/package/5882df9c-dae1-4d80-a40e-db4724271456/pathway/7dfa084b-b754-4977-85e1-8c0731c2822f	Fenpropidin
https://envipath.org/package/5882df9c-dae1-4d80-a40e-db4724271456/compound/15e83449-8ad8-4adf-a1fc-1f54186f8c68/structure/29076d0d-3627-4a89-8069-08b25e3e7bbd	CGA 289268	CC(CC1=CC=C(C=C1)C(C)(C)CO)CN2CCCCC2		1	CC(CC1=CC=C(C=C1)C(C)(C)C)CN2CCCCC2	https://envipath.org/package/5882df9c-dae1-4d80-a40e-db4724271456/pathway/7dfa084b-b754-4977-85e1-8c0731c2822f	Fenpropidin
https://envipath.org/package/5882df9c-dae1-4d80-a40e-db4724271456/compound/854d3aad-9dc3-4f46-8e6f-fcb23920c24d/structure/7579139e-c7e8-4519-b2e3-69ee241fa123	CGA 289273	CC(CC1=CC=C(C=C1)C(C)(C)C)C=O	minor	1	CC(CC1=CC=C(C=C1)C(C)(C)C)CN2CCCCC2	https://envipath.org/package/5882df9c-dae1-4d80-a40e-db4724271456/pathway/7dfa084b-b754-4977-85e1-8c0731c2822f	Fenpropidin
https://envipath.org/package/5882df9c-dae1-4d80-a40e-db4724271456/compound/e5cfce0f-2d6d-4c61-9532-14cf35a19530/structure/845ead4a-ec16-4f85-8601-eea3bc6cbc0a	Fenpropidin	CC(CC1=CC=C(C=C1)C(C)(C)C)CN2CCCCC2		0		https://envipath.org/package/5882df9c-dae1-4d80-a40e-db4724271456/pathway/7dfa084b-b754-4977-85e1-8c0731c2822f	Fenpropidin
https://envipath.org/package/5882df9c-dae1-4d80-a40e-db4724271456/compound/eb2868e1-1eba-4fa9-a9d2-dbbe8df95387/structure/fb069111-1e28-4ce8-a252-b9c62fa28c9c	CGA 289267	CC(CC1=CC=C(C=C1)C(C)(C)C(=O)O)CN2CCCCC2		2	CC(CC1=CC=C(C=C1)C(C)(C)CO)CN2CCCCC2	https://envipath.org/package/5882df9c-dae1-4d80-a40e-db4724271456/pathway/7dfa084b-b754-4977-85e1-8c0731c2822f	Fenpropidin
https://envipath.org/package/5882df9c-dae1-4d80-a40e-db4724271456/compound/9eaacdf1-2686-46ce-a439-643db367e1e0/structure/232ef77f-bd92-4f25-a92a-2b11902fb760	CGA 289253	CC(CC1=CC=C(C=C1)C(C)(C)C)C[N@@+]2(CCCCC2)[O-]		1	CC(CC1=CC=C(C=C1)C(C)(C)C)CN2CCCCC2	https://envipath.org/package/5882df9c-dae1-4d80-a40e-db4724271456/pathway/7dfa084b-b754-4977-85e1-8c0731c2822f	Fenpropidin
https://envipath.org/package/5882df9c-dae1-4d80-a40e-db4724271456/compound/512f4467-ab62-4c52-9cf1-4d582246658f/structure/bb9413be-e971-41a8-ba42-0ddf9ea6529b	NOA 406117	CC(C)(C)C1=CC=C(C=C1)CC(CN2CCCCC2)CO		1	CC(CC1=CC=C(C=C1)C(C)(C)C)CN2CCCCC2	https://envipath.org/package/5882df9c-dae1-4d80-a40e-db4724271456/pathway/7dfa084b-b754-4977-85e1-8c0731c2822f	Fenpropidin
https://envipath.org/package/5882df9c-dae1-4d80-a40e-db4724271456/compound/f315d78c-233c-4c4c-9dbb-8f9244419924/structure/ee10472b-e275-4fc6-86e7-946fac5caa80	BF421-7	CC(CC1=CC=C(C=C1)C(C)(C)C)CNCC(C)O		1	CC(CC1=CC=C(C=C1)C(C)(C)C)CN2C[C@H](C)O[C@H](C)C2	https://envipath.org/package/5882df9c-dae1-4d80-a40e-db4724271456/pathway/723e3d1f-30ec-49a7-bd3a-282db43e2f8b	Fenpropimorph
https://envipath.org/package/5882df9c-dae1-4d80-a40e-db4724271456/compound/b429d1a5-75bd-418b-b3e5-498102fb1b98/structure/755ecce5-f402-418a-8c83-b8e60751e25a	BF 421-2	CC(CC1=CC=C(C=C1)C(C)(C)C(=O)O)CN2C[C@H](C)O[C@H](C)C2		1	CC(CC1=CC=C(C=C1)C(C)(C)C)CN2C[C@H](C)O[C@H](C)C2	https://envipath.org/package/5882df9c-dae1-4d80-a40e-db4724271456/pathway/723e3d1f-30ec-49a7-bd3a-282db43e2f8b	Fenpropimorph
https://envipath.org/package/5882df9c-dae1-4d80-a40e-db4724271456/compound/f66f21a6-e984-4a46-b163-94c6bbbb3109/structure/10bc3f67-640e-4007-9563-400543837bef	Fenpropimorph	CC(CC1=CC=C(C=C1)C(C)(C)C)CN2C[C@H](C)O[C@H](C)C2		0		https://envipath.org/package/5882df9c-dae1-4d80-a40e-db4724271456/pathway/723e3d1f-30ec-49a7-bd3a-282db43e2f8b	Fenpropimorph
https://envipath.org/package/5882df9c-dae1-4d80-a40e-db4724271456/compound/63d270ff-92df-4d28-9acb-cae1c4a4a4dd/structure/a6b24abf-cc21-446d-90d1-1d4570ff87fb	BF 421-10	C[C@H]1CNC[C@@H](C)O1		2	CC(CC1=CC=C(C=C1)C(C)(C)C(=O)O)CN2C[C@H](C)O[C@H](C)C2	https://envipath.org/package/5882df9c-dae1-4d80-a40e-db4724271456/pathway/723e3d1f-30ec-49a7-bd3a-282db43e2f8b	Fenpropimorph
https://envipath.org/package/5882df9c-dae1-4d80-a40e-db4724271456/compound/86bd5af9-2a76-446f-b911-206ea3351bf9/structure/81155070-2b62-4159-bf9d-d4642ec448da	BF 421-8	CC(CC1=CC=C(C=C1)C(C)(C)C)CNCCO		2	CC(CC1=CC=C(C=C1)C(C)(C)C)CNCC(C)O	https://envipath.org/package/5882df9c-dae1-4d80-a40e-db4724271456/pathway/723e3d1f-30ec-49a7-bd3a-282db43e2f8b	Fenpropimorph
https://envipath.org/package/5882df9c-dae1-4d80-a40e-db4724271456/compound/b99749a8-1a3a-4591-9ea0-ebc21b796532/structure/e051d4e4-64c3-44b6-8fa5-d978847f38f5	Fenpyrazamine	C=CCSC(=O)N1C(=C(C2=C(C)C=CC=C2)C(=O)N1C(C)C)N		0		https://envipath.org/package/5882df9c-dae1-4d80-a40e-db4724271456/pathway/670da9b1-7a4a-48ee-ad19-f8d26c0f649e	Fenpyrazamine
https://envipath.org/package/5882df9c-dae1-4d80-a40e-db4724271456/compound/80a38422-da70-4e82-80a8-bba6c94bcb26/structure/de6ead94-9481-474c-8b40-9f71c9d3278e	S-2188-OH	CC(C)N1C(=O)C(C2=C(C)C=CC=C2)(C(=N1)N)O		1	CC(C)N1C(=O)C(=C(N)N1)C2=C(C)C=CC=C2	https://envipath.org/package/5882df9c-dae1-4d80-a40e-db4724271456/pathway/670da9b1-7a4a-48ee-ad19-f8d26c0f649e	Fenpyrazamine
https://envipath.org/package/5882df9c-dae1-4d80-a40e-db4724271456/compound/d6bd809e-16aa-4c18-8d85-3b23d9dc247f/structure/4dff0cc5-8e80-4e94-aef2-15be9c63a23e	S-2188-DC	CC(C)N1C(=O)C(=C(N)N1)C2=C(C)C=CC=C2		1	C=CCSC(=O)N1C(=C(C2=C(C)C=CC=C2)C(=O)N1C(C)C)N	https://envipath.org/package/5882df9c-dae1-4d80-a40e-db4724271456/pathway/670da9b1-7a4a-48ee-ad19-f8d26c0f649e	Fenpyrazamine
https://envipath.org/package/5882df9c-dae1-4d80-a40e-db4724271456/compound/005aa755-a97b-4cd5-be94-682b34da1919/structure/ffcf1a92-b907-44d9-9338-db80a44877db	M-6	CC1=NN(C)C(=C1C=O)OC2=CC=CC=C2		2	CC1=NN(C)C(=C1C=NO)OC2=CC=CC=C2	https://envipath.org/package/5882df9c-dae1-4d80-a40e-db4724271456/pathway/f45cb0c8-e9ce-479d-ba4c-9c54466afa53	Fenpyroximate
https://envipath.org/package/5882df9c-dae1-4d80-a40e-db4724271456/compound/f85a4c54-3028-4d0e-bc02-a992bb013528/structure/6f281ccf-1622-4609-b926-b7dedcb8dcd1	M-16	C1=C(C=CC(=C1)C(=O)O)CO		2	CC(C)(C)OC(=O)CC1=CC=C(C=C1)CO	https://envipath.org/package/5882df9c-dae1-4d80-a40e-db4724271456/pathway/f45cb0c8-e9ce-479d-ba4c-9c54466afa53	Fenpyroximate
https://envipath.org/package/5882df9c-dae1-4d80-a40e-db4724271456/compound/491b1e7c-3035-4ae9-b321-91623d7601f1/structure/1847c315-818e-4339-9159-86efca8a8dc5	M-3	CC1=NN(C)C(=C1/C=N/OCC2=CC=C(C=C2)C(=O)O)OC3=CC=CC=C3		1	CC1=NN(C)C(=C1C=NOCC2=CC=C(C=C2)C(=O)OC(C)(C)C)OC3=CC=CC=C3	https://envipath.org/package/5882df9c-dae1-4d80-a40e-db4724271456/pathway/f45cb0c8-e9ce-479d-ba4c-9c54466afa53	Fenpyroximate
https://envipath.org/package/5882df9c-dae1-4d80-a40e-db4724271456/compound/c8696d2f-26e7-4f6b-9371-95f4ad9ecb55/structure/5c4f4747-403e-467c-b3cf-016686fad5ce	M-8	CC1=NN(C)C(=C1C(=O)O)OC2=CC=CC=C2		2	CC1=NN(C)C(=C1C=O)OC2=CC=CC=C2	https://envipath.org/package/5882df9c-dae1-4d80-a40e-db4724271456/pathway/f45cb0c8-e9ce-479d-ba4c-9c54466afa53	Fenpyroximate
https://envipath.org/package/5882df9c-dae1-4d80-a40e-db4724271456/compound/96b258b4-1bb2-4c31-b685-7a3fa3feee74/structure/5ee091d9-753e-4a45-940d-ce8508d56db5	M-13	CC1=NN(C)C(=C1C=NO)OC2=CC=CC=C2		1	CC1=NN(C)C(=C1C=NOCC2=CC=C(C=C2)C(=O)OC(C)(C)C)OC3=CC=CC=C3	https://envipath.org/package/5882df9c-dae1-4d80-a40e-db4724271456/pathway/f45cb0c8-e9ce-479d-ba4c-9c54466afa53	Fenpyroximate
https://envipath.org/package/5882df9c-dae1-4d80-a40e-db4724271456/compound/413e04a7-aa05-45b5-8352-473ae7f4eb48/structure/7cc19770-98de-4c64-bf17-adf8b573236c	Fenpyroximate	CC1=NN(C)C(=C1C=NOCC2=CC=C(C=C2)C(=O)OC(C)(C)C)OC3=CC=CC=C3		0		https://envipath.org/package/5882df9c-dae1-4d80-a40e-db4724271456/pathway/f45cb0c8-e9ce-479d-ba4c-9c54466afa53	Fenpyroximate
https://envipath.org/package/5882df9c-dae1-4d80-a40e-db4724271456/compound/825ca736-f7db-4ad6-bc0e-d3b51668987a/structure/2e8b79c9-d417-4ca8-a390-964fb44c33cb	M-15	CC(C)(C)OC(=O)CC1=CC=C(C=C1)CO		1	CC1=NNC(=C1C=NOCC2=CC=C(C=C2)C(=O)OC(C)(C)C)OC3=CC=CC=C3	https://envipath.org/package/5882df9c-dae1-4d80-a40e-db4724271456/pathway/f45cb0c8-e9ce-479d-ba4c-9c54466afa53	Fenpyroximate
https://envipath.org/package/5882df9c-dae1-4d80-a40e-db4724271456/compound/35543a2a-8826-4c14-8797-82b5c95c685d/structure/d582aa5c-15a1-4d9f-9971-08a702653ef1	M-2	CC1=NN(C)C(=C1/C=N/OCC2=CC=C(C=C2)C(=O)OC(C)(C)C)OC3=CC=C(C=C3)O		1	CC1=NN(C)C(=C1C=NOCC2=CC=C(C=C2)C(=O)OC(C)(C)C)OC3=CC=CC=C3	https://envipath.org/package/5882df9c-dae1-4d80-a40e-db4724271456/pathway/f45cb0c8-e9ce-479d-ba4c-9c54466afa53	Fenpyroximate
https://envipath.org/package/5882df9c-dae1-4d80-a40e-db4724271456/compound/ba447b33-5684-4dfc-8892-970af6d727f6/structure/16fb6be2-1aa3-4d41-af8f-57a4191c7c43	M-12	CC1=NNC(=C1C=NOCC2=CC=C(C=C2)C(=O)OC(C)(C)C)OC3=CC=CC=C3		1	CC1=NN(C)C(=C1C=NOCC2=CC=C(C=C2)C(=O)OC(C)(C)C)OC3=CC=CC=C3	https://envipath.org/package/5882df9c-dae1-4d80-a40e-db4724271456/pathway/f45cb0c8-e9ce-479d-ba4c-9c54466afa53	Fenpyroximate
https://envipath.org/package/5882df9c-dae1-4d80-a40e-db4724271456/compound/08be4e02-9521-4412-8116-82d811eac1a4/structure/41afb3cd-62b5-4c70-a9e8-1ac2c77c3164	M-9	CC1=NNC(=C1C=O)OC2=CC=CC=C2		2	CC1=NN(C)C(=C1C=O)OC2=CC=CC=C2	https://envipath.org/package/5882df9c-dae1-4d80-a40e-db4724271456/pathway/f45cb0c8-e9ce-479d-ba4c-9c54466afa53	Fenpyroximate
https://envipath.org/package/5882df9c-dae1-4d80-a40e-db4724271456/compound/4f819a50-aed2-42a5-bd8f-940265bb79de/structure/400bd275-c48e-453a-9d55-6a955ef34236	M-19	CC(C)(C)OC(=O)C1=CC=C(C=C1)CON=CC2=C(N(C)N=C2C(=O)O)OC3=CC=CC=C3		2	CC(C)(C)OC(=O)C1=CC=C(C=C1)CON=CC2=C(N(C)N=C2CO)OC3=CC=CC=C3	https://envipath.org/package/5882df9c-dae1-4d80-a40e-db4724271456/pathway/f45cb0c8-e9ce-479d-ba4c-9c54466afa53	Fenpyroximate
https://envipath.org/package/5882df9c-dae1-4d80-a40e-db4724271456/compound/03234eb4-14cc-46f5-9178-edcefb087ee7/structure/bc1720c2-2315-40da-909b-16516269b187	M-20	CC(C)(C)OC(=O)C1=CC=C(C=C1)CON=CC2=C(N(C)N=C2CO)OC3=CC=CC=C3		1	CC1=NN(C)C(=C1C=NOCC2=CC=C(C=C2)C(=O)OC(C)(C)C)OC3=CC=CC=C3	https://envipath.org/package/5882df9c-dae1-4d80-a40e-db4724271456/pathway/f45cb0c8-e9ce-479d-ba4c-9c54466afa53	Fenpyroximate
https://envipath.org/package/5882df9c-dae1-4d80-a40e-db4724271456/compound/b3953961-0dd5-4ed9-85ae-f2ca035deb37/structure/0fe0d955-8210-4f87-a542-4c6378142dda	M-11	CC1=NN(C)C(=C1C#N)OC2=CC=CC=C2		1	CC1=NN(C)C(=C1C=NO)OC2=CC=CC=C2	https://envipath.org/package/5882df9c-dae1-4d80-a40e-db4724271456/pathway/f45cb0c8-e9ce-479d-ba4c-9c54466afa53	Fenpyroximate
https://envipath.org/package/5882df9c-dae1-4d80-a40e-db4724271456/compound/0bf90372-17da-494b-8b9c-a3e664ca1984/structure/83b5d208-f9ed-458a-9ce7-d09ddf9dc9d8	MB 46126	C1=C(C(=C(C=C1C(F)(F)F)Cl)N2C(=C(C(=N2)C(=O)N)SC(F)(F)F)N)Cl		2	C1=C(C(=C(C=C1C(F)(F)F)Cl)N2C(=C(C(=N2)C#N)SC(F)(F)F)N)Cl	https://envipath.org/package/5882df9c-dae1-4d80-a40e-db4724271456/pathway/0a024db5-9b39-40c0-8fd7-4f68d06391d8	Fipronil
https://envipath.org/package/5882df9c-dae1-4d80-a40e-db4724271456/compound/5c92c1d5-8003-4f22-977a-8b8d84687e49/structure/185b7a6a-c4ed-43f0-b2b8-e95a9a38b53a	MB 46233	C1=C(C(=C(C=C1C(F)(F)F)Cl)N2C(=C(C(=N2)C(=O)O)SC(F)(F)F)N)Cl		3	C1=C(C(=C(C=C1C(F)(F)F)Cl)N2C(=C(C(=N2)C(=O)N)SC(F)(F)F)N)Cl	https://envipath.org/package/5882df9c-dae1-4d80-a40e-db4724271456/pathway/0a024db5-9b39-40c0-8fd7-4f68d06391d8	Fipronil
https://envipath.org/package/5882df9c-dae1-4d80-a40e-db4724271456/compound/122314b1-056d-4828-82a8-7f2deeb2ea0d/structure/952598eb-112f-46c0-892d-97e253f19a04	RPA 200766	C1=C(C(=C(C=C1C(F)(F)F)Cl)N2C(=C(C(=N2)C(=O)N)S(=O)C(F)(F)F)N)Cl		1	C1=C(C(=C(C=C1C(F)(F)F)Cl)N2C(=C(C(=N2)C#N)S(=O)C(F)(F)F)N)Cl	https://envipath.org/package/5882df9c-dae1-4d80-a40e-db4724271456/pathway/0a024db5-9b39-40c0-8fd7-4f68d06391d8	Fipronil
https://envipath.org/package/5882df9c-dae1-4d80-a40e-db4724271456/compound/3ce53ea8-d8a1-4287-b848-c37516bccd07/structure/bad75999-e8a7-46f1-9175-740e2ce6e4eb	RPA 106681	C1=C(C(=C(C=C1C(F)(F)F)Cl)N2C(=C(C(=N2)C(=O)O)S(=O)(=O)C(F)(F)F)N)Cl		3	C1=C(C(=C(C=C1C(F)(F)F)Cl)N2C(=C(C(=N2)C(=O)N)S(=O)(=O)C(F)(F)F)N)Cl	https://envipath.org/package/5882df9c-dae1-4d80-a40e-db4724271456/pathway/0a024db5-9b39-40c0-8fd7-4f68d06391d8	Fipronil
https://envipath.org/package/5882df9c-dae1-4d80-a40e-db4724271456/compound/a2516445-551d-42d6-87a0-e4c2a4ffbc6a/structure/17c3300f-5c6f-4b58-82c6-9410f8075221	MB 45950	C1=C(C(=C(C=C1C(F)(F)F)Cl)N2C(=C(C(=N2)C#N)SC(F)(F)F)N)Cl		1	C1=C(C(=C(C=C1C(F)(F)F)Cl)N2C(=C(C(=N2)C#N)S(=O)C(F)(F)F)N)Cl	https://envipath.org/package/5882df9c-dae1-4d80-a40e-db4724271456/pathway/0a024db5-9b39-40c0-8fd7-4f68d06391d8	Fipronil
https://envipath.org/package/5882df9c-dae1-4d80-a40e-db4724271456/compound/48079a9b-e30c-4bd1-a04c-00fccd2c6e26/structure/0b43eb7c-342c-449f-a4ed-d2ef45f79995	MB 46136	C1=C(C(=C(C=C1C(F)(F)F)Cl)N2C(=C(C(=N2)C#N)S(=O)(=O)C(F)(F)F)N)Cl		1	C1=C(C(=C(C=C1C(F)(F)F)Cl)N2C(=C(C(=N2)C#N)S(=O)C(F)(F)F)N)Cl	https://envipath.org/package/5882df9c-dae1-4d80-a40e-db4724271456/pathway/0a024db5-9b39-40c0-8fd7-4f68d06391d8	Fipronil
https://envipath.org/package/5882df9c-dae1-4d80-a40e-db4724271456/compound/a672d8ed-990f-46a4-8839-33572ba33b49/structure/77e81523-33bf-4202-b13d-8b4a97f910df	RPA 200761	C1=C(C(=C(C=C1C(F)(F)F)Cl)N2C(=C(C(=N2)C(=O)O)S(=O)C(F)(F)F)N)Cl		2	C1=C(C(=C(C=C1C(F)(F)F)Cl)N2C(=C(C(=N2)C(=O)N)S(=O)C(F)(F)F)N)Cl	https://envipath.org/package/5882df9c-dae1-4d80-a40e-db4724271456/pathway/0a024db5-9b39-40c0-8fd7-4f68d06391d8	Fipronil
https://envipath.org/package/5882df9c-dae1-4d80-a40e-db4724271456/compound/0d81ee51-baa2-42b2-bd01-7b5502e8f923/structure/2499bf50-e841-463e-8c0f-bba8afd8c2ac	RPA 105320	C1=C(C(=C(C=C1C(F)(F)F)Cl)N2C(=C(C(=N2)C(=O)N)S(=O)(=O)C(F)(F)F)N)Cl		2	C1=C(C(=C(C=C1C(F)(F)F)Cl)N2C(=C(C(=N2)C#N)S(=O)(=O)C(F)(F)F)N)Cl	https://envipath.org/package/5882df9c-dae1-4d80-a40e-db4724271456/pathway/0a024db5-9b39-40c0-8fd7-4f68d06391d8	Fipronil
https://envipath.org/package/5882df9c-dae1-4d80-a40e-db4724271456/compound/696b64e6-2d84-4585-b49b-ef1f1eaf1ea0/structure/726db9a7-aba6-43ec-97ef-bd52b3108d21	Fipronil	C1=C(C(=C(C=C1C(F)(F)F)Cl)N2C(=C(C(=N2)C#N)S(=O)C(F)(F)F)N)Cl		0		https://envipath.org/package/5882df9c-dae1-4d80-a40e-db4724271456/pathway/0a024db5-9b39-40c0-8fd7-4f68d06391d8	Fipronil
https://envipath.org/package/5882df9c-dae1-4d80-a40e-db4724271456/compound/a11e4ba1-6af5-4d36-81a2-245e21d00da6/structure/ed342b8e-337e-4b33-a117-02b0451f7f79	HTPP (SSRE-008)	COC1=CC(=NC(=N1)NC2=NC=CC=C2C(F)(F)F)O	minor	3	COC1=NC(=NC(=C1)OC)NC2=NC=CC=C2C(F)(F)F	https://envipath.org/package/5882df9c-dae1-4d80-a40e-db4724271456/pathway/aad4fb30-a5c8-4cd8-a629-247468f67ae3	Flazasulfuron
https://envipath.org/package/5882df9c-dae1-4d80-a40e-db4724271456/compound/a9ecee2e-98a7-44ef-8e7a-9a8a88372c01/structure/04736457-c67f-4475-a619-dbf8cc8ce977	Flazasulfuron	COC1=NC(=NC(=C1)OC)NC(=O)NS(=O)(=O)C2=NC=CC=C2C(F)(F)F	 	0		https://envipath.org/package/5882df9c-dae1-4d80-a40e-db4724271456/pathway/aad4fb30-a5c8-4cd8-a629-247468f67ae3	Flazasulfuron
https://envipath.org/package/5882df9c-dae1-4d80-a40e-db4724271456/compound/443fb840-f10b-49b4-89a1-1a1ef918c08e/structure/a895e83b-a2b0-4fd5-9be1-570c8b9498b6	DTPU (SSRE-004)	COC1=NC(=NC(=C1)OC)N(C2=NC=CC=C2C(F)(F)F)C(=O)N	major	1	COC1=NC(=NC(=C1)OC)NC(=O)NS(=O)(=O)C2=NC=CC=C2C(F)(F)F	https://envipath.org/package/5882df9c-dae1-4d80-a40e-db4724271456/pathway/aad4fb30-a5c8-4cd8-a629-247468f67ae3	Flazasulfuron
https://envipath.org/package/5882df9c-dae1-4d80-a40e-db4724271456/compound/6766c080-3cce-4893-89b5-a4b2d45f4a46/structure/70bca91d-15b7-43e4-89c6-a2978d5c778d	HTPU (SSRE-020)	COC1=CC(=NC(=N1)N(C2=NC=CC=C2C(F)(F)F)C(=O)N)O	minor	2	COC1=CC(=NC(=N1)NC(=O)NS(=O)(=O)C2=NC=CC=C2C(F)(F)F)O	https://envipath.org/package/5882df9c-dae1-4d80-a40e-db4724271456/pathway/aad4fb30-a5c8-4cd8-a629-247468f67ae3	Flazasulfuron
https://envipath.org/package/5882df9c-dae1-4d80-a40e-db4724271456/compound/7dde27eb-1041-433d-95a8-41fe403d1bf6/structure/ea6a1e78-48c7-4b81-8c2e-2e4daa998e22	GTPS (SSRE-018)	C1=CN=C(C(=C1)C(F)(F)F)S(=O)(=O)NC(=O)NC(=N)N	minor	2	COC1=CC(=NC(=N1)NC(=O)NS(=O)(=O)C2=NC=CC=C2C(F)(F)F)O	https://envipath.org/package/5882df9c-dae1-4d80-a40e-db4724271456/pathway/aad4fb30-a5c8-4cd8-a629-247468f67ae3	Flazasulfuron
https://envipath.org/package/5882df9c-dae1-4d80-a40e-db4724271456/compound/6358408d-2559-4ec1-ab03-3e83eeb5e54e/structure/46fd611f-3642-4579-b877-fb0497ef8b86	S13 (2-amino-4,6-dimethoxypyrimidine)	COC1=NC(=NC(=C1)OC)N	minor	1	COC1=NC(=NC(=C1)OC)NC(=O)NS(=O)(=O)C2=NC=CC=C2C(F)(F)F	https://envipath.org/package/5882df9c-dae1-4d80-a40e-db4724271456/pathway/aad4fb30-a5c8-4cd8-a629-247468f67ae3	Flazasulfuron
https://envipath.org/package/5882df9c-dae1-4d80-a40e-db4724271456/compound/3dd6b0b4-80f7-44cd-aa27-4dbe1bf8e14f/structure/345f18c1-117b-47e6-8b0d-870d796acdd2	S12 (N-(4,6-dimethoxypyrimidin-2-yl)urea	COC1=NC(=NC(=C1)OC)NC(=O)N	minor	1	COC1=NC(=NC(=C1)OC)NC(=O)NS(=O)(=O)C2=NC=CC=C2C(F)(F)F	https://envipath.org/package/5882df9c-dae1-4d80-a40e-db4724271456/pathway/aad4fb30-a5c8-4cd8-a629-247468f67ae3	Flazasulfuron
https://envipath.org/package/5882df9c-dae1-4d80-a40e-db4724271456/compound/2837d921-4099-4cd9-915c-8e5800277f50/structure/b561e9e9-4ee0-4999-af41-0ea1b14c266f	DTPP (SSRE-005)	COC1=NC(=NC(=C1)OC)NC2=NC=CC=C2C(F)(F)F	minor	2	COC1=NC(=NC(=C1)OC)N(C2=NC=CC=C2C(F)(F)F)C(=O)N	https://envipath.org/package/5882df9c-dae1-4d80-a40e-db4724271456/pathway/aad4fb30-a5c8-4cd8-a629-247468f67ae3	Flazasulfuron
https://envipath.org/package/5882df9c-dae1-4d80-a40e-db4724271456/compound/eca4451f-3869-4fa0-9dc9-346f3f0fede0/structure/5a5f8d98-d89d-4139-a573-8a00862917a0	TPSA (SSRE-001)	C1=CN=C(C(=C1)C(F)(F)F)S(=O)(=O)N	minor	1	COC1=NC(=NC(=C1)OC)NC(=O)NS(=O)(=O)C2=NC=CC=C2C(F)(F)F	https://envipath.org/package/5882df9c-dae1-4d80-a40e-db4724271456/pathway/aad4fb30-a5c8-4cd8-a629-247468f67ae3	Flazasulfuron
https://envipath.org/package/5882df9c-dae1-4d80-a40e-db4724271456/compound/2c4d255f-8801-4bcc-b945-26bc16826058/structure/0facb4f0-5c3c-438b-a393-a5041d69a9ae	HMTU (SSRE-006)	COC1=CC(=NC(=N1)NC(=O)NS(=O)(=O)C2=NC=CC=C2C(F)(F)F)O	minor	1	COC1=NC(=NC(=C1)OC)NC(=O)NS(=O)(=O)C2=NC=CC=C2C(F)(F)F	https://envipath.org/package/5882df9c-dae1-4d80-a40e-db4724271456/pathway/aad4fb30-a5c8-4cd8-a629-247468f67ae3	Flazasulfuron
https://envipath.org/package/5882df9c-dae1-4d80-a40e-db4724271456/compound/a7932131-e0bb-455d-821b-f746d99f33a4/structure/a8e3303d-ca64-4289-af53-1beba074fb5e	HTF (SSRE-021)	C1=CN=C(C(=C1)C(F)(F)F)O	minor	2	C1=CN=C(C(=C1)C(F)(F)F)S(=O)(=O)N	https://envipath.org/package/5882df9c-dae1-4d80-a40e-db4724271456/pathway/aad4fb30-a5c8-4cd8-a629-247468f67ae3	Flazasulfuron
https://envipath.org/package/5882df9c-dae1-4d80-a40e-db4724271456/compound/76b69589-8584-43e0-a394-30d069efb378/structure/859e6bc8-2f79-4971-9086-d2b91fd3fa5b	TFNG-AM	C1=C(C(=CN=C1)C(=O)NCC(=O)N)C(F)(F)F		1	C1=C(C(=CN=C1)C(=O)NCC#N)C(F)(F)F	https://envipath.org/package/5882df9c-dae1-4d80-a40e-db4724271456/pathway/fa20dbd6-2d1e-4fb0-8765-9100aa5c76d6	Flonicamid
https://envipath.org/package/5882df9c-dae1-4d80-a40e-db4724271456/compound/af6b6e41-2532-44dd-be61-7fe6d54de6b7/structure/0d7189cc-1c80-43af-b55a-7b2d98f0706f	TFNA-OH	C1=C(N=CC(=C1C(F)(F)F)C(=O)O)O		2	C1=C(C(=CN=C1)C(=O)O)C(F)(F)F	https://envipath.org/package/5882df9c-dae1-4d80-a40e-db4724271456/pathway/fa20dbd6-2d1e-4fb0-8765-9100aa5c76d6	Flonicamid
https://envipath.org/package/5882df9c-dae1-4d80-a40e-db4724271456/compound/9db8336f-2631-4830-b0a8-e445cb0c9f05/structure/d2412860-7d62-461f-a527-34a6038abdc0	TFNG	C1=C(C(=CN=C1)C(=O)NCC(=O)O)C(F)(F)F		2	C1=C(C(=CN=C1)C(=O)NCC(=O)N)C(F)(F)F	https://envipath.org/package/5882df9c-dae1-4d80-a40e-db4724271456/pathway/fa20dbd6-2d1e-4fb0-8765-9100aa5c76d6	Flonicamid
https://envipath.org/package/5882df9c-dae1-4d80-a40e-db4724271456/compound/49da8756-feb8-43a6-8cd3-bd182648ee5d/structure/a04e0ff0-5fc7-4b72-b2a3-71514c2ead28	TFNA-AM	C1=C(C(=CN=C1)C(=O)N)C(F)(F)F		3	C1=C(C(=CN=C1)C(=O)NCC(=O)O)C(F)(F)F	https://envipath.org/package/5882df9c-dae1-4d80-a40e-db4724271456/pathway/fa20dbd6-2d1e-4fb0-8765-9100aa5c76d6	Flonicamid
https://envipath.org/package/5882df9c-dae1-4d80-a40e-db4724271456/compound/4290af8f-5c23-48d9-87ef-e3e22818a055/structure/6c528019-f7c3-4b61-84f4-eb64ccef373a	TFNA	C1=C(C(=CN=C1)C(=O)O)C(F)(F)F		1	C1=C(C(=CN=C1)C(=O)N)C(F)(F)F	https://envipath.org/package/5882df9c-dae1-4d80-a40e-db4724271456/pathway/fa20dbd6-2d1e-4fb0-8765-9100aa5c76d6	Flonicamid
https://envipath.org/package/5882df9c-dae1-4d80-a40e-db4724271456/compound/064ddbd9-b10c-4f5b-b997-b5fc8cd40133/structure/51cb3af4-a929-496d-bb89-edb0e19002bb	Flonicamid	C1=C(C(=CN=C1)C(=O)NCC#N)C(F)(F)F		0		https://envipath.org/package/5882df9c-dae1-4d80-a40e-db4724271456/pathway/fa20dbd6-2d1e-4fb0-8765-9100aa5c76d6	Flonicamid
https://envipath.org/package/5882df9c-dae1-4d80-a40e-db4724271456/compound/fd83b479-bbf4-4235-9a7b-8b605dc40551/structure/f38f0def-7883-4b25-a5d4-d07064735e17	ASTCA	C1(=NNC(=N1)S(=O)(=O)N)C(=O)O		3	C1=CC(=C(C(=C1)F)NS(=O)(=O)C2=NC(=NN2)C(=O)O)F	https://envipath.org/package/5882df9c-dae1-4d80-a40e-db4724271456/pathway/58abc32a-bcec-4483-8abc-c44c55aca95c	Florasulam
https://envipath.org/package/5882df9c-dae1-4d80-a40e-db4724271456/compound/88bd7613-b6a5-415f-bea6-0e7bc78daf41/structure/18c95ecc-063a-4a7c-8cb2-63334927d62e	DFP-ASTCA	C1=CC(=C(C(=C1)F)NS(=O)(=O)C2=NC(=NN2)C(=O)O)F		2	C1=CC(=C(C(=C1)F)NS(=O)(=O)C2=NN3C(=N2)C(=CN=C3O)F)F	https://envipath.org/package/5882df9c-dae1-4d80-a40e-db4724271456/pathway/58abc32a-bcec-4483-8abc-c44c55aca95c	Florasulam
https://envipath.org/package/5882df9c-dae1-4d80-a40e-db4724271456/compound/8514e60c-6f4a-490a-8a13-eaeae474cee1/structure/2696e181-dc86-4920-be41-e7b5b0e9663f	Florasulam	COC1=NC=C(C2=NC(=NN21)S(=O)(=O)NC3=C(C=CC=C3F)F)F		0		https://envipath.org/package/5882df9c-dae1-4d80-a40e-db4724271456/pathway/58abc32a-bcec-4483-8abc-c44c55aca95c	Florasulam
https://envipath.org/package/5882df9c-dae1-4d80-a40e-db4724271456/compound/97535890-a9d8-4c2d-a106-6bc0aadb27d5/structure/7f642f6a-7bef-48db-a0e1-83db7ad75342	DFP-TSA	C1=CC(=C(C(=C1)F)NS(=O)(=O)C2=NC=NN2)F		3	C1=CC(=C(C(=C1)F)NS(=O)(=O)C2=NC(=NN2)C(=O)O)F	https://envipath.org/package/5882df9c-dae1-4d80-a40e-db4724271456/pathway/58abc32a-bcec-4483-8abc-c44c55aca95c	Florasulam
https://envipath.org/package/5882df9c-dae1-4d80-a40e-db4724271456/compound/6ae6ca26-2b39-43f5-936b-fc10b7270d98/structure/eb2c6fdd-d032-40e6-8f04-019e9e95a144	5-OH Florasulam	C1=CC(=C(C(=C1)F)NS(=O)(=O)C2=NN3C(=N2)C(=CN=C3O)F)F		1	COC1=NC=C(C2=NC(=NN21)S(=O)(=O)NC3=C(C=CC=C3F)F)F	https://envipath.org/package/5882df9c-dae1-4d80-a40e-db4724271456/pathway/58abc32a-bcec-4483-8abc-c44c55aca95c	Florasulam
https://envipath.org/package/5882df9c-dae1-4d80-a40e-db4724271456/compound/5e3547cb-d473-4863-aa63-7bc5d7dc5893/structure/ac4e843d-72e4-4ce5-a5f3-819a8d21eb26	TSA	C1=NC(=NN1)S(=O)(=O)N		4	C1=CC(=C(C(=C1)F)NS(=O)(=O)C2=NC=NN2)F	https://envipath.org/package/5882df9c-dae1-4d80-a40e-db4724271456/pathway/58abc32a-bcec-4483-8abc-c44c55aca95c	Florasulam
https://envipath.org/package/5882df9c-dae1-4d80-a40e-db4724271456/compound/ea45d644-21ac-4ede-9d12-7bf4c0ddc36a/structure/39debf86-a0a0-491f-a127-8b27e321f5f6	Fluazifop-P-butyl	CCCCOC(=O)C(C)OC1=CC=C(C=C1)OC2=CC=C(C=N2)C(F)(F)F		0		https://envipath.org/package/5882df9c-dae1-4d80-a40e-db4724271456/pathway/2c84059d-7fe0-4383-ad62-85a33b08136b	Fluazifop-P-butyl
https://envipath.org/package/5882df9c-dae1-4d80-a40e-db4724271456/compound/d9a34a78-ff86-469d-87ba-e6152f1b1c2e/structure/f7317912-5008-4389-8d74-3aced06fe65f	Compound 3 (R118106)	CC(C(=O)O)OC1=CC=C(C=C1)O		2	CC(C(=O)O)OC1=CC=C(C=C1)OC2=CC=C(C=N2)C(F)(F)F	https://envipath.org/package/5882df9c-dae1-4d80-a40e-db4724271456/pathway/2c84059d-7fe0-4383-ad62-85a33b08136b	Fluazifop-P-butyl
https://envipath.org/package/5882df9c-dae1-4d80-a40e-db4724271456/compound/f2079310-d406-47d9-8983-757bc197de60/structure/9f9a5647-9c6f-424b-871f-a3dde6e3675d	Fluazifop-P-butyl S isomer	CCCCOC(=O)[C@H](C)OC1=CC=C(C=C1)OC2=CC=C(C=N2)C(F)(F)F		0		https://envipath.org/package/5882df9c-dae1-4d80-a40e-db4724271456/pathway/2c84059d-7fe0-4383-ad62-85a33b08136b	Fluazifop-P-butyl
https://envipath.org/package/5882df9c-dae1-4d80-a40e-db4724271456/compound/9e7b3aa2-606e-4322-8fad-e9ba4484751e/structure/e4220755-865f-4279-9c0b-3c78d1017655	Compound 4 (R150397)	C1=C(C=NC(=C1)OC2=CC=C(C=C2)O)C(F)(F)F		2	CC(C(=O)O)OC1=CC=C(C=C1)OC2=CC=C(C=N2)C(F)(F)F	https://envipath.org/package/5882df9c-dae1-4d80-a40e-db4724271456/pathway/2c84059d-7fe0-4383-ad62-85a33b08136b	Fluazifop-P-butyl
https://envipath.org/package/5882df9c-dae1-4d80-a40e-db4724271456/compound/a1135a5f-4ebb-4289-bf62-36f419f8ca76/structure/d072f730-febd-45c6-960d-e3fee011fafc	Compound 10 (R154719, 5-trifluoromethyl-pyrid- 2-one)	C1=CC(=O)NC=C1C(F)(F)F		2	CC(C(=O)O)OC1=CC=C(C=C1)OC2=CC=C(C=N2)C(F)(F)F	https://envipath.org/package/5882df9c-dae1-4d80-a40e-db4724271456/pathway/2c84059d-7fe0-4383-ad62-85a33b08136b	Fluazifop-P-butyl
https://envipath.org/package/5882df9c-dae1-4d80-a40e-db4724271456/compound/64d2fb01-2cd9-415e-b604-6a416e50cc2e/structure/cc03764b-9307-4a38-a2fe-630a36975d86	Fluazifop-P-butyl R isomer	CCCCOC(=O)[C@@H](C)OC1=CC=C(C=C1)OC2=CC=C(C=N2)C(F)(F)F		0		https://envipath.org/package/5882df9c-dae1-4d80-a40e-db4724271456/pathway/2c84059d-7fe0-4383-ad62-85a33b08136b	Fluazifop-P-butyl
https://envipath.org/package/5882df9c-dae1-4d80-a40e-db4724271456/compound/74a7b4a0-a371-41aa-9ec4-e3d58ccd352c/structure/e2e31e45-a4fe-49aa-821b-d8cb8216899c	Compound 7	C1=CC(=O)C=CC1=O		-99		https://envipath.org/package/5882df9c-dae1-4d80-a40e-db4724271456/pathway/2c84059d-7fe0-4383-ad62-85a33b08136b	Fluazifop-P-butyl
https://envipath.org/package/5882df9c-dae1-4d80-a40e-db4724271456/compound/c3ad116b-918b-4498-addd-a22ff7b9c178/structure/bbb9c62d-1fd0-405b-82cd-170ad262fd72	Compound 2 (R156172, Fluazifop acid)	CC(C(=O)O)OC1=CC=C(C=C1)OC2=CC=C(C=N2)C(F)(F)F		1	CCCCOC(=O)[C@H](C)OC1=CC=C(C=C1)OC2=CC=C(C=N2)C(F)(F)F	https://envipath.org/package/5882df9c-dae1-4d80-a40e-db4724271456/pathway/2c84059d-7fe0-4383-ad62-85a33b08136b	Fluazifop-P-butyl
https://envipath.org/package/5882df9c-dae1-4d80-a40e-db4724271456/compound/9e44e968-d4b7-4096-8a44-038e5cfdca99/structure/63cc6bef-83e7-4329-9224-41145f58f3fc	Fluazinam	C1=C(C(=NC=C1C(F)(F)F)NC2=C(C(=C(C=C2[N+](=O)[O-])C(F)(F)F)Cl)[N+](=O)[O-])Cl		0		https://envipath.org/package/5882df9c-dae1-4d80-a40e-db4724271456/pathway/9917c9bf-f419-4218-8bf1-8705be43e268	Fluazinam
https://envipath.org/package/5882df9c-dae1-4d80-a40e-db4724271456/compound/634f320b-9935-4c37-8099-a2dd32d6267c/structure/2ce143f3-b860-411f-aea9-fb2bc15fa129	MAPA compound VII	C1=C(C(=NC=C1C(F)(F)F)NC2=C(C(=C(C=C2[N+](=O)[O-])C(F)(F)F)Cl)N)Cl		1	C1=C(C(=NC=C1C(F)(F)F)NC2=C(C(=C(C=C2[N+](=O)[O-])C(F)(F)F)Cl)[N+](=O)[O-])Cl	https://envipath.org/package/5882df9c-dae1-4d80-a40e-db4724271456/pathway/9917c9bf-f419-4218-8bf1-8705be43e268	Fluazinam
https://envipath.org/package/5882df9c-dae1-4d80-a40e-db4724271456/compound/5b1210c6-bcbf-4d62-9bcb-74b449408181/structure/86b34cab-7c83-4af2-945b-09b8e269f149	DAPA compound VIII	C1=C(C(=NC=C1C(F)(F)F)NC2=C(C(=C(C=C2N)C(F)(F)F)Cl)N)Cl		2	C1=C(C(=NC=C1C(F)(F)F)NC2=C(C(=C(C=C2[N+](=O)[O-])C(F)(F)F)Cl)N)Cl	https://envipath.org/package/5882df9c-dae1-4d80-a40e-db4724271456/pathway/9917c9bf-f419-4218-8bf1-8705be43e268	Fluazinam
https://envipath.org/package/5882df9c-dae1-4d80-a40e-db4724271456/compound/6a1fda10-e554-4042-acfd-abc02e91b515/structure/8b59c955-ca06-4a0b-8356-aa03261b1aac	HYPA compound XII	C1=C(C(=NC=C1C(F)(F)F)NC2=C(C(=C(C=C2[N+](=O)[O-])C(F)(F)F)O)[N+](=O)[O-])Cl		1	C1=C(C(=NC=C1C(F)(F)F)NC2=C(C(=C(C=C2[N+](=O)[O-])C(F)(F)F)Cl)[N+](=O)[O-])Cl	https://envipath.org/package/5882df9c-dae1-4d80-a40e-db4724271456/pathway/9917c9bf-f419-4218-8bf1-8705be43e268	Fluazinam
https://envipath.org/package/5882df9c-dae1-4d80-a40e-db4724271456/compound/8678c214-e971-4e55-9733-45a279d708b3/structure/3bc3d7d6-2ff4-4138-aaf7-55b57fa38889	CGA 192155	C1=CC2=C(C(=C1)C(=O)O)OC(F)(F)O2		3	C1=CC2=C(C(=C1)C3(C(=O)N)C(C#N)(C(=O)O)O3)OC(F)(F)O2	https://envipath.org/package/5882df9c-dae1-4d80-a40e-db4724271456/pathway/a530679d-6a04-447e-af22-0be532284d04	Fludioxonil
https://envipath.org/package/5882df9c-dae1-4d80-a40e-db4724271456/compound/25a0222a-2762-4a5a-a474-76cd080cf42a/structure/765b1d8c-ddce-440d-87f6-ab801982502f	Fludioxonil	C1=CC(=C2C(=C1)OC(F)(F)O2)C3=CNC=C3C#N		0		https://envipath.org/package/5882df9c-dae1-4d80-a40e-db4724271456/pathway/a530679d-6a04-447e-af22-0be532284d04	Fludioxonil
https://envipath.org/package/5882df9c-dae1-4d80-a40e-db4724271456/compound/7c1729e4-34a6-4254-be6a-a30d93ff6e78/structure/de02910d-b4d0-44a9-b7a6-9c81eac80fd5	CGA 339833	C1=CC2=C(C(=C1)C3(C(=O)N)C(C#N)(C(=O)O)O3)OC(F)(F)O2		2	C1=CC(=C2C(=C1)OC(F)(F)O2)C3=C(C#N)C(=O)NC3=O	https://envipath.org/package/5882df9c-dae1-4d80-a40e-db4724271456/pathway/a530679d-6a04-447e-af22-0be532284d04	Fludioxonil
https://envipath.org/package/5882df9c-dae1-4d80-a40e-db4724271456/compound/1bd84b3e-de96-4e10-a63e-7827cfbe83a0/structure/6361c46b-058c-48a2-bf7c-aed37d2d7ea6	CGA 265378	C1=CC(=C2C(=C1)OC(F)(F)O2)C3=C(C#N)C(=O)NC3=O		1	C1=CC(=C2C(=C1)OC(F)(F)O2)C3=CNC=C3C#N	https://envipath.org/package/5882df9c-dae1-4d80-a40e-db4724271456/pathway/a530679d-6a04-447e-af22-0be532284d04	Fludioxonil
https://envipath.org/package/5882df9c-dae1-4d80-a40e-db4724271456/compound/1876f12e-97ab-4429-adcd-17b24f94e67c/structure/3e95c7ba-4a0c-4644-971b-27ba6d7f9b14	Flufenoxuron	C1=CC(=C(C(=C1)F)C(=O)NC(=O)NC2=CC=C(C=C2F)OC3=CC=C(C=C3Cl)C(F)(F)F)F		0		https://envipath.org/package/5882df9c-dae1-4d80-a40e-db4724271456/pathway/1230f5db-5f0d-49b0-afbe-dcf3d0d52a0c	Flufenoxuron
https://envipath.org/package/5882df9c-dae1-4d80-a40e-db4724271456/compound/9aa43538-e1b0-4763-a606-efa0ae03552d/structure/7f08b09b-aca7-4ddb-91c5-4a4c1629eaff	4064702	C1=C(C=C(C(=C1)OC2=CC=C(C(=C2)F)NC(=O)N)Cl)C(F)(F)F		1	C1=CC(=C(C(=C1)F)C(=O)NC(=O)NC2=CC=C(C=C2F)OC3=CC=C(C=C3Cl)C(F)(F)F)F	https://envipath.org/package/5882df9c-dae1-4d80-a40e-db4724271456/pathway/1230f5db-5f0d-49b0-afbe-dcf3d0d52a0c	Flufenoxuron
https://envipath.org/package/5882df9c-dae1-4d80-a40e-db4724271456/compound/e682fbfa-9c52-4686-838d-04ef61afd7ee/structure/d6eccfc8-8413-4885-8cb3-286478492748	241208	C1=C(C=C(C(=C1)OC2=CC=C(C(=C2)F)N)Cl)C(F)(F)F		2	C1=C(C=C(C(=C1)OC2=CC=C(C(=C2)F)NC(=O)N)Cl)C(F)(F)F	https://envipath.org/package/5882df9c-dae1-4d80-a40e-db4724271456/pathway/1230f5db-5f0d-49b0-afbe-dcf3d0d52a0c	Flufenoxuron
https://envipath.org/package/5882df9c-dae1-4d80-a40e-db4724271456/compound/648240b4-1dae-4e90-bce5-8b24ad10c52d/structure/b745eef3-9a66-46fe-9940-b9d83c6102d4	CGA 149776	C1=CC(=C(C(=C1)F)C(=O)O)F	major	1	C1=CC(=C(C(=C1)F)C(=O)NC(=O)NC2=CC=C(C=C2F)OC3=CC=C(C=C3Cl)C(F)(F)F)F	https://envipath.org/package/5882df9c-dae1-4d80-a40e-db4724271456/pathway/1230f5db-5f0d-49b0-afbe-dcf3d0d52a0c	Flufenoxuron
https://envipath.org/package/5882df9c-dae1-4d80-a40e-db4724271456/compound/7b54b659-02d7-401d-90de-8be5b4dfc289/structure/c9527dce-861f-40f1-a458-274eb9551682	SYN 546418	C1=CC(=C(C=O)C(=C1)Cl)F		-99		https://envipath.org/package/5882df9c-dae1-4d80-a40e-db4724271456/pathway/ad0c2794-42ca-4bd5-b441-81076fb614b7	Flumetralin
https://envipath.org/package/5882df9c-dae1-4d80-a40e-db4724271456/compound/af9c707a-b850-4102-a569-0af99d01e660/structure/4e3df617-db57-4212-a0c3-5e34b3e92a94	CGA152604	C1=CC(=C(C(=C1)Cl)C(=O)O)F		-99		https://envipath.org/package/5882df9c-dae1-4d80-a40e-db4724271456/pathway/ad0c2794-42ca-4bd5-b441-81076fb614b7	Flumetralin
https://envipath.org/package/5882df9c-dae1-4d80-a40e-db4724271456/compound/ced26ce7-ea42-4299-87a0-67125c99c349/structure/d2855c19-ffe5-40b9-ab2c-787aa59c4a09	CGA276432	CCN(CC1=C(C=CC=C1Cl)F)C2=C(C=C(C=C2N)C(F)(F)F)N		2	CCN(CC1=C(C=CC=C1Cl)F)C2=C(C=C(C=C2N)C(F)(F)F)[N+](=O)[O-]	https://envipath.org/package/5882df9c-dae1-4d80-a40e-db4724271456/pathway/ad0c2794-42ca-4bd5-b441-81076fb614b7	Flumetralin
https://envipath.org/package/5882df9c-dae1-4d80-a40e-db4724271456/compound/9895f31f-7615-4510-94a4-dc8068099147/structure/d80c0b7d-3884-4839-accd-171c1c868ceb	CGA146467	C1=CC(=C(CNC2=C(C=C(C=C2[N+](=O)[O-])C(F)(F)F)[N+](=O)[O-])C(=C1)Cl)F		-99		https://envipath.org/package/5882df9c-dae1-4d80-a40e-db4724271456/pathway/ad0c2794-42ca-4bd5-b441-81076fb614b7	Flumetralin
https://envipath.org/package/5882df9c-dae1-4d80-a40e-db4724271456/compound/e351f9f1-021a-43a5-8226-ddab261e7849/structure/e65a47d1-a183-477a-9de1-6dbbee8523e1	Flumetralin	CCN(CC1=C(C=CC=C1Cl)F)C2=C(C=C(C=C2[N+](=O)[O-])C(F)(F)F)[N+](=O)[O-]		0		https://envipath.org/package/5882df9c-dae1-4d80-a40e-db4724271456/pathway/ad0c2794-42ca-4bd5-b441-81076fb614b7	Flumetralin
https://envipath.org/package/5882df9c-dae1-4d80-a40e-db4724271456/compound/b2d4a33f-d8e7-4dbe-ab08-6c7094ceb3c5/structure/05a29442-1ae7-4c42-8075-dc49ec5bd6ff	CGA275536	CCN(CC1=C(C=CC=C1Cl)F)C2=C(C=C(C=C2N)C(F)(F)F)[N+](=O)[O-]		1	CCN(CC1=C(C=CC=C1Cl)F)C2=C(C=C(C=C2[N+](=O)[O-])C(F)(F)F)[N+](=O)[O-]	https://envipath.org/package/5882df9c-dae1-4d80-a40e-db4724271456/pathway/ad0c2794-42ca-4bd5-b441-81076fb614b7	Flumetralin
https://envipath.org/package/5882df9c-dae1-4d80-a40e-db4724271456/compound/099960e6-6200-45ed-aa19-95681aa2a32d/structure/a0d64ff7-3b8a-4c9f-ac65-4e356d35215b	THPA	C1CCC(=C(C1)C(=O)O)C(=O)O		2	C1CCC2=C(C1)C(=O)N(C3=C(C=C4C(=C3)NC(=O)CO4)F)C2=O	https://envipath.org/package/5882df9c-dae1-4d80-a40e-db4724271456/pathway/55b736ce-f0ec-4200-9124-d51935a8e535	Flumioxazin
https://envipath.org/package/5882df9c-dae1-4d80-a40e-db4724271456/compound/12802167-79d3-4609-a3a1-8b1ebe5ac757/structure/4e01d6b7-c4bb-487c-b504-cde3e817208d	482-HA	C#CCN1C2=CC(=C(C=C2OCC1=O)F)NC(=O)C3=C(CCCC3)C(=O)O		1	C#CCN1C2=CC(=C(C=C2OCC1=O)F)N3C(=O)C4=C(CCCC4)C3=O	https://envipath.org/package/5882df9c-dae1-4d80-a40e-db4724271456/pathway/55b736ce-f0ec-4200-9124-d51935a8e535	Flumioxazin
https://envipath.org/package/5882df9c-dae1-4d80-a40e-db4724271456/compound/35711235-f897-4807-bcf1-d48d941736b4/structure/9b261365-3e87-4fef-a336-48ad358d80b0	APF	C#CCN1C2=CC(=C(C=C2OCC1=O)F)N		2	C#CCN1C2=CC(=C(C=C2OCC1=O)F)NC(=O)C3=C(CCCC3)C(=O)O	https://envipath.org/package/5882df9c-dae1-4d80-a40e-db4724271456/pathway/55b736ce-f0ec-4200-9124-d51935a8e535	Flumioxazin
https://envipath.org/package/5882df9c-dae1-4d80-a40e-db4724271456/compound/1933a64d-43dc-446d-8016-8a270ac1b03d/structure/cf3a5f3d-21cc-4ec0-9ef9-0ff875a7fe5d	Flumioxazin	C#CCN1C2=CC(=C(C=C2OCC1=O)F)N3C(=O)C4=C(CCCC4)C3=O		0		https://envipath.org/package/5882df9c-dae1-4d80-a40e-db4724271456/pathway/55b736ce-f0ec-4200-9124-d51935a8e535	Flumioxazin
https://envipath.org/package/5882df9c-dae1-4d80-a40e-db4724271456/compound/f68b5234-71fe-4634-b85f-b16422340059/structure/7eddb845-d7ae-4587-ab94-94637aca0d8a	482-CA	C1CCC2=C(C1)C(=O)N(C3=C(C=C4C(=C3)N(CCC(=O)O)C(=O)CO4)F)C2=O		1	C#CCN1C2=CC(=C(C=C2OCC1=O)F)N3C(=O)C4=C(CCCC4)C3=O	https://envipath.org/package/5882df9c-dae1-4d80-a40e-db4724271456/pathway/55b736ce-f0ec-4200-9124-d51935a8e535	Flumioxazin
https://envipath.org/package/5882df9c-dae1-4d80-a40e-db4724271456/compound/9efc305a-3a48-44e4-903a-a843035f7c78/structure/3e3f1ba1-af61-44dc-bc23-742e418b3646	IMOXA	C1CCC2=C(C1)C(=O)N(C3=C(C=C4C(=C3)NC(=O)CO4)F)C2=O		1	C1CCC2=C(C1)C(=O)N(C3=C(C=C4C(=C3)N(CCC(=O)O)C(=O)CO4)F)C2=O	https://envipath.org/package/5882df9c-dae1-4d80-a40e-db4724271456/pathway/55b736ce-f0ec-4200-9124-d51935a8e535	Flumioxazin
https://envipath.org/package/5882df9c-dae1-4d80-a40e-db4724271456/compound/fbb769b5-9968-4b82-8c21-6477c0f4295e/structure/bc26d9c6-5b89-470b-be34-37986786b9ca	delta-TPA	C1CCC2=C(C1)C(=O)OC2=O		3	C1CCC(=C(C1)C(=O)O)C(=O)O	https://envipath.org/package/5882df9c-dae1-4d80-a40e-db4724271456/pathway/55b736ce-f0ec-4200-9124-d51935a8e535	Flumioxazin
https://envipath.org/package/5882df9c-dae1-4d80-a40e-db4724271456/compound/a2a182b6-3ddc-4b94-8a08-96a409099e34/structure/58b5b37d-a1cb-4bb6-90c8-390205067252	Fluometuron	CN(C)C(=O)NC1=CC(=CC=C1)C(F)(F)F		0		https://envipath.org/package/5882df9c-dae1-4d80-a40e-db4724271456/pathway/0005d536-0cec-4a37-8424-c751d0d25eb1	Fluometuron
https://envipath.org/package/5882df9c-dae1-4d80-a40e-db4724271456/compound/d60d2c01-f8ed-4c6c-a2a5-9dd427715e69/structure/b17a5d89-a7d9-438b-ac90-7bc636efb490	CGA 72903	C1=CC(=CC(=C1)C(F)(F)F)N		1	C1=CC(=CC(=C1)C(F)(F)F)NC(=O)N	https://envipath.org/package/5882df9c-dae1-4d80-a40e-db4724271456/pathway/0005d536-0cec-4a37-8424-c751d0d25eb1	Fluometuron
https://envipath.org/package/5882df9c-dae1-4d80-a40e-db4724271456/compound/b17cfca1-96cd-4ee6-b7a8-aaa7d40f847d/structure/e5ef536c-3fa2-4cc1-aee0-dc4f6c49113e	CGA 41686	CNC(=O)NC1=CC(=CC=C1)C(F)(F)F		1	CN(C)C(=O)NC1=CC(=CC=C1)C(F)(F)F	https://envipath.org/package/5882df9c-dae1-4d80-a40e-db4724271456/pathway/0005d536-0cec-4a37-8424-c751d0d25eb1	Fluometuron
https://envipath.org/package/5882df9c-dae1-4d80-a40e-db4724271456/compound/6c476d3b-4085-4a16-904d-d19a4425b83a/structure/deaccfe2-3e19-4b15-8efa-fbe90d4f6b87	CGA 41685	C1=CC(=CC(=C1)C(F)(F)F)NC(=O)N		2	CNC(=O)NC1=CC(=CC=C1)C(F)(F)F	https://envipath.org/package/5882df9c-dae1-4d80-a40e-db4724271456/pathway/0005d536-0cec-4a37-8424-c751d0d25eb1	Fluometuron
https://envipath.org/package/5882df9c-dae1-4d80-a40e-db4724271456/compound/c9552d9e-2e85-425d-86bf-08afb3a79e1c/structure/242bb1ca-1583-441b-8611-7441fff5728e	AE 1344122	CS(=O)C1=CC(=CN=C1C(=O)O)C(F)(F)F		3	C1=C(C(=NC=C1C(F)(F)F)C(=O)O)S	https://envipath.org/package/5882df9c-dae1-4d80-a40e-db4724271456/pathway/13761bfd-99ac-4882-b545-325e5cf243df	Fluopicolide
https://envipath.org/package/5882df9c-dae1-4d80-a40e-db4724271456/compound/98571a63-ab31-4db0-876c-01dc78357110/structure/eee6c07c-f938-462a-907a-4b291100aa77	M-13 Hydroxy group isomer	C1=C(C(=NC(=C1C(F)(F)F)O)C(=O)O)Cl	minor	2	C1=C(C(=NC=C1C(F)(F)F)C(=O)O)Cl	https://envipath.org/package/5882df9c-dae1-4d80-a40e-db4724271456/pathway/13761bfd-99ac-4882-b545-325e5cf243df	Fluopicolide
https://envipath.org/package/5882df9c-dae1-4d80-a40e-db4724271456/compound/27f32e02-38c7-41bb-a429-f1f1e47902c9/structure/16067aeb-a1c6-4969-8d2a-7adbbf1f4657	3-sulfo-5-trifluoromethyl pyridine-2-carboxylic acid	C1=C(C(=NC=C1C(F)(F)F)C(=O)O)S		2	C1=C(C(=NC=C1C(F)(F)F)C(=O)O)Cl	https://envipath.org/package/5882df9c-dae1-4d80-a40e-db4724271456/pathway/13761bfd-99ac-4882-b545-325e5cf243df	Fluopicolide
https://envipath.org/package/5882df9c-dae1-4d80-a40e-db4724271456/compound/6792ab10-810f-4b80-bc9b-67b1f20cd6f6/structure/56c92dfe-38c2-480b-9e17-da75dc1b6e02	AE C653711	C1=CC(=C(C(=C1)Cl)C(=O)N)Cl		1	C1=CC(=C(C(=C1)Cl)C(=O)NCC2=NC=C(C=C2Cl)C(F)(F)F)Cl	https://envipath.org/package/5882df9c-dae1-4d80-a40e-db4724271456/pathway/13761bfd-99ac-4882-b545-325e5cf243df	Fluopicolide
https://envipath.org/package/5882df9c-dae1-4d80-a40e-db4724271456/compound/ba8e889b-d3dc-444c-a9e4-e3cc7801092e/structure/fd3034f1-ae87-460a-b7e6-fc7cf51e2b89	AE 06080000	C1=CC(=C(C(=C1)Cl)C(=O)NC(C2=NC=C(C=C2Cl)C(F)(F)F)O)Cl		1	C1=CC(=C(C(=C1)Cl)C(=O)NCC2=NC=C(C=C2Cl)C(F)(F)F)Cl	https://envipath.org/package/5882df9c-dae1-4d80-a40e-db4724271456/pathway/13761bfd-99ac-4882-b545-325e5cf243df	Fluopicolide
https://envipath.org/package/5882df9c-dae1-4d80-a40e-db4724271456/compound/f4e4203d-87cd-4367-ab39-6a6042ca4000/structure/7c2fd1ad-70ac-4b77-80fc-3304d11f58c5	AE C657188	C1=C(C(=NC=C1C(F)(F)F)C(=O)O)Cl		1	C1=CC(=C(C(=C1)Cl)C(=O)NCC2=NC=C(C=C2Cl)C(F)(F)F)Cl	https://envipath.org/package/5882df9c-dae1-4d80-a40e-db4724271456/pathway/13761bfd-99ac-4882-b545-325e5cf243df	Fluopicolide
https://envipath.org/package/5882df9c-dae1-4d80-a40e-db4724271456/compound/90fa037d-db36-45ec-a737-807730bd644e/structure/ea8e1d89-c3e3-4e73-b26f-ea11c708c2de	AE 1344123	C1=C(C(=NC=C1C(F)(F)F)C(=O)O)S(=O)(=O)O		3	C1=C(C(=NC=C1C(F)(F)F)C(=O)O)S	https://envipath.org/package/5882df9c-dae1-4d80-a40e-db4724271456/pathway/13761bfd-99ac-4882-b545-325e5cf243df	Fluopicolide
https://envipath.org/package/5882df9c-dae1-4d80-a40e-db4724271456/compound/8bb485f3-fc4c-4f3d-b2c9-6e217d7d9421/structure/c3e8e00c-5a40-4928-a7e6-a58cfdcc5343	Fluopicolide	C1=CC(=C(C(=C1)Cl)C(=O)NCC2=NC=C(C=C2Cl)C(F)(F)F)Cl		0		https://envipath.org/package/5882df9c-dae1-4d80-a40e-db4724271456/pathway/13761bfd-99ac-4882-b545-325e5cf243df	Fluopicolide
https://envipath.org/package/5882df9c-dae1-4d80-a40e-db4724271456/compound/370ef2e7-26d6-44a4-bbb0-e1dd987e0f2d/structure/8eafcfd2-2ecd-4f51-ad7b-2734dead51d4	M-11/12	C1=C(C(=NC(=C1C(F)(F)F)O)C(=O)O)S(=O)(=O)O	minor	3	C1=C(C(=NC(=C1C(F)(F)F)O)C(=O)O)Cl	https://envipath.org/package/5882df9c-dae1-4d80-a40e-db4724271456/pathway/13761bfd-99ac-4882-b545-325e5cf243df	Fluopicolide
https://envipath.org/package/5882df9c-dae1-4d80-a40e-db4724271456/compound/ee44eec9-358b-4e84-bb21-82b54bb5a29d/structure/fe753c74-6cfd-42ca-a2d2-ce3a08aeafd0	AE 1388273	CS(=O)(=O)C1=CC(=CN=C1O)C(F)(F)F		4	CS(=O)C1=CC(=CN=C1C(=O)O)C(F)(F)F	https://envipath.org/package/5882df9c-dae1-4d80-a40e-db4724271456/pathway/13761bfd-99ac-4882-b545-325e5cf243df	Fluopicolide
https://envipath.org/package/5882df9c-dae1-4d80-a40e-db4724271456/compound/635370b1-e609-4137-9c1f-3b9885aba93c/structure/8eb89d39-0664-4a2f-a629-2f871b51caef	Fluopyram	C1=CC(=C(C=C1)C(F)(F)F)C(=O)NCCC2=NC=C(C=C2Cl)C(F)(F)F		0		https://envipath.org/package/5882df9c-dae1-4d80-a40e-db4724271456/pathway/bf618b78-eab6-4057-b2ec-9922f5a7fbcb	Fluopyram
https://envipath.org/package/5882df9c-dae1-4d80-a40e-db4724271456/compound/b77abdd1-7144-4d06-9a9b-b56860b9de23/structure/d72d62f4-764b-4bba-99dc-55414fed26a1	7-hydroxy	C1=CC(=C(C=C1)C(F)(F)F)C(=O)NCC(C2=NC=C(C=C2Cl)C(F)(F)F)O		1	C1=CC(=C(C=C1)C(F)(F)F)C(=O)NCCC2=NC=C(C=C2Cl)C(F)(F)F	https://envipath.org/package/5882df9c-dae1-4d80-a40e-db4724271456/pathway/bf618b78-eab6-4057-b2ec-9922f5a7fbcb	Fluopyram
https://envipath.org/package/5882df9c-dae1-4d80-a40e-db4724271456/compound/c9552d9e-2e85-425d-86bf-08afb3a79e1c/structure/242bb1ca-1583-441b-8611-7441fff5728e	AE 1344122	CS(=O)C1=CC(=CN=C1C(=O)O)C(F)(F)F		3	C1=C(C(=NC=C1C(F)(F)F)C(=O)O)Cl	https://envipath.org/package/5882df9c-dae1-4d80-a40e-db4724271456/pathway/bf618b78-eab6-4057-b2ec-9922f5a7fbcb	Fluopyram
https://envipath.org/package/5882df9c-dae1-4d80-a40e-db4724271456/compound/36511f88-b2d4-40c0-a782-c6ce0929783a/structure/c50bee11-7fe2-4d58-84a4-935d8390d5d7	benzamide	C1=CC(=C(C=C1)C(F)(F)F)C(=O)N		2	C1=CC(=C(C=C1)C(F)(F)F)C(=O)NCC(C2=NC=C(C=C2Cl)C(F)(F)F)O	https://envipath.org/package/5882df9c-dae1-4d80-a40e-db4724271456/pathway/bf618b78-eab6-4057-b2ec-9922f5a7fbcb	Fluopyram
https://envipath.org/package/5882df9c-dae1-4d80-a40e-db4724271456/compound/f4e4203d-87cd-4367-ab39-6a6042ca4000/structure/7c2fd1ad-70ac-4b77-80fc-3304d11f58c5	AE C657188	C1=C(C(=NC=C1C(F)(F)F)C(=O)O)Cl		2	C1=CC(=C(C=C1)C(F)(F)F)C(=O)NCC(C2=NC=C(C=C2Cl)C(F)(F)F)O	https://envipath.org/package/5882df9c-dae1-4d80-a40e-db4724271456/pathway/bf618b78-eab6-4057-b2ec-9922f5a7fbcb	Fluopyram
https://envipath.org/package/5882df9c-dae1-4d80-a40e-db4724271456/compound/c1c8245c-5fc4-4a10-a2eb-c64fa4a401cf/structure/2d981654-c797-48fd-9926-54f287a4106a	M48 (HEC 5725-E-des-chlorophenyl)	CO/N=C(\C1=C(C=CC=C1)OC2=C(C(=NC=N2)O)F)/C3=NOCCO3		1	CO/N=C(\C1=C(C=CC=C1)OC2=NC=NC(=C2F)OC3=C(C=CC=C3)Cl)/C4=NOCCO4	https://envipath.org/package/5882df9c-dae1-4d80-a40e-db4724271456/pathway/6147f7de-9650-4424-8a61-f000d75b39e4	Fluoxastrobin
https://envipath.org/package/5882df9c-dae1-4d80-a40e-db4724271456/compound/9874f4d8-ff64-4b68-a092-a6e0fa9bc54e/structure/0bd01554-a09e-4f2a-aef6-2d22ecd209fb	Fluoxastrobin	CO/N=C(\C1=C(C=CC=C1)OC2=NC=NC(=C2F)OC3=C(C=CC=C3)Cl)/C4=NOCCO4		0		https://envipath.org/package/5882df9c-dae1-4d80-a40e-db4724271456/pathway/6147f7de-9650-4424-8a61-f000d75b39e4	Fluoxastrobin
https://envipath.org/package/5882df9c-dae1-4d80-a40e-db4724271456/compound/771ea08e-7f37-4665-aef3-942a753d8bd3/structure/f2f0b588-73b7-4d3e-ab33-18a793cd5b3a	Metabolite 5	CO/N=C(\C1=C(C=CC=C1)OC2=NC=NC(=C2F)OC3=CC(=CC=C3Cl)O)/C4=NOCCO4		-99		https://envipath.org/package/5882df9c-dae1-4d80-a40e-db4724271456/pathway/6147f7de-9650-4424-8a61-f000d75b39e4	Fluoxastrobin
https://envipath.org/package/5882df9c-dae1-4d80-a40e-db4724271456/compound/fa8ce4e2-2917-46ba-8656-90bdaa4adbfb/structure/604bc631-1423-43ed-88b1-9f80ae4d4c1a	Metabolite 4 (HEC5725-E-4-hydroxyphenyl)	CO/N=C(\C1=C(C=CC=C1)OC2=NC=NC(=C2F)OC3=CC=C(C=C3Cl)O)/C4=NOCCO4		-99		https://envipath.org/package/5882df9c-dae1-4d80-a40e-db4724271456/pathway/6147f7de-9650-4424-8a61-f000d75b39e4	Fluoxastrobin
https://envipath.org/package/5882df9c-dae1-4d80-a40e-db4724271456/compound/fbc6ba9a-e63d-4e90-b07d-04529a69bde8/structure/5d298587-ade1-4c7f-9c72-aa4a229f48c3	Metabolite 2 (HEC 5725-E-4-hydroxyphenyl)	CO/N=C(\C1=C(C=CC=C1)OC2=NC=NC(=C2F)OC3=C(C(=CC=C3)O)Cl)/C4=NOCCO4	minor	1	CO/N=C(\C1=C(C=CC=C1)OC2=NC=NC(=C2F)OC3=C(C=CC=C3)Cl)/C4=NOCCO4	https://envipath.org/package/5882df9c-dae1-4d80-a40e-db4724271456/pathway/6147f7de-9650-4424-8a61-f000d75b39e4	Fluoxastrobin
https://envipath.org/package/5882df9c-dae1-4d80-a40e-db4724271456/compound/feecca78-ffff-4e43-9ccf-faf0998af743/structure/b8aaa836-2f70-46cc-8860-768d32bdc0f0	M38 (HEC 5725-amide)	CO/N=C(\C1=C(C=CC=C1)OC2=NC=NC(=C2F)OC3=C(C=CC=C3)Cl)/C(=O)N		1	CO/N=C(\C1=C(C=CC=C1)OC2=NC=NC(=C2F)OC3=C(C=CC=C3)Cl)/C4=NOCCO4	https://envipath.org/package/5882df9c-dae1-4d80-a40e-db4724271456/pathway/6147f7de-9650-4424-8a61-f000d75b39e4	Fluoxastrobin
https://envipath.org/package/5882df9c-dae1-4d80-a40e-db4724271456/compound/58b2a7be-684b-4db6-ac30-3528359f9c9a/structure/906bc34e-c73a-4077-afd9-b3e6377a6ad5	DFA	C(C(=O)O)(F)F		1	C1=C(C=NC(=C1)Cl)CN(CC(F)F)C2=CC(=O)OC2	https://envipath.org/package/5882df9c-dae1-4d80-a40e-db4724271456/pathway/0c88191d-5dab-4afa-9b2d-57156fefba79	Flupyradifurone
https://envipath.org/package/5882df9c-dae1-4d80-a40e-db4724271456/compound/60f274c6-4950-49bf-8d80-a79bedf11a17/structure/4a08592e-16f3-4c54-a0f1-5c93384cea21	6-chloronicotinic-acid	C1=C(C=NC(=C1)Cl)C(=O)O		1	C1=C(C=NC(=C1)Cl)CN(CC(F)F)C2=CC(=O)OC2	https://envipath.org/package/5882df9c-dae1-4d80-a40e-db4724271456/pathway/0c88191d-5dab-4afa-9b2d-57156fefba79	Flupyradifurone
https://envipath.org/package/5882df9c-dae1-4d80-a40e-db4724271456/compound/47dd722a-7676-4843-b023-edea81d75afb/structure/d3b66396-ec83-40c1-9a0d-27c65f1f760c	BYI 02960-desdifluoroethyl	C1=C(CNC2=CC(=O)OC2)C=NC(=C1)Cl		1	C1=C(C=NC(=C1)Cl)CN(CC(F)F)C2=CC(=O)OC2	https://envipath.org/package/5882df9c-dae1-4d80-a40e-db4724271456/pathway/0c88191d-5dab-4afa-9b2d-57156fefba79	Flupyradifurone
https://envipath.org/package/5882df9c-dae1-4d80-a40e-db4724271456/compound/43b28455-78f4-4595-a365-6ab4c58b04a4/structure/51c4d030-64df-4c7a-a417-a68005d8530a	BYI 02960-chloro	C1=C(C=NC(=C1)Cl)CN(CC(F)F)C2=C(C(=O)OC2)Cl		1	C1=C(C=NC(=C1)Cl)CN(CC(F)F)C2=CC(=O)OC2	https://envipath.org/package/5882df9c-dae1-4d80-a40e-db4724271456/pathway/0c88191d-5dab-4afa-9b2d-57156fefba79	Flupyradifurone
https://envipath.org/package/5882df9c-dae1-4d80-a40e-db4724271456/compound/6c4655a6-4596-43a7-b653-42a4a2d3bc94/structure/2ae8608e-69c5-4d86-93ba-11015d9343e8	Flupyradifurone	C1=C(C=NC(=C1)Cl)CN(CC(F)F)C2=CC(=O)OC2		0		https://envipath.org/package/5882df9c-dae1-4d80-a40e-db4724271456/pathway/0c88191d-5dab-4afa-9b2d-57156fefba79	Flupyradifurone
https://envipath.org/package/5882df9c-dae1-4d80-a40e-db4724271456/compound/da06c4c4-599e-4bac-8257-b4fe423f8122/structure/a6878647-3688-41b4-9e40-31d962c733c2	IN-KV996	COC1=CC(=NC(=N1)NC2=NC(=CC=C2C(=O)OC)C(F)(F)F)O		2	COC1=NC(=NC(=C1)OC)N(C2=NC(=CC=C2C(=O)OC)C(F)(F)F)C(=O)N	https://envipath.org/package/5882df9c-dae1-4d80-a40e-db4724271456/pathway/4225546d-65d6-4bb0-b993-281f230c3c25	Flupyrsulfuron-methyl
https://envipath.org/package/5882df9c-dae1-4d80-a40e-db4724271456/compound/3f3fb0a5-0884-4ef9-99ee-468ae9d84928/structure/5aa5c3ea-61d4-4ea7-9372-9556d8a8b1a1	IN-KF311	C1=C(C(F)(F)F)N=CC2=C1C(=O)NC(=O)C2C3=NC(=CC(=N3)O)O	minor	4	COC1=CC(=NC(=N1)C2C3=C(C=C(C(F)(F)F)N=C3)C(=O)NC2=O)O	https://envipath.org/package/5882df9c-dae1-4d80-a40e-db4724271456/pathway/4225546d-65d6-4bb0-b993-281f230c3c25	Flupyrsulfuron-methyl
https://envipath.org/package/5882df9c-dae1-4d80-a40e-db4724271456/compound/d29b216b-35f6-4b62-8b2b-051a3f43dbc3/structure/350c17da-e224-45f9-816e-8e887f98d9df	IN-JE127	COC(=O)C1=CC=C(C(F)(F)F)N=C1S(=O)(=O)N	minor	1	COC1=NC(=NC(=C1)OC)NC(=O)NS(=O)(=O)C2=NC(=CC=C2C(=O)OC)C(F)(F)F	https://envipath.org/package/5882df9c-dae1-4d80-a40e-db4724271456/pathway/4225546d-65d6-4bb0-b993-281f230c3c25	Flupyrsulfuron-methyl
https://envipath.org/package/5882df9c-dae1-4d80-a40e-db4724271456/compound/bd3bc67d-21c3-4033-9d27-104465d6dcf9/structure/e1b8baea-d8f2-4249-bc3b-bc2977cb57f7	IN-JV460	COC1=NC(=NC(=C1)OC)C2C3=C(C=C(C(F)(F)F)N=C3)C(=O)NC2=O		2	COC1=NC(=NC(=C1)OC)N(C2=NC(=CC=C2C(=O)OC)C(F)(F)F)C(=O)N	https://envipath.org/package/5882df9c-dae1-4d80-a40e-db4724271456/pathway/4225546d-65d6-4bb0-b993-281f230c3c25	Flupyrsulfuron-methyl
https://envipath.org/package/5882df9c-dae1-4d80-a40e-db4724271456/compound/ca98fa09-9d0c-4827-a6d4-609f26c5a7ed/structure/7f1e69ec-d271-4d2b-965a-7f6a7ae327c2	IN-KC576	COC1=CC(=NC(=N1)C2C3=C(C=C(C(F)(F)F)N=C3)C(=O)NC2=O)O		3	COC1=NC(=NC(=C1)OC)C2C3=C(C=C(C(F)(F)F)N=C3)C(=O)NC2=O	https://envipath.org/package/5882df9c-dae1-4d80-a40e-db4724271456/pathway/4225546d-65d6-4bb0-b993-281f230c3c25	Flupyrsulfuron-methyl
https://envipath.org/package/5882df9c-dae1-4d80-a40e-db4724271456/compound/6358408d-2559-4ec1-ab03-3e83eeb5e54e/structure/46fd611f-3642-4579-b877-fb0497ef8b86	S13 (2-amino-4,6-dimethoxypyrimidine)	COC1=NC(=NC(=C1)OC)N		1	COC1=NC(=NC(=C1)OC)NC(=O)NS(=O)(=O)C2=NC(=CC=C2C(=O)OC)C(F)(F)F	https://envipath.org/package/5882df9c-dae1-4d80-a40e-db4724271456/pathway/4225546d-65d6-4bb0-b993-281f230c3c25	Flupyrsulfuron-methyl
https://envipath.org/package/5882df9c-dae1-4d80-a40e-db4724271456/compound/7819e3a0-8f4d-4f5c-927b-5f607d07be15/structure/c7a5a0f3-6911-40df-b7ca-7aba246088c0	Flupyrsulfuron-methyl	COC1=NC(=NC(=C1)OC)NC(=O)NS(=O)(=O)C2=NC(=CC=C2C(=O)OC)C(F)(F)F		0		https://envipath.org/package/5882df9c-dae1-4d80-a40e-db4724271456/pathway/4225546d-65d6-4bb0-b993-281f230c3c25	Flupyrsulfuron-methyl
https://envipath.org/package/5882df9c-dae1-4d80-a40e-db4724271456/compound/ad4991b1-7f06-4b4e-8735-ba452070a358/structure/24aad921-ea6f-4118-ba92-d5cce0641772	IN-KT982	COC1=NC(=NC(=C1)OC)N(C2=NC(=CC=C2C(=O)OC)C(F)(F)F)C(=O)N		1	COC1=NC(=NC(=C1)OC)NC(=O)NS(=O)(=O)C2=NC(=CC=C2C(=O)OC)C(F)(F)F	https://envipath.org/package/5882df9c-dae1-4d80-a40e-db4724271456/pathway/4225546d-65d6-4bb0-b993-281f230c3c25	Flupyrsulfuron-methyl
https://envipath.org/package/5882df9c-dae1-4d80-a40e-db4724271456/compound/20d2d71a-9753-439e-baaf-17c760ccf185/structure/3e59cfaa-f856-4043-9013-2b66ccfc4df8	IN-KY374	C1=C(C(=NC(=C1)C(F)(F)F)S(=O)(=O)N)C(=O)O		2	COC(=O)C1=CC=C(C(F)(F)F)N=C1S(=O)(=O)N	https://envipath.org/package/5882df9c-dae1-4d80-a40e-db4724271456/pathway/4225546d-65d6-4bb0-b993-281f230c3c25	Flupyrsulfuron-methyl
https://envipath.org/package/5882df9c-dae1-4d80-a40e-db4724271456/compound/b2d4f1be-b12f-4813-973e-a5bb89fc4c08/structure/c312f91c-3487-4b38-a8af-e38a00362dc7	1,2,4 triazole acetic-acid 	C(C(=O)O)N1C=NC=N1		3	C(C(C(=O)O)N)N1C=NC=N1	https://envipath.org/package/5882df9c-dae1-4d80-a40e-db4724271456/pathway/4e006134-66b9-472a-8148-b41383024f12	Fluquinconazole
https://envipath.org/package/5882df9c-dae1-4d80-a40e-db4724271456/compound/673b6919-5815-4532-a2d8-8819e59be5c1/structure/ce1f201c-a870-4835-915f-1b6b8d444fa7	Fluquinconazole	C1=C(C=C(C(=C1)N2C(=O)C3=C(C=CC(=C3)F)N=C2N4C=NC=N4)Cl)Cl		0		https://envipath.org/package/5882df9c-dae1-4d80-a40e-db4724271456/pathway/4e006134-66b9-472a-8148-b41383024f12	Fluquinconazole
https://envipath.org/package/5882df9c-dae1-4d80-a40e-db4724271456/compound/7d301a31-2b7e-4909-a605-16dd1bbb6dc1/structure/8454f792-18c0-43a7-a50d-3fa0a3e7f3ab	1,2 dihydro-triazolone	C1=NC(=O)NN1		2	C1=NC=NN1	https://envipath.org/package/5882df9c-dae1-4d80-a40e-db4724271456/pathway/4e006134-66b9-472a-8148-b41383024f12	Fluquinconazole
https://envipath.org/package/5882df9c-dae1-4d80-a40e-db4724271456/compound/a15dc090-924f-4ae2-9ea6-3230a8a7f504/structure/d705d7e2-2f0e-4230-8d35-5eb2c2fc1c91	1,2,4 triazole	C1=NC=NN1		1	C(C(=O)O)N1C=NC=N1	https://envipath.org/package/5882df9c-dae1-4d80-a40e-db4724271456/pathway/4e006134-66b9-472a-8148-b41383024f12	Fluquinconazole
https://envipath.org/package/5882df9c-dae1-4d80-a40e-db4724271456/compound/3c46d9ec-8062-4a0c-95cf-b720b6828c8d/structure/424de194-6923-4b62-961f-0659c50c5845	Triazole alanine	C(C(C(=O)O)N)N1C=NC=N1		2	C1=NC=NN1	https://envipath.org/package/5882df9c-dae1-4d80-a40e-db4724271456/pathway/4e006134-66b9-472a-8148-b41383024f12	Fluquinconazole
https://envipath.org/package/5882df9c-dae1-4d80-a40e-db4724271456/compound/fcc85f16-7d03-4057-a1a3-4c4c88731d57/structure/cabeb963-32b4-4c08-b72e-1fc86ccec735	SN 617406	CN1C2=CC=C(C=C2C(=O)N(C3=CC=C(C=C3Cl)Cl)C1=O)F		2	C1=C(C=C(C(=C1)N2C(=O)C3=CC(=CC=C3NC2=O)F)Cl)Cl	https://envipath.org/package/5882df9c-dae1-4d80-a40e-db4724271456/pathway/4e006134-66b9-472a-8148-b41383024f12	Fluquinconazole
https://envipath.org/package/5882df9c-dae1-4d80-a40e-db4724271456/compound/11b456e7-3fc7-415e-9fba-0c6706cd0e5c/structure/5b3cf4a7-6fc5-445e-9ca0-6ff4b8fe0a45	Dione	C1=C(C=C(C(=C1)N2C(=O)C3=CC(=CC=C3NC2=O)F)Cl)Cl		1	C1=C(C=C(C(=C1)N2C(=O)C3=C(C=CC(=C3)F)N=C2N4C=NC=N4)Cl)Cl	https://envipath.org/package/5882df9c-dae1-4d80-a40e-db4724271456/pathway/4e006134-66b9-472a-8148-b41383024f12	Fluquinconazole
https://envipath.org/package/5882df9c-dae1-4d80-a40e-db4724271456/compound/dcbb7773-f756-4945-add5-145e9fabc202/structure/442600c1-63c7-498f-bae9-b0d2e99cfcce	R42819	C1=CC(=CC(=C1)C(F)(F)F)N2CC(CC2=O)CCl		1	C1=CC(=CC(=C1)C(F)(F)F)N2CC(CCl)C(C2=O)Cl	https://envipath.org/package/5882df9c-dae1-4d80-a40e-db4724271456/pathway/59e3893f-a967-4273-a04f-898cc9e0c8a5	Flurochloridone
https://envipath.org/package/5882df9c-dae1-4d80-a40e-db4724271456/compound/8b769c39-d12c-480b-ad72-2c131f2fcbf1/structure/835c70d0-cfe9-4c49-a756-482f322d67fd	Flurochloridone	C1=CC(=CC(=C1)C(F)(F)F)N2CC(CCl)C(C2=O)Cl		0		https://envipath.org/package/5882df9c-dae1-4d80-a40e-db4724271456/pathway/59e3893f-a967-4273-a04f-898cc9e0c8a5	Flurochloridone
https://envipath.org/package/5882df9c-dae1-4d80-a40e-db4724271456/compound/81e4adf8-5e7b-4fc0-8602-127eeaded62e/structure/b7d87317-432c-4051-b870-1f53107e6eb0	R406639	C1=CC(=CC(=C1)C(F)(F)F)N2CC(CCl)C(C2=O)O		1	C1=CC(=CC(=C1)C(F)(F)F)N2CC(CCl)C(C2=O)Cl	https://envipath.org/package/5882df9c-dae1-4d80-a40e-db4724271456/pathway/59e3893f-a967-4273-a04f-898cc9e0c8a5	Flurochloridone
https://envipath.org/package/5882df9c-dae1-4d80-a40e-db4724271456/compound/cf1a1379-1df1-4f77-8c3d-19ebca6c8bec/structure/ee1475d1-1979-43d5-9de6-b6e28429b16f	Fluroxypyr ester + acid	CCCCCCC(C)OC(=O)COC1=NC(=C(C(=C1Cl)N)Cl)F.C(C(=O)O)OC1=NC(=C(C(=C1Cl)N)Cl)F		-99		https://envipath.org/package/5882df9c-dae1-4d80-a40e-db4724271456/pathway/31b2e82f-c749-4095-b12d-433358d8a205	Fluroxypyr
https://envipath.org/package/5882df9c-dae1-4d80-a40e-db4724271456/compound/5f6cf11a-253f-4110-b51f-34aeb857fe3a/structure/7ab776d6-e756-4158-88ba-7a5b31fd6dd1	Methoxypyridine (DMP)	COC1=NC(=C(C(=C1Cl)N)Cl)F		2	C(C(=O)O)OC1=NC(=C(C(=C1Cl)N)Cl)F	https://envipath.org/package/5882df9c-dae1-4d80-a40e-db4724271456/pathway/31b2e82f-c749-4095-b12d-433358d8a205	Fluroxypyr
https://envipath.org/package/5882df9c-dae1-4d80-a40e-db4724271456/compound/67769d2c-ba97-4fdf-b8b0-37df972b09bf/structure/5e1ff91f-cded-4843-b79c-caa637a91741	Fluroxypyr acid	C(C(=O)O)OC1=NC(=C(C(=C1Cl)N)Cl)F		1	O	https://envipath.org/package/5882df9c-dae1-4d80-a40e-db4724271456/pathway/31b2e82f-c749-4095-b12d-433358d8a205	Fluroxypyr
https://envipath.org/package/5882df9c-dae1-4d80-a40e-db4724271456/compound/89fd5575-9c5b-46da-bdca-64638188a25a/structure/32bc5649-986b-49bc-af3d-64befea64bfd	Pyridinol (DCP)	C1(=C(F)N=C(C(=C1N)Cl)O)Cl		2	C(C(=O)O)OC1=NC(=C(C(=C1Cl)N)Cl)F	https://envipath.org/package/5882df9c-dae1-4d80-a40e-db4724271456/pathway/31b2e82f-c749-4095-b12d-433358d8a205	Fluroxypyr
https://envipath.org/package/5882df9c-dae1-4d80-a40e-db4724271456/compound/5e4989fc-13d3-45d4-ad57-3be380a9d3c0/structure/001ae332-266b-42f3-9737-3e1c793221dc	Acetic acid	CC(=O)O		2	C(C(=O)O)OC1=NC(=C(C(=C1Cl)N)Cl)F	https://envipath.org/package/5882df9c-dae1-4d80-a40e-db4724271456/pathway/31b2e82f-c749-4095-b12d-433358d8a205	Fluroxypyr
https://envipath.org/package/5882df9c-dae1-4d80-a40e-db4724271456/compound/969d0227-3069-4e44-9525-7ae7bad84170/structure/fd42323e-fe20-41fd-999e-90ef655a5fae	H2O	O		0		https://envipath.org/package/5882df9c-dae1-4d80-a40e-db4724271456/pathway/31b2e82f-c749-4095-b12d-433358d8a205	Fluroxypyr
https://envipath.org/package/5882df9c-dae1-4d80-a40e-db4724271456/compound/fb091a89-debd-4cec-8c32-3144da815344/structure/36e67f52-a64d-46c1-b961-f0cf804a6462	Octan-2-ol	CCCCCCC(C)O		1	O	https://envipath.org/package/5882df9c-dae1-4d80-a40e-db4724271456/pathway/31b2e82f-c749-4095-b12d-433358d8a205	Fluroxypyr
https://envipath.org/package/5882df9c-dae1-4d80-a40e-db4724271456/compound/a7dc7d1c-9b7b-47fe-b97c-890b01043f5e/structure/5eaa6bea-e8a9-4ee3-ba82-17ab72960341	Fluroxypyr	CCCCCCC(C)OC(=O)COC1=NC(=C(C(=C1Cl)N)Cl)F		0		https://envipath.org/package/5882df9c-dae1-4d80-a40e-db4724271456/pathway/31b2e82f-c749-4095-b12d-433358d8a205	Fluroxypyr
https://envipath.org/package/5882df9c-dae1-4d80-a40e-db4724271456/compound/b54b4591-2f52-4d4b-b113-cc279a7898ee/structure/96bb1710-dca9-4150-81be-193640812f78	Flurprimidol	CC(C)C(C1=CC=C(C=C1)OC(F)(F)F)(C2=CN=CN=C2)O		0		https://envipath.org/package/5882df9c-dae1-4d80-a40e-db4724271456/pathway/0945ce19-ccf0-447d-9bf8-65048e847140	Flurprimidol
https://envipath.org/package/5882df9c-dae1-4d80-a40e-db4724271456/compound/5aafdd17-fcc4-44b2-a5c6-bff7c8744792/structure/7bb4e41f-a427-43c5-9e1e-94edd5fedfc7	Flurtamone-trifluoromethyl-N-methyl-mendelamide (M02)	CNC(=O)C(C1=CC=CC(=C1)C(F)(F)F)O	minor	1	CNC1=C(C2=CC(=CC=C2)C(F)(F)F)C(=O)C(C3=CC=CC=C3)O1	https://envipath.org/package/5882df9c-dae1-4d80-a40e-db4724271456/pathway/3f513b4d-89ed-40b3-9e08-ba545ffb5b02	Flurtamone
https://envipath.org/package/5882df9c-dae1-4d80-a40e-db4724271456/compound/83c3a296-0cc2-4095-be86-6b7ee113a2fe/structure/befb1bbb-6f30-486e-a1e6-201378d6ce46	Flurtamone-desmethyl (M01)	C1=CC=C(C=C1)C2C(=O)C(=C(N)O2)C3=CC(=CC=C3)C(F)(F)F		1	CNC1=C(C2=CC(=CC=C2)C(F)(F)F)C(=O)C(C3=CC=CC=C3)O1	https://envipath.org/package/5882df9c-dae1-4d80-a40e-db4724271456/pathway/3f513b4d-89ed-40b3-9e08-ba545ffb5b02	Flurtamone
https://envipath.org/package/5882df9c-dae1-4d80-a40e-db4724271456/compound/446bbe4b-b667-455d-a343-422f30c5c60c/structure/1b6e7d3e-3c0c-4018-a291-4c1bb90d265c	M320I029	C1=CC(=CC(=C1)C(=O)O)C(F)(F)F	major	1	CNC1=C(C2=CC(=CC=C2)C(F)(F)F)C(=O)C(C3=CC=CC=C3)O1	https://envipath.org/package/5882df9c-dae1-4d80-a40e-db4724271456/pathway/3f513b4d-89ed-40b3-9e08-ba545ffb5b02	Flurtamone
https://envipath.org/package/5882df9c-dae1-4d80-a40e-db4724271456/compound/73faf62b-cdc6-4321-8ac1-6890bf06da3c/structure/b393426c-ecd2-408b-afc1-b0f5a0ffbcc6	Trifluoroacetic acid (TFA) (M05)	C(=O)(C(F)(F)F)O	major	2	C1=CC(=CC(=C1)C(=O)O)C(F)(F)F	https://envipath.org/package/5882df9c-dae1-4d80-a40e-db4724271456/pathway/3f513b4d-89ed-40b3-9e08-ba545ffb5b02	Flurtamone
https://envipath.org/package/5882df9c-dae1-4d80-a40e-db4724271456/compound/21b497b7-3994-409e-9f2b-bee78e1d34f9/structure/edb43b9e-0f88-4d07-9fd7-ee5df66f2b2a	Flurtamone	CNC1=C(C2=CC(=CC=C2)C(F)(F)F)C(=O)C(C3=CC=CC=C3)O1		0		https://envipath.org/package/5882df9c-dae1-4d80-a40e-db4724271456/pathway/3f513b4d-89ed-40b3-9e08-ba545ffb5b02	Flurtamone
https://envipath.org/package/5882df9c-dae1-4d80-a40e-db4724271456/compound/bd38fc23-90c3-462d-9379-256e51c8faf9/structure/6c7ef763-7d77-4b8d-9e6f-ac87d0aff56e	Flurtamone-trifluoromethyl-mandelic acid (M03) 	C1=CC(=CC(=C1)C(C(=O)O)O)C(F)(F)F		1	CNC(=O)C(C1=CC=CC(=C1)C(F)(F)F)O	https://envipath.org/package/5882df9c-dae1-4d80-a40e-db4724271456/pathway/3f513b4d-89ed-40b3-9e08-ba545ffb5b02	Flurtamone
https://envipath.org/package/5882df9c-dae1-4d80-a40e-db4724271456/compound/53363c8f-1f66-426c-9355-ce6f21853cc9/structure/132ecfd5-ebb0-4b40-8d49-233c9f9d876f	Flutianil	COC1=C(C=CC=C1)N2CCSC2=C(C#N)SC3=CC(=CC=C3F)C(F)(F)F		0		https://envipath.org/package/5882df9c-dae1-4d80-a40e-db4724271456/pathway/726c18f3-ecf5-452d-9261-e566a91f03ad	Flutianil
https://envipath.org/package/5882df9c-dae1-4d80-a40e-db4724271456/compound/5fbed75d-6add-4af6-b16f-0a18a612dce5/structure/81878852-84fd-4629-9877-d53d2faca133	OC 53276	COC1=C(C=CC=C1)N2CCSC2=C(C#N)S(=O)C3=CC(=CC=C3F)C(F)(F)F		1	COC1=C(C=CC=C1)N2CCSC2=C(C#N)SC3=CC(=CC=C3F)C(F)(F)F	https://envipath.org/package/5882df9c-dae1-4d80-a40e-db4724271456/pathway/726c18f3-ecf5-452d-9261-e566a91f03ad	Flutianil
https://envipath.org/package/5882df9c-dae1-4d80-a40e-db4724271456/compound/8bbab8f8-bc1d-4bd9-b4a1-d28ea148c063/structure/024ae0b6-366a-4285-9456-be7581e148a2	OC 53279	COC1=C(C=CC=C1)N2C(CSC2=C(C#N)SC3=CC(=CC=C3F)C(F)(F)F)O		1	COC1=C(C=CC=C1)N2CCSC2=C(C#N)SC3=CC(=CC=C3F)C(F)(F)F	https://envipath.org/package/5882df9c-dae1-4d80-a40e-db4724271456/pathway/726c18f3-ecf5-452d-9261-e566a91f03ad	Flutianil
https://envipath.org/package/5882df9c-dae1-4d80-a40e-db4724271456/compound/7a0f430b-23ff-4046-8119-7ccef23c1f3d/structure/c5dc45a4-b384-466b-ae8d-efd81a5c266a	OC 56574	COC1=C(C=CC=C1)N2CCS(=O)C2=C(C#N)SC3=CC(=CC=C3F)C(F)(F)F		1	COC1=C(C=CC=C1)N2CCSC2=C(C#N)SC3=CC(=CC=C3F)C(F)(F)F	https://envipath.org/package/5882df9c-dae1-4d80-a40e-db4724271456/pathway/726c18f3-ecf5-452d-9261-e566a91f03ad	Flutianil
https://envipath.org/package/5882df9c-dae1-4d80-a40e-db4724271456/compound/1c878a1f-728f-4e18-ad54-4b6706d4b906/structure/ecf5f6a2-3e40-4b17-ae96-117153f47e75	M-2 HFT	CC(C)OC1=CC(=CC=C1O)NC(=O)C2=C(C=CC=C2)C(F)(F)F		1	CC(C)OC1=CC(=CC=C1)NC(=O)C2=C(C=CC=C2)C(F)(F)F	https://envipath.org/package/5882df9c-dae1-4d80-a40e-db4724271456/pathway/4ed7f8e6-25a3-48bb-aed5-1deaffd481e4	Flutolanil
https://envipath.org/package/5882df9c-dae1-4d80-a40e-db4724271456/compound/2111e237-2d27-42c5-b2cb-b7a4466d824d/structure/24f4da09-773f-4490-b8e1-50d6c265ae25	M-7 HMD	COC1=CC(=CC=C1O)NC(=O)C2=C(C=CC=C2)C(F)(F)F		3	C1=CC(=C(C=C1)C(F)(F)F)C(=O)NC2=CC=C(C(=C2)O)O	https://envipath.org/package/5882df9c-dae1-4d80-a40e-db4724271456/pathway/4ed7f8e6-25a3-48bb-aed5-1deaffd481e4	Flutolanil
https://envipath.org/package/5882df9c-dae1-4d80-a40e-db4724271456/compound/d508e734-d3b8-4483-995c-c9a93e35013a/structure/5dabc6bb-68d6-4f9e-b364-75349881ce43	M-4/DIP	C1=CC(=C(C=C1)C(F)(F)F)C(=O)NC2=CC=CC(=C2)O		1	CC(C)OC1=CC(=CC=C1)NC(=O)C2=C(C=CC=C2)C(F)(F)F	https://envipath.org/package/5882df9c-dae1-4d80-a40e-db4724271456/pathway/4ed7f8e6-25a3-48bb-aed5-1deaffd481e4	Flutolanil
https://envipath.org/package/5882df9c-dae1-4d80-a40e-db4724271456/compound/58f74d22-c0c3-49d7-b321-d5b4b84b199a/structure/1b58aa3d-10fd-444b-afa7-1b3468a39a5b	M-11	CC(C(=O)O)OC1=CC(=CC=C1)NC(=O)C2=C(C=CC=C2)C(F)(F)F		2	CC(CO)OC1=CC(=CC=C1)NC(=O)C2=C(C=CC=C2)C(F)(F)F	https://envipath.org/package/5882df9c-dae1-4d80-a40e-db4724271456/pathway/4ed7f8e6-25a3-48bb-aed5-1deaffd481e4	Flutolanil
https://envipath.org/package/5882df9c-dae1-4d80-a40e-db4724271456/compound/072d8de1-58d4-4ac0-b496-5a04979764ec/structure/79f5b7b2-d282-4a2b-a427-2b021f20f2bc	M-3 HIP	CC(CO)OC1=CC(=CC=C1)NC(=O)C2=C(C=CC=C2)C(F)(F)F		1	CC(C)OC1=CC(=CC=C1)NC(=O)C2=C(C=CC=C2)C(F)(F)F	https://envipath.org/package/5882df9c-dae1-4d80-a40e-db4724271456/pathway/4ed7f8e6-25a3-48bb-aed5-1deaffd481e4	Flutolanil
https://envipath.org/package/5882df9c-dae1-4d80-a40e-db4724271456/compound/88809285-4e82-4806-b3bf-a4a972e04906/structure/10f2856f-ef50-49e8-8323-4c63a8caef4d	M-6/MDP	COC1=CC(=CC=C1)NC(=O)C2=C(C=CC=C2)C(F)(F)F		2	C1=CC(=C(C=C1)C(F)(F)F)C(=O)NC2=CC=CC(=C2)O	https://envipath.org/package/5882df9c-dae1-4d80-a40e-db4724271456/pathway/4ed7f8e6-25a3-48bb-aed5-1deaffd481e4	Flutolanil
https://envipath.org/package/5882df9c-dae1-4d80-a40e-db4724271456/compound/8bd23e43-fbd7-416a-9e2c-2cda4104ebf9/structure/e31513d5-8ec1-4335-8de5-df54fc76cfb9	M-5 HDP	C1=CC(=C(C=C1)C(F)(F)F)C(=O)NC2=CC=C(C(=C2)O)O		2	CC(C)OC1=CC(=CC=C1O)NC(=O)C2=C(C=CC=C2)C(F)(F)F	https://envipath.org/package/5882df9c-dae1-4d80-a40e-db4724271456/pathway/4ed7f8e6-25a3-48bb-aed5-1deaffd481e4	Flutolanil
https://envipath.org/package/5882df9c-dae1-4d80-a40e-db4724271456/compound/d4657104-cb0c-404c-b87c-37e3093a5819/structure/43101df5-b5bf-4364-a38c-148b69275e78	Flutolanil	CC(C)OC1=CC(=CC=C1)NC(=O)C2=C(C=CC=C2)C(F)(F)F		0		https://envipath.org/package/5882df9c-dae1-4d80-a40e-db4724271456/pathway/4ed7f8e6-25a3-48bb-aed5-1deaffd481e4	Flutolanil
https://envipath.org/package/5882df9c-dae1-4d80-a40e-db4724271456/compound/48dbbe6a-0365-4276-b333-d74604687d59/structure/e9921adb-4f63-4d08-a2fd-884cbda586f7	Flutriafol	C1=CC(=C(C=C1)F)C(CN2C=NC=N2)(C3=CC=C(C=C3)F)O		0		https://envipath.org/package/5882df9c-dae1-4d80-a40e-db4724271456/pathway/5f801ce2-232f-4318-b7f3-7b043b471863	Flutriafol
https://envipath.org/package/5882df9c-dae1-4d80-a40e-db4724271456/compound/9a0d5d79-638e-444b-bd52-5cefae3963a4/structure/71d7b49d-32bd-40a2-a57c-6a11b5f14b1d	Folpet	C1=CC2=C(C=C1)C(=O)N(C2=O)SC(Cl)(Cl)Cl		0		https://envipath.org/package/5882df9c-dae1-4d80-a40e-db4724271456/pathway/29eb5b65-bd33-492a-a746-fb3af3788561	Folpet
https://envipath.org/package/5882df9c-dae1-4d80-a40e-db4724271456/compound/6d377dfd-f3e7-43ed-8e67-ce598f1591e7/structure/5fc2040d-5d91-41ba-8c25-73f27ded4742	Phthalamic acid	C1=CC(=C(C=C1)C(=O)O)C(=O)N		2	C1=CC2=C(C=C1)C(=O)NC2=O	https://envipath.org/package/5882df9c-dae1-4d80-a40e-db4724271456/pathway/29eb5b65-bd33-492a-a746-fb3af3788561	Folpet
https://envipath.org/package/5882df9c-dae1-4d80-a40e-db4724271456/compound/7ff0bc9f-ca9e-4fea-baf3-9d1d6aaed103/structure/af3efc82-8eed-42f3-afd1-12dc946fd5e5	Phthalic acid	C1=CC(=C(C=C1)C(=O)O)C(=O)O		3	C1=CC(=C(C=C1)C(=O)O)C(=O)N	https://envipath.org/package/5882df9c-dae1-4d80-a40e-db4724271456/pathway/29eb5b65-bd33-492a-a746-fb3af3788561	Folpet
https://envipath.org/package/5882df9c-dae1-4d80-a40e-db4724271456/compound/ce3d9558-7509-44ad-bffa-a068bdbc816d/structure/3cb2bbdc-197b-4c6f-8207-7d40a470572c	Phtalimide	C1=CC2=C(C=C1)C(=O)NC2=O		1	C1=CC2=C(C=C1)C(=O)N(C2=O)SC(Cl)(Cl)Cl	https://envipath.org/package/5882df9c-dae1-4d80-a40e-db4724271456/pathway/29eb5b65-bd33-492a-a746-fb3af3788561	Folpet
https://envipath.org/package/5882df9c-dae1-4d80-a40e-db4724271456/compound/6358408d-2559-4ec1-ab03-3e83eeb5e54e/structure/46fd611f-3642-4579-b877-fb0497ef8b86	S13 (2-amino-4,6-dimethoxypyrimidine)	COC1=NC(=NC(=C1)OC)N	major	1	CN(C)C(=O)C1=CC=C(C=C1S(=O)(=O)NC(=O)NC2=NC(=CC(=N2)OC)OC)N	https://envipath.org/package/5882df9c-dae1-4d80-a40e-db4724271456/pathway/4029b802-1d5a-47fe-83ff-d9312bce0297	Foramsulfuron
https://envipath.org/package/5882df9c-dae1-4d80-a40e-db4724271456/compound/3dd6b0b4-80f7-44cd-aa27-4dbe1bf8e14f/structure/345f18c1-117b-47e6-8b0d-870d796acdd2	S12 (N-(4,6-dimethoxypyrimidin-2-yl)urea	COC1=NC(=NC(=C1)OC)NC(=O)N		1	CN(C)C(=O)C1=CC=C(C=C1S(=O)(=O)NC(=O)NC2=NC(=CC(=N2)OC)OC)NC=O	https://envipath.org/package/5882df9c-dae1-4d80-a40e-db4724271456/pathway/4029b802-1d5a-47fe-83ff-d9312bce0297	Foramsulfuron
https://envipath.org/package/5882df9c-dae1-4d80-a40e-db4724271456/compound/940dc508-030b-4ab8-9253-34ce9501c093/structure/6f5b583f-f0f1-49e3-baa7-4ab9bccbe3e2	AE F148003	CN(C)C(=O)C1=CC=C(C=C1S(=O)(=O)N)N	minor	2	CN(C)C(=O)C1=CC=C(C=C1S(=O)(=O)N)NC=O	https://envipath.org/package/5882df9c-dae1-4d80-a40e-db4724271456/pathway/4029b802-1d5a-47fe-83ff-d9312bce0297	Foramsulfuron
https://envipath.org/package/5882df9c-dae1-4d80-a40e-db4724271456/compound/5f02b079-83c3-43ec-86f1-3dfe1f73be41/structure/efdcd491-aaa3-4761-9530-0ebb7ab37e09	AE F153745	CN(C)C(=O)C1=CC=C(C=C1S(=O)(=O)N)NC=O	minor	1	CN(C)C(=O)C1=CC=C(C=C1S(=O)(=O)NC(=O)NC2=NC(=CC(=N2)OC)OC)NC=O	https://envipath.org/package/5882df9c-dae1-4d80-a40e-db4724271456/pathway/4029b802-1d5a-47fe-83ff-d9312bce0297	Foramsulfuron
https://envipath.org/package/5882df9c-dae1-4d80-a40e-db4724271456/compound/437d290c-bb38-4743-8987-1a9c25e79d9c/structure/d5e8a043-12a3-4ef7-8a3a-0d6ade36699e	Foramsulfuron	CN(C)C(=O)C1=CC=C(C=C1S(=O)(=O)NC(=O)NC2=NC(=CC(=N2)OC)OC)NC=O		0		https://envipath.org/package/5882df9c-dae1-4d80-a40e-db4724271456/pathway/4029b802-1d5a-47fe-83ff-d9312bce0297	Foramsulfuron
https://envipath.org/package/5882df9c-dae1-4d80-a40e-db4724271456/compound/e89e72da-9ac5-47f8-bece-b4e3e1c5b050/structure/95282c11-16b4-4c5f-81b7-047f39fa9f82	AE F130619	CN(C)C(=O)C1=CC=C(C=C1S(=O)(=O)NC(=O)NC2=NC(=CC(=N2)OC)OC)N	major	1	CN(C)C(=O)C1=CC=C(C=C1S(=O)(=O)NC(=O)NC2=NC(=CC(=N2)OC)OC)NC=O	https://envipath.org/package/5882df9c-dae1-4d80-a40e-db4724271456/pathway/4029b802-1d5a-47fe-83ff-d9312bce0297	Foramsulfuron
https://envipath.org/package/5882df9c-dae1-4d80-a40e-db4724271456/compound/212445eb-7a10-4906-8f37-ad68e7609bff/structure/151f0683-b52d-48aa-8d32-baa066906fe5	3-AP (3-Aminophenol)	C1=CC(=CC(=C1)N)O		3	CNC(=O)OC1=CC(=CC=C1)N	https://envipath.org/package/5882df9c-dae1-4d80-a40e-db4724271456/pathway/47c450c0-962e-411e-9031-98f7e0c4eceb	Formetanate
https://envipath.org/package/5882df9c-dae1-4d80-a40e-db4724271456/compound/91c7a1be-9dbe-4bf7-ad66-10e314cdd9d2/structure/9d17e691-387c-4b25-b44b-903995325fdd	3-HPDMF (N-(3-hydroxyphenyl)-NN-dimethylformamidine)	CN(C)/C=N\C1=CC=CC(=C1)O		1	CNC(=O)OC1=CC(=CC=C1)/N=C\N(C)C.Cl	https://envipath.org/package/5882df9c-dae1-4d80-a40e-db4724271456/pathway/47c450c0-962e-411e-9031-98f7e0c4eceb	Formetanate
https://envipath.org/package/5882df9c-dae1-4d80-a40e-db4724271456/compound/e076d916-21a3-47fb-8337-ffd61b84b9aa/structure/9a6175a0-b5c0-46bc-80b0-763eb60a5569	3-HF (3-Hydroxyformarilide)	C1=CC(=CC(=C1)NC=O)O		2	CNC(=O)OC1=CC(=CC=C1)NC=O	https://envipath.org/package/5882df9c-dae1-4d80-a40e-db4724271456/pathway/47c450c0-962e-411e-9031-98f7e0c4eceb	Formetanate
https://envipath.org/package/5882df9c-dae1-4d80-a40e-db4724271456/compound/80e1a57f-e5e1-4159-8b82-3655e0e5e881/structure/e7f366bd-d626-44a7-98ea-b5de47627bf1	3-APMC (3-Aminophenyl methylcarbamate)	CNC(=O)OC1=CC(=CC=C1)N		2	CNC(=O)OC1=CC(=CC=C1)NC=O	https://envipath.org/package/5882df9c-dae1-4d80-a40e-db4724271456/pathway/47c450c0-962e-411e-9031-98f7e0c4eceb	Formetanate
https://envipath.org/package/5882df9c-dae1-4d80-a40e-db4724271456/compound/5a805004-c85c-4931-8107-2769f8c2fbea/structure/ce607e99-2266-4b14-8b1c-5d67fa14c3c5	3-FAPMC (3-Formamidophenyl methylcarbamate)	CNC(=O)OC1=CC(=CC=C1)NC=O		1	CNC(=O)OC1=CC(=CC=C1)/N=C\N(C)C.Cl	https://envipath.org/package/5882df9c-dae1-4d80-a40e-db4724271456/pathway/47c450c0-962e-411e-9031-98f7e0c4eceb	Formetanate
https://envipath.org/package/5882df9c-dae1-4d80-a40e-db4724271456/compound/e5172231-e5ba-4c2d-9cb6-205bd869ff37/structure/124c65bb-07dc-448b-8bf9-c6f5728dcea5	Formetanate	CNC(=O)OC1=CC(=CC=C1)/N=C\N(C)C.Cl		0		https://envipath.org/package/5882df9c-dae1-4d80-a40e-db4724271456/pathway/47c450c0-962e-411e-9031-98f7e0c4eceb	Formetanate
https://envipath.org/package/5882df9c-dae1-4d80-a40e-db4724271456/compound/a4a354fd-5003-4b7b-b11b-f54204aea384/structure/e71dbe46-496c-49fa-8d7b-70604366265a	Ethanol	CCO		1	CCO[P+](=O)[O-].CCO[P+](=O)[O-].CCO[P+](=O)[O-].[Al+3]	https://envipath.org/package/5882df9c-dae1-4d80-a40e-db4724271456/pathway/727324ac-c2ef-4990-b517-463dfd0a679c	Fosetyl-AL
https://envipath.org/package/5882df9c-dae1-4d80-a40e-db4724271456/compound/d363466e-1b13-43af-8518-5b4ee25baba9/structure/ac0a4106-8ebc-4754-bbf0-79c9befd2a34	Fosetyl-AL	CCO[P+](=O)[O-].CCO[P+](=O)[O-].CCO[P+](=O)[O-].[Al+3]		0		https://envipath.org/package/5882df9c-dae1-4d80-a40e-db4724271456/pathway/727324ac-c2ef-4990-b517-463dfd0a679c	Fosetyl-AL
https://envipath.org/package/5882df9c-dae1-4d80-a40e-db4724271456/compound/476ae429-68f2-4547-b4ce-baad8ab3bc26/structure/a2f2dd8e-df49-417d-83a1-49e08da8cfd2	Phosphorous acid	OP(O)O		1	CCO[P+](=O)[O-].CCO[P+](=O)[O-].CCO[P+](=O)[O-].[Al+3]	https://envipath.org/package/5882df9c-dae1-4d80-a40e-db4724271456/pathway/727324ac-c2ef-4990-b517-463dfd0a679c	Fosetyl-AL
https://envipath.org/package/5882df9c-dae1-4d80-a40e-db4724271456/compound/2fd332a9-c024-4f2e-99d1-093168fec2e4/structure/c6f5d9e8-21d5-484c-a6cd-37d724b33cbb	M01 2-Carboxybenzimidazole	C1=CC2=C(C=C1)N=C(C(=O)O)N2		1	C1=CC2=C(C=C1)N=C(C3=CC=CO3)N2	https://envipath.org/package/5882df9c-dae1-4d80-a40e-db4724271456/pathway/aaf914f9-5b08-4d29-9f02-3e86c3bd6895	Fuberidazole
https://envipath.org/package/5882df9c-dae1-4d80-a40e-db4724271456/compound/ca68eccd-7fe1-426b-af4d-0b16190e17ec/structure/707f50cd-cdd1-426f-82ec-8dc8fe58afa9	M11 2-Acetylbenzimidazole	CC(=O)C1=NC2=C(C=CC=C2)N1		1	C1=CC2=C(C=C1)N=C(C3=CC=CO3)N2	https://envipath.org/package/5882df9c-dae1-4d80-a40e-db4724271456/pathway/aaf914f9-5b08-4d29-9f02-3e86c3bd6895	Fuberidazole
https://envipath.org/package/5882df9c-dae1-4d80-a40e-db4724271456/compound/32171471-2068-411c-988b-68a0f99364af/structure/41673be7-3778-43a4-b8ca-9bd64d6f5e58	Fuberidazole	C1=CC2=C(C=C1)N=C(C3=CC=CO3)N2		0		https://envipath.org/package/5882df9c-dae1-4d80-a40e-db4724271456/pathway/aaf914f9-5b08-4d29-9f02-3e86c3bd6895	Fuberidazole
https://envipath.org/package/5882df9c-dae1-4d80-a40e-db4724271456/compound/230ca022-9699-4868-b141-ba6e7ac616fc/structure/6b54c054-7574-4a4f-a77b-a2a80874d74a	DMCPA	CC1(C)[C@@H](/C=C(/C(F)(F)F)\Cl)[C@H]1C(=O)O		1	CC1(C)[C@@H](/C=C(/C(F)(F)F)\Cl)[C@H]1C(=O)OC(C#N)C2=CC=CC(=C2)OC3=CC=CC=C3	https://envipath.org/package/5882df9c-dae1-4d80-a40e-db4724271456/pathway/41e00ff3-cfba-4f97-b1e1-5f5909ccb7ac	Gamma-cyhalothrin
https://envipath.org/package/5882df9c-dae1-4d80-a40e-db4724271456/compound/b04d3135-76d3-46ba-810a-df8a2c69e3a1/structure/55a912dd-3c4e-4af7-b42f-f10e065818f9	Gamma-cyhalothrin	CC1(C)[C@@H](/C=C(/C(F)(F)F)\Cl)[C@H]1C(=O)OC(C#N)C2=CC=CC(=C2)OC3=CC=CC=C3		0		https://envipath.org/package/5882df9c-dae1-4d80-a40e-db4724271456/pathway/41e00ff3-cfba-4f97-b1e1-5f5909ccb7ac	Gamma-cyhalothrin
https://envipath.org/package/5882df9c-dae1-4d80-a40e-db4724271456/compound/2fc78d4a-7958-4af5-87d4-bcc2f9b6c9ab/structure/f8bb3b76-d463-49b5-b7de-7c5783f98e0c	3-PBAc	C1=CC=C(C=C1)OC2=CC(=CC=C2)C(=O)O		1	CC1(C)[C@@H](/C=C(/C(F)(F)F)\Cl)[C@H]1C(=O)OC(C#N)C2=CC=CC(=C2)OC3=CC=CC=C3	https://envipath.org/package/5882df9c-dae1-4d80-a40e-db4724271456/pathway/41e00ff3-cfba-4f97-b1e1-5f5909ccb7ac	Gamma-cyhalothrin
https://envipath.org/package/5882df9c-dae1-4d80-a40e-db4724271456/compound/0976c02d-3845-47f2-ae50-0a097041ed23/structure/0daa7056-9792-47de-95ba-deaeb2ba5712	3-(4-hydroxyphenoxy) benzaldehyde	C1=CC(=CC(=C1)C=O)OC2=CC=C(C=C2)O		2	C1=CC=C(C=C1)OC2=CC(=CC=C2)C(=O)O	https://envipath.org/package/5882df9c-dae1-4d80-a40e-db4724271456/pathway/41e00ff3-cfba-4f97-b1e1-5f5909ccb7ac	Gamma-cyhalothrin
https://envipath.org/package/5882df9c-dae1-4d80-a40e-db4724271456/compound/5f080299-daab-47bc-babb-c06ec63a87d4/structure/17d89b65-4a9f-4190-8541-d5ffcec563ba	9-epiallogibberic acid	CC1=CC=CC2=C1[C@H](C(=O)O)[C@]34CC(=C)[C@](CC[C@@H]23)(C4)O		2	C=C1C[C@@]23C[C@]1(CC[C@H]3C4C=C[C@@H]([C@](C)([C@H]4[C@@H]2C(=O)O)C(=O)O)O)O	https://envipath.org/package/5882df9c-dae1-4d80-a40e-db4724271456/pathway/8e046710-9ad8-4103-b41d-c0045c2f6360	Gibberellic acid
https://envipath.org/package/5882df9c-dae1-4d80-a40e-db4724271456/compound/182d05e9-a48e-4c2c-b8f8-cdde8a6b77e5/structure/9579a300-1ef2-4618-8388-6f53a1c9d506	Gibberellenic acid	C=C1C[C@@]23C[C@]1(CC[C@H]3C4C=C[C@@H]([C@](C)([C@H]4[C@@H]2C(=O)O)C(=O)O)O)O		1	C=C1C[C@@]23C[C@]1(CC[C@H]3C4=CC5[C@@H]([C@](C)([C@H]4[C@@H]2C(=O)O)C(=O)O5)O)O	https://envipath.org/package/5882df9c-dae1-4d80-a40e-db4724271456/pathway/8e046710-9ad8-4103-b41d-c0045c2f6360	Gibberellic acid
https://envipath.org/package/5882df9c-dae1-4d80-a40e-db4724271456/compound/1c42e46f-42f3-4d73-9c5a-0539a61d1271/structure/54f1115d-7532-4605-9d17-db376a2fcd49	Gibberellic acid	C=C1C[C@]23C[C@]1(CC[C@H]2[C@]45C=C[C@@H]([C@](C)([C@H]4[C@@H]3C(=O)O)C(=O)O5)O)O		0		https://envipath.org/package/5882df9c-dae1-4d80-a40e-db4724271456/pathway/8e046710-9ad8-4103-b41d-c0045c2f6360	Gibberellic acid
https://envipath.org/package/5882df9c-dae1-4d80-a40e-db4724271456/compound/7eae32fb-5d91-49df-ba25-3490a5e4e65b/structure/5c8896b6-8589-4ced-af92-329574c89bf5	Isogibberellic acid	C=C1C[C@@]23C[C@]1(CC[C@H]3C4=CC5[C@@H]([C@](C)([C@H]4[C@@H]2C(=O)O)C(=O)O5)O)O		1	C=C1C[C@]23C[C@]1(CC[C@H]2[C@]45C=C[C@@H]([C@](C)([C@H]4[C@@H]3C(=O)O)C(=O)O5)O)O	https://envipath.org/package/5882df9c-dae1-4d80-a40e-db4724271456/pathway/8e046710-9ad8-4103-b41d-c0045c2f6360	Gibberellic acid
https://envipath.org/package/5882df9c-dae1-4d80-a40e-db4724271456/compound/f5e5d599-6f5b-42c5-a08e-6858996f348e/structure/94a75cfc-6b52-4f98-a5ad-fa6b02762350	3-methylphosphinico-propionic acid (MPP)	CP(=O)(CCC(=O)O)O		2	CP(=O)(CCC(=O)C(=O)O)O	https://envipath.org/package/5882df9c-dae1-4d80-a40e-db4724271456/pathway/4879c520-515e-4c42-9e88-7e9e912b2815	Glufosinate ammonium
https://envipath.org/package/5882df9c-dae1-4d80-a40e-db4724271456/compound/555118ac-df56-4c8f-b493-2dd8d8cc80b2/structure/ea2820b1-81dd-4bd3-975b-eb35a9572aee	Glufosinate ammonium (GA)	CP(=O)(CCC(C(=O)O)N)[O-].[NH4+]		0		https://envipath.org/package/5882df9c-dae1-4d80-a40e-db4724271456/pathway/4879c520-515e-4c42-9e88-7e9e912b2815	Glufosinate ammonium
https://envipath.org/package/5882df9c-dae1-4d80-a40e-db4724271456/compound/f79c7e66-3674-48e5-bafb-63e495804e7f/structure/d09ecac4-dd8e-4c13-80d1-ca8cc4a6d1ce	disodium L-2-acetamido-4-methylphosphinato-butyrate (NAG)	CC(=O)NC(CCP(=O)(C)O)C(=O)O	minor	1	CP(=O)(CCC(C(=O)O)N)[O-].[NH4+]	https://envipath.org/package/5882df9c-dae1-4d80-a40e-db4724271456/pathway/4879c520-515e-4c42-9e88-7e9e912b2815	Glufosinate ammonium
https://envipath.org/package/5882df9c-dae1-4d80-a40e-db4724271456/compound/35dfa069-f2f9-4678-9b3e-e519ff457dd5/structure/dc710e68-56a1-46b9-8006-176d612facfd	AE 0015081 (P-X)	CP(=O)(/C=C/C(=O)O)O	minor	3	CP(=O)(CCC(=O)O)O	https://envipath.org/package/5882df9c-dae1-4d80-a40e-db4724271456/pathway/4879c520-515e-4c42-9e88-7e9e912b2815	Glufosinate ammonium
https://envipath.org/package/5882df9c-dae1-4d80-a40e-db4724271456/compound/b9ac3a19-8042-4f45-a317-ebbd8fb5934b/structure/84dc3de2-4817-4ce8-ad23-c07d8084039a	Methylphosphinic acid	CP(=O)O	minor	3	CP(=O)(C(=O)O)O	https://envipath.org/package/5882df9c-dae1-4d80-a40e-db4724271456/pathway/4879c520-515e-4c42-9e88-7e9e912b2815	Glufosinate ammonium
https://envipath.org/package/5882df9c-dae1-4d80-a40e-db4724271456/compound/26770830-2780-48d0-a57c-ecc35bb2e46e/structure/35864866-6f5f-4d26-87d1-9084d02a3424	AE F065594	CP(=O)(CCC(=O)C(=O)O)O	minor	1	CP(=O)(CCC(C(=O)O)N)O	https://envipath.org/package/5882df9c-dae1-4d80-a40e-db4724271456/pathway/4879c520-515e-4c42-9e88-7e9e912b2815	Glufosinate ammonium
https://envipath.org/package/5882df9c-dae1-4d80-a40e-db4724271456/compound/42738cf7-ace7-4d44-b5d0-179b72aea71c/structure/d0e9d5b6-418e-44e5-bb1d-d9c03ee916fa	2-methylphosphinico-acetic acid (MPA)	CP(=O)(CC(=O)O)O		1	CP(=O)(CCC(C(=O)O)N)[O-].[NH4+]	https://envipath.org/package/5882df9c-dae1-4d80-a40e-db4724271456/pathway/4879c520-515e-4c42-9e88-7e9e912b2815	Glufosinate ammonium
https://envipath.org/package/5882df9c-dae1-4d80-a40e-db4724271456/compound/b0f8deba-12a3-40a8-b972-a182db39d38f/structure/0497f01a-a1e0-43c6-be78-5209bb479b6a	methylphosphinico-formic acid (P-Y, MPF)	CP(=O)(C(=O)O)O		2	CP(=O)(/C=C/C(=O)O)O	https://envipath.org/package/5882df9c-dae1-4d80-a40e-db4724271456/pathway/4879c520-515e-4c42-9e88-7e9e912b2815	Glufosinate ammonium
https://envipath.org/package/5882df9c-dae1-4d80-a40e-db4724271456/compound/78ccf73c-4fec-47dd-bdda-d9d6097da6aa/structure/70ae92af-6759-42a9-b496-770d0bfb82b5	methylphosphonic acid 	CP(=O)(O)O	minor	3	CP(=O)(C(=O)O)O	https://envipath.org/package/5882df9c-dae1-4d80-a40e-db4724271456/pathway/4879c520-515e-4c42-9e88-7e9e912b2815	Glufosinate ammonium
https://envipath.org/package/5882df9c-dae1-4d80-a40e-db4724271456/compound/3518b86e-c544-440d-95dc-3ff0fe3a676c/structure/de37ce05-99ed-4b43-a5f6-b2baa646612b	L-glufosinate	CP(=O)(CCC(C(=O)O)N)O		2	CC(=O)NC(CCP(=O)(C)O)C(=O)O	https://envipath.org/package/5882df9c-dae1-4d80-a40e-db4724271456/pathway/4879c520-515e-4c42-9e88-7e9e912b2815	Glufosinate ammonium
https://envipath.org/package/5882df9c-dae1-4d80-a40e-db4724271456/compound/8622bed8-c347-45d7-bd1f-0a2e740ceffb/structure/3391ade7-fd3c-4b75-8172-8f9b31f4970e	AMPA	C(N)P(=O)(O)O		1	C(C(=O)O)NCP(=O)(O)O	https://envipath.org/package/5882df9c-dae1-4d80-a40e-db4724271456/pathway/ed398f53-918d-43ce-b6f1-e130e2608e81	Glyphosate
https://envipath.org/package/5882df9c-dae1-4d80-a40e-db4724271456/compound/fb49d2cc-8cb5-47dc-bb70-a8f2097e5237/structure/fa187ded-4e65-46d4-9d5a-176d35d4e0c2	Glyphosate	C(C(=O)O)NCP(=O)(O)O		0		https://envipath.org/package/5882df9c-dae1-4d80-a40e-db4724271456/pathway/ed398f53-918d-43ce-b6f1-e130e2608e81	Glyphosate
https://envipath.org/package/5882df9c-dae1-4d80-a40e-db4724271456/compound/fa235992-596f-45bd-bf2e-52c3b28bf14d/structure/91aa8bff-66e9-4b00-b973-a15e66dfeb5d	GG	C(CCCCNC(=N)N)CCCNC(=N)N.CC(=O)[O-].CC(=O)[O-]		0		https://envipath.org/package/5882df9c-dae1-4d80-a40e-db4724271456/pathway/3ea851b3-f139-4bd2-beb8-1d77d66d0725	Guazatine
https://envipath.org/package/5882df9c-dae1-4d80-a40e-db4724271456/compound/7b30a371-49e7-4ec0-8e0d-fe958d37663e/structure/091fe98e-1e95-45c7-aabf-f1a5a07ce81a	GGN	C(CCCCN(CCCCCCCCNC(=N)N)C(=N)N)CCCN.CC(=O)[O-].CC(=O)[O-].CC(=O)[O-]		1	C(CCCCN(CCCCCCCCNC(=N)N)C(=N)N)CCCNC(=N)N.C(CCCCN[N])CCCNC(=N)N.C(CCCCNC(=N)N)CCCN.CC(=O)[O-].CC(=O)[O-].CC(=O)[O-].CC(=O)[O-].CC(=O)[O-].CC(=O)[O-].CC(=O)[O-]	https://envipath.org/package/5882df9c-dae1-4d80-a40e-db4724271456/pathway/3ea851b3-f139-4bd2-beb8-1d77d66d0725	Guazatine
https://envipath.org/package/5882df9c-dae1-4d80-a40e-db4724271456/compound/c84bf294-c0bd-4f61-8254-053916dcc76a/structure/3b639a90-4037-4d49-a67e-ab78c73cd4c8	NGN	C(CCCCN(CCCCCCCCN)C(=N)N)CCCN.CC(=O)[O-].CC(=O)[O-].CC(=O)[O-]		2	C(CCCCN(CCCCCCCCNC(=N)N)C(=N)N)CCCN.CC(=O)[O-].CC(=O)[O-].CC(=O)[O-]	https://envipath.org/package/5882df9c-dae1-4d80-a40e-db4724271456/pathway/3ea851b3-f139-4bd2-beb8-1d77d66d0725	Guazatine
https://envipath.org/package/5882df9c-dae1-4d80-a40e-db4724271456/compound/bf31fd32-7cee-4470-b293-730fade49f19/structure/5aaf7d22-db7f-4a35-805e-31194563d0b4	GN	C(CCCCNC(=N)N)CCCN.CC(=O)[O-].CC(=O)[O-]		1	C(CCCCNC(=N)N)CCCNC(=N)N.CC(=O)[O-].CC(=O)[O-]	https://envipath.org/package/5882df9c-dae1-4d80-a40e-db4724271456/pathway/3ea851b3-f139-4bd2-beb8-1d77d66d0725	Guazatine
https://envipath.org/package/5882df9c-dae1-4d80-a40e-db4724271456/compound/674f4a49-f061-4a08-8916-a5b123f7b313/structure/2caf5f38-3e30-41c0-98cc-1d98d86502e7	NN	C(CCCCN)CCCN		2	C(CCCCNC(=N)N)CCCN.CC(=O)[O-].CC(=O)[O-]	https://envipath.org/package/5882df9c-dae1-4d80-a40e-db4724271456/pathway/3ea851b3-f139-4bd2-beb8-1d77d66d0725	Guazatine
https://envipath.org/package/5882df9c-dae1-4d80-a40e-db4724271456/compound/ae426f64-5fb3-4783-ba60-5e9f13980898/structure/5c1f7bf4-fa98-4a4f-9a4c-df08584d21f3	GNG	C(CCCCNC(=N)N)CCCNCCCCCCCCNC(=N)N.CC(=O)[O-].CC(=O)[O-].CC(=O)[O-]		1	C(CCCCN(CCCCCCCCNC(=N)N)C(=N)N)CCCNC(=N)N.C(CCCCN[N])CCCNC(=N)N.C(CCCCNC(=N)N)CCCN.CC(=O)[O-].CC(=O)[O-].CC(=O)[O-].CC(=O)[O-].CC(=O)[O-].CC(=O)[O-].CC(=O)[O-]	https://envipath.org/package/5882df9c-dae1-4d80-a40e-db4724271456/pathway/3ea851b3-f139-4bd2-beb8-1d77d66d0725	Guazatine
https://envipath.org/package/5882df9c-dae1-4d80-a40e-db4724271456/compound/9286ad9d-73bc-4d0a-a946-a275081bd11e/structure/8651ee38-90ac-4310-b461-5e1bcdc16560	Guazatine	C(CCCCN(CCCCCCCCNC(=N)N)C(=N)N)CCCNC(=N)N.C(CCCCN[N])CCCNC(=N)N.C(CCCCNC(=N)N)CCCN.CC(=O)[O-].CC(=O)[O-].CC(=O)[O-].CC(=O)[O-].CC(=O)[O-].CC(=O)[O-].CC(=O)[O-]		0		https://envipath.org/package/5882df9c-dae1-4d80-a40e-db4724271456/pathway/3ea851b3-f139-4bd2-beb8-1d77d66d0725	Guazatine
https://envipath.org/package/5882df9c-dae1-4d80-a40e-db4724271456/compound/939d02c1-e3f6-46d0-bdcc-795e0b2389dd/structure/49b9c5ac-bba1-4bbb-9518-39dc29ff69a4	GGG	C(CCCCN(CCCCCCCCNC(=N)N)C(=N)N)CCCNC(=N)N.CC(=O)[O-].CC(=O)[O-].CC(=O)[O-]		0		https://envipath.org/package/5882df9c-dae1-4d80-a40e-db4724271456/pathway/3ea851b3-f139-4bd2-beb8-1d77d66d0725	Guazatine
https://envipath.org/package/5882df9c-dae1-4d80-a40e-db4724271456/compound/a4448a4c-e230-4658-9257-9e1e5509d46f/structure/fe40c559-0bfb-4021-ae68-e7fbfec8b8a5	NNN	C(CCCCNCCCCCCCCN)CCCN.CC(=O)[O-].CC(=O)[O-].CC(=O)[O-]		3	C(CCCCN(CCCCCCCCN)C(=N)N)CCCN.CC(=O)[O-].CC(=O)[O-].CC(=O)[O-]	https://envipath.org/package/5882df9c-dae1-4d80-a40e-db4724271456/pathway/3ea851b3-f139-4bd2-beb8-1d77d66d0725	Guazatine
https://envipath.org/package/5882df9c-dae1-4d80-a40e-db4724271456/compound/1f653324-8046-48cf-9918-7e5270049238/structure/d7a7d2b8-7e93-4e2b-8358-837b4ecd1791	GNN	C(CCCCNCCCCCCCCNC(=N)N)CCCN.CC(=O)[O-].CC(=O)[O-].CC(=O)[O-]		2	C(CCCCNC(=N)N)CCCNCCCCCCCCNC(=N)N.CC(=O)[O-].CC(=O)[O-].CC(=O)[O-]	https://envipath.org/package/5882df9c-dae1-4d80-a40e-db4724271456/pathway/3ea851b3-f139-4bd2-beb8-1d77d66d0725	Guazatine
https://envipath.org/package/5882df9c-dae1-4d80-a40e-db4724271456/compound/4b6f47aa-b851-455d-8f31-af9713b0f32e/structure/455330f9-e6b0-47dc-aca4-6039798c641a	X11393729	COC1=C(C(=CC=C1Cl)C2=NC(=C(C(=C2)N)Cl)C(=O)O)F		1	COC1=C(C(=CC=C1Cl)C2=NC(=C(C(=C2)N)Cl)C(=O)OC)F	https://envipath.org/package/5882df9c-dae1-4d80-a40e-db4724271456/pathway/5fca7149-55b9-4e6e-b740-6b333ef01843	Halauxifen-methyl 
https://envipath.org/package/5882df9c-dae1-4d80-a40e-db4724271456/compound/a078a894-5791-4006-bc6a-9eff819c9104/structure/89bf7acc-7788-43d5-94c5-701169332292	Halauxifen-methyl	COC1=C(C(=CC=C1Cl)C2=NC(=C(C(=C2)N)Cl)C(=O)OC)F		0		https://envipath.org/package/5882df9c-dae1-4d80-a40e-db4724271456/pathway/5fca7149-55b9-4e6e-b740-6b333ef01843	Halauxifen-methyl 
https://envipath.org/package/5882df9c-dae1-4d80-a40e-db4724271456/compound/be3fd56f-f356-45cc-b53f-b7d576028c19/structure/aecd65ff-9491-41a6-9bc8-eccb9177b2ef	X11449757	C1=C(C2=NC(=C(C(=C2)N)Cl)C(=O)O)C(=C(C(=C1)Cl)O)F		2	COC1=C(C(=CC=C1Cl)C2=NC(=C(C(=C2)N)Cl)C(=O)O)F	https://envipath.org/package/5882df9c-dae1-4d80-a40e-db4724271456/pathway/5fca7149-55b9-4e6e-b740-6b333ef01843	Halauxifen-methyl 
https://envipath.org/package/5882df9c-dae1-4d80-a40e-db4724271456/compound/6358408d-2559-4ec1-ab03-3e83eeb5e54e/structure/46fd611f-3642-4579-b877-fb0497ef8b86	S13 (2-amino-4,6-dimethoxypyrimidine)	COC1=NC(=NC(=C1)OC)N		1	CN1C(C(=C(Cl)N1)C(=O)OC)S(=O)(=O)NC(=O)NC2=NC(=CC(=N2)OC)OC	https://envipath.org/package/5882df9c-dae1-4d80-a40e-db4724271456/pathway/0d646ae5-c16d-4357-8333-ee3a16ef47be	Halosulfuron-methyl
https://envipath.org/package/5882df9c-dae1-4d80-a40e-db4724271456/compound/d9429ed0-453c-4981-a394-014f8025220e/structure/aa3cf15f-a856-42cd-aae8-bd70bae81306	Halosulfuron-methyl (HSM)	CN1C(C(=C(Cl)N1)C(=O)OC)S(=O)(=O)NC(=O)NC2=NC(=CC(=N2)OC)OC		0		https://envipath.org/package/5882df9c-dae1-4d80-a40e-db4724271456/pathway/0d646ae5-c16d-4357-8333-ee3a16ef47be	Halosulfuron-methyl
https://envipath.org/package/5882df9c-dae1-4d80-a40e-db4724271456/compound/f129e821-a7ee-49ca-bd8c-08f69bfb1826/structure/bb2d9a25-7ae2-4607-b7e4-f82f362f914d	Chlorosulfonamide (CSE)	CN1C(=C(C(=N1)Cl)C(=O)OC)S(=O)(=O)N		1	CN1C(C(=C(Cl)N1)C(=O)OC)S(=O)(=O)NC(=O)NC2=NC(=CC(=N2)OC)OC	https://envipath.org/package/5882df9c-dae1-4d80-a40e-db4724271456/pathway/0d646ae5-c16d-4357-8333-ee3a16ef47be	Halosulfuron-methyl
https://envipath.org/package/5882df9c-dae1-4d80-a40e-db4724271456/compound/9adb2400-11f9-4653-857d-fe398f862e4d/structure/c7b9b7d5-4a1c-4e19-80e2-8483c59bb3bc	Halosulfuron (HS)	CN1C(C(=C(Cl)N1)C(=O)O)S(=O)(=O)NC(=O)NC2=NC(=CC(=N2)OC)OC		1	CN1C(C(=C(Cl)N1)C(=O)OC)S(=O)(=O)NC(=O)NC2=NC(=CC(=N2)OC)OC	https://envipath.org/package/5882df9c-dae1-4d80-a40e-db4724271456/pathway/0d646ae5-c16d-4357-8333-ee3a16ef47be	Halosulfuron-methyl
https://envipath.org/package/5882df9c-dae1-4d80-a40e-db4724271456/compound/64e1e95a-5a93-4417-ab17-4d49decf3af3/structure/01ff5464-cf41-4877-a526-518bcd30045c	O-demethyl halosulfuron-methyl (ODHSM)	CN1C(C(=C(Cl)N1)C(=O)OC)S(=O)(=O)NC(=O)NC2=NC(=CC(=N2)O)OC		1	CN1C(C(=C(Cl)N1)C(=O)OC)S(=O)(=O)NC(=O)NC2=NC(=CC(=N2)OC)OC	https://envipath.org/package/5882df9c-dae1-4d80-a40e-db4724271456/pathway/0d646ae5-c16d-4357-8333-ee3a16ef47be	Halosulfuron-methyl
https://envipath.org/package/5882df9c-dae1-4d80-a40e-db4724271456/compound/c30fbb3b-5120-4ba9-9174-eec7b49f416c/structure/361fd5cd-7ab6-4bd3-be26-bb53211e2976	Halosulfuron-methyl rearrangement (HSMR)	CN1C(=C(C(=N1)Cl)C(=O)OC)NC2=NC(=CC(=N2)OC)OC		1	CN1C(C(=C(Cl)N1)C(=O)OC)S(=O)(=O)NC(=O)NC2=NC(=CC(=N2)OC)OC	https://envipath.org/package/5882df9c-dae1-4d80-a40e-db4724271456/pathway/0d646ae5-c16d-4357-8333-ee3a16ef47be	Halosulfuron-methyl
https://envipath.org/package/5882df9c-dae1-4d80-a40e-db4724271456/compound/a17c33c0-ca57-4653-ba1f-d75b5267ae9b/structure/2f5609cb-6129-4aeb-b694-f658afac4c58	Chlorosulfonamide acid (CSA)	CN1C(=C(C(=N1)Cl)C(=O)O)S(=O)(=O)N		2	CN1C(C(=C(Cl)N1)C(=O)O)S(=O)(=O)NC(=O)NC2=NC(=CC(=N2)OC)OC	https://envipath.org/package/5882df9c-dae1-4d80-a40e-db4724271456/pathway/0d646ae5-c16d-4357-8333-ee3a16ef47be	Halosulfuron-methyl
https://envipath.org/package/5882df9c-dae1-4d80-a40e-db4724271456/compound/c5784e88-958a-4482-bfc1-08486b0c767f/structure/1167e087-9c97-41a1-b5b1-314c0b0643fc	Halosulfuron rearrangment (HSR)	CN1C(=C(C(=N1)Cl)C(=O)O)NC2=NC(=CC(=N2)OC)OC		2	CN1C(=C(C(=N1)Cl)C(=O)OC)NC2=NC(=CC(=N2)OC)OC	https://envipath.org/package/5882df9c-dae1-4d80-a40e-db4724271456/pathway/0d646ae5-c16d-4357-8333-ee3a16ef47be	Halosulfuron-methyl
https://envipath.org/package/5882df9c-dae1-4d80-a40e-db4724271456/compound/fd1603be-98d7-4d74-9f70-eb2736d37742/structure/c19efdc8-43e5-457b-9d57-9e012954d891	DE-535 Phenol	C1=C(C=CC(=C1)OC2=NC=C(C=C2Cl)C(F)(F)F)O		1	CC(C(=O)O)OC1=CC=C(C=C1)OC2=NC=C(C=C2Cl)C(F)(F)F	https://envipath.org/package/5882df9c-dae1-4d80-a40e-db4724271456/pathway/bf92c68e-556c-41b0-acd7-c1b1add47cb0	Haloxyfop-P (DE-535)
https://envipath.org/package/5882df9c-dae1-4d80-a40e-db4724271456/compound/f956d0e7-7890-462f-8203-a49fa2ea8be3/structure/01965aac-6ded-44c0-a219-a909feb78ac9	Haloxyfop-P	CC(C(=O)OC)OC1=CC=C(C=C1)OC2=NC=C(C=C2Cl)C(F)(F)F		0		https://envipath.org/package/5882df9c-dae1-4d80-a40e-db4724271456/pathway/bf92c68e-556c-41b0-acd7-c1b1add47cb0	Haloxyfop-P (DE-535)
https://envipath.org/package/5882df9c-dae1-4d80-a40e-db4724271456/compound/fe735811-6732-4dc4-a444-36f41126aacd/structure/a405bd20-0f2b-4f64-ac86-2fb5252fa65b	DE-535 acid	CC(C(=O)O)OC1=CC=C(C=C1)OC2=NC=C(C=C2Cl)C(F)(F)F		1	CC(C(=O)OC)OC1=CC=C(C=C1)OC2=NC=C(C=C2Cl)C(F)(F)F	https://envipath.org/package/5882df9c-dae1-4d80-a40e-db4724271456/pathway/bf92c68e-556c-41b0-acd7-c1b1add47cb0	Haloxyfop-P (DE-535)
https://envipath.org/package/5882df9c-dae1-4d80-a40e-db4724271456/compound/13e1c711-ff27-4f08-ab94-912968bb5ced/structure/4d225e95-bfcd-43ae-b5ec-b580ad370e2e	DE-535 pyridinol	C1=C(C(=NC=C1C(F)(F)F)O)Cl		2	C1=C(C=CC(=C1)OC2=NC=C(C=C2Cl)C(F)(F)F)O	https://envipath.org/package/5882df9c-dae1-4d80-a40e-db4724271456/pathway/bf92c68e-556c-41b0-acd7-c1b1add47cb0	Haloxyfop-P (DE-535)
https://envipath.org/package/5882df9c-dae1-4d80-a40e-db4724271456/compound/816c2eb5-d630-4d04-90c3-287b14944ab1/structure/74b87637-3be8-4b98-a11f-172bcbbbfa06	DE-535 pyridinone	CN1C=C(C=C(C1=O)Cl)C(F)(F)F		2	C1=C(C=CC(=C1)OC2=NC=C(C=C2Cl)C(F)(F)F)O	https://envipath.org/package/5882df9c-dae1-4d80-a40e-db4724271456/pathway/bf92c68e-556c-41b0-acd7-c1b1add47cb0	Haloxyfop-P (DE-535)
https://envipath.org/package/5882df9c-dae1-4d80-a40e-db4724271456/compound/d637c5b2-a088-447d-b119-5df059d789bb/structure/0cb7dde9-c629-4521-a32f-48b7eed3667e	PT-1-8	CC1C(C2=CC=C(C=C2)Cl)SC(=O)N1C(=O)NC3CCC(CC3)O	minor	1	CC1C(C2=CC=C(C=C2)Cl)SC(=O)N1C(=O)NC3CCCCC3	https://envipath.org/package/5882df9c-dae1-4d80-a40e-db4724271456/pathway/2b4be9b8-b1ea-42bd-9a1f-bb48b197721b	Hexythiazox 
https://envipath.org/package/5882df9c-dae1-4d80-a40e-db4724271456/compound/bdcd9bdf-7193-4817-8a58-ee81d12df60d/structure/773d9939-253f-4e9b-882e-c1a857491e78	PT-1-3	CC1C(C2=CC=C(C=C2)Cl)SC(=O)N1		4	CC1C(C2=CC=C(C=C2)Cl)SC(=O)N1C(=O)N	https://envipath.org/package/5882df9c-dae1-4d80-a40e-db4724271456/pathway/2b4be9b8-b1ea-42bd-9a1f-bb48b197721b	Hexythiazox 
https://envipath.org/package/5882df9c-dae1-4d80-a40e-db4724271456/compound/e4318984-d4ca-432a-baa1-154ccd72c707/structure/4441ee3a-b316-477e-b10a-e3735e13fc29	PT-1-4	CC1C(C2=CC=C(C=C2)Cl)SC(=O)N1C(=O)NC3CCCC(C3)O	minor	1	CC1C(C2=CC=C(C=C2)Cl)SC(=O)N1C(=O)NC3CCCCC3	https://envipath.org/package/5882df9c-dae1-4d80-a40e-db4724271456/pathway/2b4be9b8-b1ea-42bd-9a1f-bb48b197721b	Hexythiazox 
https://envipath.org/package/5882df9c-dae1-4d80-a40e-db4724271456/compound/edca8c47-e4a1-49c3-ac77-ea610ea0b669/structure/247818aa-10b4-4a20-9b96-105b3e9ce716	PT-1-2	CC1C(C2=CC=C(C=C2)Cl)SC(=O)N1C(=O)N		3	CC1C(C2=CC=C(C=C2)Cl)SC(=O)N1C(=O)NC3CCC(=O)CC3	https://envipath.org/package/5882df9c-dae1-4d80-a40e-db4724271456/pathway/2b4be9b8-b1ea-42bd-9a1f-bb48b197721b	Hexythiazox 
https://envipath.org/package/5882df9c-dae1-4d80-a40e-db4724271456/compound/1132687d-b2b7-4cd1-bf27-f2c9769d3aab/structure/703d5742-ce8c-4a24-90cf-cba0876d8a11	PT-1-5	CC1C(C2=CC=C(C=C2)Cl)SC(=O)N1C(=O)NC3CCCC(=O)C3	minor	2	CC1C(C2=CC=C(C=C2)Cl)SC(=O)N1C(=O)NC3CCCC(C3)O	https://envipath.org/package/5882df9c-dae1-4d80-a40e-db4724271456/pathway/2b4be9b8-b1ea-42bd-9a1f-bb48b197721b	Hexythiazox 
https://envipath.org/package/5882df9c-dae1-4d80-a40e-db4724271456/compound/1c7e907a-8092-4b7c-8676-ad9e7aa17d61/structure/3bcee053-d30d-42c5-b970-db1428936887	Hexythiazox	CC1C(C2=CC=C(C=C2)Cl)SC(=O)N1C(=O)NC3CCCCC3		0		https://envipath.org/package/5882df9c-dae1-4d80-a40e-db4724271456/pathway/2b4be9b8-b1ea-42bd-9a1f-bb48b197721b	Hexythiazox 
https://envipath.org/package/5882df9c-dae1-4d80-a40e-db4724271456/compound/bc3bbff7-8f3b-41c2-8c14-185f5293072a/structure/edc40797-2e05-46d6-b10d-018f809dce89	S3 (4-chlorobenzoic acid)	C1=C(C=CC(=C1)Cl)C(=O)O	minor	5	CC1C(C2=CC=C(C=C2)Cl)SC(=O)N1	https://envipath.org/package/5882df9c-dae1-4d80-a40e-db4724271456/pathway/2b4be9b8-b1ea-42bd-9a1f-bb48b197721b	Hexythiazox 
https://envipath.org/package/5882df9c-dae1-4d80-a40e-db4724271456/compound/cb6a7406-eb4f-482e-a225-5b2af7803ac1/structure/175b5df3-0ef3-41f6-a48c-cc0e52a0526e	PT-1-9	CC1C(C2=CC=C(C=C2)Cl)SC(=O)N1C(=O)NC3CCC(=O)CC3		2	CC1C(C2=CC=C(C=C2)Cl)SC(=O)N1C(=O)NC3CCC(CC3)O	https://envipath.org/package/5882df9c-dae1-4d80-a40e-db4724271456/pathway/2b4be9b8-b1ea-42bd-9a1f-bb48b197721b	Hexythiazox 
https://envipath.org/package/5882df9c-dae1-4d80-a40e-db4724271456/compound/5fd30dfc-4aae-4266-804a-b9ee1b839b2d/structure/ea8b67f7-885e-4d8e-bf78-b54756feca20	Hymexazol	CC1=CC(=NO1)O		0		https://envipath.org/package/5882df9c-dae1-4d80-a40e-db4724271456/pathway/af2a7917-79f1-4a36-9ed1-571fd4f5f752	Hymexazol
https://envipath.org/package/5882df9c-dae1-4d80-a40e-db4724271456/compound/c7d146e1-6121-424c-9550-2c9ce79f1b91/structure/1fef9d33-448d-4f7b-a8a4-22c724964296	Acetoacetamide	CC(=O)CC(=O)N	minor	1	CC1=CC(=NO1)O	https://envipath.org/package/5882df9c-dae1-4d80-a40e-db4724271456/pathway/af2a7917-79f1-4a36-9ed1-571fd4f5f752	Hymexazol
https://envipath.org/package/5882df9c-dae1-4d80-a40e-db4724271456/compound/c7d3904a-a2ab-4e04-8933-d57d61dca653/structure/da525c59-7d62-4280-8e77-568356149424	2-keto-propylamine	CC(=O)CN	minor	2	CC1=CNC(=O)O1	https://envipath.org/package/5882df9c-dae1-4d80-a40e-db4724271456/pathway/af2a7917-79f1-4a36-9ed1-571fd4f5f752	Hymexazol
https://envipath.org/package/5882df9c-dae1-4d80-a40e-db4724271456/compound/c7b54d77-7600-43ca-a5ae-d5c110bfbc80/structure/a4ecbdb2-3587-4c4f-ac79-e15daf42c043	5-methyl-2(3H)-oxazolone	CC1=CNC(=O)O1	minor	1	CC1=CC(=NO1)O	https://envipath.org/package/5882df9c-dae1-4d80-a40e-db4724271456/pathway/af2a7917-79f1-4a36-9ed1-571fd4f5f752	Hymexazol
https://envipath.org/package/5882df9c-dae1-4d80-a40e-db4724271456/compound/1d5be1e0-4890-4396-a3bf-af5789c697c6/structure/fb1e76c0-0f6d-4564-a1b3-c5815d207b2b	Acetoacetic acid	CC(=O)CC(=O)O	minor	2	CC(=O)CC(=O)N	https://envipath.org/package/5882df9c-dae1-4d80-a40e-db4724271456/pathway/af2a7917-79f1-4a36-9ed1-571fd4f5f752	Hymexazol
https://envipath.org/package/5882df9c-dae1-4d80-a40e-db4724271456/compound/71162963-44f3-44dc-ad05-276192a69154/structure/42771295-a418-4d06-a056-cb70b18fe692	Acetone	CC(=O)C	minor	3	CC(=O)CC(=O)O	https://envipath.org/package/5882df9c-dae1-4d80-a40e-db4724271456/pathway/af2a7917-79f1-4a36-9ed1-571fd4f5f752	Hymexazol
https://envipath.org/package/5882df9c-dae1-4d80-a40e-db4724271456/compound/451aad54-af54-43ac-82dd-1774a7e274de/structure/dbc79f99-8de6-4594-83d8-8336ec6275eb	Imazalil	C=CCOC(CN1C=CN=C1)C2=CC=C(C=C2Cl)Cl		0		https://envipath.org/package/5882df9c-dae1-4d80-a40e-db4724271456/pathway/dddb913c-da55-4c2a-9097-01a0171c00ae	Imazalil
https://envipath.org/package/5882df9c-dae1-4d80-a40e-db4724271456/compound/ba8e6f49-edad-49e6-a707-b20dccb242fd/structure/0a30fc12-27fd-4126-b9fa-f18313269617	R014821	C1=C(C=C(C(=C1)C(CN2C=CN=C2)O)Cl)Cl		1	C=CCOC(CN1C=CN=C1)C2=CC=C(C=C2Cl)Cl	https://envipath.org/package/5882df9c-dae1-4d80-a40e-db4724271456/pathway/dddb913c-da55-4c2a-9097-01a0171c00ae	Imazalil
https://envipath.org/package/5882df9c-dae1-4d80-a40e-db4724271456/compound/924de66a-fb14-4ece-ba64-c00f0829ff10/structure/6d610af6-2683-4a3d-8c66-bf690f27ca66	Imazamox	CC(C)C1(C)C(=O)NC(=N1)C2=NC=C(C=C2C(=O)O)COC		0		https://envipath.org/package/5882df9c-dae1-4d80-a40e-db4724271456/pathway/69df9d02-2dad-43ec-80b0-891dc83ab3df	Imazamox
https://envipath.org/package/5882df9c-dae1-4d80-a40e-db4724271456/compound/10d212c7-3fb9-42ba-86d4-5ed10af3e83e/structure/0e0238a6-4bc2-42c4-a7d6-7fb431b062fa	CL 312622	CC(C)C1(C)C(=O)NC(=N1)C2=NC=C(C=C2C(=O)O)C(=O)O	major	1	CC(C)C1(C)C(=O)NC(=N1)C2=NC=C(C=C2C(=O)O)COC	https://envipath.org/package/5882df9c-dae1-4d80-a40e-db4724271456/pathway/69df9d02-2dad-43ec-80b0-891dc83ab3df	Imazamox
https://envipath.org/package/5882df9c-dae1-4d80-a40e-db4724271456/compound/ad680b60-31dc-4099-9743-02baa0752f0c/structure/e06ee69d-e801-49d7-a942-689eace0b27b	CL 354825	CC(C)C1(C)C(=O)NC(=N1)C2=NC=C(C=C2O)C(=O)O	major	2	CC(C)C1(C)C(=O)NC(=N1)C2=NC=C(C=C2C(=O)O)C(=O)O	https://envipath.org/package/5882df9c-dae1-4d80-a40e-db4724271456/pathway/69df9d02-2dad-43ec-80b0-891dc83ab3df	Imazamox
https://envipath.org/package/5882df9c-dae1-4d80-a40e-db4724271456/compound/ad731a43-5cca-43a4-b190-a9cea0dccc26/structure/f98a892b-be35-4222-b2a2-9c5c5dcebbd5	CL 263875 (quinoline-2,3-di-carboxylic acid)	C1=CC2=C(C=C1)N=C(C(=C2)C(=O)O)C(=O)O		2	CC(C)C(C)(C(=O)N)NC(=O)C1=NC2=C(C=CC=C2)C=C1C(=O)O	https://envipath.org/package/5882df9c-dae1-4d80-a40e-db4724271456/pathway/aa09f396-c269-4935-82fc-b610c490b19b	Imazaquin
https://envipath.org/package/5882df9c-dae1-4d80-a40e-db4724271456/compound/a2eab4ce-2cd2-4834-921b-c4893bdf8757/structure/3e963a5a-0dea-436d-a4aa-bc6cbf97cc5e	CL 75947 (quinoline-3-carboxylic acid)	C1=CC2=C(C=C1)N=CC(=C2)C(=O)O		3	C1=CC2=C(C=C1)N=C(C(=C2)C(=O)O)C(=O)O	https://envipath.org/package/5882df9c-dae1-4d80-a40e-db4724271456/pathway/aa09f396-c269-4935-82fc-b610c490b19b	Imazaquin
https://envipath.org/package/5882df9c-dae1-4d80-a40e-db4724271456/compound/44708426-2386-44aa-a130-443c8f225b07/structure/f36d473a-3f9a-4fe1-82d8-ee443559607f	Imazaquin	CC(C)C1(C)C(=O)NC(=N1)C2=NC3=C(C=CC=C3)C=C2C(=O)O		0		https://envipath.org/package/5882df9c-dae1-4d80-a40e-db4724271456/pathway/aa09f396-c269-4935-82fc-b610c490b19b	Imazaquin
https://envipath.org/package/5882df9c-dae1-4d80-a40e-db4724271456/compound/9eef407f-8f25-4930-961d-2939ae55c2d4/structure/eb943449-7944-476b-92c5-8451b8548f71	CL 266066 (2-(1-carbony-1,2-dimethyl-propylcarbamoyl)-quinoline-3-carboxylic acid)	CC(C)C(C)(C(=O)N)NC(=O)C1=NC2=C(C=CC=C2)C=C1C(=O)O		1	CC(C)C1(C)C(=O)NC(=N1)C2=NC3=C(C=CC=C3)C=C2C(=O)O	https://envipath.org/package/5882df9c-dae1-4d80-a40e-db4724271456/pathway/aa09f396-c269-4935-82fc-b610c490b19b	Imazaquin
https://envipath.org/package/5882df9c-dae1-4d80-a40e-db4724271456/compound/6358408d-2559-4ec1-ab03-3e83eeb5e54e/structure/46fd611f-3642-4579-b877-fb0497ef8b86	S13 (2-amino-4,6-dimethoxypyrimidine)	COC1=NC(=NC(=C1)OC)N	minor	1	COC1=NC(=NC(=C1)OC)NC(=O)NS(=O)(=O)C2=C(Cl)N=C3C=CC=CN32	https://envipath.org/package/5882df9c-dae1-4d80-a40e-db4724271456/pathway/2a21f377-cec2-4be5-aa2a-2e365513de31	Imazosulfuron
https://envipath.org/package/5882df9c-dae1-4d80-a40e-db4724271456/compound/b92f0cf9-5dc2-4707-8d11-2f8ab1e672d9/structure/49821718-ecfd-4519-9bb1-3e962c51c17b	HMS	COC1=CC(=NC(=N1)NC(=O)NS(=O)(=O)C2=C(Cl)N=C3C=CC=CN32)O	major	1	COC1=NC(=NC(=C1)OC)NC(=O)NS(=O)(=O)C2=C(Cl)N=C3C=CC=CN32	https://envipath.org/package/5882df9c-dae1-4d80-a40e-db4724271456/pathway/2a21f377-cec2-4be5-aa2a-2e365513de31	Imazosulfuron
https://envipath.org/package/5882df9c-dae1-4d80-a40e-db4724271456/compound/8962fd95-561f-43e7-9fc3-0fa0062538df/structure/9da9d010-8172-48dc-8a51-451b9d397a28	Imazosulfuron	COC1=NC(=NC(=C1)OC)NC(=O)NS(=O)(=O)C2=C(Cl)N=C3C=CC=CN32		0		https://envipath.org/package/5882df9c-dae1-4d80-a40e-db4724271456/pathway/2a21f377-cec2-4be5-aa2a-2e365513de31	Imazosulfuron
https://envipath.org/package/5882df9c-dae1-4d80-a40e-db4724271456/compound/485f56a0-d4bc-4694-a27f-917270e322f1/structure/32a850eb-1a98-48aa-aa2d-9cec83c39b4d	IPSN	C1=CC2=NC(=C(N2C=C1)S(=O)(=O)N)Cl	major	1	COC1=NC(=NC(=C1)OC)NC(=O)NS(=O)(=O)C2=C(Cl)N=C3C=CC=CN32	https://envipath.org/package/5882df9c-dae1-4d80-a40e-db4724271456/pathway/2a21f377-cec2-4be5-aa2a-2e365513de31	Imazosulfuron
https://envipath.org/package/5882df9c-dae1-4d80-a40e-db4724271456/compound/1571de3d-1cdd-41af-a4b3-fff7f2715b34/structure/ff55c034-c46c-415a-afb7-85492a5290ad	IPSA 	C1=CC2=NC(=C(N2C=C1)S(=O)(=O)O)Cl	minor	2	C1=CC2=NC(=C(N2C=C1)S(=O)(=O)N)Cl	https://envipath.org/package/5882df9c-dae1-4d80-a40e-db4724271456/pathway/2a21f377-cec2-4be5-aa2a-2e365513de31	Imazosulfuron
https://envipath.org/package/5882df9c-dae1-4d80-a40e-db4724271456/compound/3dd6b0b4-80f7-44cd-aa27-4dbe1bf8e14f/structure/345f18c1-117b-47e6-8b0d-870d796acdd2	S12 (N-(4,6-dimethoxypyrimidin-2-yl)urea	COC1=NC(=NC(=C1)OC)NC(=O)N	minor	1	COC1=NC(=NC(=C1)OC)NC(=O)NS(=O)(=O)C2=C(Cl)N=C3C=CC=CN32	https://envipath.org/package/5882df9c-dae1-4d80-a40e-db4724271456/pathway/2a21f377-cec2-4be5-aa2a-2e365513de31	Imazosulfuron
https://envipath.org/package/5882df9c-dae1-4d80-a40e-db4724271456/compound/8feadc90-e3e2-4dd4-b472-bcd889c08c92/structure/152ca1af-2bdb-4e97-8cdb-72cb8eb08065	NTN33893-urea	C1=C(C=NC(=C1)Cl)CN2CCNC2=O		2	C1=C(C=NC(=C1)Cl)CN2CCNC2=N	https://envipath.org/package/5882df9c-dae1-4d80-a40e-db4724271456/pathway/adeb7d35-5d2e-4ae8-9cb7-dbe7832f66dc	Imidacloprid 
https://envipath.org/package/5882df9c-dae1-4d80-a40e-db4724271456/compound/7c9c682f-59ec-4b4f-bf9a-b33a585c6a55/structure/c0c3c946-404a-4598-893f-5f4b5c82fa4f	NTN33893-4-keto-urea	C1=C(C=NC(=C1)Cl)CN2CC(=O)NC2=O		3	C1=C(C=NC(=C1)Cl)CN2C=CNC2=N	https://envipath.org/package/5882df9c-dae1-4d80-a40e-db4724271456/pathway/adeb7d35-5d2e-4ae8-9cb7-dbe7832f66dc	Imidacloprid 
https://envipath.org/package/5882df9c-dae1-4d80-a40e-db4724271456/compound/5c3b106f-6d65-4ee8-b258-ea638a156fee/structure/341115ff-f96d-4008-bc4b-c659dd1ee956	NTN33893 - desnitro olefine	C1=C(C=NC(=C1)Cl)CN2C=CNC2=N	minor	2	C1=C(C=NC(=C1)Cl)CN2CCNC2=N	https://envipath.org/package/5882df9c-dae1-4d80-a40e-db4724271456/pathway/adeb7d35-5d2e-4ae8-9cb7-dbe7832f66dc	Imidacloprid 
https://envipath.org/package/5882df9c-dae1-4d80-a40e-db4724271456/compound/fec3748c-4c41-403a-b94f-8cff1bed2dc7/structure/9c1beb30-df7b-430a-9584-ac3d025d0597	NTN33893-desnitro	C1=C(C=NC(=C1)Cl)CN2CCNC2=N		1	C1=C(C=NC(=C1)Cl)CN/2CCN\C2=N/N=O	https://envipath.org/package/5882df9c-dae1-4d80-a40e-db4724271456/pathway/adeb7d35-5d2e-4ae8-9cb7-dbe7832f66dc	Imidacloprid 
https://envipath.org/package/5882df9c-dae1-4d80-a40e-db4724271456/compound/8e674816-cff5-4aa2-8486-e681437f238d/structure/853c8eeb-c353-45de-9011-b633b903c918	NTN33893-nitrosimine	C1=C(C=NC(=C1)Cl)CN/2CCN\C2=N/N=O		1	C1=C(C=C(Cl)N=C1)CN/2CCN\C2=N/N(=O)=O	https://envipath.org/package/5882df9c-dae1-4d80-a40e-db4724271456/pathway/adeb7d35-5d2e-4ae8-9cb7-dbe7832f66dc	Imidacloprid 
https://envipath.org/package/5882df9c-dae1-4d80-a40e-db4724271456/compound/b0aec7a3-9b38-4ed4-9f6d-64a3ab53fa67/structure/2062a2af-87b7-43e1-afd0-b00b097f2226	NTN33893-ring-open-nitroguanidine	C1=C(C=NC(=C1)Cl)CN/C(=N/N(=O)=O)/N		3	C1=C(C=NC(=C1)Cl)CN/2C=CN\C2=N/[N+](=O)[O-]	https://envipath.org/package/5882df9c-dae1-4d80-a40e-db4724271456/pathway/adeb7d35-5d2e-4ae8-9cb7-dbe7832f66dc	Imidacloprid 
https://envipath.org/package/5882df9c-dae1-4d80-a40e-db4724271456/compound/284621bc-7cf3-4e85-abd1-66a89da05535/structure/2dd48a74-496d-495c-81c3-dd6032e052cc	NTN33893-5-hydroxy	C1=C(C=C(Cl)N=C1)CN/2C(CN\C2=N/N(=O)=O)O		1	C1=C(C=C(Cl)N=C1)CN/2CCN\C2=N/N(=O)=O	https://envipath.org/package/5882df9c-dae1-4d80-a40e-db4724271456/pathway/adeb7d35-5d2e-4ae8-9cb7-dbe7832f66dc	Imidacloprid 
https://envipath.org/package/5882df9c-dae1-4d80-a40e-db4724271456/compound/41a4626d-e869-407e-b6f3-a3184b1d6fe3/structure/f397b524-a010-492b-b2cc-d80b4f95d0c5	Imidacloprid 	C1=C(C=C(Cl)N=C1)CN/2CCN\C2=N/N(=O)=O		0		https://envipath.org/package/5882df9c-dae1-4d80-a40e-db4724271456/pathway/adeb7d35-5d2e-4ae8-9cb7-dbe7832f66dc	Imidacloprid 
https://envipath.org/package/5882df9c-dae1-4d80-a40e-db4724271456/compound/25ae21e2-4b1a-4cbf-98b9-35111470fa38/structure/3bf39c89-dcfa-4e0b-864e-3787b9e6087c	NTN33893-5-keto-urea	C1=C(C=NC(=C1)Cl)CN2C(=O)CNC2=O		3	C1=C(C=NC(=C1)Cl)CN2C=CNC2=N	https://envipath.org/package/5882df9c-dae1-4d80-a40e-db4724271456/pathway/adeb7d35-5d2e-4ae8-9cb7-dbe7832f66dc	Imidacloprid 
https://envipath.org/package/5882df9c-dae1-4d80-a40e-db4724271456/compound/814aa07e-ca61-4e4b-b569-eda2dd8389ae/structure/f84a8f03-64f7-47e8-a8c1-1df314a9e8bc	NTN33893-olefine	C1=C(C=NC(=C1)Cl)CN/2C=CN\C2=N/[N+](=O)[O-]		2	C1=C(C=C(Cl)N=C1)CN/2C(CN\C2=N/N(=O)=O)O	https://envipath.org/package/5882df9c-dae1-4d80-a40e-db4724271456/pathway/adeb7d35-5d2e-4ae8-9cb7-dbe7832f66dc	Imidacloprid 
https://envipath.org/package/5882df9c-dae1-4d80-a40e-db4724271456/compound/60f274c6-4950-49bf-8d80-a79bedf11a17/structure/4a08592e-16f3-4c54-a0f1-5c93384cea21	6-chloronicotinic-acid	C1=C(C=NC(=C1)Cl)C(=O)O		4	C1=C(C=NC(=C1)Cl)CN2C(=O)CNC2=O	https://envipath.org/package/5882df9c-dae1-4d80-a40e-db4724271456/pathway/adeb7d35-5d2e-4ae8-9cb7-dbe7832f66dc	Imidacloprid 
https://envipath.org/package/5882df9c-dae1-4d80-a40e-db4724271456/compound/ee9ecedb-ea85-4db3-9582-39621ad9b53c/structure/84b8de5a-1808-4910-bcf8-3cf3acc96194	AE F145741	C1=CC(I)=CC(S(=O)(=O)NC(=O)NC2=NC(C)=NC(O)=N2)=C1C(=O)OC	minor	1	CC1=NC(=NC(=N1)[N-]C(=O)NS(=O)(=O)C2=CC(=CC=C2C(=O)OC)I)OC.[Na+]	https://envipath.org/package/5882df9c-dae1-4d80-a40e-db4724271456/pathway/6620c93c-4d29-4e6d-91f8-3770be8f5411	Iodosulfuron-methyl-sodium
https://envipath.org/package/5882df9c-dae1-4d80-a40e-db4724271456/compound/467240f5-149a-4059-b443-ce035cc22e4e/structure/bfaf2143-211b-4341-be35-f9c387f24c22	O-desmethyl metsulfuron-methyl (IN-B5067)	CC1=NC(=NC(=N1)NC(=O)NS(=O)(=O)C2=C(C=CC=C2)C(=O)OC)O	minor	2	CC1=NC(=NC(=N1)NC(=O)NS(=O)(=O)C2=C(C=CC=C2)C(=O)OC)OC	https://envipath.org/package/5882df9c-dae1-4d80-a40e-db4724271456/pathway/6620c93c-4d29-4e6d-91f8-3770be8f5411	Iodosulfuron-methyl-sodium
https://envipath.org/package/5882df9c-dae1-4d80-a40e-db4724271456/compound/470b7699-7a38-40bb-8f26-584077f0624e/structure/90efbaf4-b804-49c6-a1df-2de00de38ab4	AE F145740	CC1=NC(=NC(=N1)NC(=O)NS(=O)(=O)C2=CC(=CC=C2C(=O)O)I)OC	minor	1	CC1=NC(=NC(=N1)[N-]C(=O)NS(=O)(=O)C2=CC(=CC=C2C(=O)OC)I)OC.[Na+]	https://envipath.org/package/5882df9c-dae1-4d80-a40e-db4724271456/pathway/6620c93c-4d29-4e6d-91f8-3770be8f5411	Iodosulfuron-methyl-sodium
https://envipath.org/package/5882df9c-dae1-4d80-a40e-db4724271456/compound/16a66ffb-d8e6-43fe-92c9-0d5a25b94821/structure/929d2047-4bcb-41c8-bcd7-bb970abf3a83	Triazine amine (IN-A4098)	CC1=NC(=NC(=N1)N)OC	minor	3	CC1=NC(=NC(=N1)NC(=O)N)OC	https://envipath.org/package/5882df9c-dae1-4d80-a40e-db4724271456/pathway/6620c93c-4d29-4e6d-91f8-3770be8f5411	Iodosulfuron-methyl-sodium
https://envipath.org/package/5882df9c-dae1-4d80-a40e-db4724271456/compound/b0168a17-1fb3-4941-9bf1-c6c123f875c5/structure/541d6040-6352-42de-b0b6-bf34910205e6	Metsulfuron-methyl	CC1=NC(=NC(=N1)NC(=O)NS(=O)(=O)C2=C(C=CC=C2)C(=O)OC)OC	major	1	CC1=NC(=NC(=N1)[N-]C(=O)NS(=O)(=O)C2=CC(=CC=C2C(=O)OC)I)OC.[Na+]	https://envipath.org/package/5882df9c-dae1-4d80-a40e-db4724271456/pathway/6620c93c-4d29-4e6d-91f8-3770be8f5411	Iodosulfuron-methyl-sodium
https://envipath.org/package/5882df9c-dae1-4d80-a40e-db4724271456/compound/ef335bf5-152b-446b-bbd3-97d99ca4f0d9/structure/a7e912f5-ad9b-47a9-9274-f3df0e5d6361	AE 0002166	CC1=NC(=NC(=N1)NC(=O)NS(=O)(=O)C2=CC(=CC=C2C(=O)OC)O)OC		1	CC1=NC(=NC(=N1)[N-]C(=O)NS(=O)(=O)C2=CC(=CC=C2C(=O)OC)I)OC.[Na+]	https://envipath.org/package/5882df9c-dae1-4d80-a40e-db4724271456/pathway/6620c93c-4d29-4e6d-91f8-3770be8f5411	Iodosulfuron-methyl-sodium
https://envipath.org/package/5882df9c-dae1-4d80-a40e-db4724271456/compound/5600e1d7-9631-47e3-92c7-abebb5831e9b/structure/4b21be1e-d4ae-4741-bbb0-05770551342e	BCS-CW81253	C1=CC=CC(S(=O)(NC(=O)NC(=N)NC(=O)N)=O)=C1C(=O)OC	major	3	CC1=NC(=NC(=N1)NC(=O)NS(=O)(=O)C2=C(C=CC=C2)C(=O)OC)O	https://envipath.org/package/5882df9c-dae1-4d80-a40e-db4724271456/pathway/6620c93c-4d29-4e6d-91f8-3770be8f5411	Iodosulfuron-methyl-sodium
https://envipath.org/package/5882df9c-dae1-4d80-a40e-db4724271456/compound/e7765ed0-cacb-4872-a24e-d7f2210dbb4c/structure/c3c51d71-fc9b-41f3-8213-25b73aa891ad	Iodosulfuron-methyl-sodium	CC1=NC(=NC(=N1)[N-]C(=O)NS(=O)(=O)C2=CC(=CC=C2C(=O)OC)I)OC.[Na+]		0		https://envipath.org/package/5882df9c-dae1-4d80-a40e-db4724271456/pathway/6620c93c-4d29-4e6d-91f8-3770be8f5411	Iodosulfuron-methyl-sodium
https://envipath.org/package/5882df9c-dae1-4d80-a40e-db4724271456/compound/61951402-056f-4a5c-98f0-85ca2ee27c48/structure/75384dfc-d6d8-4e87-b893-6193dab4be39	IN-V7160	CC1=NC(=NC(=N1)NC(=O)N)OC	minor	2	CC1=NC(=NC(=N1)NC(=O)NS(=O)(=O)C2=C(C=CC=C2)C(=O)OC)OC	https://envipath.org/package/5882df9c-dae1-4d80-a40e-db4724271456/pathway/6620c93c-4d29-4e6d-91f8-3770be8f5411	Iodosulfuron-methyl-sodium
https://envipath.org/package/5882df9c-dae1-4d80-a40e-db4724271456/compound/ba3ff8ca-f35c-4733-a2e6-0056f249251f/structure/5f5e2fa6-90e9-445a-8a51-9b475e8cf0c6	Ipconazole	CC(C)C1CCC(CC2=CC=C(C=C2)Cl)C1(CN3C=NC=N3)O		0		https://envipath.org/package/5882df9c-dae1-4d80-a40e-db4724271456/pathway/faa3cd48-6256-4a41-ae77-e543d9aa9eea	Ipconazole
https://envipath.org/package/5882df9c-dae1-4d80-a40e-db4724271456/compound/706a7060-6b95-4e13-8a7a-f668bf640b33/structure/a59fc386-e0c0-4ebc-8e3a-7749846c897b	KNF-317-M-11	CC(C)C1CCC(C(=O)C2=CC=C(C=C2)Cl)C1(CN3C=NC=N3)O		1	CC(C)C1CCC(CC2=CC=C(C=C2)Cl)C1(CN3C=NC=N3)O	https://envipath.org/package/5882df9c-dae1-4d80-a40e-db4724271456/pathway/faa3cd48-6256-4a41-ae77-e543d9aa9eea	Ipconazole
https://envipath.org/package/5882df9c-dae1-4d80-a40e-db4724271456/compound/5746ec4d-8818-46b2-a0e0-1b50a24a60af/structure/8eb0ec04-1f8b-4792-aa9c-711a0ff9d881	KNF-317-M-1	CC(C)(C1CCC(CC2=CC=C(C=C2)Cl)C1(CN3C=NC=N3)O)O		1	CC(C)C1CCC(CC2=CC=C(C=C2)Cl)C1(CN3C=NC=N3)O	https://envipath.org/package/5882df9c-dae1-4d80-a40e-db4724271456/pathway/faa3cd48-6256-4a41-ae77-e543d9aa9eea	Ipconazole
https://envipath.org/package/5882df9c-dae1-4d80-a40e-db4724271456/compound/b0fc5091-af5b-4975-9838-a1f0d46538c1/structure/f6f50082-d6d8-4376-b068-1e23f51e6b5e	RP 30228	CC(C)N1C(=O)CN(C(=O)NC2=CC(=CC(=C2)Cl)Cl)C1=O	major	2	CC(C)NC(=O)N(CC(=O)O)C(=O)NC1=CC(=CC(=C1)Cl)Cl	https://envipath.org/package/5882df9c-dae1-4d80-a40e-db4724271456/pathway/15faf8bf-da90-4ddc-8cbb-d642d32e576f	Iprodione
https://envipath.org/package/5882df9c-dae1-4d80-a40e-db4724271456/compound/11403f02-13ac-4fc8-aba5-2d4f546a6878/structure/7bcd55e3-6310-4987-b87c-100310b36c74	RP 25040	C1=C(C=C(C=C1Cl)NC(=O)N2C(=O)CNC2=O)Cl	major	1	CC(C)NC(=O)N1CC(=O)N(C2=CC(=CC(=C2)Cl)Cl)C1=O	https://envipath.org/package/5882df9c-dae1-4d80-a40e-db4724271456/pathway/15faf8bf-da90-4ddc-8cbb-d642d32e576f	Iprodione
https://envipath.org/package/5882df9c-dae1-4d80-a40e-db4724271456/compound/cbc958aa-d47c-453f-b927-0bece0a54108/structure/d6773849-65df-4c18-a54f-fff7d0cba710	RP 36233	CC(C)NC(=O)CNC(=O)NC1=CC(=CC(=C1)Cl)Cl		-99		https://envipath.org/package/5882df9c-dae1-4d80-a40e-db4724271456/pathway/15faf8bf-da90-4ddc-8cbb-d642d32e576f	Iprodione
https://envipath.org/package/5882df9c-dae1-4d80-a40e-db4724271456/compound/f5a3bef6-05f6-4894-aabd-c2756b3c4614/structure/d60b4168-59b6-41ab-876e-e4148001dbf7	Hydantoin	C1C(=O)NC(=O)N1		-99		https://envipath.org/package/5882df9c-dae1-4d80-a40e-db4724271456/pathway/15faf8bf-da90-4ddc-8cbb-d642d32e576f	Iprodione
https://envipath.org/package/5882df9c-dae1-4d80-a40e-db4724271456/compound/2651c012-758d-4ee0-a618-1fe8be36ae58/structure/5588d507-cae2-4c1f-9d6c-f8f8a9370e95	RP 37176	CC(C)NC(=O)NCC(=O)NC1=CC(=CC(=C1)Cl)Cl		-99		https://envipath.org/package/5882df9c-dae1-4d80-a40e-db4724271456/pathway/15faf8bf-da90-4ddc-8cbb-d642d32e576f	Iprodione
https://envipath.org/package/5882df9c-dae1-4d80-a40e-db4724271456/compound/a0260d59-a6f3-4a35-8e71-cb524fdfcea5/structure/3761c01d-54d2-4de5-9338-86ae89ce5ab3	Iprodione	CC(C)NC(=O)N1CC(=O)N(C2=CC(=CC(=C2)Cl)Cl)C1=O		0		https://envipath.org/package/5882df9c-dae1-4d80-a40e-db4724271456/pathway/15faf8bf-da90-4ddc-8cbb-d642d32e576f	Iprodione
https://envipath.org/package/5882df9c-dae1-4d80-a40e-db4724271456/compound/08960c65-19c7-4e0a-9887-b6d7b0c63a88/structure/45464756-ea80-49c1-983a-81fcb917c5a3	RP 36221	CC(C)NC(=O)NC(=O)NC1=CC(=CC(=C1)Cl)Cl	minor	2	CC(C)NC(=O)N(CC(=O)O)C(=O)NC1=CC(=CC(=C1)Cl)Cl	https://envipath.org/package/5882df9c-dae1-4d80-a40e-db4724271456/pathway/15faf8bf-da90-4ddc-8cbb-d642d32e576f	Iprodione
https://envipath.org/package/5882df9c-dae1-4d80-a40e-db4724271456/compound/b32590ac-fe98-4101-992c-2ce4d10fe03f/structure/b05eb0f7-5255-4a2c-9f4a-5dfea3d6bf6a	RP 35606	CC(C)NC(=O)N(CC(=O)O)C(=O)NC1=CC(=CC(=C1)Cl)Cl	major	1	CC(C)NC(=O)N1CC(=O)N(C2=CC(=CC(=C2)Cl)Cl)C1=O	https://envipath.org/package/5882df9c-dae1-4d80-a40e-db4724271456/pathway/15faf8bf-da90-4ddc-8cbb-d642d32e576f	Iprodione
https://envipath.org/package/5882df9c-dae1-4d80-a40e-db4724271456/compound/d8fa90f0-90f4-454a-ac3c-58faa3794004/structure/514db655-a395-4772-8aaa-7b11d5721fb1	RP 32596	C1=C(C=C(C=C1Cl)N)Cl	major	2	CC(C)NC(=O)NC(=O)NC1=CC(=CC(=C1)Cl)Cl	https://envipath.org/package/5882df9c-dae1-4d80-a40e-db4724271456/pathway/15faf8bf-da90-4ddc-8cbb-d642d32e576f	Iprodione
https://envipath.org/package/5882df9c-dae1-4d80-a40e-db4724271456/compound/c12c6dd4-a9ac-4c39-bc80-526b71d789fa/structure/d3412273-3746-4158-b544-c8ecd21c9e4a	LS720942	C1=C(C=C(C=C1Cl)NC(=O)N)Cl	minor	-99		https://envipath.org/package/5882df9c-dae1-4d80-a40e-db4724271456/pathway/15faf8bf-da90-4ddc-8cbb-d642d32e576f	Iprodione
https://envipath.org/package/5882df9c-dae1-4d80-a40e-db4724271456/compound/39c39e10-8895-4a33-93c4-4e27654e4a74/structure/4b03f857-d2f1-4892-bd06-54af1d9ae742	RP 30181	CC(C)N1C(=O)CNC1=O	minor	-99		https://envipath.org/package/5882df9c-dae1-4d80-a40e-db4724271456/pathway/15faf8bf-da90-4ddc-8cbb-d642d32e576f	Iprodione
https://envipath.org/package/5882df9c-dae1-4d80-a40e-db4724271456/compound/9415ec51-175f-4a28-aca5-bec2875118c7/structure/57a50cce-f816-4e6d-97f9-491c17d9f48a	terephthalic acid	C1=C(C=CC(=C1)C(=O)O)C(=O)O		2	CC1=CC=C(C=C1)C(C)N	https://envipath.org/package/5882df9c-dae1-4d80-a40e-db4724271456/pathway/e4d914ce-f89c-41a4-b3a6-41b5baadc139	Iprovalicarb
https://envipath.org/package/5882df9c-dae1-4d80-a40e-db4724271456/compound/b24d6ed2-ca4d-491a-a144-42d74deb7487/structure/077825d3-daa8-4068-b138-c327f96d1058	Iprovalicarb	CC(C)[C@H](C(=O)NC(C)C1=CC=C(C)C=C1)NC(=O)OC(C)C		0		https://envipath.org/package/5882df9c-dae1-4d80-a40e-db4724271456/pathway/e4d914ce-f89c-41a4-b3a6-41b5baadc139	Iprovalicarb
https://envipath.org/package/5882df9c-dae1-4d80-a40e-db4724271456/compound/31182b89-8717-4e21-b7ba-2d9eeef78113/structure/0c159ecf-69ef-4b0a-8425-d3bc29d83c4f	SZX 0722-carboxylic acid	CC(C)[C@H](C(=O)NC(C)C1=CC=C(C=C1)C(=O)O)NC(=O)OC(C)C		1	CC(C)[C@H](C(=O)NC(C)C1=CC=C(C)C=C1)NC(=O)OC(C)C	https://envipath.org/package/5882df9c-dae1-4d80-a40e-db4724271456/pathway/e4d914ce-f89c-41a4-b3a6-41b5baadc139	Iprovalicarb
https://envipath.org/package/5882df9c-dae1-4d80-a40e-db4724271456/compound/079ec44e-e520-4ee8-9211-fc2a7ed353ec/structure/9f6ecdea-abc0-4ede-90f5-1e6b9bd1c7a8	PMPA	CC1=CC=C(C=C1)C(C)N		1	CC(C)[C@H](C(=O)NC(C)C1=CC=C(C)C=C1)NC(=O)OC(C)C	https://envipath.org/package/5882df9c-dae1-4d80-a40e-db4724271456/pathway/e4d914ce-f89c-41a4-b3a6-41b5baadc139	Iprovalicarb
https://envipath.org/package/5882df9c-dae1-4d80-a40e-db4724271456/compound/4c5f7854-0adf-4c25-b4d5-826611afa6c2/structure/8ecf6683-7b21-49fe-a128-9795cc0410c1	3-MTCA	CC1=C(C(=O)O)SC=C1	minor	2	CC1=C(C(=O)N)SC=C1	https://envipath.org/package/5882df9c-dae1-4d80-a40e-db4724271456/pathway/83d3f003-4991-4e13-886d-efa8d6979b0d	Isofetamid
https://envipath.org/package/5882df9c-dae1-4d80-a40e-db4724271456/compound/c9cd498a-05a8-4808-b340-01931b03d05b/structure/d918db60-d283-4c30-b85c-42f6d5460a9a	PPA	CC1=C(C(=O)NC(C)(C)C(=O)C2=CC=C(C=C2C)OC(C)C(=O)O)SC=C1	minor	1	CC(C)OC1=CC=C(C(=C1)C)C(=O)C(C)(C)NC(=O)C2=C(C)C=CS2	https://envipath.org/package/5882df9c-dae1-4d80-a40e-db4724271456/pathway/83d3f003-4991-4e13-886d-efa8d6979b0d	Isofetamid
https://envipath.org/package/5882df9c-dae1-4d80-a40e-db4724271456/compound/76943e7c-26b0-470c-a767-728191fd5c20/structure/90123c0e-a8a6-4b20-a410-13b82e6775be	Isofetamid	CC(C)OC1=CC=C(C(=C1)C)C(=O)C(C)(C)NC(=O)C2=C(C)C=CS2		0		https://envipath.org/package/5882df9c-dae1-4d80-a40e-db4724271456/pathway/83d3f003-4991-4e13-886d-efa8d6979b0d	Isofetamid
https://envipath.org/package/5882df9c-dae1-4d80-a40e-db4724271456/compound/9a869ebd-6c2d-4968-9481-09f0f7a08daa/structure/32c79d23-5bd0-4fdf-9587-36618bc180c6	4HP	CC1=C(C(=O)NC(C)(C)C(=O)C2=CC=C(C=C2C)O)SC=C1	major	1	CC(C)OC1=CC=C(C(=C1)C)C(=O)C(C)(C)NC(=O)C2=C(C)C=CS2	https://envipath.org/package/5882df9c-dae1-4d80-a40e-db4724271456/pathway/83d3f003-4991-4e13-886d-efa8d6979b0d	Isofetamid
https://envipath.org/package/5882df9c-dae1-4d80-a40e-db4724271456/compound/84dbf63c-06ab-4153-b53b-19352f6739ff/structure/6dfcf578-45f0-4f97-9377-06bb02757cd6	3-MTCAM	CC1=C(C(=O)N)SC=C1	minor	1	CC1=C(C(=O)NC(C)(C)C(=O)C2=CC=C(C=C2C)O)SC=C1	https://envipath.org/package/5882df9c-dae1-4d80-a40e-db4724271456/pathway/83d3f003-4991-4e13-886d-efa8d6979b0d	Isofetamid
https://envipath.org/package/5882df9c-dae1-4d80-a40e-db4724271456/compound/442362e6-3d9e-48d2-9384-12297e8f576b/structure/3eaddcb8-9c3d-4015-be99-285ade2b4c80	2-{4-[(dimethylcarbamoyl)amino]phenyl}propanoic acid	CC(C1=CC=C(C=C1)NC(=O)N(C)C)C(=O)O		2	CC(CO)C1=CC=C(C=C1)NC(=O)N(C)C	https://envipath.org/package/5882df9c-dae1-4d80-a40e-db4724271456/pathway/0f7171dc-ebf6-438c-a78d-b7fd6a487e8b	Isoproturon
https://envipath.org/package/5882df9c-dae1-4d80-a40e-db4724271456/compound/8db0cd2f-fb63-46ea-a66a-9eb2d91350c3/structure/c5914084-f578-49bf-aecc-2764d9b4f454	1-OH-isoproturon	CC(CO)C1=CC=C(C=C1)NC(=O)N(C)C		1	CC(C)C1=CC=C(C=C1)NC(=O)N(C)C	https://envipath.org/package/5882df9c-dae1-4d80-a40e-db4724271456/pathway/0f7171dc-ebf6-438c-a78d-b7fd6a487e8b	Isoproturon
https://envipath.org/package/5882df9c-dae1-4d80-a40e-db4724271456/compound/b683b872-db27-4164-a074-b314a410969e/structure/baeaa372-d7d2-497f-9606-0f16aa426014	Isoproturon	CC(C)C1=CC=C(C=C1)NC(=O)N(C)C		0		https://envipath.org/package/5882df9c-dae1-4d80-a40e-db4724271456/pathway/0f7171dc-ebf6-438c-a78d-b7fd6a487e8b	Isoproturon
https://envipath.org/package/5882df9c-dae1-4d80-a40e-db4724271456/compound/dc5d2657-ba63-4611-a39d-77627418ff5e/structure/a0f241fe-2ea7-4c69-812b-b8920c70f1b1	RPA 710989	CC(C)C1=CC=C(C=C1)N		-99		https://envipath.org/package/5882df9c-dae1-4d80-a40e-db4724271456/pathway/0f7171dc-ebf6-438c-a78d-b7fd6a487e8b	Isoproturon
https://envipath.org/package/5882df9c-dae1-4d80-a40e-db4724271456/compound/cd3e1b8d-5e4a-4b02-95d7-62b12b44c36d/structure/d458b296-c6fe-4e75-8ac7-9edb3d8507f2	RPA 410365	CC(C)(C1=CC=C(C=C1)NC(=O)N)O		3	CC(C)(C1=CC=C(C=C1)NC(=O)NC)O	https://envipath.org/package/5882df9c-dae1-4d80-a40e-db4724271456/pathway/0f7171dc-ebf6-438c-a78d-b7fd6a487e8b	Isoproturon
https://envipath.org/package/5882df9c-dae1-4d80-a40e-db4724271456/compound/febbf085-dfb0-4f2a-b71c-dda855d7c614/structure/b495c394-8fec-4d41-88f0-af3d567e803c	RPA 410260	CC(C)(C1=CC=C(C=C1)NC(=O)N(C)C)O		1	CC(C)C1=CC=C(C=C1)NC(=O)N(C)C	https://envipath.org/package/5882df9c-dae1-4d80-a40e-db4724271456/pathway/0f7171dc-ebf6-438c-a78d-b7fd6a487e8b	Isoproturon
https://envipath.org/package/5882df9c-dae1-4d80-a40e-db4724271456/compound/ff12f064-877a-4017-b0c2-4803eee804a2/structure/a75aa422-f824-46b5-b8a5-644750274fcb	RPA 415044	CC(C)(C1=CC=C(C=C1)NC(=O)NC)O		2	CC(C)(C1=CC=C(C=C1)NC(=O)N(C)C)O	https://envipath.org/package/5882df9c-dae1-4d80-a40e-db4724271456/pathway/0f7171dc-ebf6-438c-a78d-b7fd6a487e8b	Isoproturon
https://envipath.org/package/5882df9c-dae1-4d80-a40e-db4724271456/compound/a3ffa54e-8d0e-4d13-9a62-df6724914843/structure/76898099-625d-4fb1-9b07-3119b06ae0b6	Desmethyl-isoproturon	CC(C)C1=CC=C(C=C1)NC(=O)NC		1	CC(C)C1=CC=C(C=C1)NC(=O)N(C)C	https://envipath.org/package/5882df9c-dae1-4d80-a40e-db4724271456/pathway/0f7171dc-ebf6-438c-a78d-b7fd6a487e8b	Isoproturon
https://envipath.org/package/5882df9c-dae1-4d80-a40e-db4724271456/compound/1b5b63e2-568e-4ef6-b4f0-f7319f08a8d3/structure/12b9cab2-17fb-440c-8e42-536407cdbeea	[N-(4-isopropylphenyl)-urea, LS730334, didesmethyl-isoproturon	CC(C)C1=CC=C(C=C1)NC(=O)N		2	CC(C)C1=CC=C(C=C1)NC(=O)NC	https://envipath.org/package/5882df9c-dae1-4d80-a40e-db4724271456/pathway/0f7171dc-ebf6-438c-a78d-b7fd6a487e8b	Isoproturon
https://envipath.org/package/5882df9c-dae1-4d80-a40e-db4724271456/compound/0ec87158-ac7b-4f48-92b9-a7bef2817f52/structure/e37bcb9a-5152-4e68-9c86-591668a0c733	RPA 409657	CC(C1=CC=C(C=C1)NC(=O)N)C(=O)O		4	CC(C)(C1=CC=C(C=C1)NC(=O)N)O	https://envipath.org/package/5882df9c-dae1-4d80-a40e-db4724271456/pathway/0f7171dc-ebf6-438c-a78d-b7fd6a487e8b	Isoproturon
https://envipath.org/package/5882df9c-dae1-4d80-a40e-db4724271456/compound/ef462cb0-a979-4e65-b39a-af332fca6599/structure/0181261c-39e7-47bb-84c3-9f387737202f	Isopyrazam	CC(C)[C@@H]1[C@H]2CC[C@@H]1C3=C(C=CC=C23)NC(=O)C4=CN(C)N=C4C(F)F		0		https://envipath.org/package/5882df9c-dae1-4d80-a40e-db4724271456/pathway/bffbf18c-9cfd-4e2b-a5c2-d318969ce962	Isopyrazam
https://envipath.org/package/5882df9c-dae1-4d80-a40e-db4724271456/compound/5765d397-fa2e-41b8-abe6-f9ec3bd4a4ea/structure/7d9f9ef3-eca9-45ab-832c-74369eb16d30	CSCD459488 (syn)	CC(C)([C@@H]1[C@H]2CC[C@@H]1C3=C(C=CC=C23)NC(=O)C4=CN(C)N=C4C(F)F)O		1	CC(C)[C@@H]1[C@H]2CC[C@@H]1C3=C(C=CC=C23)NC(=O)C4=CN(C)N=C4C(F)F	https://envipath.org/package/5882df9c-dae1-4d80-a40e-db4724271456/pathway/bffbf18c-9cfd-4e2b-a5c2-d318969ce962	Isopyrazam
https://envipath.org/package/5882df9c-dae1-4d80-a40e-db4724271456/compound/85978a22-209f-445d-837c-6f70eee6b3b0/structure/c685dc17-e10e-4c78-8202-cc00e7078d05	CSCD459489 (anti)	CC(C)([C@H]1[C@H]2CC[C@@H]1C3=C(C=CC=C23)NC(=O)C4=CN(C)N=C4C(F)F)O		1	CC(C)[C@@H]1[C@H]2CC[C@@H]1C3=C(C=CC=C23)NC(=O)C4=CN(C)N=C4C(F)F	https://envipath.org/package/5882df9c-dae1-4d80-a40e-db4724271456/pathway/bffbf18c-9cfd-4e2b-a5c2-d318969ce962	Isopyrazam
https://envipath.org/package/5882df9c-dae1-4d80-a40e-db4724271456/compound/5bdeceab-a924-48b5-9023-558309cabaa2/structure/8b305eb1-c7b9-49e0-851f-4ccd0ed9161c	CSCD465008	C1=C(C(=NN1)C(F)F)C(=O)O		2	CC(C)([C@@H]1[C@H]2CC[C@@H]1C3=C(C=CC=C23)NC(=O)C4=CN(C)N=C4C(F)F)O	https://envipath.org/package/5882df9c-dae1-4d80-a40e-db4724271456/pathway/bffbf18c-9cfd-4e2b-a5c2-d318969ce962	Isopyrazam
https://envipath.org/package/5882df9c-dae1-4d80-a40e-db4724271456/compound/50967346-5d40-4028-9792-cd0513195c80/structure/42a5aa5d-9b85-49cd-90f6-284cc7edb49c	Oxypropyl isoxaben	CCC(C)(C(=O)C)C1=NOC(=C1)NC(=O)C2=C(C=CC=C2OC)OC		1	CCC(C)(CC)C1=NOC(=C1)NC(=O)C2=C(C=CC=C2OC)OC	https://envipath.org/package/5882df9c-dae1-4d80-a40e-db4724271456/pathway/dadac94c-1922-4cea-80e5-38cdecc55f6c	Isoxaben
https://envipath.org/package/5882df9c-dae1-4d80-a40e-db4724271456/compound/a9f00553-4b3a-4b8a-ade0-2d86bf10604c/structure/ff426526-97a0-423c-afb6-3e9c035f5f82	Hydroxyisoxaben	CCC(C)(C1=NOC(=C1)NC(=O)C2=C(C=CC=C2OC)OC)O		1	CCC(C)(CC)C1=NOC(=C1)NC(=O)C2=C(C=CC=C2OC)OC	https://envipath.org/package/5882df9c-dae1-4d80-a40e-db4724271456/pathway/dadac94c-1922-4cea-80e5-38cdecc55f6c	Isoxaben
https://envipath.org/package/5882df9c-dae1-4d80-a40e-db4724271456/compound/2fd7909c-fad3-4af8-a626-d1b365520bbd/structure/f75ef628-ef9b-48a9-b055-8f14a005c9f0	Isoxaben	CCC(C)(CC)C1=NOC(=C1)NC(=O)C2=C(C=CC=C2OC)OC		0		https://envipath.org/package/5882df9c-dae1-4d80-a40e-db4724271456/pathway/dadac94c-1922-4cea-80e5-38cdecc55f6c	Isoxaben
https://envipath.org/package/5882df9c-dae1-4d80-a40e-db4724271456/compound/e8278062-2856-4a67-95e5-243f2b22a6c4/structure/2b3b6f74-918e-45bb-855e-1ac52c12a636	Hydroxyethyl isoxaben	CC(C1=NOC(=C1)NC(=O)C2=C(C=CC=C2OC)OC)O		2	CCC(C)(C1=NOC(=C1)NC(=O)C2=C(C=CC=C2OC)OC)O	https://envipath.org/package/5882df9c-dae1-4d80-a40e-db4724271456/pathway/dadac94c-1922-4cea-80e5-38cdecc55f6c	Isoxaben
https://envipath.org/package/5882df9c-dae1-4d80-a40e-db4724271456/compound/e75694f7-ca17-4046-87ac-a71e82e993dc/structure/1798d84a-3334-447b-88c1-5965880a2f78	Desmethyl isoxaben	CCC(C)(CC)C1=NOC(=C1)NC(=O)C2=C(C=CC=C2O)OC		1	CCC(C)(CC)C1=NOC(=C1)NC(=O)C2=C(C=CC=C2OC)OC	https://envipath.org/package/5882df9c-dae1-4d80-a40e-db4724271456/pathway/dadac94c-1922-4cea-80e5-38cdecc55f6c	Isoxaben
https://envipath.org/package/5882df9c-dae1-4d80-a40e-db4724271456/compound/530e5758-6e02-4e9f-a8df-0ee754151aee/structure/0fa50425-d698-4348-9cec-0ed4e99f4368	RPA 205834	CS(=O)(=O)C1=CC(=CC=C1C(=O)/C(=C\N)/C(=O)C2CC2)C(F)(F)F	minor	1	CS(=O)(=O)C1=CC(=CC=C1C(=O)C2=C(C3CC3)ON=C2)C(F)(F)F	https://envipath.org/package/5882df9c-dae1-4d80-a40e-db4724271456/pathway/ee1d228e-26be-407e-b0f2-bffd246ae6f0	Isoxaflutole
https://envipath.org/package/5882df9c-dae1-4d80-a40e-db4724271456/compound/1e6d82e2-2b5f-4e1a-b4f1-e54a4ba39521/structure/51a45501-e0a5-4abc-b9f9-1e2ec79e028a	Benzoic acid (RPA 203328)	CS(=O)(=O)C1=CC(=CC=C1C(=O)O)C(F)(F)F	major	2	CS(=O)(=O)C1=CC(=CC=C1C(=O)C(C#N)C(=O)C2CC2)C(F)(F)F	https://envipath.org/package/5882df9c-dae1-4d80-a40e-db4724271456/pathway/ee1d228e-26be-407e-b0f2-bffd246ae6f0	Isoxaflutole
https://envipath.org/package/5882df9c-dae1-4d80-a40e-db4724271456/compound/69016607-6d09-4dfb-89e8-a128d934013b/structure/4f48b325-50bf-4dd5-9342-7831b8b98100	Isoxaflutole	CS(=O)(=O)C1=CC(=CC=C1C(=O)C2=C(C3CC3)ON=C2)C(F)(F)F		0		https://envipath.org/package/5882df9c-dae1-4d80-a40e-db4724271456/pathway/ee1d228e-26be-407e-b0f2-bffd246ae6f0	Isoxaflutole
https://envipath.org/package/5882df9c-dae1-4d80-a40e-db4724271456/compound/5f49aa62-dbfb-40a0-8c55-ad8b04bd778c/structure/61809e38-a13b-4b55-806a-0cf868b600f4	Diketonitrile (RPA 202248)	CS(=O)(=O)C1=CC(=CC=C1C(=O)C(C#N)C(=O)C2CC2)C(F)(F)F	major	1	CS(=O)(=O)C1=CC(=CC=C1C(=O)C2=C(C3CC3)ON=C2)C(F)(F)F	https://envipath.org/package/5882df9c-dae1-4d80-a40e-db4724271456/pathway/ee1d228e-26be-407e-b0f2-bffd246ae6f0	Isoxaflutole
https://envipath.org/package/5882df9c-dae1-4d80-a40e-db4724271456/compound/3ed7efd6-e457-48ec-8646-8810de54ddb6/structure/677c37fa-ac7e-45a0-881d-be663f5fa685	Kresoxim-methyl	CC1=C(C=CC=C1)OCC2=C(C=CC=C2)/C(=N\OC)/C(=O)OC		0		https://envipath.org/package/5882df9c-dae1-4d80-a40e-db4724271456/pathway/fe76df8f-838b-4f81-8a6d-4b5db640e4ac	Kresoxim-methyl
https://envipath.org/package/5882df9c-dae1-4d80-a40e-db4724271456/compound/4de2769c-8436-4394-a07a-5af5b26c9990/structure/0168ba03-f715-41f6-a7df-3ff987db9038	sum of Kresoxim-methyl and BF 490-1	CC1=C(C=CC=C1)OCC2=C(C=CC=C2)/C(=N\OC)/C(=O)OC.CC1=C(C=CC=C1)OCC2=C(C=CC=C2)/C(=N\OC)/C(=O)O		0		https://envipath.org/package/5882df9c-dae1-4d80-a40e-db4724271456/pathway/fe76df8f-838b-4f81-8a6d-4b5db640e4ac	Kresoxim-methyl
https://envipath.org/package/5882df9c-dae1-4d80-a40e-db4724271456/compound/345b1e6d-58bd-4fa8-ab8c-9c3f103f61a1/structure/341c6ce5-9ff3-4da9-911e-c690a07f93f2	490M4	CO/N=C(\C1=C(C=CC=C1)COC2=C(C=CC=C2)C(=O)O)/C(=O)O		1	CC1=C(C=CC=C1)OCC2=C(C=CC=C2)/C(=N\OC)/C(=O)O	https://envipath.org/package/5882df9c-dae1-4d80-a40e-db4724271456/pathway/fe76df8f-838b-4f81-8a6d-4b5db640e4ac	Kresoxim-methyl
https://envipath.org/package/5882df9c-dae1-4d80-a40e-db4724271456/compound/e6c4e94e-6eca-4b12-8fb7-71267713a3d3/structure/024d70fe-52b7-4b0d-9a7b-eb956eb39444	BF 490-1	CC1=C(C=CC=C1)OCC2=C(C=CC=C2)/C(=N\OC)/C(=O)O		1	CC1=C(C=CC=C1)OCC2=C(C=CC=C2)/C(=N\OC)/C(=O)OC	https://envipath.org/package/5882df9c-dae1-4d80-a40e-db4724271456/pathway/fe76df8f-838b-4f81-8a6d-4b5db640e4ac	Kresoxim-methyl
https://envipath.org/package/5882df9c-dae1-4d80-a40e-db4724271456/compound/0ea3c22d-edb7-4e45-a0cb-b3dfa36e9375/structure/22cddbaa-c536-4814-9c27-981dda6648b7	TFP acid	CC1(C)C(/C=C(/C(F)(F)F)\Cl)C1C(=O)O		1	CC1(C)C(/C=C(/C(F)(F)F)\Cl)C1C(=O)OC(C#N)C2=CC=CC(=C2)OC3=CC=CC=C3	https://envipath.org/package/5882df9c-dae1-4d80-a40e-db4724271456/pathway/6b9eba9e-cbb6-4e38-9257-6ccb6ee8377c	Lambda-Cythalothrin
https://envipath.org/package/5882df9c-dae1-4d80-a40e-db4724271456/compound/ad08d910-a39a-4e1d-a2fd-74d105fdce16/structure/dbdd0a85-1b28-4836-a2b9-91da48f21043	R211133	CC1(C)C(/C=C(/C(F)(F)F)\Cl)C1C(=O)OC(C#N)C2=CC=CC(=C2)OC3=CC=C(C=C3)O		1	CC1(C)C(/C=C(/C(F)(F)F)\Cl)C1C(=O)OC(C#N)C2=CC=CC(=C2)OC3=CC=CC=C3	https://envipath.org/package/5882df9c-dae1-4d80-a40e-db4724271456/pathway/6b9eba9e-cbb6-4e38-9257-6ccb6ee8377c	Lambda-Cythalothrin
https://envipath.org/package/5882df9c-dae1-4d80-a40e-db4724271456/compound/b4ef4708-62a5-495c-b6b7-a3711c9ec96e/structure/9030dc84-69c2-41a8-91f1-abb77dceec4d	Lambda-Cythalothrin	CC1(C)C(/C=C(/C(F)(F)F)\Cl)C1C(=O)OC(C#N)C2=CC=CC(=C2)OC3=CC=CC=C3		0		https://envipath.org/package/5882df9c-dae1-4d80-a40e-db4724271456/pathway/6b9eba9e-cbb6-4e38-9257-6ccb6ee8377c	Lambda-Cythalothrin
https://envipath.org/package/5882df9c-dae1-4d80-a40e-db4724271456/compound/2fc78d4a-7958-4af5-87d4-bcc2f9b6c9ab/structure/f8bb3b76-d463-49b5-b7de-7c5783f98e0c	3-PBAc	C1=CC=C(C=C1)OC2=CC(=CC=C2)C(=O)O		1	CC1(C)C(/C=C(/C(F)(F)F)\Cl)C1C(=O)OC(C#N)C2=CC=CC(=C2)OC3=CC=CC=C3	https://envipath.org/package/5882df9c-dae1-4d80-a40e-db4724271456/pathway/6b9eba9e-cbb6-4e38-9257-6ccb6ee8377c	Lambda-Cythalothrin
https://envipath.org/package/5882df9c-dae1-4d80-a40e-db4724271456/compound/a19ed9e2-bcc6-4f06-8323-02ee30270877/structure/34fa1a31-4c58-46a9-af56-4100ccdb31ff	R173948	CC1(CO)C(/C=C(/C(F)(F)F)\Cl)C1C(=O)O		2	CC1(C)C(/C=C(/C(F)(F)F)\Cl)C1C(=O)O	https://envipath.org/package/5882df9c-dae1-4d80-a40e-db4724271456/pathway/6b9eba9e-cbb6-4e38-9257-6ccb6ee8377c	Lambda-Cythalothrin
https://envipath.org/package/5882df9c-dae1-4d80-a40e-db4724271456/compound/c6e725d8-fc90-45fc-b962-50ba569391f0/structure/a1245dd5-fc2d-417f-866f-668628d52d0b	Cyhalothrin amide	CC1(C)C(/C=C(/C(F)(F)F)\Cl)C1C(=O)OC(C2=CC=CC(=C2)OC3=CC=CC=C3)C(=O)N		1	CC1(C)C(/C=C(/C(F)(F)F)\Cl)C1C(=O)OC(C#N)C2=CC=CC(=C2)OC3=CC=CC=C3	https://envipath.org/package/5882df9c-dae1-4d80-a40e-db4724271456/pathway/6b9eba9e-cbb6-4e38-9257-6ccb6ee8377c	Lambda-Cythalothrin
https://envipath.org/package/5882df9c-dae1-4d80-a40e-db4724271456/compound/444f6ebd-a7d6-492a-a24c-6793edee5a1e/structure/af7eaca5-a6c1-49b8-a6c4-7fbc6ef83b17	Unknown Polar 3	C1CC(=C(C1)OS(=O)(=O)O)C(=O)NC(=O)N		3	C1CCC(CC1)N2C(=O)C3=C(CCC3OS(=O)(=O)O)NC2=O	https://envipath.org/package/5882df9c-dae1-4d80-a40e-db4724271456/pathway/92e748cc-db5f-44dc-be1d-e4184bbd833e	Lenacil
https://envipath.org/package/5882df9c-dae1-4d80-a40e-db4724271456/compound/78f9b066-06a6-4cf4-9731-cb9b0af4ba12/structure/76358758-ea26-498f-849b-9318343c5806	Lenacil	C1CCC(CC1)N2C(=O)C3=C(CCC3)NC2=O		0		https://envipath.org/package/5882df9c-dae1-4d80-a40e-db4724271456/pathway/92e748cc-db5f-44dc-be1d-e4184bbd833e	Lenacil
https://envipath.org/package/5882df9c-dae1-4d80-a40e-db4724271456/compound/b259224f-7c0b-4a86-824f-6845cab8f858/structure/a6408942-a0e2-483d-814d-96e4b62f11fc	M20.5 (IN-KF313)	C1CCC(CC1)N2C(=O)C3=C(CCC3=O)NC2=O		2	C1CCC(CC1)N2C(=O)C3=C(CCC3O)NC2=O	https://envipath.org/package/5882df9c-dae1-4d80-a40e-db4724271456/pathway/92e748cc-db5f-44dc-be1d-e4184bbd833e	Lenacil
https://envipath.org/package/5882df9c-dae1-4d80-a40e-db4724271456/compound/784fa69c-6296-4d56-946b-bf39e605692b/structure/78e651f0-ee67-46f4-a43e-9899c7126e55	Hydroxy-Lenacil	C1CCC(CC1)N2C(=O)C3=C(CCC3O)NC2=O	minor	1	C1CCC(CC1)N2C(=O)C3=C(CCC3)NC2=O	https://envipath.org/package/5882df9c-dae1-4d80-a40e-db4724271456/pathway/92e748cc-db5f-44dc-be1d-e4184bbd833e	Lenacil
https://envipath.org/package/5882df9c-dae1-4d80-a40e-db4724271456/compound/25ae67d3-f988-4e20-972b-c9909cbd60cd/structure/dd8ff3aa-9602-4432-a950-62511f923931	Proposed polar metabolite 3	C1CC(C(=C1N)C(=O)O)O	minor	4	C1CC(C(=C1NC(=O)N)C(=O)O)O	https://envipath.org/package/5882df9c-dae1-4d80-a40e-db4724271456/pathway/92e748cc-db5f-44dc-be1d-e4184bbd833e	Lenacil
https://envipath.org/package/5882df9c-dae1-4d80-a40e-db4724271456/compound/0b694787-1cec-4605-8a83-33a81f9df2a1/structure/63bd4dda-d3c1-48cc-9af5-d358d3701222	Sulfuric acid-Lenacil	C1CCC(CC1)N2C(=O)C3=C(CCC3OS(=O)(=O)O)NC2=O	minor	2	C1CCC(CC1)N2C(=O)C3=C(CCC3O)NC2=O	https://envipath.org/package/5882df9c-dae1-4d80-a40e-db4724271456/pathway/92e748cc-db5f-44dc-be1d-e4184bbd833e	Lenacil
https://envipath.org/package/5882df9c-dae1-4d80-a40e-db4724271456/compound/be5d9659-482e-4ea5-b17e-fc2b0ffccc58/structure/68be5103-cc2c-4f40-aff2-8dcc61c2da07	[Pentanedioic acid]	C(CC(=O)O)CC(=O)O	minor	4	C1CCC(CC1)N2C(=O)C(C(=O)NC2=O)C(=O)O	https://envipath.org/package/5882df9c-dae1-4d80-a40e-db4724271456/pathway/92e748cc-db5f-44dc-be1d-e4184bbd833e	Lenacil
https://envipath.org/package/5882df9c-dae1-4d80-a40e-db4724271456/compound/b3bc4a7b-6cc5-4d11-8b64-8ee9b4f52bc8/structure/d25000a4-15f7-40be-aa51-a411c54b747a	Proposed polar metabolite 2	C1CC(C(=C1NC(=O)N)C(=O)O)O	minor	3	C1CC(C2=C1NC(=O)NC2=O)O	https://envipath.org/package/5882df9c-dae1-4d80-a40e-db4724271456/pathway/92e748cc-db5f-44dc-be1d-e4184bbd833e	Lenacil
https://envipath.org/package/5882df9c-dae1-4d80-a40e-db4724271456/compound/d90af8c8-f363-4006-a072-288a00d70dcc/structure/d931a914-4efc-41de-a8a9-e3bec8bb7e64	IN-KD304	C1CC2=C(C1)NC(=O)N(C3CCC(CC3)O)C2=O		1	C1CCC(CC1)N2C(=O)C3=C(CCC3)NC2=O	https://envipath.org/package/5882df9c-dae1-4d80-a40e-db4724271456/pathway/92e748cc-db5f-44dc-be1d-e4184bbd833e	Lenacil
https://envipath.org/package/5882df9c-dae1-4d80-a40e-db4724271456/compound/4ddc6ff8-76c4-4b63-8bb8-b0fbb4b671ce/structure/b77781ad-c2ef-496f-b5f0-9bf7c2fb7018	IN-KD302	C1CCC(CC1)N2C(=O)C3=C(C(=O)CC3)NC2=O		-99		https://envipath.org/package/5882df9c-dae1-4d80-a40e-db4724271456/pathway/92e748cc-db5f-44dc-be1d-e4184bbd833e	Lenacil
https://envipath.org/package/5882df9c-dae1-4d80-a40e-db4724271456/compound/a7453e13-726b-4781-997a-98bc4a0c3ea4/structure/fa953209-eef7-4fd1-9079-3379d8c1cc62	N-Cyclohexylurea	C1CCC(CC1)NC(=O)N	minor	4	C1CCC(CC1)N2C(=O)C(C(=O)NC2=O)C(=O)O	https://envipath.org/package/5882df9c-dae1-4d80-a40e-db4724271456/pathway/92e748cc-db5f-44dc-be1d-e4184bbd833e	Lenacil
https://envipath.org/package/5882df9c-dae1-4d80-a40e-db4724271456/compound/682db1e3-7a08-40ab-8fa2-a68c4a9c4c59/structure/312b8043-9805-44fe-b8e4-3b8553f6eb9e	descyclohexene-hydroxy-Lenacil	C1CC(C2=C1NC(=O)NC2=O)O	minor	2	C1CCC(CC1)N2C(=O)C3=C(CCC3O)NC2=O	https://envipath.org/package/5882df9c-dae1-4d80-a40e-db4724271456/pathway/92e748cc-db5f-44dc-be1d-e4184bbd833e	Lenacil
https://envipath.org/package/5882df9c-dae1-4d80-a40e-db4724271456/compound/70d0ea79-82d9-4b76-b50b-aa6db3ae0d15/structure/0d5c445b-5c14-4f8d-bf54-fbb83bf725fc	Proposed polar metabolite 1	C1CCC(CC1)N2C(=O)C(C(=O)NC2=O)C(=O)O	minor	3	C1CC2=C(C1)NC(=O)N(C3CCC(=O)CC3)C2=O	https://envipath.org/package/5882df9c-dae1-4d80-a40e-db4724271456/pathway/92e748cc-db5f-44dc-be1d-e4184bbd833e	Lenacil
https://envipath.org/package/5882df9c-dae1-4d80-a40e-db4724271456/compound/702e526f-6e5b-4645-90b2-65e2ec66c5db/structure/e1909521-cd28-45c9-82dc-723736dadd10	IN-KE 121	C1CC2=C(C1)NC(=O)N(C3CCC(=O)CC3)C2=O		2	C1CC2=C(C1)NC(=O)N(C3CCC(CC3)O)C2=O	https://envipath.org/package/5882df9c-dae1-4d80-a40e-db4724271456/pathway/92e748cc-db5f-44dc-be1d-e4184bbd833e	Lenacil
https://envipath.org/package/5882df9c-dae1-4d80-a40e-db4724271456/compound/b21e035d-5336-41ee-9ac6-5a0e48c125b1/structure/f5b7981b-1ce8-494c-ae25-2a6743c476bc	DCPMU	CNC(=O)NC1=CC=C(C(=C1)Cl)Cl	major	1	CN(C(=O)NC1=CC=C(C(=C1)Cl)Cl)OC	https://envipath.org/package/5882df9c-dae1-4d80-a40e-db4724271456/pathway/bbdfba2b-69f3-4202-bc9f-3ad945d9bef6	Linuron
https://envipath.org/package/5882df9c-dae1-4d80-a40e-db4724271456/compound/b8a6cb19-8517-4052-8404-a29474dd07d1/structure/543af1b5-0d10-40a4-9323-a68ee5ef206f	DCPU	C1=C(C=C(C(=C1)Cl)Cl)NC(=O)N	minor	2	CONC(=O)NC1=CC=C(C(=C1)Cl)Cl	https://envipath.org/package/5882df9c-dae1-4d80-a40e-db4724271456/pathway/bbdfba2b-69f3-4202-bc9f-3ad945d9bef6	Linuron
https://envipath.org/package/5882df9c-dae1-4d80-a40e-db4724271456/compound/d1971ac0-a0f8-4ee9-9b32-760b1d13c7cb/structure/2e2eaa70-539b-4b70-9d31-2036f7246b0a	Linuron	CN(C(=O)NC1=CC=C(C(=C1)Cl)Cl)OC		0		https://envipath.org/package/5882df9c-dae1-4d80-a40e-db4724271456/pathway/bbdfba2b-69f3-4202-bc9f-3ad945d9bef6	Linuron
https://envipath.org/package/5882df9c-dae1-4d80-a40e-db4724271456/compound/8fcdf2ec-f9ff-4b48-9b8b-11993b501a0d/structure/6a1b1f4d-c8bc-493c-912a-b9a20b943cb2	Desmethyl-linuron 	CONC(=O)NC1=CC=C(C(=C1)Cl)Cl	minor	1	CN(C(=O)NC1=CC=C(C(=C1)Cl)Cl)OC	https://envipath.org/package/5882df9c-dae1-4d80-a40e-db4724271456/pathway/bbdfba2b-69f3-4202-bc9f-3ad945d9bef6	Linuron
https://envipath.org/package/5882df9c-dae1-4d80-a40e-db4724271456/compound/74ae9afd-c0b6-45fd-8a8c-bc1e63caff9e/structure/0926769b-2ebb-4827-a1a1-f8fdf0177b3e	CGA 149772	C1=CC(=C(C(=C1)F)C(=O)N)F	minor	1	C1=CC(=C(C(=C1)F)C(=O)NC(=O)NC2=CC(=C(C=C2Cl)OC(C(C(F)(F)F)F)(F)F)Cl)F	https://envipath.org/package/5882df9c-dae1-4d80-a40e-db4724271456/pathway/96453fdb-10e9-436b-b70e-ded2c84e04d3	Lufenuron (CGA 184699)
https://envipath.org/package/5882df9c-dae1-4d80-a40e-db4724271456/compound/f4b6bb95-9f6f-41d3-99cc-48b551973cb2/structure/b5eecd8f-bb6a-4d1b-b9c4-7f1556224cd7	CGA 238277	C1=C(C(=CC(=C1Cl)OC(C(C(F)(F)F)F)(F)F)Cl)NC(=O)N		1	C1=CC(=C(C(=C1)F)C(=O)NC(=O)NC2=CC(=C(C=C2Cl)OC(C(C(F)(F)F)F)(F)F)Cl)F	https://envipath.org/package/5882df9c-dae1-4d80-a40e-db4724271456/pathway/96453fdb-10e9-436b-b70e-ded2c84e04d3	Lufenuron (CGA 184699)
https://envipath.org/package/5882df9c-dae1-4d80-a40e-db4724271456/compound/813d60d6-1357-4716-8b39-215dc394f900/structure/0538aa36-7e9c-48e0-aff3-9eb794989d4f	Lufenuron (CGA 184699)	C1=CC(=C(C(=C1)F)C(=O)NC(=O)NC2=CC(=C(C=C2Cl)OC(C(C(F)(F)F)F)(F)F)Cl)F		0		https://envipath.org/package/5882df9c-dae1-4d80-a40e-db4724271456/pathway/96453fdb-10e9-436b-b70e-ded2c84e04d3	Lufenuron (CGA 184699)
https://envipath.org/package/5882df9c-dae1-4d80-a40e-db4724271456/compound/cb1e1c05-1456-4ac9-8c1d-7c6484f4e8b6/structure/9b9af7e3-af84-4836-b0af-c5f00af03864	CGA 224443	C1=C(C(=CC(=C1Cl)OC(C(C(F)(F)F)F)(F)F)Cl)N		2	C1=C(C(=CC(=C1Cl)OC(C(C(F)(F)F)F)(F)F)Cl)NC(=O)N	https://envipath.org/package/5882df9c-dae1-4d80-a40e-db4724271456/pathway/96453fdb-10e9-436b-b70e-ded2c84e04d3	Lufenuron (CGA 184699)
https://envipath.org/package/5882df9c-dae1-4d80-a40e-db4724271456/compound/648240b4-1dae-4e90-bce5-8b24ad10c52d/structure/b745eef3-9a66-46fe-9940-b9d83c6102d4	CGA 149776	C1=CC(=C(C(=C1)F)C(=O)O)F	minor	2	C1=CC(=C(C(=C1)F)C(=O)N)F	https://envipath.org/package/5882df9c-dae1-4d80-a40e-db4724271456/pathway/96453fdb-10e9-436b-b70e-ded2c84e04d3	Lufenuron (CGA 184699)
https://envipath.org/package/5882df9c-dae1-4d80-a40e-db4724271456/compound/214c5180-d6be-483b-8c66-47ce8f5abeb1/structure/101bcf23-7d50-4bf8-80c4-e9e3e6f85a57	Malathion	CCOC(=O)CC(C(=O)OCC)SP(=S)(OC)OC		0		https://envipath.org/package/5882df9c-dae1-4d80-a40e-db4724271456/pathway/e916a401-2242-428d-8b24-ef8648ce77cc	Malathion
https://envipath.org/package/5882df9c-dae1-4d80-a40e-db4724271456/compound/12e67096-92d8-42df-a544-0cd442684867/structure/6d561df4-767a-49ba-b943-c96f89e6a8d2	lactic acid 	CC(C(=O)O)O		4	C(C(C(=O)O)O)C(=O)O	https://envipath.org/package/5882df9c-dae1-4d80-a40e-db4724271456/pathway/e916a401-2242-428d-8b24-ef8648ce77cc	Malathion
https://envipath.org/package/5882df9c-dae1-4d80-a40e-db4724271456/compound/3d351cc4-5948-4447-9d69-7089d84d1c3b/structure/7b6f826a-3411-44df-a6d6-7685e1fa750f	Malathion dicarboxylic acid (MDCA)	COP(=S)(OC)SC(CC(=O)O)C(=O)O		2	CCOC(=O)CC(C(=O)O)SP(=S)(OC)OC	https://envipath.org/package/5882df9c-dae1-4d80-a40e-db4724271456/pathway/e916a401-2242-428d-8b24-ef8648ce77cc	Malathion
https://envipath.org/package/5882df9c-dae1-4d80-a40e-db4724271456/compound/98bd3c44-0b7c-4ba9-bd90-2fab6c0b74ae/structure/38de1515-7c10-4301-a69f-95eb0080b9f5	malic acid	C(C(C(=O)O)O)C(=O)O		3	COP(=S)(OC)SC(CC(=O)O)C(=O)O	https://envipath.org/package/5882df9c-dae1-4d80-a40e-db4724271456/pathway/e916a401-2242-428d-8b24-ef8648ce77cc	Malathion
https://envipath.org/package/5882df9c-dae1-4d80-a40e-db4724271456/compound/1e54fd07-6e4d-44b8-a3b1-2bdbcf726e9f/structure/2b19f559-42e6-407e-b054-f06a02422af4	Malathion monocarboxylic acid (MMCA)	CCOC(=O)CC(C(=O)O)SP(=S)(OC)OC		1	CCOC(=O)CC(C(=O)OCC)SP(=S)(OC)OC	https://envipath.org/package/5882df9c-dae1-4d80-a40e-db4724271456/pathway/e916a401-2242-428d-8b24-ef8648ce77cc	Malathion
https://envipath.org/package/5882df9c-dae1-4d80-a40e-db4724271456/compound/9c138683-030a-48c1-9f0d-59d89cf96607/structure/71174a48-1afa-4ba1-8d02-d091ecf7fb18	Malaoxon	CCOC(=O)CC(C(=O)OCC)SP(=O)(OC)OC		-99		https://envipath.org/package/5882df9c-dae1-4d80-a40e-db4724271456/pathway/e916a401-2242-428d-8b24-ef8648ce77cc	Malathion
https://envipath.org/package/5882df9c-dae1-4d80-a40e-db4724271456/compound/6377658b-03f6-4fed-a5bf-ff0f2389b693/structure/b0aaffe5-2a0e-4e23-a428-207bcf7ec31c	[butanedioic acid]	C(CC(=O)O)C(=O)O		2	C(=C/C(=O)O)/C(=O)O	https://envipath.org/package/5882df9c-dae1-4d80-a40e-db4724271456/pathway/8997f0b0-21d8-49ff-b156-ef1a43b31f66	Maleic hydrazide
https://envipath.org/package/5882df9c-dae1-4d80-a40e-db4724271456/compound/0f8f656c-a700-42bf-ae71-2b8bb706be18/structure/90daa86e-91b6-476c-9356-36ef88b336e3	Maleic acid	C(=C/C(=O)O)/C(=O)O	minor	1	C1=CC(=NNC1=O)O	https://envipath.org/package/5882df9c-dae1-4d80-a40e-db4724271456/pathway/8997f0b0-21d8-49ff-b156-ef1a43b31f66	Maleic hydrazide
https://envipath.org/package/5882df9c-dae1-4d80-a40e-db4724271456/compound/ddf3bbf4-13aa-44eb-9a0c-e9c067b16012/structure/9c36592b-1ff2-4e13-8eac-9b31018f83c3	Maleic hydrazide	C1=CC(=NNC1=O)O		0		https://envipath.org/package/5882df9c-dae1-4d80-a40e-db4724271456/pathway/8997f0b0-21d8-49ff-b156-ef1a43b31f66	Maleic hydrazide
https://envipath.org/package/5882df9c-dae1-4d80-a40e-db4724271456/compound/a2f1b22a-403f-4cb8-97bc-bba3079b1aa4/structure/087ca42f-52e2-4c85-8fb5-de1a4c374c6c	Maleimide	C1=CC(=O)NC1=O	minor	1	C1=CC(=NNC1=O)O	https://envipath.org/package/5882df9c-dae1-4d80-a40e-db4724271456/pathway/8997f0b0-21d8-49ff-b156-ef1a43b31f66	Maleic hydrazide
https://envipath.org/package/5882df9c-dae1-4d80-a40e-db4724271456/compound/1fd25ba0-6559-4cac-96e8-644d2c5e4391/structure/d9f7fb90-0f88-4cab-954b-947a773a3d0f	MCBX	CC1=CC=C(C)C(=C1)OCC2=C(C=CC=C2)[C@H](C(=O)NC)O		1	CC1=CC=C(C)C(=C1)OCC2=C(C=CC=C2)C(C(=O)NC)OC	https://envipath.org/package/5882df9c-dae1-4d80-a40e-db4724271456/pathway/1a3e6bca-fc9a-4187-8f9b-cea0dadb9838	Mandestrobin
https://envipath.org/package/5882df9c-dae1-4d80-a40e-db4724271456/compound/d2aedd24-8988-4405-bfa8-d78eb784e7bc/structure/10ea382e-aaf6-47b3-9f93-4f5f6a06e6d1	DX-CA-S-2200	CNC(=O)C(C1=C(C=CC=C1)C(=O)O)OC		2	CNC(=O)C(C1=C(C=CC=C1)CO)OC	https://envipath.org/package/5882df9c-dae1-4d80-a40e-db4724271456/pathway/1a3e6bca-fc9a-4187-8f9b-cea0dadb9838	Mandestrobin
https://envipath.org/package/5882df9c-dae1-4d80-a40e-db4724271456/compound/ec0e3e05-a3b0-4eff-b623-6098b958fb9b/structure/6865a27d-c83e-447a-9496-1aeb07062f12	De-Xy-S-2200	CNC(=O)C(C1=C(C=CC=C1)CO)OC	major	1	CC1=CC=C(C(=C1)OCC2=C(C=CC=C2)C(C(=O)NC)OC)C(=O)O	https://envipath.org/package/5882df9c-dae1-4d80-a40e-db4724271456/pathway/1a3e6bca-fc9a-4187-8f9b-cea0dadb9838	Mandestrobin
https://envipath.org/package/5882df9c-dae1-4d80-a40e-db4724271456/compound/1d7032d1-f686-40a5-b8e5-6fa245c8d17f/structure/c8f270f4-53b1-48e5-ba36-3d78d77a20f3	S-2167	CC1=CC=C(C)C(=C1)OCC2=C(C=CC=C2)[C@H](C(=O)NC)OC		-99		https://envipath.org/package/5882df9c-dae1-4d80-a40e-db4724271456/pathway/1a3e6bca-fc9a-4187-8f9b-cea0dadb9838	Mandestrobin
https://envipath.org/package/5882df9c-dae1-4d80-a40e-db4724271456/compound/a47f6ce9-0ca0-4a48-8e56-a9bd274d1776/structure/a04318a4-87fc-40c9-aad0-2e1bc90d1d33	5-COOH-S-2200	CC1=CC=C(C=C1OCC2=C(C=CC=C2)C(C(=O)NC)OC)C(=O)O		1	CC1=CC=C(C)C(=C1)OCC2=C(C=CC=C2)C(C(=O)NC)OC	https://envipath.org/package/5882df9c-dae1-4d80-a40e-db4724271456/pathway/1a3e6bca-fc9a-4187-8f9b-cea0dadb9838	Mandestrobin
https://envipath.org/package/5882df9c-dae1-4d80-a40e-db4724271456/compound/51a2c593-b284-4a84-a2bb-1df5cfd2f7db/structure/0f2e508c-ac01-4d00-95bc-738783579e22	Mandestrobin	CC1=CC=C(C)C(=C1)OCC2=C(C=CC=C2)C(C(=O)NC)OC		0		https://envipath.org/package/5882df9c-dae1-4d80-a40e-db4724271456/pathway/1a3e6bca-fc9a-4187-8f9b-cea0dadb9838	Mandestrobin
https://envipath.org/package/5882df9c-dae1-4d80-a40e-db4724271456/compound/b3e44978-7e5f-4b8d-b5b7-06bac12ca58a/structure/12b97410-134c-48a0-9d3a-1a66bf90289c	S-2354	CC1=CC=C(C)C(=C1)OCC2=C(C=CC=C2)[C@@H](C(=O)NC)OC		-99		https://envipath.org/package/5882df9c-dae1-4d80-a40e-db4724271456/pathway/1a3e6bca-fc9a-4187-8f9b-cea0dadb9838	Mandestrobin
https://envipath.org/package/5882df9c-dae1-4d80-a40e-db4724271456/compound/34b64ed3-21ae-4ed9-aca1-ea53918bbaaa/structure/0dfb2e56-2aa3-4f3a-8f4a-f081638df5ed	2-COOH-S-2200	CC1=CC=C(C(=C1)OCC2=C(C=CC=C2)C(C(=O)NC)OC)C(=O)O		1	CC1=CC=C(C)C(=C1)OCC2=C(C=CC=C2)C(C(=O)NC)OC	https://envipath.org/package/5882df9c-dae1-4d80-a40e-db4724271456/pathway/1a3e6bca-fc9a-4187-8f9b-cea0dadb9838	Mandestrobin
https://envipath.org/package/5882df9c-dae1-4d80-a40e-db4724271456/compound/cd5f30cd-970b-4eff-962e-973b84f26084/structure/9a63c825-eef7-47ce-bc63-0b888dd17cfe	NOA 459119	C1=C(C=CC(=C1)Cl)C(C(=O)O)O		2	C#CCOC1=CC=C(CCNC(=O)C(C2=CC=C(C=C2)Cl)O)C=C1OC	https://envipath.org/package/5882df9c-dae1-4d80-a40e-db4724271456/pathway/26c2c6f5-8c65-4c3a-88b3-0504e9d675ae	Mandipropamid
https://envipath.org/package/5882df9c-dae1-4d80-a40e-db4724271456/compound/de333013-b7be-418d-a28e-6caffb474ff4/structure/dbadaebb-883f-473d-baf7-5e237332a7e9	SYN521195	C#CCOC1=CC=C(CCNC(=O)C(C2=CC=C(C=C2)Cl)OCC#C)C=C1O		1	C#CCOC1=CC=C(CCNC(=O)C(C2=CC=C(C=C2)Cl)OCC#C)C=C1OC	https://envipath.org/package/5882df9c-dae1-4d80-a40e-db4724271456/pathway/26c2c6f5-8c65-4c3a-88b3-0504e9d675ae	Mandipropamid
https://envipath.org/package/5882df9c-dae1-4d80-a40e-db4724271456/compound/fcfdb834-58a5-46d6-919b-8652a01d961d/structure/bbc92cd9-5437-4453-9084-614828185439	SYN 536638	COC1C(OCC=C)=CC=C(CCNC(C(C2C=CC(Cl)=CC=2)OCC#C)=O)C=1		1	C#CCOC1=CC=C(CCNC(=O)C(C2=CC=C(C=C2)Cl)OCC#C)C=C1OC	https://envipath.org/package/5882df9c-dae1-4d80-a40e-db4724271456/pathway/26c2c6f5-8c65-4c3a-88b3-0504e9d675ae	Mandipropamid
https://envipath.org/package/5882df9c-dae1-4d80-a40e-db4724271456/compound/eca8f3fa-bb78-49fa-bc19-4c5c0007a59b/structure/c9582406-2e19-4683-9c23-422e6b9c9fa3	CGA 380778	C#CCOC1=CC=C(CCNC(=O)C(C2=CC=C(C=C2)Cl)O)C=C1OC		1	C#CCOC1=CC=C(CCNC(=O)C(C2=CC=C(C=C2)Cl)OCC#C)C=C1OC	https://envipath.org/package/5882df9c-dae1-4d80-a40e-db4724271456/pathway/26c2c6f5-8c65-4c3a-88b3-0504e9d675ae	Mandipropamid
https://envipath.org/package/5882df9c-dae1-4d80-a40e-db4724271456/compound/3131b1e5-ac02-4f21-aac5-42b41cdd5142/structure/77245652-88ec-4c76-ace6-2c4a0a039704	NOA 458422	COC1=CC(CCNC(=O)C(OCC#C)C2=CC=C(Cl)C=C2)=CC=C1O		1	C#CCOC1=CC=C(CCNC(=O)C(C2=CC=C(C=C2)Cl)OCC#C)C=C1OC	https://envipath.org/package/5882df9c-dae1-4d80-a40e-db4724271456/pathway/26c2c6f5-8c65-4c3a-88b3-0504e9d675ae	Mandipropamid
https://envipath.org/package/5882df9c-dae1-4d80-a40e-db4724271456/compound/980bbc5e-f73d-45bd-95a4-0de274a673e6/structure/d12bae1e-005b-45aa-ab24-2d4be630c420	Mandipropamid	C#CCOC1=CC=C(CCNC(=O)C(C2=CC=C(C=C2)Cl)OCC#C)C=C1OC		0		https://envipath.org/package/5882df9c-dae1-4d80-a40e-db4724271456/pathway/26c2c6f5-8c65-4c3a-88b3-0504e9d675ae	Mandipropamid
https://envipath.org/package/5882df9c-dae1-4d80-a40e-db4724271456/compound/a5a54714-294f-421d-a9fd-a83f0156bad9/structure/2c868e3d-9c13-465e-aad5-102322821a95	CGA 380775	COC1=CC(=CC=C1O)CCNC(=O)C(C2=CC=C(C=C2)Cl)O		2	C#CCOC(C1=CC=C(C=C1)Cl)C(=O)NCCC2=CC=C(C(=C2)OC)OCCCO	https://envipath.org/package/5882df9c-dae1-4d80-a40e-db4724271456/pathway/26c2c6f5-8c65-4c3a-88b3-0504e9d675ae	Mandipropamid
https://envipath.org/package/5882df9c-dae1-4d80-a40e-db4724271456/compound/52b823d3-58ab-4882-8797-dfbe657b9d43/structure/4923db52-1ea8-4c58-a7cd-79fc4ba1daff	SYN 505503	OC1=CC=C(CCNC(=O)C(OCC#C)C2=CC=C(Cl)C=C2)C=C1O		2	COC1C(OCC=C)=CC=C(CCNC(C(C2C=CC(Cl)=CC=2)OCC#C)=O)C=1	https://envipath.org/package/5882df9c-dae1-4d80-a40e-db4724271456/pathway/26c2c6f5-8c65-4c3a-88b3-0504e9d675ae	Mandipropamid
https://envipath.org/package/5882df9c-dae1-4d80-a40e-db4724271456/compound/e23934a0-4d42-4051-83fb-59864ff67ca1/structure/90616071-71e6-4bb1-b74c-e98ae67e1002	U7	C#CCOC(C1=CC=C(C=C1)Cl)C(=O)NCCC2=CC=C(C(=C2)OC)OCCCO		2	COC1C(OCC=C)=CC=C(CCNC(C(C2C=CC(Cl)=CC=2)OCC#C)=O)C=1	https://envipath.org/package/5882df9c-dae1-4d80-a40e-db4724271456/pathway/26c2c6f5-8c65-4c3a-88b3-0504e9d675ae	Mandipropamid
https://envipath.org/package/5882df9c-dae1-4d80-a40e-db4724271456/compound/6297644a-fd7b-46c7-95f4-5472cba01c05/structure/e28ffcdb-5bf1-48b3-b372-162d198b845e	SYN 500003	OC(=O)C(OCC#C)C1=CC=C(Cl)C=C1		2	COC1=CC(CCNC(=O)C(OCC#C)C2=CC=C(Cl)C=C2)=CC=C1O	https://envipath.org/package/5882df9c-dae1-4d80-a40e-db4724271456/pathway/26c2c6f5-8c65-4c3a-88b3-0504e9d675ae	Mandipropamid
https://envipath.org/package/5882df9c-dae1-4d80-a40e-db4724271456/compound/35c7c235-13c0-4a32-9974-eebd3cdc25f5/structure/397e09d6-f81e-48e4-a2aa-6ce940e930b4	U8	COC1C(OC/C=C/O)=CC=C(CCNC(C(C2C=CC(Cl)=CC=2)OCC#C)=O)C=1		1	C#CCOC1=CC=C(CCNC(=O)C(C2=CC=C(C=C2)Cl)OCC#C)C=C1OC	https://envipath.org/package/5882df9c-dae1-4d80-a40e-db4724271456/pathway/26c2c6f5-8c65-4c3a-88b3-0504e9d675ae	Mandipropamid
https://envipath.org/package/5882df9c-dae1-4d80-a40e-db4724271456/compound/04e8cf3f-40b4-4c11-a8ff-e681976dae9b/structure/9947085c-b545-4735-9b63-eeffd7205366	4-OH mepiquat-chloride	C[N+]1(C)CCC(CC1)O.[Cl-]		1	C[N+]1(C)CCCCC1.[Cl-]	https://envipath.org/package/5882df9c-dae1-4d80-a40e-db4724271456/pathway/5bca09f5-2741-4609-bba3-69955a4e2271	Mepiquat
https://envipath.org/package/5882df9c-dae1-4d80-a40e-db4724271456/compound/f6ac95fc-aa04-4305-9c36-b141273154ad/structure/b5c94b44-8ed8-4fd7-8191-61494e487f99	Mepiquat	C[N+]1(C)CCCCC1.[Cl-]		0		https://envipath.org/package/5882df9c-dae1-4d80-a40e-db4724271456/pathway/5bca09f5-2741-4609-bba3-69955a4e2271	Mepiquat
https://envipath.org/package/5882df9c-dae1-4d80-a40e-db4724271456/compound/2f9df718-72df-4f55-8c6b-757e85cb91f6/structure/51bf0391-ac09-46ff-aa68-a6cb3f6b2ae7	Meptyldinocap (2,4-DNOPC)	CCCCCCC(C1C(OC(/C=C/C)=O)=C([N+](=O)[O-])C=C([N+]([O-])=O)C=1)C		0		https://envipath.org/package/5882df9c-dae1-4d80-a40e-db4724271456/pathway/a3bbef91-5a99-4888-8d30-17b834fd81ac	Meptyldinocap (2,4-DNOPC)
https://envipath.org/package/5882df9c-dae1-4d80-a40e-db4724271456/compound/9ca92cf8-0794-4aca-84d1-83b530e38922/structure/e4fc1796-2881-4bdf-9776-e42e586e135d	2,4-DNOP	CCCCCCC(C1C(O)=C([N+]([O-])=O)C=C([N+]([O-])=O)C=1)C		1	CCCCCCC(C1C(OC(/C=C/C)=O)=C([N+](=O)[O-])C=C([N+]([O-])=O)C=1)C	https://envipath.org/package/5882df9c-dae1-4d80-a40e-db4724271456/pathway/a3bbef91-5a99-4888-8d30-17b834fd81ac	Meptyldinocap (2,4-DNOPC)
https://envipath.org/package/5882df9c-dae1-4d80-a40e-db4724271456/compound/6358408d-2559-4ec1-ab03-3e83eeb5e54e/structure/46fd611f-3642-4579-b877-fb0497ef8b86	S13 (2-amino-4,6-dimethoxypyrimidine)	COC1=NC(=NC(=C1)OC)N	major	3	COC1=NC(=NC(=C1)OC)NC(=O)N	https://envipath.org/package/5882df9c-dae1-4d80-a40e-db4724271456/pathway/e59e2238-de34-4358-bd86-d80e18fa7757	Mesosulfuron
https://envipath.org/package/5882df9c-dae1-4d80-a40e-db4724271456/compound/659aef4b-3df7-4cfc-8197-876cfe42a094/structure/f176a644-ad34-4baa-9b21-7bab9bb6908e	Mesosulfuron	COC1=NC(=NC(=C1)OC)NC(=O)NS(=O)(=O)C2=CC(=CC=C2C(=O)OC)CNS(=O)(=O)C		0		https://envipath.org/package/5882df9c-dae1-4d80-a40e-db4724271456/pathway/e59e2238-de34-4358-bd86-d80e18fa7757	Mesosulfuron
https://envipath.org/package/5882df9c-dae1-4d80-a40e-db4724271456/compound/3482836b-67ba-48c7-a84e-e7dc247fd569/structure/46df6589-c637-4cb3-b3c0-f8811c3aa019	Benzisothiazole (AE F147447)	CS(=O)(=O)NCC1=CC=C2C(=C1)S(=O)(=O)NC2=O	major	3	COC(=O)C1=CC=C(C=C1S(=O)(=O)N)CNS(=O)(=O)C	https://envipath.org/package/5882df9c-dae1-4d80-a40e-db4724271456/pathway/e59e2238-de34-4358-bd86-d80e18fa7757	Mesosulfuron
https://envipath.org/package/5882df9c-dae1-4d80-a40e-db4724271456/compound/2e9666fc-d306-4488-bdde-2dd6517e9e78/structure/82a75600-0dd9-44fa-b7e3-f3c8a86001b3	Ester Sulfonamide (AE F140584)	COC(=O)C1=CC=C(C=C1S(=O)(=O)N)CNS(=O)(=O)C	major	2	COC1=CC(=NC(=N1)NC(=O)NS(=O)(=O)C2=CC(=CC=C2C(=O)OC)CNS(=O)(=O)C)O	https://envipath.org/package/5882df9c-dae1-4d80-a40e-db4724271456/pathway/e59e2238-de34-4358-bd86-d80e18fa7757	Mesosulfuron
https://envipath.org/package/5882df9c-dae1-4d80-a40e-db4724271456/compound/3dd6b0b4-80f7-44cd-aa27-4dbe1bf8e14f/structure/345f18c1-117b-47e6-8b0d-870d796acdd2	S12 (N-(4,6-dimethoxypyrimidin-2-yl)urea	COC1=NC(=NC(=C1)OC)NC(=O)N	major	2	COC1=NC(=NC(=C1)OC)NC(=O)NS(=O)(=O)C2=CC(=CC=C2C(=O)O)CNS(=O)(=O)C	https://envipath.org/package/5882df9c-dae1-4d80-a40e-db4724271456/pathway/e59e2238-de34-4358-bd86-d80e18fa7757	Mesosulfuron
https://envipath.org/package/5882df9c-dae1-4d80-a40e-db4724271456/compound/9b2b3c73-c45c-4b73-bae7-e6e7e94c61e7/structure/4e77d3ca-7e8e-4028-a2f4-0c5c78bc7ca3	O-desmethyl Mesosulfuron (AE F160459)	COC1=CC(=NC(=N1)NC(=O)NS(=O)(=O)C2=CC(=CC=C2C(=O)OC)CNS(=O)(=O)C)O	major	1	COC1=NC(=NC(=C1)OC)NC(=O)NS(=O)(=O)C2=CC(=CC=C2C(=O)OC)CNS(=O)(=O)C	https://envipath.org/package/5882df9c-dae1-4d80-a40e-db4724271456/pathway/e59e2238-de34-4358-bd86-d80e18fa7757	Mesosulfuron
https://envipath.org/package/5882df9c-dae1-4d80-a40e-db4724271456/compound/1e64215d-3d98-4675-ad40-727afdcf60f9/structure/c557fbad-5a68-47cf-ab93-23e406981b8d	O-desmethyl Mesosulfuron acid (AE F160460)	COC1=CC(=NC(=N1)NC(=O)NS(=O)(=O)C2=CC(=CC=C2C(=O)O)CNS(=O)(=O)C)O	major	2	COC1=CC(=NC(=N1)NC(=O)NS(=O)(=O)C2=CC(=CC=C2C(=O)OC)CNS(=O)(=O)C)O	https://envipath.org/package/5882df9c-dae1-4d80-a40e-db4724271456/pathway/e59e2238-de34-4358-bd86-d80e18fa7757	Mesosulfuron
https://envipath.org/package/5882df9c-dae1-4d80-a40e-db4724271456/compound/030d4535-b561-4b58-a8ea-a2fbe44dd4b6/structure/3865d414-17f0-4a23-9d56-5027a1545262	Mesosulfuron acid (AE F154851)	COC1=NC(=NC(=C1)OC)NC(=O)NS(=O)(=O)C2=CC(=CC=C2C(=O)O)CNS(=O)(=O)C	major	1	COC1=NC(=NC(=C1)OC)NC(=O)NS(=O)(=O)C2=CC(=CC=C2C(=O)OC)CNS(=O)(=O)C	https://envipath.org/package/5882df9c-dae1-4d80-a40e-db4724271456/pathway/e59e2238-de34-4358-bd86-d80e18fa7757	Mesosulfuron
https://envipath.org/package/5882df9c-dae1-4d80-a40e-db4724271456/compound/0150d1a2-7d0d-46da-8b0d-94e0fc5f6267/structure/02fa5b8a-8373-4f17-83d1-5dc59f0931fe	Mesosulfuron-methyl-des-methyl-guanidine (BCS-CV14885)	CS(=O)(=O)NCC1=CC=C(C(=C1)S(=O)(=O)NC(=O)NC(=N)N)C(=O)O	minor	-99		https://envipath.org/package/5882df9c-dae1-4d80-a40e-db4724271456/pathway/e59e2238-de34-4358-bd86-d80e18fa7757	Mesosulfuron
https://envipath.org/package/5882df9c-dae1-4d80-a40e-db4724271456/compound/90539c5d-2948-433f-b439-c2f83c22544d/structure/c88bf2d6-b958-488c-8a04-85a87d3cc36e	Mesotrione	CS(=O)(=O)C1=CC=C(C(=C1)N(=O)=O)C(=O)C2C(=O)CCCC2=O		0		https://envipath.org/package/5882df9c-dae1-4d80-a40e-db4724271456/pathway/9aa9e1ae-f56b-43f4-9154-2cc03e6aa3e8	Mesotrione
https://envipath.org/package/5882df9c-dae1-4d80-a40e-db4724271456/compound/d996b60c-8ebb-455c-b403-396059be2f41/structure/6025d3fc-8d78-4c16-bc94-d00834e62fb6	MNBA	CS(=O)(=O)C1=CC=C(C(=C1)N(=O)=O)C(=O)O	major	1	CS(=O)(=O)C1=CC=C(C(=C1)N(=O)=O)C(=O)C2C(=O)CCCC2=O	https://envipath.org/package/5882df9c-dae1-4d80-a40e-db4724271456/pathway/9aa9e1ae-f56b-43f4-9154-2cc03e6aa3e8	Mesotrione
https://envipath.org/package/5882df9c-dae1-4d80-a40e-db4724271456/compound/dadbd26a-49d7-4127-80b5-37f15567b9b5/structure/7fd2f889-fcf1-422b-af56-d84dab00c77b	AMBA	CS(=O)(=O)C1=CC=C(C(=C1)N)C(=O)O	minor	2	CS(=O)(=O)C1=CC=C(C(=C1)N(=O)=O)C(=O)O	https://envipath.org/package/5882df9c-dae1-4d80-a40e-db4724271456/pathway/9aa9e1ae-f56b-43f4-9154-2cc03e6aa3e8	Mesotrione
https://envipath.org/package/5882df9c-dae1-4d80-a40e-db4724271456/compound/4c777536-8b5d-4a65-bc37-7be14df87154/structure/8059e90e-b472-4b40-b024-9637e83e289b	M320I23	C1=CC(=CC(=C1)C(F)(F)F)C2=NNC(=O)N(C3=CC=C(C=C3)OC(F)(F)F)C2(C4=CC=C(C=C4)C#N)O		2	C1=CC(=CC(=C1)C(=NNC(=O)NC2=CC=C(C=C2)OC(F)(F)F)C(C3=CC=C(C=C3)C#N)O)C(F)(F)F	https://envipath.org/package/5882df9c-dae1-4d80-a40e-db4724271456/pathway/bfd3ec49-62a1-4f32-9ad3-513c4eb983a4	Metaflumizone
https://envipath.org/package/5882df9c-dae1-4d80-a40e-db4724271456/compound/8db4d3d5-bed1-4cef-a3f7-19d1a38b546a/structure/bd30c0de-da19-44fa-881b-1918e829c7c4	M07 4-trifluoromethoxyaniline	C1=C(C=CC(=C1)OC(F)(F)F)N		2	C1=C(C=CC(=C1)OC(F)(F)F)NC(=O)NN	https://envipath.org/package/5882df9c-dae1-4d80-a40e-db4724271456/pathway/bfd3ec49-62a1-4f32-9ad3-513c4eb983a4	Metaflumizone
https://envipath.org/package/5882df9c-dae1-4d80-a40e-db4724271456/compound/d7b6d2f7-2a02-4a14-837d-d6a7028c08c1/structure/d8de96e5-f541-448f-b513-820167fecd5d	M320I04	C1=CC(=CC(=C1)C(=O)CC2=CC=C(C=C2)C#N)C(F)(F)F		1	C1=CC(=CC(=C1)/C(=N/N)/CC2=CC=C(C=C2)C#N)C(F)(F)F	https://envipath.org/package/5882df9c-dae1-4d80-a40e-db4724271456/pathway/bfd3ec49-62a1-4f32-9ad3-513c4eb983a4	Metaflumizone
https://envipath.org/package/5882df9c-dae1-4d80-a40e-db4724271456/compound/9623d477-91a1-4b83-90ed-7747a7a44fba/structure/b22d546c-5943-4229-ba37-c0504b1e3263	Metaflumizone	C1=CC(=CC(=C1)/C(=N\NC(=O)NC2=CC=C(C=C2)OC(F)(F)F)/CC3=CC=C(C=C3)C#N)C(F)(F)F		0		https://envipath.org/package/5882df9c-dae1-4d80-a40e-db4724271456/pathway/bfd3ec49-62a1-4f32-9ad3-513c4eb983a4	Metaflumizone
https://envipath.org/package/5882df9c-dae1-4d80-a40e-db4724271456/compound/1065d97d-4c80-4f3e-b76b-d11293148504/structure/dcba9130-573b-46a4-8170-aa03c66313ba	M320I08	C1=C(C=CC(=C1)OC(F)(F)F)NC(=O)NN		1	C1=CC(=CC(=C1)/C(=N\NC(=O)NC2=CC=C(C=C2)OC(F)(F)F)/CC3=CC=C(C=C3)C#N)C(F)(F)F	https://envipath.org/package/5882df9c-dae1-4d80-a40e-db4724271456/pathway/bfd3ec49-62a1-4f32-9ad3-513c4eb983a4	Metaflumizone
https://envipath.org/package/5882df9c-dae1-4d80-a40e-db4724271456/compound/27b40d55-f59c-4ef2-aaf3-e8861440b0b3/structure/0736c02d-b9ae-4e9f-8e61-ac1db847b608	M320I09	C1=CC(=CC(=C1)/C(=N/N)/CC2=CC=C(C=C2)C#N)C(F)(F)F		1	C1=CC(=CC(=C1)/C(=N\NC(=O)NC2=CC=C(C=C2)OC(F)(F)F)/CC3=CC=C(C=C3)C#N)C(F)(F)F	https://envipath.org/package/5882df9c-dae1-4d80-a40e-db4724271456/pathway/bfd3ec49-62a1-4f32-9ad3-513c4eb983a4	Metaflumizone
https://envipath.org/package/5882df9c-dae1-4d80-a40e-db4724271456/compound/61140bf2-6549-409a-857a-ee871d8e839d/structure/c02e3a7f-8b25-4a2a-8c2b-8b4a64e673cb	M320I07	C1=CC(=CC(=C1)C(=NNC(=O)NC2=CC=C(C=C2)OC(F)(F)F)C(C3=CC=C(C=C3)C#N)O)C(F)(F)F		1	C1=CC(=CC(=C1)/C(=N\NC(=O)NC2=CC=C(C=C2)OC(F)(F)F)/CC3=CC=C(C=C3)C#N)C(F)(F)F	https://envipath.org/package/5882df9c-dae1-4d80-a40e-db4724271456/pathway/bfd3ec49-62a1-4f32-9ad3-513c4eb983a4	Metaflumizone
https://envipath.org/package/5882df9c-dae1-4d80-a40e-db4724271456/compound/7fb25efb-f82e-4e3d-be6f-3158d31653d7/structure/943cd3c2-707f-4225-9be9-a08dfb8fd50c	M320I06	C1=C(C=CC(=C1)C(=O)O)C#N		2	C1=CC(=CC(=C1)C(=O)CC2=CC=C(C=C2)C#N)C(F)(F)F	https://envipath.org/package/5882df9c-dae1-4d80-a40e-db4724271456/pathway/bfd3ec49-62a1-4f32-9ad3-513c4eb983a4	Metaflumizone
https://envipath.org/package/5882df9c-dae1-4d80-a40e-db4724271456/compound/446bbe4b-b667-455d-a343-422f30c5c60c/structure/1b6e7d3e-3c0c-4018-a291-4c1bb90d265c	M320I029	C1=CC(=CC(=C1)C(=O)O)C(F)(F)F		2	C1=CC(=CC(=C1)C(=O)CC2=CC=C(C=C2)C#N)C(F)(F)F	https://envipath.org/package/5882df9c-dae1-4d80-a40e-db4724271456/pathway/bfd3ec49-62a1-4f32-9ad3-513c4eb983a4	Metaflumizone
https://envipath.org/package/5882df9c-dae1-4d80-a40e-db4724271456/compound/123fae74-557a-49aa-8c80-4857e3d09d14/structure/f62ca6f5-6344-45ef-8cbd-506f0992c88c	SYN546520	CC1=CC=CC(=C1N([C@H](C)C(=O)O)C(=O)COC)C(=O)O		2	CC1=CC=CC(=C1N([C@H](C)C(=O)O)C(=O)COC)C	https://envipath.org/package/5882df9c-dae1-4d80-a40e-db4724271456/pathway/e03eaea4-7910-45ec-b4e4-7942bfc468d0	Metalaxyl-M
https://envipath.org/package/5882df9c-dae1-4d80-a40e-db4724271456/compound/da5c7860-2c06-43af-94bd-b5db4bd9e056/structure/e7e959a6-4541-4e25-948d-1fecce805313	CGA35190	CC1=CC=CC(=C1N([C@@H](C)C(=O)OC)C(=O)COC)C		0		https://envipath.org/package/5882df9c-dae1-4d80-a40e-db4724271456/pathway/e03eaea4-7910-45ec-b4e4-7942bfc468d0	Metalaxyl-M
https://envipath.org/package/5882df9c-dae1-4d80-a40e-db4724271456/compound/7f949570-57cf-4017-82d3-b434c2a40e59/structure/88f7ed7f-570c-409e-9f21-5297e2f60a23	CGA108906	CC1=CC=CC(=C1N([C@H](C)C(=O)OC)C(=O)COC)C(=O)O		1	CC1=CC=CC(=C1N([C@H](C)C(=O)OC)C(=O)COC)C	https://envipath.org/package/5882df9c-dae1-4d80-a40e-db4724271456/pathway/e03eaea4-7910-45ec-b4e4-7942bfc468d0	Metalaxyl-M
https://envipath.org/package/5882df9c-dae1-4d80-a40e-db4724271456/compound/77ccde51-0a9e-4388-b2b5-00a35b0c5ed2/structure/1514f91b-31ce-4553-a0ef-4496f8df97a0	Metalaxyl-M	CC1=CC=CC(=C1N([C@H](C)C(=O)OC)C(=O)COC)C		0		https://envipath.org/package/5882df9c-dae1-4d80-a40e-db4724271456/pathway/e03eaea4-7910-45ec-b4e4-7942bfc468d0	Metalaxyl-M
https://envipath.org/package/5882df9c-dae1-4d80-a40e-db4724271456/compound/a2c66245-f8c3-48dc-b3e9-55c1031a99cb/structure/89c9dbe1-9d42-4bbb-9c6d-0b84faba53ad	CGA42447	CC1=CC=CC(=C1NC(=O)C)C		3	CC1=CC=CC(=C1NC(=O)COC)C	https://envipath.org/package/5882df9c-dae1-4d80-a40e-db4724271456/pathway/e03eaea4-7910-45ec-b4e4-7942bfc468d0	Metalaxyl-M
https://envipath.org/package/5882df9c-dae1-4d80-a40e-db4724271456/compound/b900e3d8-8fc7-42a5-ae54-db6a401e653c/structure/aeecc41b-ee83-4511-9615-fd5c5796875c	Metalaxyl CGA48988 	CC1=CC=CC(=C1N(C(C)C(=O)OC)C(=O)COC)C		0		https://envipath.org/package/5882df9c-dae1-4d80-a40e-db4724271456/pathway/e03eaea4-7910-45ec-b4e4-7942bfc468d0	Metalaxyl-M
https://envipath.org/package/5882df9c-dae1-4d80-a40e-db4724271456/compound/3adb6645-5430-4d0f-a2da-9572fe8b1c28/structure/c6d8bc7d-d545-4d3c-8e4a-868feb449f36	NOA409045	CC1=CC=CC(=C1N([C@H](C)C(=O)O)C(=O)COC)C		1	CC1=CC=CC(=C1N([C@H](C)C(=O)OC)C(=O)COC)C	https://envipath.org/package/5882df9c-dae1-4d80-a40e-db4724271456/pathway/e03eaea4-7910-45ec-b4e4-7942bfc468d0	Metalaxyl-M
https://envipath.org/package/5882df9c-dae1-4d80-a40e-db4724271456/compound/21645075-ccec-4c12-a07f-a04d725d30cd/structure/df710986-fa71-4498-be3d-bd0347bff044	CGA67868	CC1=CC=CC(=C1NC(=O)COC)C		2	CC1=CC=CC(=C1N(C(C)C(=O)O)C(=O)COC)C	https://envipath.org/package/5882df9c-dae1-4d80-a40e-db4724271456/pathway/e03eaea4-7910-45ec-b4e4-7942bfc468d0	Metalaxyl-M
https://envipath.org/package/5882df9c-dae1-4d80-a40e-db4724271456/compound/ee1e1020-49ef-4997-9820-6f2f1e4d1d00/structure/4927e18d-412b-4a98-89fb-6541a561c59a	[CGA107955] proposed in pathway - delete attached scenario after upload	CC1=CC=CC(=C1N([C@H](C)C(=O)O)C(=O)CO)C		2	CC1=CC=CC(=C1N([C@H](C)C(=O)O)C(=O)COC)C	https://envipath.org/package/5882df9c-dae1-4d80-a40e-db4724271456/pathway/e03eaea4-7910-45ec-b4e4-7942bfc468d0	Metalaxyl-M
https://envipath.org/package/5882df9c-dae1-4d80-a40e-db4724271456/compound/b7aa5b09-4a7d-4dbe-baa2-e912b72c8385/structure/037dffde-178a-4f3a-9454-83ca68b17278	NOA436575	CC1=CC=CC(=C1N([C@@H](C)C(=O)O)C(=O)COC)C		1	CC1=CC=CC(=C1N([C@@H](C)C(=O)OC)C(=O)COC)C	https://envipath.org/package/5882df9c-dae1-4d80-a40e-db4724271456/pathway/e03eaea4-7910-45ec-b4e4-7942bfc468d0	Metalaxyl-M
https://envipath.org/package/5882df9c-dae1-4d80-a40e-db4724271456/compound/7b4eed15-7537-4fc7-87ac-313258e4792f/structure/809df24d-59f6-420c-8d43-19f48f4fef27	CGA62826	CC1=CC=CC(=C1N(C(C)C(=O)O)C(=O)COC)C		1	CC1=CC=CC(=C1N(C(C)C(=O)OC)C(=O)COC)C	https://envipath.org/package/5882df9c-dae1-4d80-a40e-db4724271456/pathway/e03eaea4-7910-45ec-b4e4-7942bfc468d0	Metalaxyl-M
https://envipath.org/package/5882df9c-dae1-4d80-a40e-db4724271456/compound/1faeb9e8-4e72-4175-bf56-6bb57a327cd2/structure/00e7a1f8-8549-4f68-a028-1a13c776c1ee	[CGA79353]  proposed in pathway - delete attached scenario after upload	CC1=CC=CC(=C1N([C@H](C)C(=O)OC)C(=O)C(=O)O)C		1	CC1=CC=CC(=C1N([C@H](C)C(=O)OC)C(=O)COC)C	https://envipath.org/package/5882df9c-dae1-4d80-a40e-db4724271456/pathway/e03eaea4-7910-45ec-b4e4-7942bfc468d0	Metalaxyl-M
https://envipath.org/package/5882df9c-dae1-4d80-a40e-db4724271456/compound/34b4b74e-3d6d-406d-bda1-e7dc3a4f235d/structure/2ebb1a7d-a96c-4832-9b17-a27d91b70eba	[CGA78532] proposed in pathway - delete attached scenario after upload	CC1=CC=CC(=C1N([C@H](C)C(=O)O)C(=O)C(=O)O)C		2	CC1=CC=CC(=C1N([C@H](C)C(=O)OC)C(=O)C(=O)O)C	https://envipath.org/package/5882df9c-dae1-4d80-a40e-db4724271456/pathway/e03eaea4-7910-45ec-b4e4-7942bfc468d0	Metalaxyl-M
https://envipath.org/package/5882df9c-dae1-4d80-a40e-db4724271456/compound/dc6f545e-4fcf-460a-8c87-5f69855195b4/structure/1ac05c66-d62e-447d-afcb-34d6077c5f80	[CGA37734]	CC1=CC=CC(=C1NC(=O)CO)C		3	CC1=CC=CC(=C1N([C@H](C)C(=O)O)C(=O)CO)C	https://envipath.org/package/5882df9c-dae1-4d80-a40e-db4724271456/pathway/e03eaea4-7910-45ec-b4e4-7942bfc468d0	Metalaxyl-M
https://envipath.org/package/5882df9c-dae1-4d80-a40e-db4724271456/compound/7e707403-adae-456e-9c8b-dc8fb7accf24/structure/6133410f-9cd6-47c6-9cb6-6784c5dca709	Metaldehyde	CC1OC(C)OC(C)OC(C)O1		0		https://envipath.org/package/5882df9c-dae1-4d80-a40e-db4724271456/pathway/db27e9a8-9eab-44f3-b705-b7b0c50527c5	Metaldehyde
https://envipath.org/package/5882df9c-dae1-4d80-a40e-db4724271456/compound/47aa8e53-36ae-4be3-987c-c1cfab66af78/structure/c17e64fc-820d-4266-acb6-567d12138e8e	Acetaldehyde	CC=O		1	CC1OC(C)OC(C)OC(C)O1	https://envipath.org/package/5882df9c-dae1-4d80-a40e-db4724271456/pathway/db27e9a8-9eab-44f3-b705-b7b0c50527c5	Metaldehyde
https://envipath.org/package/5882df9c-dae1-4d80-a40e-db4724271456/compound/608700b7-18c5-49a3-8911-cd0c544608db/structure/9f6a0464-a0c0-4e73-92d9-89ab3f3eb393	Paraldehyde	CC1OC(C)OC(C)O1	minor	1	CC1OC(C)OC(C)OC(C)O1	https://envipath.org/package/5882df9c-dae1-4d80-a40e-db4724271456/pathway/db27e9a8-9eab-44f3-b705-b7b0c50527c5	Metaldehyde
https://envipath.org/package/5882df9c-dae1-4d80-a40e-db4724271456/compound/0b237b94-a6df-4792-8866-246b2230eef0/structure/7679d74e-9950-422e-81a2-c73281707070	Hydrogen sulfide	[SH-]		1	CNC(=S)[S-].[Na+]	https://envipath.org/package/5882df9c-dae1-4d80-a40e-db4724271456/pathway/674c1d32-6221-4a8c-b2b8-6b47dcf46e05	Metam (sodium)
https://envipath.org/package/5882df9c-dae1-4d80-a40e-db4724271456/compound/545cfa8a-d26d-4cd1-80ff-d3c07eb467f0/structure/e4f1ee53-edf3-4acb-801e-1bb0361ee79f	Metam (sodium)	CNC(=S)[S-].[Na+]		0		https://envipath.org/package/5882df9c-dae1-4d80-a40e-db4724271456/pathway/674c1d32-6221-4a8c-b2b8-6b47dcf46e05	Metam (sodium)
https://envipath.org/package/5882df9c-dae1-4d80-a40e-db4724271456/compound/7d516788-efcc-4ecb-b20e-e1699729f1f8/structure/6b2f70d2-e4eb-4262-a5c9-1707daefc9ca	M6	CN/C(=N/C)/S(=O)=O		1	CNC(=S)NC	https://envipath.org/package/5882df9c-dae1-4d80-a40e-db4724271456/pathway/674c1d32-6221-4a8c-b2b8-6b47dcf46e05	Metam (sodium)
https://envipath.org/package/5882df9c-dae1-4d80-a40e-db4724271456/compound/6cd2cdad-6ef8-4765-9e19-04db91f2cb51/structure/8b899009-c1db-43bd-8c8f-cd8266c7899d	M3	CN/C(=N\C)/CNC(=O)NC		2	CN/C(=N\C)/CNC(=S)NC	https://envipath.org/package/5882df9c-dae1-4d80-a40e-db4724271456/pathway/674c1d32-6221-4a8c-b2b8-6b47dcf46e05	Metam (sodium)
https://envipath.org/package/5882df9c-dae1-4d80-a40e-db4724271456/compound/040e9d3f-1c61-478b-a5dd-bdf3190a415b/structure/e19a91c0-855f-4c81-a016-339a1c13d111	MITC	CN=C=S		1	CNC(=S)[S-].[Na+]	https://envipath.org/package/5882df9c-dae1-4d80-a40e-db4724271456/pathway/674c1d32-6221-4a8c-b2b8-6b47dcf46e05	Metam (sodium)
https://envipath.org/package/5882df9c-dae1-4d80-a40e-db4724271456/compound/441249ed-5281-4d7e-a44a-04032fcb2557/structure/d0b033d6-52d9-464d-96b3-15b7f84d3184	N,N-dimethylthiourea	CNC(=S)NC		0		https://envipath.org/package/5882df9c-dae1-4d80-a40e-db4724271456/pathway/674c1d32-6221-4a8c-b2b8-6b47dcf46e05	Metam (sodium)
https://envipath.org/package/5882df9c-dae1-4d80-a40e-db4724271456/compound/f3fa43a5-ea9c-47e9-8ee9-16e020c1629e/structure/55de5020-a679-4c8d-94bb-c388c27d1def	M1	CNC(=O)NC		1	CNC(=S)NC	https://envipath.org/package/5882df9c-dae1-4d80-a40e-db4724271456/pathway/674c1d32-6221-4a8c-b2b8-6b47dcf46e05	Metam (sodium)
https://envipath.org/package/5882df9c-dae1-4d80-a40e-db4724271456/compound/dd0300b4-fec4-439b-90c9-fa97864fe1da/structure/5aad2e2f-f52f-4e0f-b1c0-5c42628ebfda	M4	CN/C(=N\C)/CNC(=S)NC		1	CNC(=S)NC	https://envipath.org/package/5882df9c-dae1-4d80-a40e-db4724271456/pathway/674c1d32-6221-4a8c-b2b8-6b47dcf46e05	Metam (sodium)
https://envipath.org/package/5882df9c-dae1-4d80-a40e-db4724271456/compound/fb458484-fb61-488d-a7ce-e3b6e11136c8/structure/76d3c5c6-df4f-42a7-a075-ad8db608f400	Metamitron	CC1=NN=C(C2=CC=CC=C2)C(=O)N1N		0		https://envipath.org/package/5882df9c-dae1-4d80-a40e-db4724271456/pathway/fa288b5b-af22-454a-98d6-cbe5b6d84c0a	Metamitron
https://envipath.org/package/5882df9c-dae1-4d80-a40e-db4724271456/compound/f95b2859-1812-49f4-8e03-9c3e964dd5a5/structure/538a8e70-414a-48d9-9a1c-b8459969f223	Desamino-metamitron	CC1=NN=C(C2=CC=CC=C2)C(=O)N1		1	CC1=NN=C(C2=CC=CC=C2)C(=O)N1N	https://envipath.org/package/5882df9c-dae1-4d80-a40e-db4724271456/pathway/fa288b5b-af22-454a-98d6-cbe5b6d84c0a	Metamitron
https://envipath.org/package/5882df9c-dae1-4d80-a40e-db4724271456/compound/9a31b7c8-21f6-4034-8b65-f1725d63e68b/structure/b5a30494-9fc1-45ae-847c-26fb39157d3b	BH479-1	CC1=CC=CC(=C1N(CN2C=CC=N2)C(=O)CO)C		3	CC1=CC=CC(=C1N(CN2C=CC=N2)C(=O)C)C	https://envipath.org/package/5882df9c-dae1-4d80-a40e-db4724271456/pathway/680a8e9d-a392-4cf9-9c1a-c818fedf4be8	Metazachlor
https://envipath.org/package/5882df9c-dae1-4d80-a40e-db4724271456/compound/68e9f782-1943-4838-97bc-544f0cea7039/structure/6e37795a-886f-453e-9e94-ad4bada5b913	BH479-10	CC1=CC=CC(=C1N(CN2C=CC=N2)C(=O)CS(=O)(=O)C)C		4	CC1=CC=CC(=C1N(CN2C=CC=N2)C(=O)CS(=O)C)C	https://envipath.org/package/5882df9c-dae1-4d80-a40e-db4724271456/pathway/680a8e9d-a392-4cf9-9c1a-c818fedf4be8	Metazachlor
https://envipath.org/package/5882df9c-dae1-4d80-a40e-db4724271456/compound/c64414c7-617d-49c8-88fc-f0bb0b4c40d3/structure/772cbdd0-25db-4719-8aeb-7b145417d488	BH479-11	CC1=CC=CC(=C1N(CN2C=CC=N2)C(=O)CS(=O)C)C		3	CC1=CC=CC(=C1N(CN2C=CC=N2)C(=O)CS(=O)CC(=O)O)C	https://envipath.org/package/5882df9c-dae1-4d80-a40e-db4724271456/pathway/680a8e9d-a392-4cf9-9c1a-c818fedf4be8	Metazachlor
https://envipath.org/package/5882df9c-dae1-4d80-a40e-db4724271456/compound/3510e245-8239-4b9c-bb95-b9a2f05c890a/structure/807b58cc-7ff1-4575-9aae-625492648f4f	BH479-9	CC1=CC=CC(=C1N(CN2C=CC=N2)C(=O)CS(=O)CC(=O)O)C		2	CC1=CC=CC(=C1N(CN2C=CC=N2)C(=O)CSCC(C(=O)O)N)C	https://envipath.org/package/5882df9c-dae1-4d80-a40e-db4724271456/pathway/680a8e9d-a392-4cf9-9c1a-c818fedf4be8	Metazachlor
https://envipath.org/package/5882df9c-dae1-4d80-a40e-db4724271456/compound/1a5ff557-b8ed-473b-94bf-abc6766e0053/structure/4d4566a0-84a4-4a3d-b9c1-57158a621d4f	BAS 479 GSH	CC1=CC=CC(=C1N(CN2C=CC=N2)C(=O)CSCC(C(=O)O)N)C		1	CC1=CC=CC(=C1N(CN2C=CC=N2)C(=O)CCl)C	https://envipath.org/package/5882df9c-dae1-4d80-a40e-db4724271456/pathway/680a8e9d-a392-4cf9-9c1a-c818fedf4be8	Metazachlor
https://envipath.org/package/5882df9c-dae1-4d80-a40e-db4724271456/compound/c9cdb83a-385c-47be-9bb7-2030aafdb7ad/structure/5fb73762-f735-48e5-b947-8ad99b7aa2d7	BH 479-13 deschloro acid	CC1=CC=CC(=C1N(CN2C=CC=N2)C(=O)CO)C(=O)O		2	CC1=CC=CC(=C1N(CN2C=CC=N2)C(=O)CCl)CO	https://envipath.org/package/5882df9c-dae1-4d80-a40e-db4724271456/pathway/680a8e9d-a392-4cf9-9c1a-c818fedf4be8	Metazachlor
https://envipath.org/package/5882df9c-dae1-4d80-a40e-db4724271456/compound/9656a5dc-d09c-4534-b000-745065f36cc9/structure/b60d35cd-6517-43d7-baa7-c47e650132b7	Metazachlor acid (BH479-4)	CC1=CC=CC(=C1N(CN2C=CC=N2)C(=O)C(=O)O)C		4	CC1=CC=CC(=C1N(CN2C=CC=N2)C(=O)CO)C	https://envipath.org/package/5882df9c-dae1-4d80-a40e-db4724271456/pathway/680a8e9d-a392-4cf9-9c1a-c818fedf4be8	Metazachlor
https://envipath.org/package/5882df9c-dae1-4d80-a40e-db4724271456/compound/e36376bd-4493-409e-806d-d799b85d1d86/structure/dffc92bb-1b2c-47bf-969e-ee86667efb70	BH479-12	CC1=CC=CC(=C1N(CN2C=CC=N2)C(=O)C(=O)O)C(=O)O		3	CC1=CC=CC(=C1N(CN2C=CC=N2)C(=O)CO)C(=O)O	https://envipath.org/package/5882df9c-dae1-4d80-a40e-db4724271456/pathway/680a8e9d-a392-4cf9-9c1a-c818fedf4be8	Metazachlor
https://envipath.org/package/5882df9c-dae1-4d80-a40e-db4724271456/compound/cbcd7b58-b022-4d8e-8265-c7792d382f10/structure/15f213ed-5f0c-4a86-b52a-425ce0796f8f	OH-BH 479-8	CC1=CC=CC(=C1N(CN2C=CC=N2)C(=O)CS(=O)(=O)O)CO		4	CC1=CC=CC(=C1N(CN2C=CC=N2)C(=O)CS(=O)(=O)O)C	https://envipath.org/package/5882df9c-dae1-4d80-a40e-db4724271456/pathway/680a8e9d-a392-4cf9-9c1a-c818fedf4be8	Metazachlor
https://envipath.org/package/5882df9c-dae1-4d80-a40e-db4724271456/compound/395ec1e7-5b1e-42d3-997d-28e1156f1ae3/structure/43d0b292-a12c-461f-82e7-7d6591ddcf43	BH479-7	CC1=CC=CC(=C1N(CN2C=CC=N2)C(=O)CS(=O)(=O)CC(=O)O)C		3	CC1=CC=CC(=C1N(CN2C=CC=N2)C(=O)CS(=O)CC(=O)O)C	https://envipath.org/package/5882df9c-dae1-4d80-a40e-db4724271456/pathway/680a8e9d-a392-4cf9-9c1a-c818fedf4be8	Metazachlor
https://envipath.org/package/5882df9c-dae1-4d80-a40e-db4724271456/compound/dbc572c3-bf0b-4aea-93f6-6ba3fcfa5753/structure/7a83d322-c528-4b10-9859-47d052172fb5	BAS 479 SH	CC1=CC=CC(=C1N(CN2C=CC=N2)C(=O)CS)C		2	CC1=CC=CC(=C1N(CN2C=CC=N2)C(=O)CSCC(C(=O)O)N)C	https://envipath.org/package/5882df9c-dae1-4d80-a40e-db4724271456/pathway/680a8e9d-a392-4cf9-9c1a-c818fedf4be8	Metazachlor
https://envipath.org/package/5882df9c-dae1-4d80-a40e-db4724271456/compound/d480bab6-3641-4087-a8f7-7ccb917d3191/structure/033d2659-35be-4e23-ac7a-0cb94107c802	Metazachlor	CC1=CC=CC(=C1N(CN2C=CC=N2)C(=O)CCl)C		0		https://envipath.org/package/5882df9c-dae1-4d80-a40e-db4724271456/pathway/680a8e9d-a392-4cf9-9c1a-c818fedf4be8	Metazachlor
https://envipath.org/package/5882df9c-dae1-4d80-a40e-db4724271456/compound/f2a9529b-c38a-43a6-9060-527a60e201e8/structure/1e9e68ad-0ee0-42cb-a6bd-bbafcda4b33c	BH 479-13	CC1=CC=CC(=C1N(CN2C=CC=N2)C(=O)CCl)CO		1	CC1=CC=CC(=C1N(CN2C=CC=N2)C(=O)CCl)C	https://envipath.org/package/5882df9c-dae1-4d80-a40e-db4724271456/pathway/680a8e9d-a392-4cf9-9c1a-c818fedf4be8	Metazachlor
https://envipath.org/package/5882df9c-dae1-4d80-a40e-db4724271456/compound/c335050d-e137-49f3-bd27-86ce46da9253/structure/573a8ce8-ef59-4cca-8eaf-1a9d25524dc0	BH479-6	CC1=CC=CC(=C1N(CN2C=CC=N2)C(=O)C)C		2	CC1=CC=CC(=C1N(CN2C=CC=N2)C(=O)CSCC(C(=O)O)N)C	https://envipath.org/package/5882df9c-dae1-4d80-a40e-db4724271456/pathway/680a8e9d-a392-4cf9-9c1a-c818fedf4be8	Metazachlor
https://envipath.org/package/5882df9c-dae1-4d80-a40e-db4724271456/compound/a5dbba8c-86ee-45f2-a1fe-76021500036e/structure/f59d41ad-f884-4cb5-98dd-5291f07b27b2	BH479-8 Sulfonic acid derivative 	CC1=CC=CC(=C1N(CN2C=CC=N2)C(=O)CS(=O)(=O)O)C		3	CC1=CC=CC(=C1N(CN2C=CC=N2)C(=O)CS)C	https://envipath.org/package/5882df9c-dae1-4d80-a40e-db4724271456/pathway/680a8e9d-a392-4cf9-9c1a-c818fedf4be8	Metazachlor
https://envipath.org/package/5882df9c-dae1-4d80-a40e-db4724271456/compound/b1720f31-2ba8-4b10-8136-49b498936345/structure/f57e1e56-b1a5-4382-9096-e25dc946424c	Metconazole	CC1(C)CCC(CC2=CC=C(C=C2)Cl)C1(CN3C=NC=N3)O		0		https://envipath.org/package/5882df9c-dae1-4d80-a40e-db4724271456/pathway/b28469ad-868d-447c-9208-8c618302744a	Metconazole
https://envipath.org/package/5882df9c-dae1-4d80-a40e-db4724271456/compound/aec74529-fe0d-435f-9df5-aa2b9951e26f/structure/3b0c536e-8105-49f9-912d-d6da173ad3f5	CL 382389	CC1(C)CCC(C(=O)C2=CC=C(C=C2)Cl)C1(CN3C=NC=N3)O		1	CC1(C)CCC(CC2=CC=C(C=C2)Cl)C1(CN3C=NC=N3)O	https://envipath.org/package/5882df9c-dae1-4d80-a40e-db4724271456/pathway/b28469ad-868d-447c-9208-8c618302744a	Metconazole
https://envipath.org/package/5882df9c-dae1-4d80-a40e-db4724271456/compound/dc20e2f8-4fe0-4d0a-903c-863db19c0a87/structure/8e8f5d55-d3fa-44b2-b824-cea7e5d0757c	methiocarb sulphoxide phenol (M04)	CC1=C(C(=CC(=C1)O)C)S(=O)C		2	CC1=C(C(=CC(=C1)OC(=O)NC)C)S(=O)C	https://envipath.org/package/5882df9c-dae1-4d80-a40e-db4724271456/pathway/fc179967-7266-44b3-a91e-40134e87e53a	Methiocarb
https://envipath.org/package/5882df9c-dae1-4d80-a40e-db4724271456/compound/544cf0be-ad4c-44ed-ba67-dac6fff4b352/structure/a18944fc-d1fd-4ad9-8894-820bbbc4d625	M03	CC1=C(C(=CC(=C1)O)C)SC		1	CC1=C(C(=CC(=C1)OC(=O)NC)C)SC	https://envipath.org/package/5882df9c-dae1-4d80-a40e-db4724271456/pathway/fc179967-7266-44b3-a91e-40134e87e53a	Methiocarb
https://envipath.org/package/5882df9c-dae1-4d80-a40e-db4724271456/compound/f98fa3f2-2acd-4e12-b143-fac5ec76628c/structure/9bd72ed6-7a94-43c3-ae1f-827eae7729e1	M02	CC1=C(C(=CC(=C1)OC(=O)NC)C)S(=O)(=O)C		2	CC1=C(C(=CC(=C1)OC(=O)NC)C)S(=O)C	https://envipath.org/package/5882df9c-dae1-4d80-a40e-db4724271456/pathway/fc179967-7266-44b3-a91e-40134e87e53a	Methiocarb
https://envipath.org/package/5882df9c-dae1-4d80-a40e-db4724271456/compound/be4fcbcb-8a13-4500-9f24-b26813508724/structure/c8fc2b2d-d04f-4f24-8250-ef23cc1f5c88	Methiocarb sulphoxide (M01)	CC1=C(C(=CC(=C1)OC(=O)NC)C)S(=O)C		1	CC1=C(C(=CC(=C1)OC(=O)NC)C)SC	https://envipath.org/package/5882df9c-dae1-4d80-a40e-db4724271456/pathway/fc179967-7266-44b3-a91e-40134e87e53a	Methiocarb
https://envipath.org/package/5882df9c-dae1-4d80-a40e-db4724271456/compound/4a9cdfcc-db54-47e9-b1ef-54361d1b9500/structure/981c27d8-5a20-412e-a353-ce0d33c4bbc3	methiocarb methoxy sulfone (M10)	CC1=C(C(=CC(=C1)OC)C)S(=O)(=O)C		4	CC1=C(C(=CC(=C1)O)C)S(=O)(=O)C	https://envipath.org/package/5882df9c-dae1-4d80-a40e-db4724271456/pathway/fc179967-7266-44b3-a91e-40134e87e53a	Methiocarb
https://envipath.org/package/5882df9c-dae1-4d80-a40e-db4724271456/compound/52d4c743-92ac-4586-840b-792b049142f3/structure/6df547c4-bbd0-4a8c-80ce-1f4256642cd8	Methiocarb	CC1=C(C(=CC(=C1)OC(=O)NC)C)SC		0		https://envipath.org/package/5882df9c-dae1-4d80-a40e-db4724271456/pathway/fc179967-7266-44b3-a91e-40134e87e53a	Methiocarb
https://envipath.org/package/5882df9c-dae1-4d80-a40e-db4724271456/compound/54214f0c-d01d-49b5-9417-b23d8c4745d6/structure/81f91bce-02e5-419a-9282-c7dbaacbbdf3	methiocarb sulfone phenol (M05)	CC1=C(C(=CC(=C1)O)C)S(=O)(=O)C		3	CC1=C(C(=CC(=C1)OC)C)S(=O)(=O)C	https://envipath.org/package/5882df9c-dae1-4d80-a40e-db4724271456/pathway/fc179967-7266-44b3-a91e-40134e87e53a	Methiocarb
https://envipath.org/package/5882df9c-dae1-4d80-a40e-db4724271456/compound/3d669062-6a82-4048-9a24-ec163c26a9f0/structure/4967d9ab-7f0e-4f0a-bb1d-63742ef3d39f	Methomyl oxime	C/C(=N\O)/SC		2	C/C(=N\OC(=O)NC)/SC	https://envipath.org/package/5882df9c-dae1-4d80-a40e-db4724271456/pathway/34786abf-a3c3-4f6c-b5a3-0059c3c10098	Methomyl
https://envipath.org/package/5882df9c-dae1-4d80-a40e-db4724271456/compound/297f05dd-3a6a-4e61-b64f-ef5bdb481644/structure/9f04f35b-f540-4411-b2e1-9d7617f57bd7	Thiodicarb	C/C(=N\OC(=O)N(C)SN(C)C(=O)O/N=C(\C)/SC)/SC		0		https://envipath.org/package/5882df9c-dae1-4d80-a40e-db4724271456/pathway/34786abf-a3c3-4f6c-b5a3-0059c3c10098	Methomyl
https://envipath.org/package/5882df9c-dae1-4d80-a40e-db4724271456/compound/ec9280f9-846f-4c10-a9b7-6c56f892d0ff/structure/9e211299-0ed2-45ba-afe9-122ba90ef599	Methomyl	C/C(=N\OC(=O)NC)/SC		1	C/C(=N\OC(=O)N(C)SN(C)C(=O)O/N=C(\C)/SC)/SC	https://envipath.org/package/5882df9c-dae1-4d80-a40e-db4724271456/pathway/34786abf-a3c3-4f6c-b5a3-0059c3c10098	Methomyl
https://envipath.org/package/5882df9c-dae1-4d80-a40e-db4724271456/compound/f6ea0e2e-391b-4ee7-880c-0ab8f6a46c9f/structure/fc694675-7cdd-4e33-bff5-12a67ef38cb5	Bromide	[Br-]		1	CBr	https://envipath.org/package/5882df9c-dae1-4d80-a40e-db4724271456/pathway/65d66222-d017-4ba1-953c-1c2712c042cb	Methyl bromide
https://envipath.org/package/5882df9c-dae1-4d80-a40e-db4724271456/compound/0f674371-6888-4f54-8005-9ff5beac0442/structure/a4c97e68-1a66-4043-8257-4b6411983d04	Hydrogen bromide	Br		1	CBr	https://envipath.org/package/5882df9c-dae1-4d80-a40e-db4724271456/pathway/65d66222-d017-4ba1-953c-1c2712c042cb	Methyl bromide
https://envipath.org/package/5882df9c-dae1-4d80-a40e-db4724271456/compound/32ace5b3-f271-472d-8979-69456898a777/structure/44db2f1b-34bd-495b-a76b-fc54383c0738	Carbenium	[CH3+]		1	CBr	https://envipath.org/package/5882df9c-dae1-4d80-a40e-db4724271456/pathway/65d66222-d017-4ba1-953c-1c2712c042cb	Methyl bromide
https://envipath.org/package/5882df9c-dae1-4d80-a40e-db4724271456/compound/b99b3d14-2c05-4a99-94ff-0df66a642d19/structure/861a3669-95b5-4576-8100-7c1aa115f0fb	Methyl bromide	CBr		0		https://envipath.org/package/5882df9c-dae1-4d80-a40e-db4724271456/pathway/65d66222-d017-4ba1-953c-1c2712c042cb	Methyl bromide
https://envipath.org/package/5882df9c-dae1-4d80-a40e-db4724271456/compound/12d43a1d-73bd-4f33-8ffd-927e80be1c55/structure/7d86f956-2d89-4850-a525-496fb0bb8e03	R1 Deymethyl-metobromuron	CONC(=O)NC1=CC=C(C=C1)Br		1	CN(C(=O)NC1=CC=C(C=C1)Br)OC	https://envipath.org/package/5882df9c-dae1-4d80-a40e-db4724271456/pathway/cced2767-fa31-4e13-b6f6-9baf55279302	Metobromuron
https://envipath.org/package/5882df9c-dae1-4d80-a40e-db4724271456/compound/5a6b6738-7cb0-4766-a205-575adfe4d7e0/structure/8cdb8014-4d43-48ca-ba2c-390d0d091d9a	Metobromuron	CN(C(=O)NC1=CC=C(C=C1)Br)OC		0		https://envipath.org/package/5882df9c-dae1-4d80-a40e-db4724271456/pathway/cced2767-fa31-4e13-b6f6-9baf55279302	Metobromuron
https://envipath.org/package/5882df9c-dae1-4d80-a40e-db4724271456/compound/be99ad94-1a49-447f-82ae-4303b35f9a5b/structure/7d272623-1f5a-464b-a081-e2f6d9996ca4	Desmethoxy-metobromuron	CNC(=O)NC1=CC=C(C=C1)Br		1	CN(C(=O)NC1=CC=C(C=C1)Br)OC	https://envipath.org/package/5882df9c-dae1-4d80-a40e-db4724271456/pathway/cced2767-fa31-4e13-b6f6-9baf55279302	Metobromuron
https://envipath.org/package/5882df9c-dae1-4d80-a40e-db4724271456/compound/5761298c-9fcb-4c28-be2e-67a23ec69f10/structure/767a8e3a-dfa2-413c-a751-fb5e586d133f	R3 4-Bromophenylurea	C1=C(C=CC(=C1)NC(=O)N)Br		2	CONC(=O)NC1=CC=C(C=C1)Br	https://envipath.org/package/5882df9c-dae1-4d80-a40e-db4724271456/pathway/cced2767-fa31-4e13-b6f6-9baf55279302	Metobromuron
https://envipath.org/package/5882df9c-dae1-4d80-a40e-db4724271456/compound/c31649e2-a8b1-4082-8cc9-b01cca153bdd/structure/9cd185a5-24a2-44c4-8f31-406b94c8ea4a	R4 4-bromoaniline	C1=C(C=CC(=C1)N)Br		3	C1=C(C=CC(=C1)NC(=O)N)Br	https://envipath.org/package/5882df9c-dae1-4d80-a40e-db4724271456/pathway/cced2767-fa31-4e13-b6f6-9baf55279302	Metobromuron
https://envipath.org/package/5882df9c-dae1-4d80-a40e-db4724271456/compound/c1839998-e924-4178-8156-89e7a3864067/structure/e07a4688-e7de-4ff8-be44-6f3812d3dfa5	5-OH-metosulam (M3)	CC1=CC=C(C(=C1Cl)NS(=O)(=O)C2=NN3C(=CC(=NC3=N2)O)OC)Cl		1	CC1=CC=C(C(=C1Cl)NS(=O)(=O)C2=NN3C(=CC(=NC3=N2)OC)OC)Cl	https://envipath.org/package/5882df9c-dae1-4d80-a40e-db4724271456/pathway/63e116f1-30a7-41a7-83b0-a15dedf28fd4	Metosulam
https://envipath.org/package/5882df9c-dae1-4d80-a40e-db4724271456/compound/33327220-c8db-48f7-b49b-ede7980e8207/structure/d1e1b17d-ae5e-4ae9-8d29-5223d62c1499	Metosulam	CC1=CC=C(C(=C1Cl)NS(=O)(=O)C2=NN3C(=CC(=NC3=N2)OC)OC)Cl		0		https://envipath.org/package/5882df9c-dae1-4d80-a40e-db4724271456/pathway/63e116f1-30a7-41a7-83b0-a15dedf28fd4	Metosulam
https://envipath.org/package/5882df9c-dae1-4d80-a40e-db4724271456/compound/fcecb196-a8e2-4c45-b072-d4df0d11099f/structure/833732bf-baa7-425f-81aa-1e55e0649a14	7-OH-metosulam (M2)	CC1=CC=C(C(=C1Cl)NS(=O)(=O)C2=NN3C(=CC(=NC3=N2)OC)O)Cl		1	CC1=CC=C(C(=C1Cl)NS(=O)(=O)C2=NN3C(=CC(=NC3=N2)OC)OC)Cl	https://envipath.org/package/5882df9c-dae1-4d80-a40e-db4724271456/pathway/63e116f1-30a7-41a7-83b0-a15dedf28fd4	Metosulam
https://envipath.org/package/5882df9c-dae1-4d80-a40e-db4724271456/compound/cde448bf-2060-4246-b8af-8e2cfbbdded1/structure/c3313469-f61c-4a08-97e4-8a18caa2a67a	ATSA (M1)	CC1=CC=C(C(=C1Cl)NS(=O)(=O)C2=NNC(=N2)N)Cl		2	CC1=CC=C(C(=C1Cl)NS(=O)(=O)C2=NN3C(=CC(=NC3=N2)OC)O)Cl	https://envipath.org/package/5882df9c-dae1-4d80-a40e-db4724271456/pathway/63e116f1-30a7-41a7-83b0-a15dedf28fd4	Metosulam
https://envipath.org/package/5882df9c-dae1-4d80-a40e-db4724271456/compound/781b3ecb-b36a-46ff-a591-d53bee5f4be3/structure/bb15101e-3cd0-447e-9789-2ae500ea5b72	CL 197675 	CC1=C(C(=O)C2=C(C(=CC=C2OC)Br)C(=O)O)C(=C(C(=C1)OC)OC)OC		1	CC1=C(C(=O)C2=C(C)C(=CC=C2OC)Br)C(=C(C(=C1)OC)OC)OC	https://envipath.org/package/5882df9c-dae1-4d80-a40e-db4724271456/pathway/2f205008-745c-4b5a-ab91-4bd015a74136	Metrafenone
https://envipath.org/package/5882df9c-dae1-4d80-a40e-db4724271456/compound/c94d3342-21f3-4ea2-8719-5997750b33ed/structure/5e45e73c-d749-44b0-96a6-4216f89f0305	Metrafenone	CC1=C(C(=O)C2=C(C)C(=CC=C2OC)Br)C(=C(C(=C1)OC)OC)OC		0		https://envipath.org/package/5882df9c-dae1-4d80-a40e-db4724271456/pathway/2f205008-745c-4b5a-ab91-4bd015a74136	Metrafenone
https://envipath.org/package/5882df9c-dae1-4d80-a40e-db4724271456/compound/5d0b2b29-6cff-488e-adf7-fd5bed7a39d7/structure/7cefe3ac-70b7-49b2-874c-9fa421bb5e90	CL 197676	CC1=C(C(=CC=C1Br)OC)C(=O)C2=C(C=C(C(=C2OC)OC)OC)C(=O)O		1	CC1=C(C(=O)C2=C(C)C(=CC=C2OC)Br)C(=C(C(=C1)OC)OC)OC	https://envipath.org/package/5882df9c-dae1-4d80-a40e-db4724271456/pathway/2f205008-745c-4b5a-ab91-4bd015a74136	Metrafenone
https://envipath.org/package/5882df9c-dae1-4d80-a40e-db4724271456/compound/017e4d21-65ee-4520-93b2-630036052656/structure/01e8c1d5-35ac-4f35-b6b6-20c91d068517	CL 377160	CC1=C(C(=O)C2=C(C)C(=CC=C2OC)Br)C(=C(C(=C1)OC)O)OC		-99		https://envipath.org/package/5882df9c-dae1-4d80-a40e-db4724271456/pathway/2f205008-745c-4b5a-ab91-4bd015a74136	Metrafenone
https://envipath.org/package/5882df9c-dae1-4d80-a40e-db4724271456/compound/f6723fb1-6da3-4211-9a5c-05eca5a31d86/structure/b7c532cf-7b99-4378-8a10-e17f9e4d0bec	M03 (desamino-diketo-metribuzin)	CC(C)(C)C1=NNC(=O)NC1=O		2	CC(C)(C)C1=NNC(=NC1=O)SC	https://envipath.org/package/5882df9c-dae1-4d80-a40e-db4724271456/pathway/1aa1b39c-af75-44c4-81f6-1f75bd7a3638	Metribuzin
https://envipath.org/package/5882df9c-dae1-4d80-a40e-db4724271456/compound/f1bd6220-e63c-479e-a906-5d7c1cb0838a/structure/3f5b00ce-7df9-43c1-95c4-48bb648310cf	M17 (4-methyl-DADK-metribuzin)	CC(C)(C)C1=NNC(=O)N(C)C1=O		3	CC(C)(C)C1=NNC(=O)NC1=O	https://envipath.org/package/5882df9c-dae1-4d80-a40e-db4724271456/pathway/1aa1b39c-af75-44c4-81f6-1f75bd7a3638	Metribuzin
https://envipath.org/package/5882df9c-dae1-4d80-a40e-db4724271456/compound/426f1313-f39e-454a-8acb-8765e68d42b4/structure/594fbd94-428f-4e8c-b4d9-983bc28b91d6	M01 (desamino-metribuzin)	CC(C)(C)C1=NNC(=NC1=O)SC		1	CC(C)(C)C1=NN=C(N(C1=O)N)SC	https://envipath.org/package/5882df9c-dae1-4d80-a40e-db4724271456/pathway/1aa1b39c-af75-44c4-81f6-1f75bd7a3638	Metribuzin
https://envipath.org/package/5882df9c-dae1-4d80-a40e-db4724271456/compound/072ae60c-3e85-4c6b-8177-96d48f0fb542/structure/d7959bbb-cec2-46d4-b273-a30d70c3105e	M02 (diketo-metribuzin)	CC(C)(C)C1=NNC(=O)N(C1=O)N		2	CC(C)(C)C1=NN=CN(C1=O)N	https://envipath.org/package/5882df9c-dae1-4d80-a40e-db4724271456/pathway/1aa1b39c-af75-44c4-81f6-1f75bd7a3638	Metribuzin
https://envipath.org/package/5882df9c-dae1-4d80-a40e-db4724271456/compound/e2ac0dcc-0d34-4df3-a342-7abe1a6b56a3/structure/f7fda0b4-e62d-46ff-88de-7be7fd6ae365	Metribuzin	CC(C)(C)C1=NN=C(N(C1=O)N)SC		0		https://envipath.org/package/5882df9c-dae1-4d80-a40e-db4724271456/pathway/1aa1b39c-af75-44c4-81f6-1f75bd7a3638	Metribuzin
https://envipath.org/package/5882df9c-dae1-4d80-a40e-db4724271456/compound/89e4f209-0276-4751-8085-d248949d0851/structure/41d1d027-0fdb-47aa-8d0b-2f01921da46f	U1 (Desmethylthio-metribuzin)	CC(C)(C)C1=NN=CN(C1=O)N		1	CC(C)(C)C1=NN=C(N(C1=O)N)SC	https://envipath.org/package/5882df9c-dae1-4d80-a40e-db4724271456/pathway/1aa1b39c-af75-44c4-81f6-1f75bd7a3638	Metribuzin
https://envipath.org/package/5882df9c-dae1-4d80-a40e-db4724271456/compound/d13091fd-bc84-446e-9a73-5927183fb2eb/structure/2a3219fc-dc9e-4147-8e26-969496ca9a4a	IN-MU717	CC(=O)NC(=O)NC(=O)NC(=O)NS(=O)(=O)C1=C(C=CC=C1)C(=O)OC		1	CC1=NC(=NC(=N1)NC(=O)NS(=O)(=O)C2=C(C=CC=C2)C(=O)OC)OC	https://envipath.org/package/5882df9c-dae1-4d80-a40e-db4724271456/pathway/ed204d53-09ca-4e06-8908-6f01b8ba586d	Metsulfuron-methyl
https://envipath.org/package/5882df9c-dae1-4d80-a40e-db4724271456/compound/16a66ffb-d8e6-43fe-92c9-0d5a25b94821/structure/929d2047-4bcb-41c8-bcd7-bb970abf3a83	Triazine amine (IN-A4098)	CC1=NC(=NC(=N1)N)OC		1	CC1=NC(=NC(=N1)NC(=O)NS(=O)(=O)C2=C(C=CC=C2)C(=O)OC)OC	https://envipath.org/package/5882df9c-dae1-4d80-a40e-db4724271456/pathway/ed204d53-09ca-4e06-8908-6f01b8ba586d	Metsulfuron-methyl
https://envipath.org/package/5882df9c-dae1-4d80-a40e-db4724271456/compound/9952c600-5afe-46d2-a88a-65b05736c39e/structure/77936305-0f79-43ea-94dd-641f046ec7e4	Saccharin (IN-00581)	C1=CC2=C(C=C1)S(=O)(=O)NC2=O		2	C(C(=O)O)1=CC=CC=C1S(=O)(=O)NC(N)=O	https://envipath.org/package/5882df9c-dae1-4d80-a40e-db4724271456/pathway/ed204d53-09ca-4e06-8908-6f01b8ba586d	Metsulfuron-methyl
https://envipath.org/package/5882df9c-dae1-4d80-a40e-db4724271456/compound/15d003e4-f1b8-43d0-9c2d-1f2bc6541475/structure/2c04b82f-52f4-4f55-82a5-d189f8097046	Ester sulfonamide (IN-D5803)	COC(=O)C1=C(C=CC=C1)S(=O)(=O)N		2	C(C(=O)O)1=CC=CC=C1S(=O)(=O)NC(N)=O	https://envipath.org/package/5882df9c-dae1-4d80-a40e-db4724271456/pathway/ed204d53-09ca-4e06-8908-6f01b8ba586d	Metsulfuron-methyl
https://envipath.org/package/5882df9c-dae1-4d80-a40e-db4724271456/compound/605d8825-8644-41d7-8ac0-ac4acd3f565f/structure/23796453-29e5-41f6-b6bb-fea1444bdbc2	Phenylurea (IN-B5685)	C(C(=O)O)1=CC=CC=C1S(=O)(=O)NC(N)=O		1	CC1=NC(=NC(=N1)NC(=O)NS(=O)(=O)C2=C(C=CC=C2)C(=O)O)OC	https://envipath.org/package/5882df9c-dae1-4d80-a40e-db4724271456/pathway/ed204d53-09ca-4e06-8908-6f01b8ba586d	Metsulfuron-methyl
https://envipath.org/package/5882df9c-dae1-4d80-a40e-db4724271456/compound/b0168a17-1fb3-4941-9bf1-c6c123f875c5/structure/541d6040-6352-42de-b0b6-bf34910205e6	Metsulfuron-methyl	CC1=NC(=NC(=N1)NC(=O)NS(=O)(=O)C2=C(C=CC=C2)C(=O)OC)OC		0		https://envipath.org/package/5882df9c-dae1-4d80-a40e-db4724271456/pathway/ed204d53-09ca-4e06-8908-6f01b8ba586d	Metsulfuron-methyl
https://envipath.org/package/5882df9c-dae1-4d80-a40e-db4724271456/compound/467240f5-149a-4059-b443-ce035cc22e4e/structure/bfaf2143-211b-4341-be35-f9c387f24c22	O-desmethyl metsulfuron-methyl (IN-B5067)	CC1=NC(=NC(=N1)NC(=O)NS(=O)(=O)C2=C(C=CC=C2)C(=O)OC)O		1	CC1=NC(=NC(=N1)NC(=O)NS(=O)(=O)C2=C(C=CC=C2)C(=O)OC)OC	https://envipath.org/package/5882df9c-dae1-4d80-a40e-db4724271456/pathway/ed204d53-09ca-4e06-8908-6f01b8ba586d	Metsulfuron-methyl
https://envipath.org/package/5882df9c-dae1-4d80-a40e-db4724271456/compound/31748349-7ad0-467e-a338-2cdab3c896d2/structure/5a1f818c-ba12-45aa-b19f-a8722855e97a	Acid sulphonamide (IN-D5119)	C1=CC(=C(C=C1)S(=O)(=O)N)C(=O)O		3	COC(=O)C1=C(C=CC=C1)S(=O)(=O)N	https://envipath.org/package/5882df9c-dae1-4d80-a40e-db4724271456/pathway/ed204d53-09ca-4e06-8908-6f01b8ba586d	Metsulfuron-methyl
https://envipath.org/package/5882df9c-dae1-4d80-a40e-db4724271456/compound/2e734102-8c55-441e-93eb-1cbfa280edf4/structure/558c4f60-50c8-45d6-b3ba-1bed28b43494	Metsulfuron acid (IN F5438)	CC1=NC(=NC(=N1)NC(=O)NS(=O)(=O)C2=C(C=CC=C2)C(=O)O)OC		1	CC1=NC(=NC(=N1)NC(=O)NS(=O)(=O)C2=C(C=CC=C2)C(=O)OC)OC	https://envipath.org/package/5882df9c-dae1-4d80-a40e-db4724271456/pathway/ed204d53-09ca-4e06-8908-6f01b8ba586d	Metsulfuron-methyl
https://envipath.org/package/5882df9c-dae1-4d80-a40e-db4724271456/compound/61951402-056f-4a5c-98f0-85ca2ee27c48/structure/75384dfc-d6d8-4e87-b893-6193dab4be39	IN-V7160	CC1=NC(=NC(=N1)NC(=O)N)OC		1	CC1=NC(=NC(=N1)NC(=O)NS(=O)(=O)C2=C(C=CC=C2)C(=O)OC)OC	https://envipath.org/package/5882df9c-dae1-4d80-a40e-db4724271456/pathway/ed204d53-09ca-4e06-8908-6f01b8ba586d	Metsulfuron-methyl
https://envipath.org/package/5882df9c-dae1-4d80-a40e-db4724271456/compound/d06dd934-15d6-4690-a379-903b3398a530/structure/424e7175-23c1-45fb-b117-9a956577ac7f	O-desmethyl triazine amine (IN-B5528)	CC1=NC(=NC(=N1)N)O		2	CC1=NC(=NC(=N1)NC(=O)NS(=O)(=O)C2=C(C=CC=C2)C(=O)OC)O	https://envipath.org/package/5882df9c-dae1-4d80-a40e-db4724271456/pathway/ed204d53-09ca-4e06-8908-6f01b8ba586d	Metsulfuron-methyl
https://envipath.org/package/5882df9c-dae1-4d80-a40e-db4724271456/compound/811a34c3-38f2-45bd-a750-b4dae5e6924a/structure/c9c13c9b-dc72-4e93-abf4-6587efdf001a	Carbamoyl guanidine (IN-NC148)	COC(=O)C1=C(C=CC=C1)S(=O)(=O)NC(=O)N/C(=N/C(=O)N)/N		2	CC1=NC(=NC(=N1)NC(=O)NS(=O)(=O)C2=C(C=CC=C2)C(=O)OC)O	https://envipath.org/package/5882df9c-dae1-4d80-a40e-db4724271456/pathway/ed204d53-09ca-4e06-8908-6f01b8ba586d	Metsulfuron-methyl
https://envipath.org/package/5882df9c-dae1-4d80-a40e-db4724271456/compound/7148572b-3b64-4dd4-b0a9-5f4e603a9010/structure/a7ae65da-53c9-4bb2-90c3-06895fb4e431	butyric acid	C1=C(C=CC(=C1)Cl)C(CC(=O)O)(C#N)CN2C=NC=N2		1	CCCCC(C#N)(CN1C=NC=N1)C2=CC=C(C=C2)Cl	https://envipath.org/package/5882df9c-dae1-4d80-a40e-db4724271456/pathway/87b5f25c-06a6-4a8d-abbd-7a9584bc4fbf	Myclobutanil
https://envipath.org/package/5882df9c-dae1-4d80-a40e-db4724271456/compound/4ee71d38-034f-4aed-953e-4d8c368be728/structure/1369ee12-e2cd-4c32-b64b-d8f71b46159f	butyric diacid	C1=C(C=CC(=C1)Cl)C(CC(=O)O)(CN2C=NC=N2)C(=O)O		1	CCCCC(C#N)(CN1C=NC=N1)C2=CC=C(C=C2)Cl	https://envipath.org/package/5882df9c-dae1-4d80-a40e-db4724271456/pathway/87b5f25c-06a6-4a8d-abbd-7a9584bc4fbf	Myclobutanil
https://envipath.org/package/5882df9c-dae1-4d80-a40e-db4724271456/compound/48c5f42a-9743-4f99-ae98-280b4be726fc/structure/cdcd6302-3fd1-4d04-a0d6-55248b746711	Myclobutanil	CCCCC(C#N)(CN1C=NC=N1)C2=CC=C(C=C2)Cl		0		https://envipath.org/package/5882df9c-dae1-4d80-a40e-db4724271456/pathway/87b5f25c-06a6-4a8d-abbd-7a9584bc4fbf	Myclobutanil
https://envipath.org/package/5882df9c-dae1-4d80-a40e-db4724271456/compound/7ff0bc9f-ca9e-4fea-baf3-9d1d6aaed103/structure/af3efc82-8eed-42f3-afd1-12dc946fd5e5	Phthalic acid	C1=CC(=C(C=C1)C(=O)O)C(=O)O		5	C1=CC2=C(C=C1)C(=O)C=CC2=O	https://envipath.org/package/5882df9c-dae1-4d80-a40e-db4724271456/pathway/4559004a-c4fc-4a9c-96bf-09eb34142761	Napropamide
https://envipath.org/package/5882df9c-dae1-4d80-a40e-db4724271456/compound/03f743e8-70cc-4d3a-bd56-8b225653b29d/structure/a14cb317-0754-4ea0-8ebc-55ac10302840	Napropamide	CCN(CC)C(=O)C(C)OC1=CC=CC2=C1C=CC=C2		0		https://envipath.org/package/5882df9c-dae1-4d80-a40e-db4724271456/pathway/4559004a-c4fc-4a9c-96bf-09eb34142761	Napropamide
https://envipath.org/package/5882df9c-dae1-4d80-a40e-db4724271456/compound/0b1b0b11-c19b-46d1-be85-3339be521106/structure/16300d20-55a3-42f4-b7a0-e301ecb4b1c3	1-Napthol	C1=CC2=C(C=C1)C(=CC=C2)O		3	CC(C(=O)O)OC1=CC=CC2=C1C=CC=C2	https://envipath.org/package/5882df9c-dae1-4d80-a40e-db4724271456/pathway/4559004a-c4fc-4a9c-96bf-09eb34142761	Napropamide
https://envipath.org/package/5882df9c-dae1-4d80-a40e-db4724271456/compound/c8abf9ad-3332-4982-a4b4-4f56cdc2e565/structure/54965d55-1300-4cef-bcd1-01fa33cf71dc	NOPA	CC(C(=O)O)OC1=CC=CC2=C1C=CC=C2		2	CCNC(=O)C(C)OC1=CC=CC2=C1C=CC=C2	https://envipath.org/package/5882df9c-dae1-4d80-a40e-db4724271456/pathway/4559004a-c4fc-4a9c-96bf-09eb34142761	Napropamide
https://envipath.org/package/5882df9c-dae1-4d80-a40e-db4724271456/compound/8e8bb67c-c7ab-4a9b-ab17-09bd6bf7112f/structure/aa51e20c-b9d3-4f59-a7c2-c6570f663fd8	DE-NPAM	CCNC(=O)C(C)OC1=CC=CC2=C1C=CC=C2		1	CCN(CC)C(=O)C(C)OC1=CC=CC2=C1C=CC=C2	https://envipath.org/package/5882df9c-dae1-4d80-a40e-db4724271456/pathway/4559004a-c4fc-4a9c-96bf-09eb34142761	Napropamide
https://envipath.org/package/5882df9c-dae1-4d80-a40e-db4724271456/compound/52c2d3b7-d72f-41d1-b372-45d971a7154e/structure/65102e95-cd0b-47bd-b5b9-c6e918c78b11	NQ	C1=CC2=C(C=C1)C(=O)C=CC2=O		4	C1=CC2=C(C=C1)C(=CC=C2)O	https://envipath.org/package/5882df9c-dae1-4d80-a40e-db4724271456/pathway/4559004a-c4fc-4a9c-96bf-09eb34142761	Napropamide
https://envipath.org/package/5882df9c-dae1-4d80-a40e-db4724271456/compound/9a3377a1-ec86-4062-9674-cc5dc52cd8c1/structure/4a8e8d0f-24a4-431d-b1a8-99551c2adbe3	AUSN	CN(C)C(=O)C1=CC=CN=C1S(=O)(=O)NC(=O)NC(=N)N		2	CN(C)C(=O)C1=CC=CN=C1S(=O)(=O)NC(=O)NC2=NC(=CC(=N2)O)OC	https://envipath.org/package/5882df9c-dae1-4d80-a40e-db4724271456/pathway/f2bd53a6-df4e-4812-88ce-5bfcf6979350	Nicosulfuron
https://envipath.org/package/5882df9c-dae1-4d80-a40e-db4724271456/compound/5837cb26-f2c2-414c-bc72-451efdb58360/structure/a180e77b-0a05-4c0c-9806-dd737ec04ad1	UCSN	CN(C)C(=O)C1=CC=CN=C1S(=O)(=O)NC(=O)NC(=O)N		2	CN(C)C(=O)C1=CC=CN=C1S(=O)(=O)NC(=O)NC2=NC(=CC(=N2)O)OC	https://envipath.org/package/5882df9c-dae1-4d80-a40e-db4724271456/pathway/f2bd53a6-df4e-4812-88ce-5bfcf6979350	Nicosulfuron
https://envipath.org/package/5882df9c-dae1-4d80-a40e-db4724271456/compound/6358408d-2559-4ec1-ab03-3e83eeb5e54e/structure/46fd611f-3642-4579-b877-fb0497ef8b86	S13 (2-amino-4,6-dimethoxypyrimidine)	COC1=NC(=NC(=C1)OC)N		1	CN(C)C(=O)C1=CC=CN=C1S(=O)(=O)NC(=O)NC2=NC(=CC(=N2)OC)OC	https://envipath.org/package/5882df9c-dae1-4d80-a40e-db4724271456/pathway/f2bd53a6-df4e-4812-88ce-5bfcf6979350	Nicosulfuron
https://envipath.org/package/5882df9c-dae1-4d80-a40e-db4724271456/compound/a54102aa-4760-4c79-a5e9-f6084c177b4b/structure/74434ca9-adc4-4510-bee4-e9012bbb3918	ASDM	CN(C)C(=O)C1=CC=CN=C1S(=O)(=O)N		1	CN(C)C(=O)C1=CC=CN=C1S(=O)(=O)NC(=O)NC2=NC(=CC(=N2)OC)OC	https://envipath.org/package/5882df9c-dae1-4d80-a40e-db4724271456/pathway/f2bd53a6-df4e-4812-88ce-5bfcf6979350	Nicosulfuron
https://envipath.org/package/5882df9c-dae1-4d80-a40e-db4724271456/compound/caa6e5f0-1965-465c-8f74-c2184578c422/structure/d405ce1e-3cb4-47d3-8d19-4dbdd5c76c2b	MU-466	CNC(=O)C1=CC=CN=C1S(=O)(=O)N	minor	2	CN(C)C(=O)C1=CC=CN=C1S(=O)(=O)N	https://envipath.org/package/5882df9c-dae1-4d80-a40e-db4724271456/pathway/f2bd53a6-df4e-4812-88ce-5bfcf6979350	Nicosulfuron
https://envipath.org/package/5882df9c-dae1-4d80-a40e-db4724271456/compound/c63c8f90-4912-4fb5-8223-579e9f5f44d1/structure/6331eb14-be4d-4df4-8f04-4d48c0e7dc0d	Nicosulfuron	CN(C)C(=O)C1=CC=CN=C1S(=O)(=O)NC(=O)NC2=NC(=CC(=N2)OC)OC		0		https://envipath.org/package/5882df9c-dae1-4d80-a40e-db4724271456/pathway/f2bd53a6-df4e-4812-88ce-5bfcf6979350	Nicosulfuron
https://envipath.org/package/5882df9c-dae1-4d80-a40e-db4724271456/compound/b92f7409-2eb9-4946-94d2-dcad419f9d63/structure/9e4c8e60-2444-4c58-ae69-27a3a5667e88	HMUD	CN(C)C(=O)C1=CC=CN=C1S(=O)(=O)NC(=O)NC2=NC(=CC(=N2)O)OC		1	CN(C)C(=O)C1=CC=CN=C1S(=O)(=O)NC(=O)NC2=NC(=CC(=N2)OC)OC	https://envipath.org/package/5882df9c-dae1-4d80-a40e-db4724271456/pathway/f2bd53a6-df4e-4812-88ce-5bfcf6979350	Nicosulfuron
https://envipath.org/package/5882df9c-dae1-4d80-a40e-db4724271456/compound/ea893caf-0378-4fa0-acb8-4bf73377e86d/structure/8409d805-0803-44f7-8e7a-72646c19544b	Novaluron	C1=CC(=C(C(=C1)F)C(=O)NC(=O)NC2=CC=C(C(=C2)Cl)OC(C(F)OC(F)(F)F)(F)F)F		0		https://envipath.org/package/5882df9c-dae1-4d80-a40e-db4724271456/pathway/d44ed3b2-501f-4350-b30a-64dc84e8db68	Novaluron
https://envipath.org/package/5882df9c-dae1-4d80-a40e-db4724271456/compound/648240b4-1dae-4e90-bce5-8b24ad10c52d/structure/b745eef3-9a66-46fe-9940-b9d83c6102d4	CGA 149776	C1=CC(=C(C(=C1)F)C(=O)O)F		1	C1=CC(=C(C(=C1)F)C(=O)NC(=O)NC2=CC=C(C(=C2)Cl)OC(C(F)OC(F)(F)F)(F)F)F	https://envipath.org/package/5882df9c-dae1-4d80-a40e-db4724271456/pathway/d44ed3b2-501f-4350-b30a-64dc84e8db68	Novaluron
https://envipath.org/package/5882df9c-dae1-4d80-a40e-db4724271456/compound/8fc91e0c-fb95-4742-9301-ee6a60542698/structure/9a0edd74-2fce-4e08-b6eb-193f2138d101	275-309-I	C1=C(C=C(C(=C1)OC(C(F)OC(F)(F)F)(F)F)Cl)N		1	C1=CC(=C(C(=C1)F)C(=O)NC(=O)NC2=CC=C(C(=C2)Cl)OC(C(F)OC(F)(F)F)(F)F)F	https://envipath.org/package/5882df9c-dae1-4d80-a40e-db4724271456/pathway/d44ed3b2-501f-4350-b30a-64dc84e8db68	Novaluron
https://envipath.org/package/5882df9c-dae1-4d80-a40e-db4724271456/compound/74ae9afd-c0b6-45fd-8a8c-bc1e63caff9e/structure/0926769b-2ebb-4827-a1a1-f8fdf0177b3e	CGA 149772	C1=CC(=C(C(=C1)F)C(=O)N)F	minor	1	C1=CC(=C(C(=C1)F)C(=O)NC(=O)NC2=CC=C(C(=C2)Cl)OC(C(F)OC(F)(F)F)(F)F)F	https://envipath.org/package/5882df9c-dae1-4d80-a40e-db4724271456/pathway/d44ed3b2-501f-4350-b30a-64dc84e8db68	Novaluron
https://envipath.org/package/5882df9c-dae1-4d80-a40e-db4724271456/compound/37b8e7b8-f272-42e7-93a2-66e36abd1c2d/structure/ad4eea45-5069-452b-a771-4bee3095e6ac	275-352-I	C1=C(C=C(C(=C1)OC(C(F)OC(F)(F)F)(F)F)Cl)NC(=O)N		1	C1=CC(=C(C(=C1)F)C(=O)NC(=O)NC2=CC=C(C(=C2)Cl)OC(C(F)OC(F)(F)F)(F)F)F	https://envipath.org/package/5882df9c-dae1-4d80-a40e-db4724271456/pathway/d44ed3b2-501f-4350-b30a-64dc84e8db68	Novaluron
https://envipath.org/package/5882df9c-dae1-4d80-a40e-db4724271456/compound/c52de8d3-6882-422b-87df-b058fb702c26/structure/f010d5ad-997f-4742-872e-b6dd83b6719a	S4 (2-amino-N,N-dimethylbenzamide)	CN(C)C(=O)C1=C(C=CC=C1)N		1	CN(C)C(=O)C1=C(C=CC=C1)NS(=O)(=O)N	https://envipath.org/package/5882df9c-dae1-4d80-a40e-db4724271456/pathway/23c26692-cdaf-429d-a79e-3edc27376103	Orthosulfamuron
https://envipath.org/package/5882df9c-dae1-4d80-a40e-db4724271456/compound/9fb0cbb3-4b58-4b9b-ae71-412b1ce980f1/structure/6febaa6c-7f34-474d-ae3d-113152b3c5d0	S1 (2-sulfamino-N,N-dimethylbenzamide)	CN(C)C(=O)C1=C(C=CC=C1)NS(=O)(=O)O		1	CN(C)C(=O)C1=C(C=CC=C1)NS(=O)(=O)NC(=O)NC2=NC(=CC(=N2)OC)OC	https://envipath.org/package/5882df9c-dae1-4d80-a40e-db4724271456/pathway/23c26692-cdaf-429d-a79e-3edc27376103	Orthosulfamuron
https://envipath.org/package/5882df9c-dae1-4d80-a40e-db4724271456/compound/3dd6b0b4-80f7-44cd-aa27-4dbe1bf8e14f/structure/345f18c1-117b-47e6-8b0d-870d796acdd2	S12 (N-(4,6-dimethoxypyrimidin-2-yl)urea	COC1=NC(=NC(=C1)OC)NC(=O)N		1	CN(C)C(=O)C1=C(C=CC=C1)NS(=O)(=O)NC(=O)NC2=NC(=CC(=N2)OC)OC	https://envipath.org/package/5882df9c-dae1-4d80-a40e-db4724271456/pathway/23c26692-cdaf-429d-a79e-3edc27376103	Orthosulfamuron
https://envipath.org/package/5882df9c-dae1-4d80-a40e-db4724271456/compound/c2a06d5c-82e4-45a1-a9ca-aa53fcdf180d/structure/7e5b8928-b719-4c90-83fc-1f531f9db6d1	Orthosulfamuron	CN(C)C(=O)C1=C(C=CC=C1)NS(=O)(=O)NC(=O)NC2=NC(=CC(=N2)OC)OC		0		https://envipath.org/package/5882df9c-dae1-4d80-a40e-db4724271456/pathway/23c26692-cdaf-429d-a79e-3edc27376103	Orthosulfamuron
https://envipath.org/package/5882df9c-dae1-4d80-a40e-db4724271456/compound/68a6ac9c-7c94-4cdd-a5ed-314590e5fdc2/structure/3ef475c9-2546-47b5-98ab-930d5b56cf67	S9 (1-(4-methoxy-6-hydroxypyrimidin-2-yl)-3-[2-(dimethylcarbamoyl)phenylsulfamoyl]urea	CN(C)C(=O)C1=C(C=CC=C1)NS(=O)(=O)NC(=O)NC2=NC(=CC(=N2)O)OC		1	CN(C)C(=O)C1=C(C=CC=C1)NS(=O)(=O)NC(=O)NC2=NC(=CC(=N2)OC)OC	https://envipath.org/package/5882df9c-dae1-4d80-a40e-db4724271456/pathway/23c26692-cdaf-429d-a79e-3edc27376103	Orthosulfamuron
https://envipath.org/package/5882df9c-dae1-4d80-a40e-db4724271456/compound/6358408d-2559-4ec1-ab03-3e83eeb5e54e/structure/46fd611f-3642-4579-b877-fb0497ef8b86	S13 (2-amino-4,6-dimethoxypyrimidine)	COC1=NC(=NC(=C1)OC)N		1	CN(C)C(=O)C1=C(C=CC=C1)NS(=O)(=O)NC(=O)NC2=NC(=CC(=N2)OC)OC	https://envipath.org/package/5882df9c-dae1-4d80-a40e-db4724271456/pathway/23c26692-cdaf-429d-a79e-3edc27376103	Orthosulfamuron
https://envipath.org/package/5882df9c-dae1-4d80-a40e-db4724271456/compound/7624653f-4858-4ffb-9f2e-38d9f362c1ed/structure/a89cc889-afe5-4c5f-b044-e291104cc9ff	S2 (2-sulfamoylamino-N,N-dimethylbenzamide)	CN(C)C(=O)C1=C(C=CC=C1)NS(=O)(=O)N		1	CN(C)C(=O)C1=C(C=CC=C1)NS(=O)(=O)NC(=O)NC2=NC(=CC(=N2)OC)OC	https://envipath.org/package/5882df9c-dae1-4d80-a40e-db4724271456/pathway/23c26692-cdaf-429d-a79e-3edc27376103	Orthosulfamuron
https://envipath.org/package/5882df9c-dae1-4d80-a40e-db4724271456/compound/18d41981-b2eb-43a4-a437-08e56a69bf0e/structure/bfaff905-2870-45ae-8ef6-09fbeb4817ab	UN-2	CCCN1C2=C(C=C(C=C2[N+]([O-])=O)S(=O)(N)=O)[N+]([O-])=C1CC		3	CCCN1C(=NC2=C1C(=CC(=C2)S(=O)(=O)N)[N+](=O)[O-])CC	https://envipath.org/package/5882df9c-dae1-4d80-a40e-db4724271456/pathway/0122efd2-88a0-433d-b7d6-141a0f51e3dc	Oryzalin
https://envipath.org/package/5882df9c-dae1-4d80-a40e-db4724271456/compound/ab3c62e7-a02a-4498-af43-1d19c9847f14/structure/227cb7c9-a96d-4a6d-8c96-75bc41576629	OR-2	CCCNC1=C(C=C(C=C1[N+](=O)[O-])S(=O)(=O)N)[N+](=O)[O-]		1	CCCN(CCC)C1=C(C=C(C=C1[N+](=O)[O-])S(=O)(=O)N)[N+](=O)[O-]	https://envipath.org/package/5882df9c-dae1-4d80-a40e-db4724271456/pathway/0122efd2-88a0-433d-b7d6-141a0f51e3dc	Oryzalin
https://envipath.org/package/5882df9c-dae1-4d80-a40e-db4724271456/compound/ff989930-0fd6-44c8-a9d8-13445bcdfc2d/structure/3140378a-bb86-40fb-b4eb-a25ee887cbf8	OR-7	CCCN(CCC)C1=C(C=C(C=C1N)S(=O)(=O)N)N		2	CCCN(CCC)C1=C(C=C(C=C1N)S(=O)(=O)N)[N+](=O)[O-]	https://envipath.org/package/5882df9c-dae1-4d80-a40e-db4724271456/pathway/0122efd2-88a0-433d-b7d6-141a0f51e3dc	Oryzalin
https://envipath.org/package/5882df9c-dae1-4d80-a40e-db4724271456/compound/fa3f683d-196f-401d-88cc-f1d52f3ccb7e/structure/dc25dc3b-8157-4e51-89a0-310f7708a906	OR-41	CCCN(CC(C)O)C1=C(C=C(C=C1[N+](=O)[O-])S(=O)(=O)N)[N+](=O)[O-]		1	CCCN(CCC)C1=C(C=C(C=C1[N+](=O)[O-])S(=O)(=O)N)[N+](=O)[O-]	https://envipath.org/package/5882df9c-dae1-4d80-a40e-db4724271456/pathway/0122efd2-88a0-433d-b7d6-141a0f51e3dc	Oryzalin
https://envipath.org/package/5882df9c-dae1-4d80-a40e-db4724271456/compound/d49820dc-126c-4759-bfae-3458bcf1d66e/structure/4a793464-a71c-4b93-8e09-48d4a21d4f44	OR-13	CCCN1C(=NC2=C1C(=CC(=C2)S(=O)(=O)N)[N+](=O)[O-])CC		2	CCCN(CCC)C1=C(C=C(C=C1N)S(=O)(=O)N)[N+](=O)[O-]	https://envipath.org/package/5882df9c-dae1-4d80-a40e-db4724271456/pathway/0122efd2-88a0-433d-b7d6-141a0f51e3dc	Oryzalin
https://envipath.org/package/5882df9c-dae1-4d80-a40e-db4724271456/compound/5d1e3efc-223d-47e5-8332-796a5d1c9286/structure/e3a9161a-dbcc-43ca-994f-fa5cd4ee824f	UN-1	CCCNC1=C(C=C(C=C1/N=N\C2=CC(=CC(=C2NCCC)[N+](=O)[O-])S(=O)(=O)N)S(=O)(=O)N)[N+](=O)[O-]		2	CCCNC1=C(C=C(C=C1[N+](=O)[O-])S(=O)(=O)N)[N+](=O)[O-]	https://envipath.org/package/5882df9c-dae1-4d80-a40e-db4724271456/pathway/0122efd2-88a0-433d-b7d6-141a0f51e3dc	Oryzalin
https://envipath.org/package/5882df9c-dae1-4d80-a40e-db4724271456/compound/2d287f66-38d2-4e8f-94b4-7f091b13d7d5/structure/855bf48c-8228-4526-a8f6-08716bccf281	Oryzalin (OR-1)	CCCN(CCC)C1=C(C=C(C=C1[N+](=O)[O-])S(=O)(=O)N)[N+](=O)[O-]		0		https://envipath.org/package/5882df9c-dae1-4d80-a40e-db4724271456/pathway/0122efd2-88a0-433d-b7d6-141a0f51e3dc	Oryzalin
https://envipath.org/package/5882df9c-dae1-4d80-a40e-db4724271456/compound/349c13f1-80e5-450c-8c14-9b60ce122a6b/structure/953e6feb-6b25-41af-8d41-3ec9d1fa15e6	OR-15	CCC1=NC2=C(C(=CC(=C2)S(=O)(=O)N)[N+](=O)[O-])N1		3	CCCN1C(=NC2=C1C(=CC(=C2)S(=O)(=O)N)[N+](=O)[O-])CC	https://envipath.org/package/5882df9c-dae1-4d80-a40e-db4724271456/pathway/0122efd2-88a0-433d-b7d6-141a0f51e3dc	Oryzalin
https://envipath.org/package/5882df9c-dae1-4d80-a40e-db4724271456/compound/012cce87-6ec2-42e4-9bd6-65f8be8b6d55/structure/e34310e5-0eec-4cf2-bc21-ccc12a6859a6	OR-21	CCCN(CCC)C1=C(C=C(C=C1[N+](=O)[O-])S(=O)(=O)O)[N+](=O)[O-]		1	CCCN(CCC)C1=C(C=C(C=C1[N+](=O)[O-])S(=O)(=O)N)[N+](=O)[O-]	https://envipath.org/package/5882df9c-dae1-4d80-a40e-db4724271456/pathway/0122efd2-88a0-433d-b7d6-141a0f51e3dc	Oryzalin
https://envipath.org/package/5882df9c-dae1-4d80-a40e-db4724271456/compound/68c8a5cf-d0cc-48e1-8e7b-c5ee8947761e/structure/853ec741-abaa-43e9-b036-dbb4dc35115c	OR-9	C1=C(C(=C(C=C1S(=O)(=O)N)N)N)N		2	CCCN(CCC)C1=C(C=C(C=C1N)S(=O)(=O)N)[N+](=O)[O-]	https://envipath.org/package/5882df9c-dae1-4d80-a40e-db4724271456/pathway/0122efd2-88a0-433d-b7d6-141a0f51e3dc	Oryzalin
https://envipath.org/package/5882df9c-dae1-4d80-a40e-db4724271456/compound/cdaed4d7-9f8b-4d84-8e88-fda1cc4778ec/structure/1b963825-b09b-4908-afa8-400e8f370a97	OR-5	CCCNC1=C(C=C(C=C1N)S(=O)(=O)N)[N+](=O)[O-]		-99		https://envipath.org/package/5882df9c-dae1-4d80-a40e-db4724271456/pathway/0122efd2-88a0-433d-b7d6-141a0f51e3dc	Oryzalin
https://envipath.org/package/5882df9c-dae1-4d80-a40e-db4724271456/compound/884f4d05-5495-4031-978c-877ffefeecd4/structure/eb0022ab-b818-4a13-a3e4-7e397e377a34	OR-14	CCCN1C(=NC2=C1C(=CC(=C2)S(=O)(=O)N)N)CC		1	CCCN1C(=NC2=C1C(=CC(=C2)S(=O)(=O)N)[N+](=O)[O-])CC	https://envipath.org/package/5882df9c-dae1-4d80-a40e-db4724271456/pathway/0122efd2-88a0-433d-b7d6-141a0f51e3dc	Oryzalin
https://envipath.org/package/5882df9c-dae1-4d80-a40e-db4724271456/compound/5ac35be2-1d31-403d-9e04-752c31f44904/structure/12bfd116-0d6b-440d-ac37-e13af21f1c3f	OR-4	CCCN(CCC)C1=C(C=C(C=C1N)S(=O)(=O)N)[N+](=O)[O-]		1	CCCN(CCC)C1=C(C=C(C=C1[N+](=O)[O-])S(=O)(=O)N)[N+](=O)[O-]	https://envipath.org/package/5882df9c-dae1-4d80-a40e-db4724271456/pathway/0122efd2-88a0-433d-b7d6-141a0f51e3dc	Oryzalin
https://envipath.org/package/5882df9c-dae1-4d80-a40e-db4724271456/compound/623f856c-0bae-4d6e-a0de-f02a0d4ddae3/structure/d2dc210e-c4ec-40a8-8efb-c6837480c777	OR-3	C1=C(C(=C(C=C1S(=O)(=O)N)[N+](=O)[O-])N)[N+](=O)[O-]		2	CCCNC1=C(C=C(C=C1[N+](=O)[O-])S(=O)(=O)N)[N+](=O)[O-]	https://envipath.org/package/5882df9c-dae1-4d80-a40e-db4724271456/pathway/0122efd2-88a0-433d-b7d6-141a0f51e3dc	Oryzalin
https://envipath.org/package/5882df9c-dae1-4d80-a40e-db4724271456/compound/5545e557-86eb-4233-a582-6eb3c5bcb0fb/structure/37bf85ac-858a-4d5f-8022-51b7e5ebf2f2	OR-20	C1=C(C(=C(C=C1S(=O)(=O)N)[N+](=O)[O-])O)[N+](=O)[O-]		1	CCCN(CCC)C1=C(C=C(C=C1[N+](=O)[O-])S(=O)(=O)N)[N+](=O)[O-]	https://envipath.org/package/5882df9c-dae1-4d80-a40e-db4724271456/pathway/0122efd2-88a0-433d-b7d6-141a0f51e3dc	Oryzalin
https://envipath.org/package/5882df9c-dae1-4d80-a40e-db4724271456/compound/19ebd0c3-0490-4d0a-b397-c15f20a2a132/structure/4ffba597-7357-4578-aecd-0c60f62a52ce	AE 0616182 (RP 26449)	CC(C)OC1=CC(=C(C=C1Cl)Cl)N2C(=O)OC(=N2)C(C)(C)C(=O)O		1	CC(C)OC1=CC(=C(C=C1Cl)Cl)N2C(=O)OC(=N2)C(C)(C)C	https://envipath.org/package/5882df9c-dae1-4d80-a40e-db4724271456/pathway/0b869416-ffde-4249-aac5-720ad7fc326a	Oxadiazon
https://envipath.org/package/5882df9c-dae1-4d80-a40e-db4724271456/compound/da52c026-130f-4d04-902a-697bfe5ce326/structure/bb0ae105-a22d-4bb3-a2e6-b7f4ea3eb3a9	AE 1151405	CC(C)(C)C1=NN(C2=CC(=CC=C2Cl)O)C(=O)O1		3	CC(C)(C)C1=NN(C2=C(C=C(C(=C2)O)Cl)Cl)C(=O)O1	https://envipath.org/package/5882df9c-dae1-4d80-a40e-db4724271456/pathway/0b869416-ffde-4249-aac5-720ad7fc326a	Oxadiazon
https://envipath.org/package/5882df9c-dae1-4d80-a40e-db4724271456/compound/abf1fa5d-5956-45bf-81a3-5ad51d6dda9d/structure/f7f74019-3054-40bc-92ac-3e5a1e803979	AE 0618784 (RP 26471)	CCOC1=CC(=C(C=C1Cl)Cl)N2C(=O)OC(=N2)C(C)(C)C		1	CC(C)OC1=CC(=C(C=C1Cl)Cl)N2C(=O)OC(=N2)C(C)(C)C	https://envipath.org/package/5882df9c-dae1-4d80-a40e-db4724271456/pathway/0b869416-ffde-4249-aac5-720ad7fc326a	Oxadiazon
https://envipath.org/package/5882df9c-dae1-4d80-a40e-db4724271456/compound/45e6a7ef-830f-45db-a967-842fbf423db6/structure/4a86fb2d-da9b-4222-8537-4b1f8dd0573a	AE 0618795 (RP 17272)	CC(C)(C1=NN(C2=C(C=C(C(=C2)O)Cl)Cl)C(=O)O1)C(=O)O		2	CC(C)OC1=CC(=C(C=C1Cl)Cl)N2C(=O)OC(=N2)C(C)(C)C(=O)O	https://envipath.org/package/5882df9c-dae1-4d80-a40e-db4724271456/pathway/0b869416-ffde-4249-aac5-720ad7fc326a	Oxadiazon
https://envipath.org/package/5882df9c-dae1-4d80-a40e-db4724271456/compound/03fffe25-7cc9-4914-9df2-e6b59b6b6e79/structure/02d08b72-0c6a-4b23-ae06-b2160e4fab8e	Oxadiazon	CC(C)OC1=CC(=C(C=C1Cl)Cl)N2C(=O)OC(=N2)C(C)(C)C		0		https://envipath.org/package/5882df9c-dae1-4d80-a40e-db4724271456/pathway/0b869416-ffde-4249-aac5-720ad7fc326a	Oxadiazon
https://envipath.org/package/5882df9c-dae1-4d80-a40e-db4724271456/compound/3c33bc56-c3e5-476d-b1aa-c0f15dad9e62/structure/634c9c1d-7ec9-4477-91ac-834363950c53	AE 0608022	CC(C)OC1=CC(=C(C=C1Cl)Cl)NNCOC(C)(C)C		1	CC(C)OC1=CC(=C(C=C1Cl)Cl)N2C(=O)OC(=N2)C(C)(C)C	https://envipath.org/package/5882df9c-dae1-4d80-a40e-db4724271456/pathway/0b869416-ffde-4249-aac5-720ad7fc326a	Oxadiazon
https://envipath.org/package/5882df9c-dae1-4d80-a40e-db4724271456/compound/6973422e-45ca-4a2e-85ea-d7ef4543f462/structure/abdf7e92-9c7b-4aaf-951e-5ddc6f4a7c22	AE 0608021 (RP 26496)	CC(C)(C)C1=NN(C2=C(C=C(C(=C2)O)Cl)Cl)C(=O)O1		2	CCOC1=CC(=C(C=C1Cl)Cl)N2C(=O)OC(=N2)C(C)(C)C	https://envipath.org/package/5882df9c-dae1-4d80-a40e-db4724271456/pathway/0b869416-ffde-4249-aac5-720ad7fc326a	Oxadiazon
https://envipath.org/package/5882df9c-dae1-4d80-a40e-db4724271456/compound/07fe1990-a149-4e26-a1c9-4cf6338c468f/structure/58b7363f-11e8-45ed-a788-b0609bf11553	Oxamyl	CNC(=O)O/N=C(/C(=O)N(C)C)\SC		0		https://envipath.org/package/5882df9c-dae1-4d80-a40e-db4724271456/pathway/5e07f695-8b4d-426b-bf47-91fc1702f70a	Oxamyl
https://envipath.org/package/5882df9c-dae1-4d80-a40e-db4724271456/compound/13be16cc-32d9-4f20-91c7-f8cde4400572/structure/ccba7465-dece-4e5e-b54f-267869ddd0d5	IN-D2708	CN(C)C(=O)C(=O)O		2	CN(C)C(=O)/C(=N/O)/SC	https://envipath.org/package/5882df9c-dae1-4d80-a40e-db4724271456/pathway/5e07f695-8b4d-426b-bf47-91fc1702f70a	Oxamyl
https://envipath.org/package/5882df9c-dae1-4d80-a40e-db4724271456/compound/f2a355c0-1272-4f2e-96c4-1db979e7bf36/structure/cf18e405-2398-4b60-86f1-f7ab603e0bdb	IN-A2213 (Oxamyl oxime)	CN(C)C(=O)/C(=N/O)/SC		1	CNC(=O)O/N=C(/C(=O)N(C)C)\SC	https://envipath.org/package/5882df9c-dae1-4d80-a40e-db4724271456/pathway/5e07f695-8b4d-426b-bf47-91fc1702f70a	Oxamyl
https://envipath.org/package/5882df9c-dae1-4d80-a40e-db4724271456/compound/85a487f5-e183-4bc5-bb10-9e2e77017cf2/structure/bbee19de-6f11-44ce-a566-20e101143bde	IN-N0079	CN(C)C(=O)C#N		-99		https://envipath.org/package/5882df9c-dae1-4d80-a40e-db4724271456/pathway/5e07f695-8b4d-426b-bf47-91fc1702f70a	Oxamyl
https://envipath.org/package/5882df9c-dae1-4d80-a40e-db4724271456/compound/af533d47-91d6-470b-a851-8217c81d023f/structure/829b592d-f5cf-45b9-9115-277956480916	IN-RLD51	CC1=CC(=NN1CC(=O)N2CCC(CC2)C(=O)O)C(F)(F)F		1	CC1=CC(=NN1CC(=O)N2CCC(CC2)C3=NC(=CS3)C4=NOC(C4)C5=C(C=CC=C5F)F)C(F)(F)F	https://envipath.org/package/5882df9c-dae1-4d80-a40e-db4724271456/pathway/d5d0c0fe-d18d-49a3-b835-f621a1498561	Oxathiapiprolin
https://envipath.org/package/5882df9c-dae1-4d80-a40e-db4724271456/compound/8a0a5fe9-9935-499b-aadd-fc9ba316cf3e/structure/9e38f14f-c9f6-4773-bd81-5bd56b589f31	IN-QPS10	C1=CC(=C(C(=C1)F)C2CC(=NO2)C3=CSC(=N3)C4CCNCC4)F	major	1	CC1=CC(=NN1CC(=O)N2CCC(CC2)C3=NC(=CS3)C4=NOC(C4)C5=C(C=CC=C5F)F)C(F)(F)F	https://envipath.org/package/5882df9c-dae1-4d80-a40e-db4724271456/pathway/d5d0c0fe-d18d-49a3-b835-f621a1498561	Oxathiapiprolin
https://envipath.org/package/5882df9c-dae1-4d80-a40e-db4724271456/compound/ae2241a9-2703-4c0d-b904-3f93d88cf58a/structure/5b01cce3-639f-44ed-abbc-871b38bf07dc	IN-E8S72	C1=C(C(=O)O)NN=C1C(F)(F)F	major	1	CC1=CC(=NN1CC(=O)N2CCC(CC2)C3=NC(=CS3)C4=NOC(C4)C5=C(C=CC=C5F)F)C(F)(F)F	https://envipath.org/package/5882df9c-dae1-4d80-a40e-db4724271456/pathway/d5d0c0fe-d18d-49a3-b835-f621a1498561	Oxathiapiprolin
https://envipath.org/package/5882df9c-dae1-4d80-a40e-db4724271456/compound/eba9491e-a269-46aa-9323-c9d63eea3dd5/structure/2f30d579-980a-44a4-812e-4efc339f29c8	IN-Q7D41	CC1=CC(=NN1CC(=O)N2CCC(CC2)C3=NC(=CS3)C4=NOC(=C4)C5=C(C=CC=C5F)F)C(F)(F)F	minor	1	CC1=CC(=NN1CC(=O)N2CCC(CC2)C3=NC(=CS3)C4=NOC(C4)C5=C(C=CC=C5F)F)C(F)(F)F	https://envipath.org/package/5882df9c-dae1-4d80-a40e-db4724271456/pathway/d5d0c0fe-d18d-49a3-b835-f621a1498561	Oxathiapiprolin
https://envipath.org/package/5882df9c-dae1-4d80-a40e-db4724271456/compound/5b1f0c72-4841-453a-be66-96b754c9b1bb/structure/5f7ff789-1830-4746-bac7-73594d1b81bb	IN-RAB06	C1=CC(=C(C(=C1)F)C2CC(=NO2)C3=CSC(=N3)C4CCN(CC4)C(=O)CN5C(=CC(=N5)C(F)(F)F)C(=O)O)F	major	1	CC1=CC(=NN1CC(=O)N2CCC(CC2)C3=NC(=CS3)C4=NOC(C4)C5=C(C=CC=C5F)F)C(F)(F)F	https://envipath.org/package/5882df9c-dae1-4d80-a40e-db4724271456/pathway/d5d0c0fe-d18d-49a3-b835-f621a1498561	Oxathiapiprolin
https://envipath.org/package/5882df9c-dae1-4d80-a40e-db4724271456/compound/d44de8c4-1f27-4642-9641-7af058c65730/structure/fbf949b0-90c8-44d2-9ba7-29df9dca8f6c	IN-RDT31	CC1=CC(=NN1CC(=O)N2CCC(CC2)(C3=NC(=CS3)C4=NOC(C4)C5=C(C=CC=C5F)F)O)C(F)(F)F	major	1	CC1=CC(=NN1CC(=O)N2CCC(CC2)C3=NC(=CS3)C4=NOC(C4)C5=C(C=CC=C5F)F)C(F)(F)F	https://envipath.org/package/5882df9c-dae1-4d80-a40e-db4724271456/pathway/d5d0c0fe-d18d-49a3-b835-f621a1498561	Oxathiapiprolin
https://envipath.org/package/5882df9c-dae1-4d80-a40e-db4724271456/compound/bd417834-41bf-4fc8-b606-6b285ae0d9f1/structure/64a78534-12a9-448a-9fa1-8354c77c72b3	IN-WR791	CC1=CC(=NN1CC(=O)O)C(F)(F)F		1	CC1=CC(=NN1CC(=O)N2CCC(CC2)(C3=NC(=CS3)C4=NOC(C4)C5=C(C=CC=C5F)F)O)C(F)(F)F	https://envipath.org/package/5882df9c-dae1-4d80-a40e-db4724271456/pathway/d5d0c0fe-d18d-49a3-b835-f621a1498561	Oxathiapiprolin
https://envipath.org/package/5882df9c-dae1-4d80-a40e-db4724271456/compound/d33b8eda-531a-44b0-9c74-ddc3798cf883/structure/55f9b8a4-8350-46be-a94a-7130436e0f63	Oxathiapiprolin	CC1=CC(=NN1CC(=O)N2CCC(CC2)C3=NC(=CS3)C4=NOC(C4)C5=C(C=CC=C5F)F)C(F)(F)F	minor	0		https://envipath.org/package/5882df9c-dae1-4d80-a40e-db4724271456/pathway/d5d0c0fe-d18d-49a3-b835-f621a1498561	Oxathiapiprolin
https://envipath.org/package/5882df9c-dae1-4d80-a40e-db4724271456/compound/aaed3457-02fa-4020-8476-8f11fa192b10/structure/e7c9fd09-b11c-4e01-8d7c-3c374aab4400	ODM-sulphone (M01)	CCS(=O)(=O)CCSP(=O)(OC)OC		1	CCS(=O)CCSP(=O)(OC)OC	https://envipath.org/package/5882df9c-dae1-4d80-a40e-db4724271456/pathway/b9b9d29d-9008-4d04-a4a6-43c4565ffe7d	Oxydemeton-methyl
https://envipath.org/package/5882df9c-dae1-4d80-a40e-db4724271456/compound/80c9f971-e096-4dbc-9bd0-5dc8504e2d1c/structure/301d8f8e-be04-4ec6-a0bb-47f4b1da4ddb	Oxydemeton-methyl	CCS(=O)CCSP(=O)(OC)OC		0		https://envipath.org/package/5882df9c-dae1-4d80-a40e-db4724271456/pathway/b9b9d29d-9008-4d04-a4a6-43c4565ffe7d	Oxydemeton-methyl
https://envipath.org/package/5882df9c-dae1-4d80-a40e-db4724271456/compound/3d19d54e-84b0-4663-b37e-f5d07e267b35/structure/32a04d29-5b31-4880-8f61-b0e02f619ab0	ESMSE (M03)	CCS(=O)CCS(=O)C		1	CCS(=O)CCSP(=O)(OC)OC	https://envipath.org/package/5882df9c-dae1-4d80-a40e-db4724271456/pathway/b9b9d29d-9008-4d04-a4a6-43c4565ffe7d	Oxydemeton-methyl
https://envipath.org/package/5882df9c-dae1-4d80-a40e-db4724271456/compound/8d812a2d-a9ca-4306-88f0-bc6db4152e36/structure/4716302c-97b6-489e-8909-99abc90c56b0	ESOES (M10)	CCS(=O)(=O)CCS(=O)(=O)O		2	CCS(=O)CCS(=O)(=O)O	https://envipath.org/package/5882df9c-dae1-4d80-a40e-db4724271456/pathway/b9b9d29d-9008-4d04-a4a6-43c4565ffe7d	Oxydemeton-methyl
https://envipath.org/package/5882df9c-dae1-4d80-a40e-db4724271456/compound/14a13eea-8652-45a2-8e7b-68d3b4cc3be8/structure/9d79eed4-3c9e-4eb0-845c-b88bd8098fb1	ESES (M09)	CCS(=O)CCS(=O)(=O)O		2	CCS(=O)CCS(=O)C	https://envipath.org/package/5882df9c-dae1-4d80-a40e-db4724271456/pathway/b9b9d29d-9008-4d04-a4a6-43c4565ffe7d	Oxydemeton-methyl
https://envipath.org/package/5882df9c-dae1-4d80-a40e-db4724271456/compound/49d42231-a830-4d53-9245-b045fa5cf9fe/structure/723fb8e3-f560-4f2a-abc1-3c4034756ee0	ETES (M22)	CCSCCS(=O)(=O)O		1	CCS(=O)CCSP(=O)(OC)OC	https://envipath.org/package/5882df9c-dae1-4d80-a40e-db4724271456/pathway/b9b9d29d-9008-4d04-a4a6-43c4565ffe7d	Oxydemeton-methyl
https://envipath.org/package/5882df9c-dae1-4d80-a40e-db4724271456/compound/51467944-39b3-4f4c-8145-11ae7403c60b/structure/11a101e0-ab4b-495f-a71c-5d77da9036ab	ESOMSE	CCS(=O)(=O)CCS(=O)C		2	CCS(=O)CCS(=O)C	https://envipath.org/package/5882df9c-dae1-4d80-a40e-db4724271456/pathway/b9b9d29d-9008-4d04-a4a6-43c4565ffe7d	Oxydemeton-methyl
https://envipath.org/package/5882df9c-dae1-4d80-a40e-db4724271456/compound/3b1bca26-8d0f-4a90-aad0-d596a81d9854/structure/40ad0f20-4bb2-4a4c-be8d-64e805f74900	ESOMSOE (M05)	CCS(=O)(=O)CCS(=O)(=O)C		3	CCS(=O)(=O)CCS(=O)C	https://envipath.org/package/5882df9c-dae1-4d80-a40e-db4724271456/pathway/b9b9d29d-9008-4d04-a4a6-43c4565ffe7d	Oxydemeton-methyl
https://envipath.org/package/5882df9c-dae1-4d80-a40e-db4724271456/compound/68233bc8-47dc-42f1-9b54-857456ab54a1/structure/3db5dba8-c159-4ef5-b0aa-f7f0f9c6b8a8	Oxyfluorfen	CCOC1=CC(=CC=C1[N+](=O)[O-])OC2=CC=C(C=C2Cl)C(F)(F)F		0		https://envipath.org/package/5882df9c-dae1-4d80-a40e-db4724271456/pathway/fe154948-12b2-4b24-9e41-4179634ba8ac	Oxyfluorfen
https://envipath.org/package/5882df9c-dae1-4d80-a40e-db4724271456/compound/3c46d9ec-8062-4a0c-95cf-b720b6828c8d/structure/424de194-6923-4b62-961f-0659c50c5845	Triazole alanine	C(C(C(=O)O)N)N1C=NC=N1		4	C(C(=O)O)N1C=NC=N1	https://envipath.org/package/5882df9c-dae1-4d80-a40e-db4724271456/pathway/b8b0d50b-8525-4e9f-bb73-79654204e884	Paclobutrazol
https://envipath.org/package/5882df9c-dae1-4d80-a40e-db4724271456/compound/fa4f2d34-a208-49c9-b4d8-a07a75de5bc4/structure/f4b9b68c-f34d-4092-bb10-5f23a20e740b	NOA 457654	C1=NNC(=N1)O		3	C1=NC=NN1	https://envipath.org/package/5882df9c-dae1-4d80-a40e-db4724271456/pathway/b8b0d50b-8525-4e9f-bb73-79654204e884	Paclobutrazol
https://envipath.org/package/5882df9c-dae1-4d80-a40e-db4724271456/compound/bf1a988a-5329-4b87-b1fb-269ac11280e7/structure/abd7dd3f-60fb-4c71-b54b-273da0e5a125	Triazole lactic acid	C(C(C(=O)O)O)N1C=NC=N1		6	C(C(=O)C(=O)O)N1C=NC=N1	https://envipath.org/package/5882df9c-dae1-4d80-a40e-db4724271456/pathway/b8b0d50b-8525-4e9f-bb73-79654204e884	Paclobutrazol
https://envipath.org/package/5882df9c-dae1-4d80-a40e-db4724271456/compound/b2d4f1be-b12f-4813-973e-a5bb89fc4c08/structure/c312f91c-3487-4b38-a8af-e38a00362dc7	1,2,4 triazole acetic-acid 	C(C(=O)O)N1C=NC=N1		3	C1=NC=NN1	https://envipath.org/package/5882df9c-dae1-4d80-a40e-db4724271456/pathway/b8b0d50b-8525-4e9f-bb73-79654204e884	Paclobutrazol
https://envipath.org/package/5882df9c-dae1-4d80-a40e-db4724271456/compound/a15dc090-924f-4ae2-9ea6-3230a8a7f504/structure/d705d7e2-2f0e-4230-8d35-5eb2c2fc1c91	1,2,4 triazole	C1=NC=NN1		2	CC(C)(C)C(=O)C(CC1=CC=C(C=C1)Cl)N2C=NC=N2	https://envipath.org/package/5882df9c-dae1-4d80-a40e-db4724271456/pathway/b8b0d50b-8525-4e9f-bb73-79654204e884	Paclobutrazol
https://envipath.org/package/5882df9c-dae1-4d80-a40e-db4724271456/compound/415351f9-d211-43c4-b544-28d0995da047/structure/553b4269-b91b-4994-9ac9-a1443e028422	Paclobutrazol	CC(C)(C)C(C(CC1=CC=C(C=C1)Cl)N2C=NC=N2)O		0		https://envipath.org/package/5882df9c-dae1-4d80-a40e-db4724271456/pathway/b8b0d50b-8525-4e9f-bb73-79654204e884	Paclobutrazol
https://envipath.org/package/5882df9c-dae1-4d80-a40e-db4724271456/compound/280577b3-1477-49ad-bff3-b8a5128afe20/structure/32a2a401-ba22-4843-99b3-f45849c51e4e	triazole pyruvic acid	C(C(=O)C(=O)O)N1C=NC=N1		5	C(C(C(=O)O)N)N1C=NC=N1	https://envipath.org/package/5882df9c-dae1-4d80-a40e-db4724271456/pathway/b8b0d50b-8525-4e9f-bb73-79654204e884	Paclobutrazol
https://envipath.org/package/5882df9c-dae1-4d80-a40e-db4724271456/compound/9e494c90-66d3-4a1f-a7e3-d7cd614f0ca1/structure/c27048ad-bce5-4d3c-8439-913196132f48	CGA 149907	CC(C)(C)C(=O)C(CC1=CC=C(C=C1)Cl)N2C=NC=N2		1	CC(C)(C)C(C(CC1=CC=C(C=C1)Cl)N2C=NC=N2)O	https://envipath.org/package/5882df9c-dae1-4d80-a40e-db4724271456/pathway/b8b0d50b-8525-4e9f-bb73-79654204e884	Paclobutrazol
https://envipath.org/package/5882df9c-dae1-4d80-a40e-db4724271456/compound/a15dc090-924f-4ae2-9ea6-3230a8a7f504/structure/d705d7e2-2f0e-4230-8d35-5eb2c2fc1c91	1,2,4 triazole	C1=NC=NN1		2	C(C(=O)O)N1C=NC=N1	https://envipath.org/package/5882df9c-dae1-4d80-a40e-db4724271456/pathway/f67eedbe-8fb1-4d8e-83c7-1e7b1dd38b8d	Penconazole
https://envipath.org/package/5882df9c-dae1-4d80-a40e-db4724271456/compound/d0a6515f-4deb-4345-84e8-d910748797c7/structure/7ed74799-9e9e-4de9-86fe-a23ce5f8d274	CGA 179944	C1=C(C=C(C(=C1)C(CN2C=NC=N2)C(=O)O)Cl)Cl		1	CCCC(CN1C=NC=N1)C2=CC=C(C=C2Cl)Cl	https://envipath.org/package/5882df9c-dae1-4d80-a40e-db4724271456/pathway/f67eedbe-8fb1-4d8e-83c7-1e7b1dd38b8d	Penconazole
https://envipath.org/package/5882df9c-dae1-4d80-a40e-db4724271456/compound/4873d454-09db-465e-bf89-b34061b611f2/structure/cd0d25d9-6e06-4df4-92ad-25edaf716326	Penconazole	CCCC(CN1C=NC=N1)C2=CC=C(C=C2Cl)Cl		0		https://envipath.org/package/5882df9c-dae1-4d80-a40e-db4724271456/pathway/f67eedbe-8fb1-4d8e-83c7-1e7b1dd38b8d	Penconazole
https://envipath.org/package/5882df9c-dae1-4d80-a40e-db4724271456/compound/b2d4f1be-b12f-4813-973e-a5bb89fc4c08/structure/c312f91c-3487-4b38-a8af-e38a00362dc7	1,2,4 triazole acetic-acid 	C(C(=O)O)N1C=NC=N1		2	C1=C(C=C(C(=C1)C(CN2C=NC=N2)C(=O)O)Cl)Cl	https://envipath.org/package/5882df9c-dae1-4d80-a40e-db4724271456/pathway/f67eedbe-8fb1-4d8e-83c7-1e7b1dd38b8d	Penconazole
https://envipath.org/package/5882df9c-dae1-4d80-a40e-db4724271456/compound/cd5a800e-9b04-4424-8395-69b6434a242e/structure/e247286c-a2b7-4bc4-9773-9ca99467c24a	Pencycuron-phenyl-cyclopentyl-urea	C1=CC=C(C=C1)NC(=O)NC2CCCC2		2	C1=CC=C(C=C1)NC(=O)N(C2CCCC2)C(=O)C3=CC=C(C=C3)Cl	https://envipath.org/package/5882df9c-dae1-4d80-a40e-db4724271456/pathway/a6cecbd1-e8f4-4097-9c21-a8152924a299	Pencycuron
https://envipath.org/package/5882df9c-dae1-4d80-a40e-db4724271456/compound/fb9bbfd3-a0a1-4e94-8ee4-3c0df69dd51b/structure/7fcf9b24-ecfe-48e2-8889-754145160ca5	THS 3995/1787 (M16) (Pencycuron-PB-amine)	C1CCC(C1)NCC2=CC=C(C=C2)Cl		1	C1CCC(C1)N(CC2=CC=C(C=C2)Cl)C(=O)N	https://envipath.org/package/5882df9c-dae1-4d80-a40e-db4724271456/pathway/a6cecbd1-e8f4-4097-9c21-a8152924a299	Pencycuron
https://envipath.org/package/5882df9c-dae1-4d80-a40e-db4724271456/compound/9af4b055-78b1-40ba-94ae-ed025e3e0c30/structure/ac767cfc-05d4-45b6-bdca-20f1811dde57	Pencycuron-descyclopentyl	C1=CC=C(C=C1)NC(=O)NCC2=CC=C(C=C2)Cl		1	C1=CC=C(C=C1)NC(=O)N(CC2=CC=C(C=C2)Cl)C3CCCC3	https://envipath.org/package/5882df9c-dae1-4d80-a40e-db4724271456/pathway/a6cecbd1-e8f4-4097-9c21-a8152924a299	Pencycuron
https://envipath.org/package/5882df9c-dae1-4d80-a40e-db4724271456/compound/f7777cde-0d19-4bf0-bcfa-c26ed2f2ecc7/structure/3b080bc3-d2b7-4568-87c2-e38f74d2fb7e	THS 2860 (M03) (Pencyuron-desphenyl), in zone B and F	C1CCC(C1)N(CC2=CC=C(C=C2)Cl)C(=O)N		1	C1=CC=C(C=C1)NC(=O)N(CC2=CC=C(C=C2)Cl)C3CCCC3	https://envipath.org/package/5882df9c-dae1-4d80-a40e-db4724271456/pathway/a6cecbd1-e8f4-4097-9c21-a8152924a299	Pencycuron
https://envipath.org/package/5882df9c-dae1-4d80-a40e-db4724271456/compound/5f7702fd-ad41-4551-af01-8caf2b4332d8/structure/003f250c-c885-4bd8-94f6-a5c1d2bc06a9	Pencycuron	C1=CC=C(C=C1)NC(=O)N(CC2=CC=C(C=C2)Cl)C3CCCC3		0		https://envipath.org/package/5882df9c-dae1-4d80-a40e-db4724271456/pathway/a6cecbd1-e8f4-4097-9c21-a8152924a299	Pencycuron
https://envipath.org/package/5882df9c-dae1-4d80-a40e-db4724271456/compound/2ae0d020-1779-4a00-a041-0b120e59f3b8/structure/1d8861cf-fb57-4a21-895d-e262e5e5e5bb	Pencycuron-ketone	C1=CC=C(C=C1)NC(=O)N(C2CCCC2)C(=O)C3=CC=C(C=C3)Cl		1	C1=CC=C(C=C1)NC(=O)N(CC2=CC=C(C=C2)Cl)C3CCCC3	https://envipath.org/package/5882df9c-dae1-4d80-a40e-db4724271456/pathway/a6cecbd1-e8f4-4097-9c21-a8152924a299	Pencycuron
https://envipath.org/package/5882df9c-dae1-4d80-a40e-db4724271456/compound/86964e9b-fc08-49d4-9dcb-10e8849fb969/structure/84a3100f-ec0e-4342-8f14-aac2e8d7f45d	2-methyl-3,5-dinitro-4-4(pentan-3-ylamino)benzoic acid	CCC(CC)NC1=C(C(=C(C=C1[N+](=O)[O-])C(=O)O)C)[N+](=O)[O-]	minor	1	CCC(CC)NC1=C(C(=C(C)C=C1[N+](=O)[O-])C)[N+](=O)[O-]	https://envipath.org/package/5882df9c-dae1-4d80-a40e-db4724271456/pathway/d1e60e18-aec6-46dc-91ac-9745cde6c73d	Pendimethalin
https://envipath.org/package/5882df9c-dae1-4d80-a40e-db4724271456/compound/ebe370d3-ed73-4936-8a7b-fdbdf172f601/structure/73786af0-b70c-41ce-9201-4708a7034241	Pendimethalin	CCC(CC)NC1=C(C(=C(C)C=C1[N+](=O)[O-])C)[N+](=O)[O-]		0		https://envipath.org/package/5882df9c-dae1-4d80-a40e-db4724271456/pathway/d1e60e18-aec6-46dc-91ac-9745cde6c73d	Pendimethalin
https://envipath.org/package/5882df9c-dae1-4d80-a40e-db4724271456/compound/f6d532a4-0521-4b61-9415-5691894f3aac/structure/c5a20156-91f3-4ff9-80a1-326da034303a	4,5-dimethyl-3-3nitro-N2-(pentan-3-yl)benzene-1,2-diamine	CCC(CC)NC1=C(C(=C(C)C=C1N)C)[N+](=O)[O-]	minor	-99		https://envipath.org/package/5882df9c-dae1-4d80-a40e-db4724271456/pathway/d1e60e18-aec6-46dc-91ac-9745cde6c73d	Pendimethalin
https://envipath.org/package/5882df9c-dae1-4d80-a40e-db4724271456/compound/b7ccecb4-e9b7-4067-b93a-01e134a82ae5/structure/90152ab4-9219-4251-9ad3-ee5e04d1056d	Penflufen	CC(C)CC(C)C1=C(C=CC=C1)NC(=O)C2=C(F)N(C)N=C2C		0		https://envipath.org/package/5882df9c-dae1-4d80-a40e-db4724271456/pathway/58576d7c-10ea-460d-bf90-26d2ec3c8bb9	Penflufen
https://envipath.org/package/5882df9c-dae1-4d80-a40e-db4724271456/compound/090b0b6c-1ae5-4805-bc32-160cf68140da/structure/be512c0b-b760-43bf-b438-edfb4bdd2171	Penflufen-3-hydroxy-butyl	CC(CC(C)(C)O)C1=C(C=CC=C1)NC(=O)C2=C(F)N(C)N=C2C		1	CC(C)CC(C)C1=C(C=CC=C1)NC(=O)C2=C(F)N(C)N=C2C	https://envipath.org/package/5882df9c-dae1-4d80-a40e-db4724271456/pathway/58576d7c-10ea-460d-bf90-26d2ec3c8bb9	Penflufen
https://envipath.org/package/5882df9c-dae1-4d80-a40e-db4724271456/compound/4c65fab9-e44e-4019-b9e7-75392a94fb77/structure/ca0531e9-266d-4353-8f74-72f8e6c6e9bd	Penflufen-pyrazoly-AAP	CC1=NN(C)C(=C1C(=O)NC2=C(C=CC=C2)C(=O)C)F		2	CC(CC(C)(C)O)C1=C(C=CC=C1)NC(=O)C2=C(F)N(C)N=C2C	https://envipath.org/package/5882df9c-dae1-4d80-a40e-db4724271456/pathway/58576d7c-10ea-460d-bf90-26d2ec3c8bb9	Penflufen
https://envipath.org/package/5882df9c-dae1-4d80-a40e-db4724271456/compound/a43f71ca-a631-481e-90b6-eb4ff751e2e5/structure/e232fbff-072f-4189-9c3f-6140ab68de30	SFA	C1=CC(=C(C(=C1)C(F)(F)F)S(=O)(=O)NC=N)OCC(F)F		4	C1=CC(=C(C(=C1)C(F)(F)F)S(=O)(=O)NC2=NNC=N2)OCC(F)F	https://envipath.org/package/5882df9c-dae1-4d80-a40e-db4724271456/pathway/4dc869e7-7005-45f7-aeeb-6587db4503f5	Penoxsulam
https://envipath.org/package/5882df9c-dae1-4d80-a40e-db4724271456/compound/52532e25-c9fc-4b23-bcea-4d15c34a5a9d/structure/c90ce333-0d9f-4515-96ef-76235e31ece6	BST	C1=CC(=C(C(=C1)C(F)(F)F)S(=O)(=O)NC2=NNC=N2)OCC(F)F		3	C1=CC(=C(C(=C1)C(F)(F)F)S(=O)(=O)NC2=NNC(=N2)C(=O)O)OCC(F)F	https://envipath.org/package/5882df9c-dae1-4d80-a40e-db4724271456/pathway/4dc869e7-7005-45f7-aeeb-6587db4503f5	Penoxsulam
https://envipath.org/package/5882df9c-dae1-4d80-a40e-db4724271456/compound/4215e3ed-a868-4f64-9b7d-e77dc36977c2/structure/18d141b8-46fd-4bab-8059-ad6da2cb0c74	Penoxsulam	COC1=CN=C(N2C1=NC(=N2)NS(=O)(=O)C3=C(C=CC=C3C(F)(F)F)OCC(F)F)OC		0		https://envipath.org/package/5882df9c-dae1-4d80-a40e-db4724271456/pathway/4dc869e7-7005-45f7-aeeb-6587db4503f5	Penoxsulam
https://envipath.org/package/5882df9c-dae1-4d80-a40e-db4724271456/compound/931afa2f-e289-405e-991e-93e2f7f57228/structure/4ea05740-d967-4fa2-b300-1e54db194413	5-OH	COC1=CN=C(N2C1=NC(=N2)NS(=O)(=O)C3=C(C=CC=C3C(F)(F)F)OCC(F)F)O		1	COC1=CN=C(N2C1=NC(=N2)NS(=O)(=O)C3=C(C=CC=C3C(F)(F)F)OCC(F)F)OC	https://envipath.org/package/5882df9c-dae1-4d80-a40e-db4724271456/pathway/4dc869e7-7005-45f7-aeeb-6587db4503f5	Penoxsulam
https://envipath.org/package/5882df9c-dae1-4d80-a40e-db4724271456/compound/8efdb3b0-b5fc-42a9-947b-39492ec6de44/structure/f5dfdd74-447f-41db-a509-8dc9576b0fe5	BSTCA	C1=CC(=C(C(=C1)C(F)(F)F)S(=O)(=O)NC2=NNC(=N2)C(=O)O)OCC(F)F		2	COC1=CN=C(N2C1=NC(=N2)NS(=O)(=O)C3=C(C=CC=C3C(F)(F)F)OCC(F)F)O	https://envipath.org/package/5882df9c-dae1-4d80-a40e-db4724271456/pathway/4dc869e7-7005-45f7-aeeb-6587db4503f5	Penoxsulam
https://envipath.org/package/5882df9c-dae1-4d80-a40e-db4724271456/compound/84e2e325-eba2-455f-95fd-b4a061b3971b/structure/65616497-2bab-4c26-95fc-797fa948c7e7	BSA	C1=CC(=C(C(=C1)C(F)(F)F)S(=O)(=O)O)OCC(F)F		5	C1=CC(=C(C(=C1)C(F)(F)F)S(=O)(=O)NC=N)OCC(F)F	https://envipath.org/package/5882df9c-dae1-4d80-a40e-db4724271456/pathway/4dc869e7-7005-45f7-aeeb-6587db4503f5	Penoxsulam
https://envipath.org/package/5882df9c-dae1-4d80-a40e-db4724271456/compound/7255d578-ff97-43f1-8869-bd9d60b5c9d1/structure/811bf540-1538-4215-b9de-867ec931f485	PCA	CN1C=C(C(=N1)C(F)(F)F)C(=O)O		3	CN1C=C(C(=N1)C(F)(F)F)C(=O)N	https://envipath.org/package/5882df9c-dae1-4d80-a40e-db4724271456/pathway/21a9818d-9417-485a-8d45-0b9596412cde	Penthiopyrad
https://envipath.org/package/5882df9c-dae1-4d80-a40e-db4724271456/compound/1ed5702b-0e0a-424e-a3cc-9ebf5bfb27aa/structure/cd6acb80-7b5b-4ee3-9d13-737b0694a63e	M11	CC(C)CC(C1=C(C=CS1)NC(=O)C2=CN(C)N=C2C(F)(F)F)C(=O)O		2	CC(C)CC(CO)C1=C(C=CS1)NC(=O)C2=CN(C)N=C2C(F)(F)F	https://envipath.org/package/5882df9c-dae1-4d80-a40e-db4724271456/pathway/21a9818d-9417-485a-8d45-0b9596412cde	Penthiopyrad
https://envipath.org/package/5882df9c-dae1-4d80-a40e-db4724271456/compound/7983cc1b-a37a-482c-8e46-dca6c53db759/structure/f6865077-08ca-4957-bb1b-1b5d928ba26c	PAM	CN1C=C(C(=N1)C(F)(F)F)C(=O)N		2	CC(C)CC(C1=C(C=CS1)NC(=O)C2=CN(C)N=C2C(F)(F)F)C(=O)O	https://envipath.org/package/5882df9c-dae1-4d80-a40e-db4724271456/pathway/21a9818d-9417-485a-8d45-0b9596412cde	Penthiopyrad
https://envipath.org/package/5882df9c-dae1-4d80-a40e-db4724271456/compound/789bf222-8858-4c85-addc-2095848448dd/structure/1e12a6eb-90a7-44f7-b3f8-4fa66d68f75d	753-F-DO	CC(CC(C1(C(NC(C2C(C(F)(F)F)=NN(C)C=2)=O)=CC(O1)=O)O)C)C		2	O=C(C1C(C(F)(F)F)=NN(C)C=1)NC1=CC(=O)SC1(O)C(C)CC(C)C	https://envipath.org/package/5882df9c-dae1-4d80-a40e-db4724271456/pathway/21a9818d-9417-485a-8d45-0b9596412cde	Penthiopyrad
https://envipath.org/package/5882df9c-dae1-4d80-a40e-db4724271456/compound/e56eaf57-42f5-4200-a166-54289207bb83/structure/04401368-d390-490d-a161-b7c1a91f9bfd	Penthiopyrad	CC(C)CC(C)C1=C(C=CS1)NC(=O)C2=CN(C)N=C2C(F)(F)F		0		https://envipath.org/package/5882df9c-dae1-4d80-a40e-db4724271456/pathway/21a9818d-9417-485a-8d45-0b9596412cde	Penthiopyrad
https://envipath.org/package/5882df9c-dae1-4d80-a40e-db4724271456/compound/bf828287-b5d8-4d61-adc4-50e553998d51/structure/18c99fda-b9a3-4bb7-b100-f85e7dbaacbe	753-T-DO	O=C(C1C(C(F)(F)F)=NN(C)C=1)NC1=CC(=O)SC1(O)C(C)CC(C)C		1	CC(C)CC(C)C1=C(C=CS1)NC(=O)C2=CN(C)N=C2C(F)(F)F	https://envipath.org/package/5882df9c-dae1-4d80-a40e-db4724271456/pathway/21a9818d-9417-485a-8d45-0b9596412cde	Penthiopyrad
https://envipath.org/package/5882df9c-dae1-4d80-a40e-db4724271456/compound/8558215c-c11e-411c-a703-fccedc4619ed/structure/b930791a-e9dc-4bfe-a1d3-8d05dbb456df	DM-PCA	C1=C(C(=NN1)C(F)(F)F)C(=O)O		4	CN1C=C(C(=N1)C(F)(F)F)C(=O)O	https://envipath.org/package/5882df9c-dae1-4d80-a40e-db4724271456/pathway/21a9818d-9417-485a-8d45-0b9596412cde	Penthiopyrad
https://envipath.org/package/5882df9c-dae1-4d80-a40e-db4724271456/compound/f3c8223c-fbbc-41f2-bcb2-c0bb2256dbe7/structure/9493d28e-293d-4be6-9c46-449306a4763a	753-A-OH	CC(CC(C)(C)O)C1=C(C=CS1)NC(=O)C2=CN(C)N=C2C(F)(F)F		1	CC(C)CC(C)C1=C(C=CS1)NC(=O)C2=CN(C)N=C2C(F)(F)F	https://envipath.org/package/5882df9c-dae1-4d80-a40e-db4724271456/pathway/21a9818d-9417-485a-8d45-0b9596412cde	Penthiopyrad
https://envipath.org/package/5882df9c-dae1-4d80-a40e-db4724271456/compound/46d113a6-f0a8-45b0-af75-96cb3ea1bfaa/structure/c6c330e8-e405-44bd-95d0-3c1ee3f9766a	M12	CC(C)CC(CO)C1=C(C=CS1)NC(=O)C2=CN(C)N=C2C(F)(F)F		1	CC(C)CC(C)C1=C(C=CS1)NC(=O)C2=CN(C)N=C2C(F)(F)F	https://envipath.org/package/5882df9c-dae1-4d80-a40e-db4724271456/pathway/21a9818d-9417-485a-8d45-0b9596412cde	Penthiopyrad
https://envipath.org/package/5882df9c-dae1-4d80-a40e-db4724271456/compound/6af68942-502f-4b03-a4bc-f08f3f45b045/structure/5fac466f-47e2-4750-b5a3-fdf5525f38da	m-toluidine 	CC1=CC=CC(=C1)N		1	CC1=CC=CC(=C1)NC(=O)OC2=CC(=CC=C2)NC(=O)OC	https://envipath.org/package/5882df9c-dae1-4d80-a40e-db4724271456/pathway/c2c0b4e0-cbf2-4828-ab8c-1a649f4137dc	Phenmedipham
https://envipath.org/package/5882df9c-dae1-4d80-a40e-db4724271456/compound/212445eb-7a10-4906-8f37-ad68e7609bff/structure/151f0683-b52d-48aa-8d32-baa066906fe5	3-AP (3-Aminophenol)	C1=CC(=CC(=C1)N)O		2	COC(=O)NC1=CC=CC(=C1)O	https://envipath.org/package/5882df9c-dae1-4d80-a40e-db4724271456/pathway/c2c0b4e0-cbf2-4828-ab8c-1a649f4137dc	Phenmedipham
https://envipath.org/package/5882df9c-dae1-4d80-a40e-db4724271456/compound/c7cb594a-901d-463b-b4d4-a8e38cdbd593/structure/aef4a05a-96b4-4aba-8ee0-0c89d37170ca	3-[(methoxycarbonyl)amino]phenyl(3-hydroxyphenyl)carbamate (M1)	COC(=O)NC1=CC=CC(=C1)OC(=O)NC2=CC=CC(=C2)O	 	1	CC1=CC=CC(=C1)NC(=O)OC2=CC(=CC=C2)NC(=O)OC	https://envipath.org/package/5882df9c-dae1-4d80-a40e-db4724271456/pathway/c2c0b4e0-cbf2-4828-ab8c-1a649f4137dc	Phenmedipham
https://envipath.org/package/5882df9c-dae1-4d80-a40e-db4724271456/compound/fb7c3009-8d43-473c-a8f5-606390933821/structure/267c962c-b166-480f-b9ae-d3d2ded54eab	Phenmedipham	CC1=CC=CC(=C1)NC(=O)OC2=CC(=CC=C2)NC(=O)OC	 	0		https://envipath.org/package/5882df9c-dae1-4d80-a40e-db4724271456/pathway/c2c0b4e0-cbf2-4828-ab8c-1a649f4137dc	Phenmedipham
https://envipath.org/package/5882df9c-dae1-4d80-a40e-db4724271456/compound/78e6d3b8-695c-43a0-97bd-78faf8dcf003/structure/8b1ea0d6-7174-46f5-9f77-a3ad0ef03b54	MHPC	COC(=O)NC1=CC=CC(=C1)O	major	1	CC1=CC=CC(=C1)NC(=O)OC2=CC(=CC=C2)NC(=O)OC	https://envipath.org/package/5882df9c-dae1-4d80-a40e-db4724271456/pathway/c2c0b4e0-cbf2-4828-ab8c-1a649f4137dc	Phenmedipham
https://envipath.org/package/5882df9c-dae1-4d80-a40e-db4724271456/compound/d461c2df-a024-40f6-9669-e231db20434a/structure/76eedf52-1c61-4f4a-a5c7-054371ce73b8	APMP	CC1=CC=CC(=C1)NC(=O)OC2=CC(=CC=C2)N	minor	1	CC1=CC=CC(=C1)NC(=O)OC2=CC(=CC=C2)NC(=O)OC	https://envipath.org/package/5882df9c-dae1-4d80-a40e-db4724271456/pathway/c2c0b4e0-cbf2-4828-ab8c-1a649f4137dc	Phenmedipham
https://envipath.org/package/5882df9c-dae1-4d80-a40e-db4724271456/compound/2999b25f-b38a-4ab6-b8b8-f744157bc67b/structure/bd72025c-0572-473e-bc6b-57ba770d8695	Phenoxazone (AE 0651017)	C1=CC2=C(C=C1Cl)OC3CC(=O)C(=CC3=N2)N		3	C1=C(C=C(C(=C1)N)O)Cl	https://envipath.org/package/5882df9c-dae1-4d80-a40e-db4724271456/pathway/6ec1f079-e0cc-48d4-b6d4-98e17decba8a	Phosalone
https://envipath.org/package/5882df9c-dae1-4d80-a40e-db4724271456/compound/ffa2a095-ec23-452f-ab4f-60125a07ce2b/structure/4608a298-d12e-4806-a997-cb6f57279769	[2-amino-5-chlorophenol] (AE F114970)	C1=C(C=C(C(=C1)N)O)Cl		2	C1=C(C=C2C(=C1)NC(=O)O2)Cl	https://envipath.org/package/5882df9c-dae1-4d80-a40e-db4724271456/pathway/6ec1f079-e0cc-48d4-b6d4-98e17decba8a	Phosalone
https://envipath.org/package/5882df9c-dae1-4d80-a40e-db4724271456/compound/7def94eb-219a-4a0b-a88c-2a0036177e88/structure/5958c62d-7626-4567-9693-f1e180211708	AE F054014	C1=C(C=C2C(=C1)NC(=O)O2)Cl		1	CCOP(=S)(OCC)SCN1C2=CC=C(C=C2OC1=O)Cl	https://envipath.org/package/5882df9c-dae1-4d80-a40e-db4724271456/pathway/6ec1f079-e0cc-48d4-b6d4-98e17decba8a	Phosalone
https://envipath.org/package/5882df9c-dae1-4d80-a40e-db4724271456/compound/1ed18740-a981-473b-a110-169790bced94/structure/fde88f7a-4caa-4c85-a23c-39a1da5413c4	Phosalone	CCOP(=S)(OCC)SCN1C2=CC=C(C=C2OC1=O)Cl		0		https://envipath.org/package/5882df9c-dae1-4d80-a40e-db4724271456/pathway/6ec1f079-e0cc-48d4-b6d4-98e17decba8a	Phosalone
https://envipath.org/package/5882df9c-dae1-4d80-a40e-db4724271456/compound/fe5a89bf-a244-4d71-8941-161074537c72/structure/66cf7284-0b8e-41b8-9cae-d809639f1ab0	Oxoa	COP(=O)(OC)SCN1C(=O)C2=C(C=CC=C2)C1=O		1	COP(=S)(OC)SCN1C(=O)C2=C(C=CC=C2)C1=O	https://envipath.org/package/5882df9c-dae1-4d80-a40e-db4724271456/pathway/fded1424-373f-4edb-b618-7250756b9b5d	Phosmet
https://envipath.org/package/5882df9c-dae1-4d80-a40e-db4724271456/compound/c5a69f7e-a781-495f-b911-3573bd770b81/structure/a5c91416-5fe9-4db3-8ccf-4f1b7bc4cf90	PIMOM (N-Methoxymethyl phthalimide	COCN1C(=O)C2=C(C=CC=C2)C1=O		1	COP(=S)(OC)SCN1C(=O)C2=C(C=CC=C2)C1=O	https://envipath.org/package/5882df9c-dae1-4d80-a40e-db4724271456/pathway/fded1424-373f-4edb-b618-7250756b9b5d	Phosmet
https://envipath.org/package/5882df9c-dae1-4d80-a40e-db4724271456/compound/f36fa9d9-bea5-4aea-93ca-80a0e3f08598/structure/276d8da8-c0dd-4650-8c41-ccc57d35468c	Phosmet	COP(=S)(OC)SCN1C(=O)C2=C(C=CC=C2)C1=O		0		https://envipath.org/package/5882df9c-dae1-4d80-a40e-db4724271456/pathway/fded1424-373f-4edb-b618-7250756b9b5d	Phosmet
https://envipath.org/package/5882df9c-dae1-4d80-a40e-db4724271456/compound/7ff0bc9f-ca9e-4fea-baf3-9d1d6aaed103/structure/af3efc82-8eed-42f3-afd1-12dc946fd5e5	Phthalic acid	C1=CC(=C(C=C1)C(=O)O)C(=O)O		5	C1=CC(=C(C=C1)C(=O)O)C(=O)N	https://envipath.org/package/5882df9c-dae1-4d80-a40e-db4724271456/pathway/fded1424-373f-4edb-b618-7250756b9b5d	Phosmet
https://envipath.org/package/5882df9c-dae1-4d80-a40e-db4724271456/compound/8bfddc79-7095-4885-8381-a6139f989f21/structure/03169316-cb05-459e-bc9e-fd2baa4f4823	O,O-Dimethyl hydrogen phosphorodithioate	COP(=S)(OC)S		1	COP(=S)(OC)SCN1C(=O)C2=C(C=CC=C2)C1=O	https://envipath.org/package/5882df9c-dae1-4d80-a40e-db4724271456/pathway/fded1424-373f-4edb-b618-7250756b9b5d	Phosmet
https://envipath.org/package/5882df9c-dae1-4d80-a40e-db4724271456/compound/76391cde-a4e2-469f-aa22-0b1e121d4cf2/structure/f822e421-5a46-450f-8544-71122cd39803	PaAMSM (N-Mehylthiomethyl phthalamic acid)	CSCNC(=O)C1=C(C=CC=C1)C(=O)O		3	CSCN1C(=O)C2=C(C=CC=C2)C1=O	https://envipath.org/package/5882df9c-dae1-4d80-a40e-db4724271456/pathway/fded1424-373f-4edb-b618-7250756b9b5d	Phosmet
https://envipath.org/package/5882df9c-dae1-4d80-a40e-db4724271456/compound/729b4215-52de-436f-9553-a7b58e72879f/structure/2956c148-0fe7-4f70-8886-88edd096c3f6	PIMSO2H	C1=CC2=C(C=C1)C(=O)N(CS(=O)O)C2=O		2	C1=CC2=C(C=C1)C(=O)N(CS)C2=O	https://envipath.org/package/5882df9c-dae1-4d80-a40e-db4724271456/pathway/fded1424-373f-4edb-b618-7250756b9b5d	Phosmet
https://envipath.org/package/5882df9c-dae1-4d80-a40e-db4724271456/compound/a6d7cdfe-68f6-4936-a70e-5be3b7a1f561/structure/04e078a8-9936-4a14-8dfb-2602548435a6	[PaAMOM]	COCNC(=O)C1=C(C=CC=C1)C(=O)O	minor	2	COCN1C(=O)C2=C(C=CC=C2)C1=O	https://envipath.org/package/5882df9c-dae1-4d80-a40e-db4724271456/pathway/fded1424-373f-4edb-b618-7250756b9b5d	Phosmet
https://envipath.org/package/5882df9c-dae1-4d80-a40e-db4724271456/compound/ce3d9558-7509-44ad-bffa-a068bdbc816d/structure/3cb2bbdc-197b-4c6f-8207-7d40a470572c	Phtalimide	C1=CC2=C(C=C1)C(=O)NC2=O		3	C1=CC2=C(C=C1)C(=O)N(CO)C2=O	https://envipath.org/package/5882df9c-dae1-4d80-a40e-db4724271456/pathway/fded1424-373f-4edb-b618-7250756b9b5d	Phosmet
https://envipath.org/package/5882df9c-dae1-4d80-a40e-db4724271456/compound/7f46e731-0414-4b0d-a5e3-906be78c35fc/structure/e99d2b16-0ca5-41d5-93d5-e4ffbbc29818	PaAmOH (N-Hydroxymethyl phthalamic)	C1=CC(=C(C=C1)C(=O)O)C(=O)NCO		3	C1=CC2=C(C=C1)C(=O)N(CO)C2=O	https://envipath.org/package/5882df9c-dae1-4d80-a40e-db4724271456/pathway/fded1424-373f-4edb-b618-7250756b9b5d	Phosmet
https://envipath.org/package/5882df9c-dae1-4d80-a40e-db4724271456/compound/62b161cc-f6b4-4039-a950-89f84cd21d7e/structure/cd29bc18-6cd6-4e04-85e1-cd1081ae1d04	PIMSH	C1=CC2=C(C=C1)C(=O)N(CS)C2=O	minor	1	COP(=S)(OC)SCN1C(=O)C2=C(C=CC=C2)C1=O	https://envipath.org/package/5882df9c-dae1-4d80-a40e-db4724271456/pathway/fded1424-373f-4edb-b618-7250756b9b5d	Phosmet
https://envipath.org/package/5882df9c-dae1-4d80-a40e-db4724271456/compound/763e8aa9-b613-4647-97d7-4ab0edcb6899/structure/0d84ea6f-3a6c-45d5-9909-f4d4bfdad4d2	PaAMSO3H	C1=CC(=C(C=C1)C(=O)O)C(=O)NCS(=O)(=O)O		3	C1=CC2=C(C=C1)C(=O)N(CS(=O)O)C2=O	https://envipath.org/package/5882df9c-dae1-4d80-a40e-db4724271456/pathway/fded1424-373f-4edb-b618-7250756b9b5d	Phosmet
https://envipath.org/package/5882df9c-dae1-4d80-a40e-db4724271456/compound/c422389e-a28a-454a-9e7a-31a31a109e34/structure/59a64162-c3b2-4e44-90da-40b4e68621b0	PIMOH (N-Hydroxymethyl phthalimide acid	C1=CC2=C(C=C1)C(=O)N(CO)C2=O		2	COP(=O)(OC)SCN1C(=O)C2=C(C=CC=C2)C1=O	https://envipath.org/package/5882df9c-dae1-4d80-a40e-db4724271456/pathway/fded1424-373f-4edb-b618-7250756b9b5d	Phosmet
https://envipath.org/package/5882df9c-dae1-4d80-a40e-db4724271456/compound/722194fe-7b73-496e-9ce9-a1bbc1a6e898/structure/ade897df-ec5f-49d8-83b3-8887f652c5ec	PaAMSO2H	C1=CC(=C(C=C1)C(=O)O)C(=O)NCS(=O)=O		-99		https://envipath.org/package/5882df9c-dae1-4d80-a40e-db4724271456/pathway/fded1424-373f-4edb-b618-7250756b9b5d	Phosmet
https://envipath.org/package/5882df9c-dae1-4d80-a40e-db4724271456/compound/422d3d75-216a-41c0-8639-4b380b048ddc/structure/7502dd04-8240-4bb5-8784-8e195b841ccd	PIMS(O2)M (N-methylsulfonylmethyl phtalimide)	CS(=O)(=O)CN1C(=O)C2=C(C=CC=C2)C1=O		4	CS(=O)CN1C(=O)C2=C(C=CC=C2)C1=O	https://envipath.org/package/5882df9c-dae1-4d80-a40e-db4724271456/pathway/fded1424-373f-4edb-b618-7250756b9b5d	Phosmet
https://envipath.org/package/5882df9c-dae1-4d80-a40e-db4724271456/compound/2e0a3260-cc55-4c8b-a27f-0766c85b12c4/structure/60e7b09c-9f53-4f79-91be-207ad9952dac	PaAMS(O2)M (N-Methylsufonylmethyl phtalmic acid	CS(=O)(=O)CNC(=O)C1=C(C=CC=C1)C(=O)O		5	CS(=O)CNC(=O)C1=C(C=CC=C1)C(=O)O	https://envipath.org/package/5882df9c-dae1-4d80-a40e-db4724271456/pathway/fded1424-373f-4edb-b618-7250756b9b5d	Phosmet
https://envipath.org/package/5882df9c-dae1-4d80-a40e-db4724271456/compound/8b7ea4ee-59d8-4f5c-8a65-1494d2ff868b/structure/6aa66721-8c58-4540-a7ba-3c44f8406bb8	PIMSM (N-Methylthiomethyl phthalimide)	CSCN1C(=O)C2=C(C=CC=C2)C1=O		2	C1=CC2=C(C=C1)C(=O)N(CS)C2=O	https://envipath.org/package/5882df9c-dae1-4d80-a40e-db4724271456/pathway/fded1424-373f-4edb-b618-7250756b9b5d	Phosmet
https://envipath.org/package/5882df9c-dae1-4d80-a40e-db4724271456/compound/48a50239-d0ec-4894-a17e-be8ff1b28c85/structure/ef84feb9-df8e-4499-b296-6a2013a73a79	PIMS(O)M (N-methylsulfinylmethyl phtalimide)	CS(=O)CN1C(=O)C2=C(C=CC=C2)C1=O		3	CSCN1C(=O)C2=C(C=CC=C2)C1=O	https://envipath.org/package/5882df9c-dae1-4d80-a40e-db4724271456/pathway/fded1424-373f-4edb-b618-7250756b9b5d	Phosmet
https://envipath.org/package/5882df9c-dae1-4d80-a40e-db4724271456/compound/bb66cfb6-bbbf-4ac2-8bb0-558668392787/structure/529b12d6-068f-496d-a634-13830e36c013	Dimethyl phosphite	COP(O)OC		1	COP(=S)(OC)SCN1C(=O)C2=C(C=CC=C2)C1=O	https://envipath.org/package/5882df9c-dae1-4d80-a40e-db4724271456/pathway/fded1424-373f-4edb-b618-7250756b9b5d	Phosmet
https://envipath.org/package/5882df9c-dae1-4d80-a40e-db4724271456/compound/e110e79c-d88c-4183-99a7-83ab95858695/structure/5efc3833-bdbd-411c-b317-dff24ffac6dc	PaAMS(O)M (N-Methylsulfinylmethyl phthalamic acid)	CS(=O)CNC(=O)C1=C(C=CC=C1)C(=O)O		4	CS(=O)CN1C(=O)C2=C(C=CC=C2)C1=O	https://envipath.org/package/5882df9c-dae1-4d80-a40e-db4724271456/pathway/fded1424-373f-4edb-b618-7250756b9b5d	Phosmet
https://envipath.org/package/5882df9c-dae1-4d80-a40e-db4724271456/compound/6d377dfd-f3e7-43ed-8e67-ce598f1591e7/structure/5fc2040d-5d91-41ba-8c25-73f27ded4742	Phthalamic acid	C1=CC(=C(C=C1)C(=O)O)C(=O)N		4	C1=CC2=C(C=C1)C(=O)NC2=O	https://envipath.org/package/5882df9c-dae1-4d80-a40e-db4724271456/pathway/fded1424-373f-4edb-b618-7250756b9b5d	Phosmet
https://envipath.org/package/5882df9c-dae1-4d80-a40e-db4724271456/compound/c76c0ce3-0e48-46c2-9357-41f6223e9231/structure/a5fa4c50-70e9-4ec9-a927-50176048eb1d	Picloram	C1(=C(C(O)[O-])N=C(C(=C1N)Cl)Cl)Cl		0		https://envipath.org/package/5882df9c-dae1-4d80-a40e-db4724271456/pathway/d90c0e4f-1766-4485-998c-b06971f042a4	Picloram
https://envipath.org/package/5882df9c-dae1-4d80-a40e-db4724271456/compound/a9e56cba-3d1e-4610-b6f3-77a8a9410c01/structure/b11e3e50-ce47-4180-b669-125b94c2f51d	Picolinafen	C1=CC(=CC(=C1)OC2=CC=CC(=N2)C(=O)NC3=CC=C(C=C3)F)C(F)(F)F		0		https://envipath.org/package/5882df9c-dae1-4d80-a40e-db4724271456/pathway/e3ff36ce-c4d4-43b6-8c3c-7e43526865b6	Picolinafen
https://envipath.org/package/5882df9c-dae1-4d80-a40e-db4724271456/compound/95144269-4893-4d3f-9cac-d3cc20b4543d/structure/41c57823-e4f0-4629-94fe-cf60a475c46a	2-3-trifluoromethylphenoxy-6-pyridine carboxylic acid	C1=CC(=CC(=C1)C(F)(F)F)OC2=NC(=CC=C2)C(=O)O		1	C1=CC(=CC(=C1)OC2=CC=CC(=N2)C(=O)NC3=CC=C(C=C3)F)C(F)(F)F	https://envipath.org/package/5882df9c-dae1-4d80-a40e-db4724271456/pathway/e3ff36ce-c4d4-43b6-8c3c-7e43526865b6	Picolinafen
https://envipath.org/package/5882df9c-dae1-4d80-a40e-db4724271456/compound/4e0d9398-7eeb-4e72-9741-5d0d5341fd07/structure/7e1c692b-f003-46d2-b437-c70240ddf734	4-fluoroanaline	C1=C(C=CC(=C1)N)F		1	C1=CC(=CC(=C1)OC2=CC=CC(=N2)C(=O)NC3=CC=C(C=C3)F)C(F)(F)F	https://envipath.org/package/5882df9c-dae1-4d80-a40e-db4724271456/pathway/e3ff36ce-c4d4-43b6-8c3c-7e43526865b6	Picolinafen
https://envipath.org/package/5882df9c-dae1-4d80-a40e-db4724271456/compound/7ff0bc9f-ca9e-4fea-baf3-9d1d6aaed103/structure/af3efc82-8eed-42f3-afd1-12dc946fd5e5	Phthalic acid	C1=CC(=C(C=C1)C(=O)O)C(=O)O		2	C1=CC(=C(C=C1)C(=O)O)COC2=NC(=CC=C2)C(F)(F)F	https://envipath.org/package/5882df9c-dae1-4d80-a40e-db4724271456/pathway/825a28cc-42df-4bce-b771-52f9fa9748da	Picoxystrobin
https://envipath.org/package/5882df9c-dae1-4d80-a40e-db4724271456/compound/2b219fd5-bce3-401a-bc2c-9c101a0c8d15/structure/482d336f-15ce-432e-b967-d8b922547635	Picoxystrobin	CO/C=C(\C1=C(C=CC=C1)COC2=NC(=CC=C2)C(F)(F)F)/C(=O)OC		0		https://envipath.org/package/5882df9c-dae1-4d80-a40e-db4724271456/pathway/825a28cc-42df-4bce-b771-52f9fa9748da	Picoxystrobin
https://envipath.org/package/5882df9c-dae1-4d80-a40e-db4724271456/compound/3d20b405-3bd2-45ca-a4e7-621b5becb31f/structure/d280ba3f-014f-4e5e-8717-3f6c39fd71f8	IN-QDY64	COC1=NC(=CC=C1)C(F)(F)F	minor	2	C1=CC(=O)NC(=C1)C(F)(F)F	https://envipath.org/package/5882df9c-dae1-4d80-a40e-db4724271456/pathway/825a28cc-42df-4bce-b771-52f9fa9748da	Picoxystrobin
https://envipath.org/package/5882df9c-dae1-4d80-a40e-db4724271456/compound/d79a12ef-167a-4b8d-b442-471852255b5f/structure/d8a0dc4b-65ff-4ae5-a794-54d6622e2adc	IN-QDY62	CO/C=C(\C1=C(C=CC=C1)COC2=NC(=CC=C2)C(F)(F)F)/C(=O)O	major	1	CO/C=C(\C1=C(C=CC=C1)COC2=NC(=CC=C2)C(F)(F)F)/C(=O)OC	https://envipath.org/package/5882df9c-dae1-4d80-a40e-db4724271456/pathway/825a28cc-42df-4bce-b771-52f9fa9748da	Picoxystrobin
https://envipath.org/package/5882df9c-dae1-4d80-a40e-db4724271456/compound/56a9aa12-a62f-41ba-b288-0b6b98c23bec/structure/05f96670-9775-4463-9d26-011b39389303	IN-QDK50	C1=CC(=O)NC(=C1)C(F)(F)F	major	1	CO/C=C(\C1=C(C=CC=C1)COC2=NC(=CC=C2)C(F)(F)F)/C(=O)OC	https://envipath.org/package/5882df9c-dae1-4d80-a40e-db4724271456/pathway/825a28cc-42df-4bce-b771-52f9fa9748da	Picoxystrobin
https://envipath.org/package/5882df9c-dae1-4d80-a40e-db4724271456/compound/34b7deb5-2e8c-412a-88f2-4c4b10104cec/structure/ce3e078c-4b6f-4750-a1fa-3f72cdde84bb	IN-QDY63	C1=CC(=C(C=C1)C(=O)O)COC2=NC(=CC=C2)C(F)(F)F		1	CO/C=C(\C1=C(C=CC=C1)COC2=NC(=CC=C2)C(F)(F)F)/C(=O)OC	https://envipath.org/package/5882df9c-dae1-4d80-a40e-db4724271456/pathway/825a28cc-42df-4bce-b771-52f9fa9748da	Picoxystrobin
https://envipath.org/package/5882df9c-dae1-4d80-a40e-db4724271456/compound/b41c3a22-920e-4a47-bbbb-2d4f96f57ec1/structure/00981f07-ebe2-495a-931d-5176c22b6da3	SYN 515832 (SM13), probably artefact from work up	CCC1=CC(=CC(=C1C2(C(=O)N3CCOCCN3C2=O)[N+](=O)[O-])CC)C		-99		https://envipath.org/package/5882df9c-dae1-4d80-a40e-db4724271456/pathway/f8142abf-5618-4373-8300-08fd6f4f204c	Pinoxaden
https://envipath.org/package/5882df9c-dae1-4d80-a40e-db4724271456/compound/d29192ee-30a9-4848-a587-64cd4101e3c3/structure/fe4289d8-46e9-4ad8-955f-77d57b17b80d	Pinoxaden	CCC1=CC(=CC(=C1C2=C(N3CCOCCN3C2=O)OC(=O)C(C)(C)C)CC)C		0		https://envipath.org/package/5882df9c-dae1-4d80-a40e-db4724271456/pathway/f8142abf-5618-4373-8300-08fd6f4f204c	Pinoxaden
https://envipath.org/package/5882df9c-dae1-4d80-a40e-db4724271456/compound/658e4a06-d7c7-4134-9e86-07ab47884171/structure/64766c31-065c-4950-a257-a9be4047cd4d	SYN 515622 (SM5)	CCC1=CC(=CC2=C1C3(C(=O)N4CCOCCN4C3=O)OC2(C)O)C		-99		https://envipath.org/package/5882df9c-dae1-4d80-a40e-db4724271456/pathway/f8142abf-5618-4373-8300-08fd6f4f204c	Pinoxaden
https://envipath.org/package/5882df9c-dae1-4d80-a40e-db4724271456/compound/3334b701-a6be-4a1d-ba7b-7c3ef705337f/structure/fd111652-996f-4706-bf78-0683bb9d796e	NOA 407854 (M2)	CCC1=CC(=CC(=C1C2C(=O)N3CCOCCN3C2=O)CC)C		1	CCC1=CC(=CC(=C1C2=C(N3CCOCCN3C2=O)OC(=O)C(C)(C)C)CC)C	https://envipath.org/package/5882df9c-dae1-4d80-a40e-db4724271456/pathway/f8142abf-5618-4373-8300-08fd6f4f204c	Pinoxaden
https://envipath.org/package/5882df9c-dae1-4d80-a40e-db4724271456/compound/1462b817-8e1f-46ea-80d7-4eae41d36ac6/structure/f7a8d5c2-ece3-4a77-b69b-15983115abd1	NOA 447204 (M3)	CCC1=CC(=CC(=C1C2(C(=O)N3CCOCCN3C2=O)O)CC)C		2	CCC1=CC(=CC(=C1C2C(=O)N3CCOCCN3C2=O)CC)C	https://envipath.org/package/5882df9c-dae1-4d80-a40e-db4724271456/pathway/f8142abf-5618-4373-8300-08fd6f4f204c	Pinoxaden
https://envipath.org/package/5882df9c-dae1-4d80-a40e-db4724271456/compound/2d0dc659-a769-4a67-9458-91471d49ca22/structure/0863fbb6-e00f-42f3-bf17-3065220e86fa	R034865	CC1=C(N=C(NC)N=C1C)O		2	CC1=C(N=C(NC)N=C1C)OC(=O)N(C)C	https://envipath.org/package/5882df9c-dae1-4d80-a40e-db4724271456/pathway/c1188a60-54c2-4851-97cd-95c36acd01b6	Pirimicarb
https://envipath.org/package/5882df9c-dae1-4d80-a40e-db4724271456/compound/94a02e32-9bbb-49cb-b726-a417582c1869/structure/b55fd9e0-fdf8-4976-984c-f12902294b07	R034885	CC1=C(N=C(N=C1C)N(C)C=O)OC(=O)N(C)C		1	CC1=C(N=C(N=C1C)N(C)C)OC(=O)N(C)C	https://envipath.org/package/5882df9c-dae1-4d80-a40e-db4724271456/pathway/c1188a60-54c2-4851-97cd-95c36acd01b6	Pirimicarb
https://envipath.org/package/5882df9c-dae1-4d80-a40e-db4724271456/compound/2d69247a-e600-47ef-bc26-796f1fb474d7/structure/706f0651-2c3e-41f5-a0a7-fbabaeba8ae9	R031805	CC1=C(N=C(N=C1C)N(C)C)O		1	CC1=C(N=C(N=C1C)N(C)C)OC(=O)N(C)C	https://envipath.org/package/5882df9c-dae1-4d80-a40e-db4724271456/pathway/c1188a60-54c2-4851-97cd-95c36acd01b6	Pirimicarb
https://envipath.org/package/5882df9c-dae1-4d80-a40e-db4724271456/compound/5ff7e196-a107-41cd-b88c-4b238a84618c/structure/c5d72c1f-5bbc-4f66-a959-9fce3a3fcd02	R035140	CC1=C(N=C(N=C1C)N(C)C=O)OC(=O)N		-99		https://envipath.org/package/5882df9c-dae1-4d80-a40e-db4724271456/pathway/c1188a60-54c2-4851-97cd-95c36acd01b6	Pirimicarb
https://envipath.org/package/5882df9c-dae1-4d80-a40e-db4724271456/compound/3ca977e7-f547-43e1-acdb-098af3a40918/structure/b184220e-2155-48ac-85a5-e350f81b9989	Pirimicarb	CC1=C(N=C(N=C1C)N(C)C)OC(=O)N(C)C		0		https://envipath.org/package/5882df9c-dae1-4d80-a40e-db4724271456/pathway/c1188a60-54c2-4851-97cd-95c36acd01b6	Pirimicarb
https://envipath.org/package/5882df9c-dae1-4d80-a40e-db4724271456/compound/ef6d08d7-aaa1-46c2-8c18-66db534709e8/structure/0214f2a6-1902-48c6-a290-e2d379c1c146	R016210	CN(C)C(=N)N		3	CC1=C(N=C(NC)N=C1C)O	https://envipath.org/package/5882df9c-dae1-4d80-a40e-db4724271456/pathway/c1188a60-54c2-4851-97cd-95c36acd01b6	Pirimicarb
https://envipath.org/package/5882df9c-dae1-4d80-a40e-db4724271456/compound/fad73966-94fc-4584-beee-a8d50a2f56d8/structure/083bf7a1-f92a-45de-9ef6-95efe194f575	Desmethyl-Pirimicarb, RO34836	CC1=C(N=C(NC)N=C1C)OC(=O)N(C)C		1	CC1=C(N=C(N=C1C)N(C)C)OC(=O)N(C)C	https://envipath.org/package/5882df9c-dae1-4d80-a40e-db4724271456/pathway/c1188a60-54c2-4851-97cd-95c36acd01b6	Pirimicarb
https://envipath.org/package/5882df9c-dae1-4d80-a40e-db4724271456/compound/8bcaa858-c40c-4b26-bb82-636b81fe271a/structure/f0e88eb6-af23-4675-828a-9675951775f5	R016192	CNC(=N)N		3	CC1=C(N=C(NC)N=C1C)O	https://envipath.org/package/5882df9c-dae1-4d80-a40e-db4724271456/pathway/c1188a60-54c2-4851-97cd-95c36acd01b6	Pirimicarb
https://envipath.org/package/5882df9c-dae1-4d80-a40e-db4724271456/compound/95cca455-93bf-4c4a-963f-132d81bbc360/structure/f7e1d061-69e5-454f-b242-1aceb17d5e16	2-diethylamino-6-methyl pyrimidin-4-ol 	CCN(CC)C1=NC(=CC(=N1)C)O		1	CCN(CC)C1=NC(=CC(=N1)C)OP(=O)(OC)OC	https://envipath.org/package/5882df9c-dae1-4d80-a40e-db4724271456/pathway/aee78653-e0d9-49f1-81ad-7fd15ffc10fa	Pirimiphos-methyl
https://envipath.org/package/5882df9c-dae1-4d80-a40e-db4724271456/compound/7e74e9d3-4f4d-4d3f-a256-2e517670c646/structure/9918f1da-2fd1-4666-bc70-619e7bd78ee8	Pirimiphos-methyl	CCN(CC)C1=NC(=CC(=N1)C)OP(=O)(OC)OC		0		https://envipath.org/package/5882df9c-dae1-4d80-a40e-db4724271456/pathway/aee78653-e0d9-49f1-81ad-7fd15ffc10fa	Pirimiphos-methyl
https://envipath.org/package/5882df9c-dae1-4d80-a40e-db4724271456/compound/f13d53a1-f784-4b9a-8341-2eb140bd4b4a/structure/67470c6d-f4fe-4379-a3c4-7575b86446a4	N,N-diethylguanidine 	CCN(CC)C(=N)N		1	CCN(CC)C1=NC(=CC(=N1)C)OP(=O)(OC)OC	https://envipath.org/package/5882df9c-dae1-4d80-a40e-db4724271456/pathway/aee78653-e0d9-49f1-81ad-7fd15ffc10fa	Pirimiphos-methyl
https://envipath.org/package/5882df9c-dae1-4d80-a40e-db4724271456/compound/de437f2f-7850-4b76-bb1f-8b2f41986f63/structure/93fa080d-dd55-4ac1-ba1f-cc45f46ed262	BTS 44 596	CCCN(CCOC1=C(C=C(C=C1Cl)Cl)Cl)C(=O)NC=O		1	CCCN(CCOC1=C(C=C(C=C1Cl)Cl)Cl)C(=O)N2C=CN=C2	https://envipath.org/package/5882df9c-dae1-4d80-a40e-db4724271456/pathway/bbcf2244-4568-4d32-ad0d-131f2e87fab9	Prochloraz
https://envipath.org/package/5882df9c-dae1-4d80-a40e-db4724271456/compound/a3fd53a5-8aec-4be2-bbbe-5f2caaad52cf/structure/f77e424b-5a52-4176-862a-5820d492de55	Imidazole	C1=CN=CN1		1	CCCN(CCOC1=C(C=C(C=C1Cl)Cl)Cl)C(=O)N2C=CN=C2	https://envipath.org/package/5882df9c-dae1-4d80-a40e-db4724271456/pathway/bbcf2244-4568-4d32-ad0d-131f2e87fab9	Prochloraz
https://envipath.org/package/5882df9c-dae1-4d80-a40e-db4724271456/compound/861a613e-36c0-4a67-ab44-b96974b2703f/structure/bc7decce-c4ba-4916-9e41-e56101e10591	Prochloraz	CCCN(CCOC1=C(C=C(C=C1Cl)Cl)Cl)C(=O)N2C=CN=C2		0		https://envipath.org/package/5882df9c-dae1-4d80-a40e-db4724271456/pathway/bbcf2244-4568-4d32-ad0d-131f2e87fab9	Prochloraz
https://envipath.org/package/5882df9c-dae1-4d80-a40e-db4724271456/compound/4be029fc-3e8a-42c0-b784-59395896963a/structure/00a2e20e-6281-41b8-bff7-c4e679989e9b	BTS 44 595	CCCN(CCOC1=C(C=C(C=C1Cl)Cl)Cl)C(=O)N		2	CCCN(CCOC1=C(C=C(C=C1Cl)Cl)Cl)C(=O)NC=O	https://envipath.org/package/5882df9c-dae1-4d80-a40e-db4724271456/pathway/bbcf2244-4568-4d32-ad0d-131f2e87fab9	Prochloraz
https://envipath.org/package/5882df9c-dae1-4d80-a40e-db4724271456/compound/7058dc52-bf38-488b-9834-fc79bfa9a485/structure/43316ad6-25c3-412f-b0cf-3056e0c8a33d	BTS 45 186  (2,4,6-trichlorophenol)	C1=C(C(=C(C=C1Cl)Cl)O)Cl		1	CCCN(CCOC1=C(C=C(C=C1Cl)Cl)Cl)C(=O)NC=O	https://envipath.org/package/5882df9c-dae1-4d80-a40e-db4724271456/pathway/bbcf2244-4568-4d32-ad0d-131f2e87fab9	Prochloraz
https://envipath.org/package/5882df9c-dae1-4d80-a40e-db4724271456/compound/d8be461c-e73e-4a2d-bfd5-5232b8b214a7/structure/d7aca35e-5728-46f3-aef1-5946bcbb8d83	Prohexadione-calcium	CCC(=O)C1=C(CC(CC1=O)C(=O)[O-])[O-].[Ca+2]		0		https://envipath.org/package/5882df9c-dae1-4d80-a40e-db4724271456/pathway/479164c2-378e-4d4b-9598-a522f42569a4	Prohexadione-calcium
https://envipath.org/package/5882df9c-dae1-4d80-a40e-db4724271456/compound/33713d08-1ecf-432f-a2e4-c2d8aa2b4658/structure/7abf9fbb-4c16-4f87-a3c3-49ae5ff7eb8b	despropionyl prohexadione	C1C(CC(=O)C=C1O)C(=O)O		1	CCC(=O)C1=C(CC(CC1=O)C(=O)[O-])[O-].[Ca+2]	https://envipath.org/package/5882df9c-dae1-4d80-a40e-db4724271456/pathway/479164c2-378e-4d4b-9598-a522f42569a4	Prohexadione-calcium
https://envipath.org/package/5882df9c-dae1-4d80-a40e-db4724271456/compound/8cc8c7b5-2542-4c87-a1c3-9f125c1263d4/structure/389d353c-5c66-4834-b127-2b84e6c612e7	Propamocarb hydrochloride	CCCOC(=O)NCCCN(C)C.Cl		0		https://envipath.org/package/5882df9c-dae1-4d80-a40e-db4724271456/pathway/95009923-6e42-4d78-b928-220850bef2b8	Propamocarb hydrochloride
https://envipath.org/package/5882df9c-dae1-4d80-a40e-db4724271456/compound/d6405c8f-32b1-4713-8add-0250f6f83866/structure/3cc013fd-a521-4885-8a6c-6c5fc782e885	3,4-Dichloronitrobenzene (DCNB)	C1=C(C=C(C(=C1)Cl)Cl)[N+](=O)[O-]		2	C1=C(C=C(C(=C1)Cl)Cl)N	https://envipath.org/package/5882df9c-dae1-4d80-a40e-db4724271456/pathway/b754fd0a-c72b-4013-a9c9-3ae106a006f5	Propanil
https://envipath.org/package/5882df9c-dae1-4d80-a40e-db4724271456/compound/2eee83eb-0afe-4604-8a0c-82c2a6b86c20/structure/45e52e70-a968-4679-8424-c8d39f0ee06f	Propanil	CCC(=O)NC1=CC=C(C(=C1)Cl)Cl		0		https://envipath.org/package/5882df9c-dae1-4d80-a40e-db4724271456/pathway/b754fd0a-c72b-4013-a9c9-3ae106a006f5	Propanil
https://envipath.org/package/5882df9c-dae1-4d80-a40e-db4724271456/compound/88622df6-2647-4607-9216-45d7b022191e/structure/1dd776db-a2cb-4afe-bb3e-9a8c8589e279	DCA	C1=C(C=C(C(=C1)Cl)Cl)N		1	CCC(=O)NC1=CC=C(C(=C1)Cl)Cl	https://envipath.org/package/5882df9c-dae1-4d80-a40e-db4724271456/pathway/b754fd0a-c72b-4013-a9c9-3ae106a006f5	Propanil
https://envipath.org/package/5882df9c-dae1-4d80-a40e-db4724271456/compound/158d7221-3faa-4bc8-ad67-0a866b9789b4/structure/1e822f07-700c-4a63-8ff2-c2a4562519f3	3,3,4,4-Tetrachlorobenzene (TCAB)	C1=C(C=C(C(=C1)Cl)Cl)/N=N/C2=CC=C(C(=C2)Cl)Cl		2	C1=C(C=C(C(=C1)Cl)Cl)N	https://envipath.org/package/5882df9c-dae1-4d80-a40e-db4724271456/pathway/b754fd0a-c72b-4013-a9c9-3ae106a006f5	Propanil
https://envipath.org/package/5882df9c-dae1-4d80-a40e-db4724271456/compound/d9a34a78-ff86-469d-87ba-e6152f1b1c2e/structure/f7317912-5008-4389-8d74-3aced06fe65f	Compound 3 (R118106)	CC(C(=O)O)OC1=CC=C(C=C1)O		2	CC(C(=O)O)OC1=CC=C(C=C1)OC2=NC3=CC=C(C=C3N=C2)Cl	https://envipath.org/package/5882df9c-dae1-4d80-a40e-db4724271456/pathway/5e2a3977-341c-4dec-b892-05e16ad0a6e7	Propaquizafop
https://envipath.org/package/5882df9c-dae1-4d80-a40e-db4724271456/compound/d22c8b4f-9a84-4e8f-8462-ab214872df95/structure/e0040510-b72f-47d1-9a7c-576a23755487	Propaquizafop	C/C(=N/OCCOC(=O)C(C)OC1=CC=C(C=C1)OC2=NC3=CC=C(C=C3N=C2)Cl)/C		0		https://envipath.org/package/5882df9c-dae1-4d80-a40e-db4724271456/pathway/5e2a3977-341c-4dec-b892-05e16ad0a6e7	Propaquizafop
https://envipath.org/package/5882df9c-dae1-4d80-a40e-db4724271456/compound/0999096b-d8c7-49c9-84ed-149e041ebbc9/structure/f616c20b-5167-4f33-81b6-9bc8d87f15a6	Dihydroxy ether (CGA 294971)	C1=C(C=C2C(=C1)N=C(C(=N2)O)OC3=CC=C(C=C3)O)Cl		3	CC(C(=O)O)OC1=CC=C(C=C1)OC2=NC3=CC=C(C=C3N=C2O)Cl	https://envipath.org/package/5882df9c-dae1-4d80-a40e-db4724271456/pathway/5e2a3977-341c-4dec-b892-05e16ad0a6e7	Propaquizafop
https://envipath.org/package/5882df9c-dae1-4d80-a40e-db4724271456/compound/c0829157-f3f8-42e7-a890-221d65e5e38e/structure/aca121d7-936a-4556-9009-fbac5e630b09	Hydroxy Propaquizafop acid (CGA 294972)	CC(C(=O)O)OC1=CC=C(C=C1)OC2=NC3=CC=C(C=C3N=C2O)Cl		2	CC(C(=O)O)OC1=CC=C(C=C1)OC2=NC3=CC=C(C=C3N=C2)Cl	https://envipath.org/package/5882df9c-dae1-4d80-a40e-db4724271456/pathway/5e2a3977-341c-4dec-b892-05e16ad0a6e7	Propaquizafop
https://envipath.org/package/5882df9c-dae1-4d80-a40e-db4724271456/compound/299b96b4-842a-4a1f-a3f6-0ddd5058f9c6/structure/7fbdc346-97a0-4b46-bcf5-5932bed01f35	Hydroxy ether (CGA 129674)	C1=C(C=C2C(=C1)N=C(C=N2)OC3=CC=C(C=C3)O)Cl		2	CC(C(=O)O)OC1=CC=C(C=C1)OC2=NC3=CC=C(C=C3N=C2)Cl	https://envipath.org/package/5882df9c-dae1-4d80-a40e-db4724271456/pathway/5e2a3977-341c-4dec-b892-05e16ad0a6e7	Propaquizafop
https://envipath.org/package/5882df9c-dae1-4d80-a40e-db4724271456/compound/c435d98d-0a14-4ca5-aad4-6e1ae7cb39ff/structure/cf025481-e407-4735-9b1d-373f12e317ca	Propaquizafop acid (CGA 287422)	CC(C(=O)O)OC1=CC=C(C=C1)OC2=NC3=CC=C(C=C3N=C2)Cl		1	C/C(=N/OCCOC(=O)C(C)OC1=CC=C(C=C1)OC2=NC3=CC=C(C=C3N=C2)Cl)/C	https://envipath.org/package/5882df9c-dae1-4d80-a40e-db4724271456/pathway/5e2a3977-341c-4dec-b892-05e16ad0a6e7	Propaquizafop
https://envipath.org/package/5882df9c-dae1-4d80-a40e-db4724271456/compound/44b3ed2a-bc21-4dc1-88ae-8163c80c28db/structure/cacf1a7d-b3d6-415d-b25c-4de512dea463	combined Propaquizafop & Propaquizafop acid	C/C(=N/OCCOC(=O)C(C)OC1=CC=C(C=C1)OC2=NC3=CC=C(C=C3N=C2)Cl)/C.CC(C(=O)O)OC1=CC=C(C=C1)OC2=NC3=CC=C(C=C3N=C2)Cl		0		https://envipath.org/package/5882df9c-dae1-4d80-a40e-db4724271456/pathway/5e2a3977-341c-4dec-b892-05e16ad0a6e7	Propaquizafop
https://envipath.org/package/5882df9c-dae1-4d80-a40e-db4724271456/compound/418eb1a8-b769-43c7-8cd2-edbe6297e81b/structure/b02e5c5c-b954-40ce-912f-10a1a3c5877e	Dihydroxy quinoxaline (CGA 294970)	C1=C(C=C2C(=C1)N=C(C(=N2)O)O)Cl		2	C1=C(C=C2C(=C1)N=C(C=N2)O)Cl	https://envipath.org/package/5882df9c-dae1-4d80-a40e-db4724271456/pathway/5e2a3977-341c-4dec-b892-05e16ad0a6e7	Propaquizafop
https://envipath.org/package/5882df9c-dae1-4d80-a40e-db4724271456/compound/9e15179e-c527-4951-9c2e-371d24b3aab9/structure/c15b6a33-cdb1-4af9-a57c-a45b96667995	Hydroxy quinoxaline (CGA 290291)	C1=C(C=C2C(=C1)N=C(C=N2)O)Cl		3	C1=C(C=C2C(=C1)N=C(C=N2)OC3=CC=C(C=C3)O)Cl	https://envipath.org/package/5882df9c-dae1-4d80-a40e-db4724271456/pathway/5e2a3977-341c-4dec-b892-05e16ad0a6e7	Propaquizafop
https://envipath.org/package/5882df9c-dae1-4d80-a40e-db4724271456/compound/2dae3d2f-bb04-4678-a55d-3fb2e8427849/structure/a92e060b-13cc-49e2-b5cd-2a3553ef94e1	Propargite	C#CCOS(=O)OC1CCCCC1OC2=CC=C(C=C2)C(C)(C)C		0		https://envipath.org/package/5882df9c-dae1-4d80-a40e-db4724271456/pathway/5cefc6e2-aa9f-4163-a370-0addd2b80de4	Propargite
https://envipath.org/package/5882df9c-dae1-4d80-a40e-db4724271456/compound/4fa0d437-7687-423c-a069-106385355272/structure/66fb099e-5867-48a5-ba9c-7fcfce401c60	PTBP	CC(C)(C)C1=CC=C(C=C1)O		1	C#CCOS(=O)OC1CCCCC1OC2=CC=C(C=C2)C(C)(C)C	https://envipath.org/package/5882df9c-dae1-4d80-a40e-db4724271456/pathway/5cefc6e2-aa9f-4163-a370-0addd2b80de4	Propargite
https://envipath.org/package/5882df9c-dae1-4d80-a40e-db4724271456/compound/6569cca8-f6dc-44c6-9f66-44f8ccab186a/structure/66184fdd-0566-4792-822c-b3b2c429b3c0	BGES	CC(C)(C)C1=CC=C(C=C1)OC2CCCCC2OS(=O)OC3CCCCC3OC4=CC=C(C=C4)C(C)(C)C		-99		https://envipath.org/package/5882df9c-dae1-4d80-a40e-db4724271456/pathway/5cefc6e2-aa9f-4163-a370-0addd2b80de4	Propargite
https://envipath.org/package/5882df9c-dae1-4d80-a40e-db4724271456/compound/6795864b-5966-4d75-a811-07cc1acfbbc7/structure/ff7cd3b4-ad2d-4ce2-8ad1-3d42042695fa	TBPC-acid	CC(C)(C1=CC=C(C=C1)OC2CCCCC2O)C(=O)O		2	CC(C)(C)C1=CC=C(C=C1)OC2CCCCC2O	https://envipath.org/package/5882df9c-dae1-4d80-a40e-db4724271456/pathway/5cefc6e2-aa9f-4163-a370-0addd2b80de4	Propargite
https://envipath.org/package/5882df9c-dae1-4d80-a40e-db4724271456/compound/34bde515-e877-4284-aad1-f605690cdcbc/structure/49066101-514a-4d3a-be06-fd512efc03ce	TBPC	CC(C)(C)C1=CC=C(C=C1)OC2CCCCC2O		1	C#CCOS(=O)OC1CCCCC1OC2=CC=C(C=C2)C(C)(C)C	https://envipath.org/package/5882df9c-dae1-4d80-a40e-db4724271456/pathway/5cefc6e2-aa9f-4163-a370-0addd2b80de4	Propargite
https://envipath.org/package/5882df9c-dae1-4d80-a40e-db4724271456/compound/f61e6f08-0a01-4e39-bf02-7a3d04359a27/structure/389e3c87-15e5-455d-b3a4-2ec7b36ac01c	TBPC-sulphate	CC(C)(COS(=O)(=O)O[Na])C1=CC=C(C=C1)OC2CCCCC2O		1	C#CCOS(=O)OC1CCCCC1OC2=CC=C(C=C2)C(C)(C)C	https://envipath.org/package/5882df9c-dae1-4d80-a40e-db4724271456/pathway/5cefc6e2-aa9f-4163-a370-0addd2b80de4	Propargite
https://envipath.org/package/5882df9c-dae1-4d80-a40e-db4724271456/compound/ecd19b3e-aedc-49b6-88cf-e90d63a82b36/structure/2ef1653f-5465-4a3b-ad07-9519e8a4fbf9	Propineb-DIDT	CC1CN2C(=N1)SSC2=S	major	1	CC(CNC(=S)[S-])NC(=S)[S-].[Zn+2]	https://envipath.org/package/5882df9c-dae1-4d80-a40e-db4724271456/pathway/aeb59ee2-8f7f-41dc-84e6-dd94e26f823b	Propineb
https://envipath.org/package/5882df9c-dae1-4d80-a40e-db4724271456/compound/94b356a9-b3e4-486a-877f-add0629b4719/structure/0175b7af-63c4-4a1f-91b4-4bc0ce6e987c	Propineb	CC(CNC(=S)[S-])NC(=S)[S-].[Zn+2]		0		https://envipath.org/package/5882df9c-dae1-4d80-a40e-db4724271456/pathway/aeb59ee2-8f7f-41dc-84e6-dd94e26f823b	Propineb
https://envipath.org/package/5882df9c-dae1-4d80-a40e-db4724271456/compound/811b890e-0722-4f5c-98b8-0efa6399bd64/structure/82b51f12-990f-442a-9d69-e95d5e22231b	PU	CC1CNC(=O)N1	major	2	CC1CNC(=S)N1	https://envipath.org/package/5882df9c-dae1-4d80-a40e-db4724271456/pathway/aeb59ee2-8f7f-41dc-84e6-dd94e26f823b	Propineb
https://envipath.org/package/5882df9c-dae1-4d80-a40e-db4724271456/compound/7737ac32-0831-40c8-9c29-b4b1a6e3d18f/structure/703c824a-6875-496a-904e-ff95b697c10c	PTU	CC1CNC(=S)N1	major	1	CC1CN2C(=N1)SSC2=S	https://envipath.org/package/5882df9c-dae1-4d80-a40e-db4724271456/pathway/aeb59ee2-8f7f-41dc-84e6-dd94e26f823b	Propineb
https://envipath.org/package/5882df9c-dae1-4d80-a40e-db4724271456/compound/b855563d-239b-4210-b8f4-b9cb5a5b66e5/structure/513fe041-51dd-49ee-8975-43bc34afa741	4-Methyl-imidazoline	CC1C[NH+]=CN1	major	1	CC(CNC(=S)[S-])NC(=S)[S-].[Zn+2]	https://envipath.org/package/5882df9c-dae1-4d80-a40e-db4724271456/pathway/aeb59ee2-8f7f-41dc-84e6-dd94e26f823b	Propineb
https://envipath.org/package/5882df9c-dae1-4d80-a40e-db4724271456/compound/1cc5a915-598b-4f14-829a-c0dc3becb954/structure/ac14488b-5645-4150-a180-6f01393e616a	M2 2-[ethyl-6-methylphenyl)(isopropoxymethyl)amino]-2-oxoethane sulfonic acid	CCC1=C(C(=CC=C1)C)N(COC(C)C)C(=O)CS(=O)(=O)O		2	CCC1=C(C(=CC=C1)C)N(COC(C)C)C(=O)CSC[C@@H](C(=O)NCC(=O)O)NC(=O)CC[C@@H](C(=O)O)N	https://envipath.org/package/5882df9c-dae1-4d80-a40e-db4724271456/pathway/3848a2f2-a351-4164-ad5c-d4f3c5169b40	Propisochlor
https://envipath.org/package/5882df9c-dae1-4d80-a40e-db4724271456/compound/0f05c885-eae7-43b0-95ad-d7a13e95906e/structure/ee26d28b-7f8b-4188-9ae5-4188972d86c3	M7 ({2-[(2-ethyl-6-methylphenyl)(isopropoxy-methyl)amino]-2-oxoethyl}sulfinyl)acetic acid	CCC1=C(C(=CC=C1)C)N(COC(C)C)C(=O)CS(=O)CC(=O)O		2	CCC1=C(C(=CC=C1)C)N(COC(C)C)C(=O)CSC[C@@H](C(=O)NCC(=O)O)NC(=O)CC[C@@H](C(=O)O)N	https://envipath.org/package/5882df9c-dae1-4d80-a40e-db4724271456/pathway/3848a2f2-a351-4164-ad5c-d4f3c5169b40	Propisochlor
https://envipath.org/package/5882df9c-dae1-4d80-a40e-db4724271456/compound/4068db63-9728-45f8-b700-8666dfd3f657/structure/8374514a-a98f-42e2-9411-06467fa56138	M6 N-(2-ethyl-6-methylphenyl)-N-(isopropoxy-methyl)-2-(methylsulfonyl)acetamide	CCC1=C(C(=CC=C1)C)N(COC(C)C)C(=O)CS(=O)(=O)C		2	CCC1=C(C(=CC=C1)C)N(COC(C)C)C(=O)CSC[C@@H](C(=O)NCC(=O)O)NC(=O)CC[C@@H](C(=O)O)N	https://envipath.org/package/5882df9c-dae1-4d80-a40e-db4724271456/pathway/3848a2f2-a351-4164-ad5c-d4f3c5169b40	Propisochlor
https://envipath.org/package/5882df9c-dae1-4d80-a40e-db4724271456/compound/f92faed2-93b9-4e47-8226-2209c4dcde26/structure/f8b1e355-f786-4209-bd51-c798c077bc09	M5 N-(2-ethyl-6-methylphenyl)-2-hydroxy-N(isopropoxymethyl)acetamide	CCC1=C(C(=CC=C1)C)N(COC(C)C)C(=O)CO		1	CCC1=C(C(=CC=C1)C)N(COC(C)C)C(=O)CCl	https://envipath.org/package/5882df9c-dae1-4d80-a40e-db4724271456/pathway/3848a2f2-a351-4164-ad5c-d4f3c5169b40	Propisochlor
https://envipath.org/package/5882df9c-dae1-4d80-a40e-db4724271456/compound/c64e0a7f-6dd7-445d-9b98-e7695eec0f8a/structure/e179f6d0-a5c1-4ed7-9ef3-f7d716f8ef9e	M4 [(2-ethyl-6-methylphenyl))(isopropoxymethyl)amino](oxo)acetic acid	CCC1=C(C(=CC=C1)C)N(COC(C)C)C(=O)C(=O)O		2	CCC1=C(C(=CC=C1)C)N(COC(C)C)C(=O)CO	https://envipath.org/package/5882df9c-dae1-4d80-a40e-db4724271456/pathway/3848a2f2-a351-4164-ad5c-d4f3c5169b40	Propisochlor
https://envipath.org/package/5882df9c-dae1-4d80-a40e-db4724271456/compound/604cfedb-9d11-42a3-9163-fd0a1d160f32/structure/242fc327-3f38-4638-8af5-c44030c9fbff	Propisochlor	CCC1=C(C(=CC=C1)C)N(COC(C)C)C(=O)CCl		0		https://envipath.org/package/5882df9c-dae1-4d80-a40e-db4724271456/pathway/3848a2f2-a351-4164-ad5c-d4f3c5169b40	Propisochlor
https://envipath.org/package/5882df9c-dae1-4d80-a40e-db4724271456/compound/79fd7833-0f29-4357-a46b-5cdfb8e44331/structure/7270ccd4-cb7b-4e4b-a7da-60e7ec7d0815	M9 N-(2-ethyl-6-methylphenyl)-N-(isopropoxymethyl)-2-(mercapto)acetamide	CCC1=C(C(=CC=C1)C)N(COC(C)C)C(=O)CSSCC(=O)N(COC(C)C)C2=C(CC)C=CC=C2C		2	CCC1=C(C(=CC=C1)C)N(COC(C)C)C(=O)CSC[C@@H](C(=O)NCC(=O)O)NC(=O)CC[C@@H](C(=O)O)N	https://envipath.org/package/5882df9c-dae1-4d80-a40e-db4724271456/pathway/3848a2f2-a351-4164-ad5c-d4f3c5169b40	Propisochlor
https://envipath.org/package/5882df9c-dae1-4d80-a40e-db4724271456/compound/007965b4-e123-421e-9a0e-ada966f670f4/structure/bc85b479-1f6a-47ff-b81f-8c02ac98e5b1	Propisochlor S-glutathione	CCC1=C(C(=CC=C1)C)N(COC(C)C)C(=O)CSC[C@@H](C(=O)NCC(=O)O)NC(=O)CC[C@@H](C(=O)O)N		1	CCC1=C(C(=CC=C1)C)N(COC(C)C)C(=O)CCl	https://envipath.org/package/5882df9c-dae1-4d80-a40e-db4724271456/pathway/3848a2f2-a351-4164-ad5c-d4f3c5169b40	Propisochlor
https://envipath.org/package/5882df9c-dae1-4d80-a40e-db4724271456/compound/e6ca9677-8771-41ba-b002-3c54402b1ce5/structure/80520c20-f560-4463-a390-90c495f1e179	s-sulfonic acid (13)	CCC1=C(C(=CC=C1)C)NC(=O)CS(=O)(=O)O		3	CCC1=C(C(=CC=C1)C)N(COC(C)C)C(=O)CS(=O)(=O)O	https://envipath.org/package/5882df9c-dae1-4d80-a40e-db4724271456/pathway/3848a2f2-a351-4164-ad5c-d4f3c5169b40	Propisochlor
https://envipath.org/package/5882df9c-dae1-4d80-a40e-db4724271456/compound/31748349-7ad0-467e-a338-2cdab3c896d2/structure/5a1f818c-ba12-45aa-b19f-a8722855e97a	Acid sulphonamide (IN-D5119)	C1=CC(=C(C=C1)S(=O)(=O)N)C(=O)O	minor	2	CCCOC1=NN(C(=O)NS(=O)(=O)C2=C(C=CC=C2)C(=O)O)C(=O)N1C	https://envipath.org/package/5882df9c-dae1-4d80-a40e-db4724271456/pathway/9e4be08b-a6d2-4954-be2e-71da81423051	Propoxycarbazone-sodium
https://envipath.org/package/5882df9c-dae1-4d80-a40e-db4724271456/compound/8265112c-ab0f-4f3c-bb81-63f7a49a8e11/structure/5380ade2-e852-44db-b236-47c65ef63a65	M04 (MKH 6561 Carboxylic acid)	CCCOC1=NN(C(=O)NS(=O)(=O)C2=C(C=CC=C2)C(=O)O)C(=O)N1C	minor	1	CCCOC1=NN(C(=O)[N-]S(=O)(=O)C2=C(C=CC=C2)C(=O)OC)C(=O)N1C	https://envipath.org/package/5882df9c-dae1-4d80-a40e-db4724271456/pathway/9e4be08b-a6d2-4954-be2e-71da81423051	Propoxycarbazone-sodium
https://envipath.org/package/5882df9c-dae1-4d80-a40e-db4724271456/compound/9baf90bb-879b-4bd0-a034-b6f1099c5924/structure/d27723fb-ac63-44c3-b95d-7332575bb39c	M09 (N-methyl propoxy triazolinone amide)	CCCOC1=NN(C(=O)N)C(=O)N1C	 	1	CCCOC1=NN(C(=O)[N-]S(=O)(=O)C2=C(C=CC=C2)C(=O)OC)C(=O)N1C	https://envipath.org/package/5882df9c-dae1-4d80-a40e-db4724271456/pathway/9e4be08b-a6d2-4954-be2e-71da81423051	Propoxycarbazone-sodium
https://envipath.org/package/5882df9c-dae1-4d80-a40e-db4724271456/compound/ef22e329-2f02-46f9-a552-dfdde5aba83c/structure/5046a34b-6544-4bc6-97af-5c6c3c0624d5	Propoxycarbazone-sodium	CCCOC1=NN(C(=O)[N-]S(=O)(=O)C2=C(C=CC=C2)C(=O)OC)C(=O)N1C	 	0		https://envipath.org/package/5882df9c-dae1-4d80-a40e-db4724271456/pathway/9e4be08b-a6d2-4954-be2e-71da81423051	Propoxycarbazone-sodium
https://envipath.org/package/5882df9c-dae1-4d80-a40e-db4724271456/compound/15d003e4-f1b8-43d0-9c2d-1f2bc6541475/structure/2c04b82f-52f4-4f55-82a5-d189f8097046	Ester sulfonamide (IN-D5803)	COC(=O)C1=C(C=CC=C1)S(=O)(=O)N	major	1	CCCOC1=NN(C(=O)[N-]S(=O)(=O)C2=C(C=CC=C2)C(=O)OC)C(=O)N1C	https://envipath.org/package/5882df9c-dae1-4d80-a40e-db4724271456/pathway/9e4be08b-a6d2-4954-be2e-71da81423051	Propoxycarbazone-sodium
https://envipath.org/package/5882df9c-dae1-4d80-a40e-db4724271456/compound/9952c600-5afe-46d2-a88a-65b05736c39e/structure/77936305-0f79-43ea-94dd-641f046ec7e4	Saccharin (IN-00581)	C1=CC2=C(C=C1)S(=O)(=O)NC2=O	major	3	C1=CC(=C(C=C1)S(=O)(=O)N)C(=O)O	https://envipath.org/package/5882df9c-dae1-4d80-a40e-db4724271456/pathway/9e4be08b-a6d2-4954-be2e-71da81423051	Propoxycarbazone-sodium
https://envipath.org/package/5882df9c-dae1-4d80-a40e-db4724271456/compound/09b4d93a-bd4f-4342-9dee-c8d5569c2e41/structure/6b16ae0d-02ff-49b9-a989-bc2f1fc851ca	M11	COC1=CC=CC2=C1C(=O)NS2(=O)=O	 	5	C1=CC2=C(C(=C1)O)C(=O)NS2(=O)=O	https://envipath.org/package/5882df9c-dae1-4d80-a40e-db4724271456/pathway/9e4be08b-a6d2-4954-be2e-71da81423051	Propoxycarbazone-sodium
https://envipath.org/package/5882df9c-dae1-4d80-a40e-db4724271456/compound/909d465c-248a-4240-a307-7cfb4485d19e/structure/35a843f3-57a8-4fa0-860b-c42cf6749bea	M10 (N-methyl propoxy triazolinone)	CCCOC1=NNC(=O)N1C		1	CCCOC1=NN(C(=O)N)C(=O)N1C	https://envipath.org/package/5882df9c-dae1-4d80-a40e-db4724271456/pathway/9e4be08b-a6d2-4954-be2e-71da81423051	Propoxycarbazone-sodium
https://envipath.org/package/5882df9c-dae1-4d80-a40e-db4724271456/compound/0f90fb72-0a23-4f43-9412-9859fed30e0a/structure/acf765c1-e6fb-48e6-8d7e-1e9029370f4b	M08 (4-hydroxy saccharin)	C1=CC2=C(C(=C1)O)C(=O)NS2(=O)=O	major	4	C1=CC2=C(C=C1)S(=O)(=O)NC2=O	https://envipath.org/package/5882df9c-dae1-4d80-a40e-db4724271456/pathway/9e4be08b-a6d2-4954-be2e-71da81423051	Propoxycarbazone-sodium
https://envipath.org/package/5882df9c-dae1-4d80-a40e-db4724271456/compound/5c08f1bb-0774-42f7-83d0-4d5c6c0f200c/structure/40aa71f3-da3c-48ff-afb7-3580d1d5a65c	RH-24644	C=C1C(C)(C)N=C(C2=CC(=CC(=C2)Cl)Cl)O1	major	1	C#CC(C)(C)NC(C1=CC(=CC(=C1)Cl)Cl)O	https://envipath.org/package/5882df9c-dae1-4d80-a40e-db4724271456/pathway/2ea42db6-3448-45c1-b3c5-d79013f3c1ad	Propyzamide
https://envipath.org/package/5882df9c-dae1-4d80-a40e-db4724271456/compound/e5cfdf04-0b78-4a2d-8241-a6cb6bda869d/structure/d84e601a-7e6c-44ca-8974-310109e339a7	RH-24580	CC(=O)C(C)(C)NC(=O)C1=CC(=CC(=C1)Cl)Cl	major	2	C=C1C(C)(C)N=C(C2=CC(=CC(=C2)Cl)Cl)O1	https://envipath.org/package/5882df9c-dae1-4d80-a40e-db4724271456/pathway/2ea42db6-3448-45c1-b3c5-d79013f3c1ad	Propyzamide
https://envipath.org/package/5882df9c-dae1-4d80-a40e-db4724271456/compound/8fced173-8d48-4d98-97c5-08d34bc4f3b7/structure/04de742e-473a-4c08-9b9a-e0fe9779fdca	Propyzamide	C#CC(C)(C)NC(C1=CC(=CC(=C1)Cl)Cl)O	 	0		https://envipath.org/package/5882df9c-dae1-4d80-a40e-db4724271456/pathway/2ea42db6-3448-45c1-b3c5-d79013f3c1ad	Propyzamide
https://envipath.org/package/5882df9c-dae1-4d80-a40e-db4724271456/compound/7e3b60e1-017a-4dae-8f70-37103f797748/structure/bf9f100e-25cb-417f-8690-60245fdc2fd5	RH-20839	C1=C(C=C(C=C1C(=O)O)Cl)Cl	 	3	CC(=O)C(C)(C)NC(=O)C1=CC(=CC(=C1)Cl)Cl	https://envipath.org/package/5882df9c-dae1-4d80-a40e-db4724271456/pathway/2ea42db6-3448-45c1-b3c5-d79013f3c1ad	Propyzamide
https://envipath.org/package/5882df9c-dae1-4d80-a40e-db4724271456/compound/259cbe64-cac0-408e-8ec4-73ad23e80da6/structure/2f725641-0397-432d-9462-8c049d10f33c	IN-MM671	CCCN1C(=O)C2=C(C=CC=C2)N=C1OCCC	major	1	CCCN1C(=O)C2=C(C=CC(=C2)I)N=C1OCCC	https://envipath.org/package/5882df9c-dae1-4d80-a40e-db4724271456/pathway/c652f487-4048-4768-8b00-ab7958602653	Proquinazid
https://envipath.org/package/5882df9c-dae1-4d80-a40e-db4724271456/compound/2e893544-c040-45b6-8811-50d0bd37ac98/structure/05b23ecf-6e09-43db-a746-26f2d9b57687	IN-MM991	CCCN1C(=O)C2=C(C=CC=C2)NC1=O		2	CCCN1C(=O)C2=CC(=CC=C2NC1=O)I	https://envipath.org/package/5882df9c-dae1-4d80-a40e-db4724271456/pathway/c652f487-4048-4768-8b00-ab7958602653	Proquinazid
https://envipath.org/package/5882df9c-dae1-4d80-a40e-db4724271456/compound/d7cb6dec-cd8e-4e6a-a6bc-cecc18a06898/structure/0bb3a8f2-6c02-462c-a8f8-9fef4ee80dfd	IN-MM986	CCCN1C(=O)C2=CC(=CC=C2NC1=O)I		1	CCCN1C(=O)C2=C(C=CC(=C2)I)N=C1OCCC	https://envipath.org/package/5882df9c-dae1-4d80-a40e-db4724271456/pathway/c652f487-4048-4768-8b00-ab7958602653	Proquinazid
https://envipath.org/package/5882df9c-dae1-4d80-a40e-db4724271456/compound/acb723fd-fce2-4d86-a81b-95fdeabdf8c9/structure/a1c59ae5-6749-4d8a-8f97-02111cf81f7f	Proquinazid	CCCN1C(=O)C2=C(C=CC(=C2)I)N=C1OCCC		0		https://envipath.org/package/5882df9c-dae1-4d80-a40e-db4724271456/pathway/c652f487-4048-4768-8b00-ab7958602653	Proquinazid
https://envipath.org/package/5882df9c-dae1-4d80-a40e-db4724271456/compound/5eb0cc9d-b6a2-4752-8842-b6c0eca3c564/structure/7b756b4b-0149-4c3e-8fb8-69ddfbb44afc	Prosulfocarb sulfoxide	CCCN(CCC)C(=O)S(=O)CC1=CC=CC=C1		1	CCCN(CCC)C(=O)SCC1=CC=CC=C1	https://envipath.org/package/5882df9c-dae1-4d80-a40e-db4724271456/pathway/902ca3c4-ba30-4d7e-b06a-aaf33e82b06e	Prosulfocarb
https://envipath.org/package/5882df9c-dae1-4d80-a40e-db4724271456/compound/46b158b8-c847-485f-adca-e6004eff6f39/structure/715ca495-f49a-4aac-9442-e05efbff8526	Prosulfocarb	CCCN(CCC)C(=O)SCC1=CC=CC=C1		0		https://envipath.org/package/5882df9c-dae1-4d80-a40e-db4724271456/pathway/902ca3c4-ba30-4d7e-b06a-aaf33e82b06e	Prosulfocarb
https://envipath.org/package/5882df9c-dae1-4d80-a40e-db4724271456/compound/9da9c0f8-ee77-4376-a309-4e7d7b86d518/structure/0a903bb2-dfce-4c26-bf2d-fc83ced1fd8b	CGA349707 N-((diaminomethylene)carbamoyl)-2-(3,3,3-trifluoropropyl)benzenesulfonamide	C1=CC(=C(C=C1)S(=O)(=O)NC(=O)/N=C(\N)/N)CCC(F)(F)F		2	CC1=NC(=NC(=N1)NC(=O)NS(=O)(=O)C2=C(C=CC=C2)CCC(F)(F)F)O	https://envipath.org/package/5882df9c-dae1-4d80-a40e-db4724271456/pathway/3070a6fd-59be-47c0-9cbd-172171b782ad	Prosulfuron
https://envipath.org/package/5882df9c-dae1-4d80-a40e-db4724271456/compound/d06dd934-15d6-4690-a379-903b3398a530/structure/424e7175-23c1-45fb-b117-9a956577ac7f	O-desmethyl triazine amine (IN-B5528)	CC1=NC(=NC(=N1)N)O		2	CC1=NC(=NC(=N1)NC(=O)NS(=O)(=O)C2=C(C=CC=C2)CCC(F)(F)F)O	https://envipath.org/package/5882df9c-dae1-4d80-a40e-db4724271456/pathway/3070a6fd-59be-47c0-9cbd-172171b782ad	Prosulfuron
https://envipath.org/package/5882df9c-dae1-4d80-a40e-db4724271456/compound/0bb0e463-4d86-4dc6-acc1-8b5b9d50f8c8/structure/e47dbae4-e841-488e-8faa-a29d75fe0846	CGA159902 2,(3,3,3-Trifluoropropyl)-benzenesulfonamide	C1=CC(=C(C=C1)S(=O)(=O)N)CCC(F)(F)F		1	CC1=NC(=NC(=N1)NC(=O)NS(=O)(=O)C2=C(C=CC=C2)CCC(F)(F)F)O	https://envipath.org/package/5882df9c-dae1-4d80-a40e-db4724271456/pathway/3070a6fd-59be-47c0-9cbd-172171b782ad	Prosulfuron
https://envipath.org/package/5882df9c-dae1-4d80-a40e-db4724271456/compound/6f28950c-bbec-4086-8d5e-d2bb0a220a57/structure/54eb11ad-b920-47a7-ae86-dcbb2b9c183a	IN-F5475	CC1=NC(=NC(=N1)O)O		3	CC1=NC(=NC(=N1)N)O	https://envipath.org/package/5882df9c-dae1-4d80-a40e-db4724271456/pathway/3070a6fd-59be-47c0-9cbd-172171b782ad	Prosulfuron
https://envipath.org/package/5882df9c-dae1-4d80-a40e-db4724271456/compound/1bb7936b-bd18-40c7-895a-f67cd89d0369/structure/bf432340-1720-41b2-ba16-cdceb36f196b	CGA300406 N-((4-hydroxy-6-methyl-1,3,5-triazin-2-yl)carbamoyl)-2-(3,3,3-trifluoropropyl)benzenesulfonamide	CC1=NC(=NC(=N1)NC(=O)NS(=O)(=O)C2=C(C=CC=C2)CCC(F)(F)F)O		1	CC1=NC(=NC(=N1)NC(=O)NS(=O)(=O)C2=C(C=CC=C2)CCC(F)(F)F)OC	https://envipath.org/package/5882df9c-dae1-4d80-a40e-db4724271456/pathway/3070a6fd-59be-47c0-9cbd-172171b782ad	Prosulfuron
https://envipath.org/package/5882df9c-dae1-4d80-a40e-db4724271456/compound/8811f7f2-5969-480d-b62e-bb84c9fdd8e8/structure/e4378c2d-c6a4-4d51-bb7a-9075c4af75e1	SYN542604 [(N-aminocarbonyl]amino)imino)methyl)aminocarbonyl-2-(3,3,3-trifluoropropyl)-benzenesulfonamide	C1=CC(=C(C=C1)S(=O)(=O)NC(=O)NC(=N)NC(=O)N)CCC(F)(F)F		2	CC1=NC(=NC(=N1)NC(=O)NS(=O)(=O)C2=C(C=CC=C2)CCC(F)(F)F)O	https://envipath.org/package/5882df9c-dae1-4d80-a40e-db4724271456/pathway/3070a6fd-59be-47c0-9cbd-172171b782ad	Prosulfuron
https://envipath.org/package/5882df9c-dae1-4d80-a40e-db4724271456/compound/9d567781-5452-47e3-b802-42a613d515ef/structure/43247a09-a4e1-49cb-a748-b45e861b208a	Prosulfuron	CC1=NC(=NC(=N1)NC(=O)NS(=O)(=O)C2=C(C=CC=C2)CCC(F)(F)F)OC		0		https://envipath.org/package/5882df9c-dae1-4d80-a40e-db4724271456/pathway/3070a6fd-59be-47c0-9cbd-172171b782ad	Prosulfuron
https://envipath.org/package/5882df9c-dae1-4d80-a40e-db4724271456/compound/20d68316-1e0a-4b6f-9d29-0d7f23f374a5/structure/63e30a9f-d178-4010-a83a-a72455e60a85	CGA 300408	CC1=NC(=NC(=N1)NC(=O)NS(=O)(=O)C2=CC(=CC=C2CCC(F)(F)F)O)OC		1	CC1=NC(=NC(=N1)NC(=O)NS(=O)(=O)C2=C(C=CC=C2)CCC(F)(F)F)OC	https://envipath.org/package/5882df9c-dae1-4d80-a40e-db4724271456/pathway/3070a6fd-59be-47c0-9cbd-172171b782ad	Prosulfuron
https://envipath.org/package/5882df9c-dae1-4d80-a40e-db4724271456/compound/16a66ffb-d8e6-43fe-92c9-0d5a25b94821/structure/929d2047-4bcb-41c8-bcd7-bb970abf3a83	Triazine amine (IN-A4098)	CC1=NC(=NC(=N1)N)OC		1	CC1=NC(=NC(=N1)NC(=O)NS(=O)(=O)C2=C(C=CC=C2)CCC(F)(F)F)OC	https://envipath.org/package/5882df9c-dae1-4d80-a40e-db4724271456/pathway/3070a6fd-59be-47c0-9cbd-172171b782ad	Prosulfuron
https://envipath.org/package/5882df9c-dae1-4d80-a40e-db4724271456/compound/1fb24b9f-bcd0-49c9-a3fd-ef900d91b42a/structure/eb7a8c71-54fc-4e83-9e03-3b43dac217e7	CGA325025 N-((4-amino-6-methyl-1,3,5-triazin-2-yl)carbamoyl)-2-(3,3,3-trifluoropropyl)benzenesulfonamide	CC1=NC(=NC(=N1)N)NC(=O)NS(=O)(=O)C2=C(C=CC=C2)CCC(F)(F)F		2	CC1=NC(=NC(=N1)NC(=O)NS(=O)(=O)C2=C(C=CC=C2)CCC(F)(F)F)O	https://envipath.org/package/5882df9c-dae1-4d80-a40e-db4724271456/pathway/3070a6fd-59be-47c0-9cbd-172171b782ad	Prosulfuron
https://envipath.org/package/5882df9c-dae1-4d80-a40e-db4724271456/compound/2507d118-91fc-45bf-9954-de7b9a072e34/structure/b570c389-e636-40c6-9163-19f5ee785d1d	M16 prothioconazole-5-hydroxy-desthio	C1=C(C=C(CC(CN2C=NC=N2)(C3(CC3)Cl)O)C(=C1)Cl)O		-99		https://envipath.org/package/5882df9c-dae1-4d80-a40e-db4724271456/pathway/9cdcbb04-3b36-47b6-983d-ca4eff5ba223	Prothioconazole
https://envipath.org/package/5882df9c-dae1-4d80-a40e-db4724271456/compound/ec7c5e19-8d99-4f70-b5d6-eddd3768c6bb/structure/1eff2115-4888-474c-876b-e9a97f6d3b4b	M04 prothioconazole-desthio	C1=CC(=C(C=C1)Cl)CC(CN2C=NC=N2)(C3(CC3)Cl)O		1	C1=CC(=C(C=C1)Cl)CC(CN2C(=NC=N2)S(=O)(=O)O)(C3(CC3)Cl)O	https://envipath.org/package/5882df9c-dae1-4d80-a40e-db4724271456/pathway/9cdcbb04-3b36-47b6-983d-ca4eff5ba223	Prothioconazole
https://envipath.org/package/5882df9c-dae1-4d80-a40e-db4724271456/compound/ce7551ca-9c9a-4223-90f6-af73cc6e95ea/structure/f75a9c1e-1a1b-4d30-a980-620bcdbf31b2	M14 prothioconazole-3-hydroxy-desthio	C1=CC(=C(C(=C1)CC(CN2C=NC=N2)(C3(CC3)Cl)O)Cl)O		2	C1=CC(=C(C=C1)Cl)CC(CN2C=NC=N2)(C3(CC3)Cl)O	https://envipath.org/package/5882df9c-dae1-4d80-a40e-db4724271456/pathway/9cdcbb04-3b36-47b6-983d-ca4eff5ba223	Prothioconazole
https://envipath.org/package/5882df9c-dae1-4d80-a40e-db4724271456/compound/a15dc090-924f-4ae2-9ea6-3230a8a7f504/structure/d705d7e2-2f0e-4230-8d35-5eb2c2fc1c91	1,2,4 triazole	C1=NC=NN1		2	C1=CC(=C(C=C1)Cl)CC(CN2C=NC=N2)(C3(CC3)Cl)O	https://envipath.org/package/5882df9c-dae1-4d80-a40e-db4724271456/pathway/9cdcbb04-3b36-47b6-983d-ca4eff5ba223	Prothioconazole
https://envipath.org/package/5882df9c-dae1-4d80-a40e-db4724271456/compound/98ccac9b-059f-4b60-90ac-04ee0c723e71/structure/2bf78ebe-db38-4f01-b778-bd06f1269fa6	M02 prothioconazole-sulfonic acid	C1=CC(=C(C=C1)Cl)CC(CN2C(=NC=N2)S(=O)(=O)O)(C3(CC3)Cl)O		1	C1=CC(=C(C=C1)Cl)CC(CN2C(=S)NC=N2)(C3(CC3)Cl)O	https://envipath.org/package/5882df9c-dae1-4d80-a40e-db4724271456/pathway/9cdcbb04-3b36-47b6-983d-ca4eff5ba223	Prothioconazole
https://envipath.org/package/5882df9c-dae1-4d80-a40e-db4724271456/compound/01380e47-cdee-4fd4-815d-4e5df54b6ac0/structure/c8858cb1-faa2-451a-ab84-3e1923435f66	M01 prothioconazole-s-methyl	CSC1=NC=NN1CC(CC2=C(C=CC=C2)Cl)(C3(CC3)Cl)O		1	C1=CC(=C(C=C1)Cl)CC(CN2C(=S)NC=N2)(C3(CC3)Cl)O	https://envipath.org/package/5882df9c-dae1-4d80-a40e-db4724271456/pathway/9cdcbb04-3b36-47b6-983d-ca4eff5ba223	Prothioconazole
https://envipath.org/package/5882df9c-dae1-4d80-a40e-db4724271456/compound/0294b106-107e-4dce-a806-1702be7dfa13/structure/cace6560-f39b-4c0c-be87-14c8ad57dc8b	M15 prothioconazole-4-hydroxy-desthio	C1=C(CC(CN2C=NC=N2)(C3(CC3)Cl)O)C(=CC(=C1)O)Cl		-99		https://envipath.org/package/5882df9c-dae1-4d80-a40e-db4724271456/pathway/9cdcbb04-3b36-47b6-983d-ca4eff5ba223	Prothioconazole
https://envipath.org/package/5882df9c-dae1-4d80-a40e-db4724271456/compound/187347e4-b4b4-4a90-98d2-205400870a8e/structure/9771e965-7f4d-4654-aab7-7ad4d7e4f8dc	M17 prothioconazole-6-hydroxy-desthio	C1=CC(=C(CC(CN2C=NC=N2)(C3(CC3)Cl)O)C(=C1)Cl)O		2	C1=CC(=C(C=C1)Cl)CC(CN2C=NC=N2)(C3(CC3)Cl)O	https://envipath.org/package/5882df9c-dae1-4d80-a40e-db4724271456/pathway/9cdcbb04-3b36-47b6-983d-ca4eff5ba223	Prothioconazole
https://envipath.org/package/5882df9c-dae1-4d80-a40e-db4724271456/compound/f0f7bf1a-1c24-4699-ac4f-5e09526076f6/structure/68d6a84b-da40-4615-b9e1-720038c7b583	M03 prothioconazole-trizolinone	C1=CC(=C(C=C1)Cl)CC(CN2C(=O)NC=N2)(C3(CC3)Cl)O		1	C1=CC(=C(C=C1)Cl)CC(CN2C(=S)NC=N2)(C3(CC3)Cl)O	https://envipath.org/package/5882df9c-dae1-4d80-a40e-db4724271456/pathway/9cdcbb04-3b36-47b6-983d-ca4eff5ba223	Prothioconazole
https://envipath.org/package/5882df9c-dae1-4d80-a40e-db4724271456/compound/84c96310-72a4-4746-a431-70f5c6084530/structure/91ca651f-adfd-4d9f-bb15-b011c96c21a3	M02 2-chlorobenzoic acid	C1=CC(=C(C=C1)Cl)C(=O)O		2	C1=CC(=C(C=C1)Cl)CC(CN2C=NC=N2)(C3(CC3)Cl)O	https://envipath.org/package/5882df9c-dae1-4d80-a40e-db4724271456/pathway/9cdcbb04-3b36-47b6-983d-ca4eff5ba223	Prothioconazole
https://envipath.org/package/5882df9c-dae1-4d80-a40e-db4724271456/compound/b2fc9ff0-c0a0-43a5-ac14-88669f204a69/structure/beb98aec-e065-420c-8d42-46e63bef6412	Prothioconazole	C1=CC(=C(C=C1)Cl)CC(CN2C(=S)NC=N2)(C3(CC3)Cl)O		0		https://envipath.org/package/5882df9c-dae1-4d80-a40e-db4724271456/pathway/9cdcbb04-3b36-47b6-983d-ca4eff5ba223	Prothioconazole
https://envipath.org/package/5882df9c-dae1-4d80-a40e-db4724271456/compound/882b3daf-dad1-4ec1-90fb-8a4aeb4da598/structure/30b30ded-67f8-4ec9-86c9-c75151ded2c1	MB4 CGA363430	CC1=NNC(=O)N(C1=O)/N=C/C2=CNC(=O)C=C2		3	CC1=NNC(=O)N(C1O)/N=C/C2=CNC(=O)C=C2	https://envipath.org/package/5882df9c-dae1-4d80-a40e-db4724271456/pathway/bd9c2f0c-099f-416d-a8ea-7a2338edf17f	Pymetrozine
https://envipath.org/package/5882df9c-dae1-4d80-a40e-db4724271456/compound/39b21835-0911-4255-a929-890205daa305/structure/b0e1b8dc-a5a6-48e8-86cc-3e9f8a456c74	GS23199	CC1=NNC(=O)NC1=O		-99		https://envipath.org/package/5882df9c-dae1-4d80-a40e-db4724271456/pathway/bd9c2f0c-099f-416d-a8ea-7a2338edf17f	Pymetrozine
https://envipath.org/package/5882df9c-dae1-4d80-a40e-db4724271456/compound/be2dff39-a3b3-43c2-8fa1-a024ad811e3f/structure/7b3afb3f-8818-475a-9c44-8d9edd5ae323	CGA215525	CC1=NNC(=O)N(C1)N		1	CC1=NNC(=O)N(C1)/N=C/C2=CC=CN=C2	https://envipath.org/package/5882df9c-dae1-4d80-a40e-db4724271456/pathway/bd9c2f0c-099f-416d-a8ea-7a2338edf17f	Pymetrozine
https://envipath.org/package/5882df9c-dae1-4d80-a40e-db4724271456/compound/b12513a0-8df3-441b-bda1-f9e1519f3b8c/structure/ca4dd30f-d521-49c5-8005-33e805875833	Unknown AE-41  (tentatively identified as SYN505866)	C(=O)1NN=C(C)C(O)N1N		2	CC1=NNC(=O)N(C1O)/N=C/C2=CNC(=O)C=C2	https://envipath.org/package/5882df9c-dae1-4d80-a40e-db4724271456/pathway/bd9c2f0c-099f-416d-a8ea-7a2338edf17f	Pymetrozine
https://envipath.org/package/5882df9c-dae1-4d80-a40e-db4724271456/compound/dd4f67c2-c78c-49e8-9c75-a3003826493d/structure/559428ed-061f-4a1c-b0cd-7a0cbe377cdf	MB1 CGA359009	CC1=NNC(=O)N(C1O)/N=C/C2=CC=CN=C2		1	CC1=NNC(=O)N(C1)/N=C/C2=CC=CN=C2	https://envipath.org/package/5882df9c-dae1-4d80-a40e-db4724271456/pathway/bd9c2f0c-099f-416d-a8ea-7a2338edf17f	Pymetrozine
https://envipath.org/package/5882df9c-dae1-4d80-a40e-db4724271456/compound/36871123-196f-4536-8921-b544e257e53a/structure/5956b8eb-580d-4a51-904e-2f3ec39e5a47	M2 CGA294849	CC1=NNC(=O)N(C1=O)N		2	CC1=NNC(=O)N(C1O)/N=C/C2=CNC(=O)C=C2	https://envipath.org/package/5882df9c-dae1-4d80-a40e-db4724271456/pathway/bd9c2f0c-099f-416d-a8ea-7a2338edf17f	Pymetrozine
https://envipath.org/package/5882df9c-dae1-4d80-a40e-db4724271456/compound/2b17ac93-ee0c-4773-b4f4-3cdea66e3b68/structure/b4a72c22-cf05-4639-94a2-ee87dc38bfc9	M12 CGA323584, 6-methyl-4-[(pyridinylmethylene0-amino]-2H-(1,2,4-trizine-3,5(2H)-dione	CC1=NNC(=O)N(C1=O)/N=C/C2=CC=CN=C2		-99		https://envipath.org/package/5882df9c-dae1-4d80-a40e-db4724271456/pathway/bd9c2f0c-099f-416d-a8ea-7a2338edf17f	Pymetrozine
https://envipath.org/package/5882df9c-dae1-4d80-a40e-db4724271456/compound/d4e5da4f-5cfa-42d2-82b9-ca9d16f3f8c7/structure/4484538e-b647-4522-9e2a-898fbadcf8c6	MB5 CGA363431	CC1=NNC(=O)N(C1O)/N=C/C2=CNC(=O)C=C2		2	CC1=NNC(=O)N(C1)/N=C/C2=CNC(=O)C=C2	https://envipath.org/package/5882df9c-dae1-4d80-a40e-db4724271456/pathway/bd9c2f0c-099f-416d-a8ea-7a2338edf17f	Pymetrozine
https://envipath.org/package/5882df9c-dae1-4d80-a40e-db4724271456/compound/90902071-f930-443b-bff2-f65243e0b874/structure/d48a7027-421d-43e2-8f8e-78471bbfeeeb	CGA300407 MB 10	C1=CN=CC(=C1)C=O		1	CC1=NNC(=O)N(C1)/N=C/C2=CC=CN=C2	https://envipath.org/package/5882df9c-dae1-4d80-a40e-db4724271456/pathway/bd9c2f0c-099f-416d-a8ea-7a2338edf17f	Pymetrozine
https://envipath.org/package/5882df9c-dae1-4d80-a40e-db4724271456/compound/b2e802cb-8192-4ad7-bc9d-6d1425524470/structure/3e3ae98a-f8f9-4d09-bb1d-43c48f8e16ee	Pymetrozine	CC1=NNC(=O)N(C1)/N=C/C2=CC=CN=C2		0		https://envipath.org/package/5882df9c-dae1-4d80-a40e-db4724271456/pathway/bd9c2f0c-099f-416d-a8ea-7a2338edf17f	Pymetrozine
https://envipath.org/package/5882df9c-dae1-4d80-a40e-db4724271456/compound/b144199f-ddfa-4542-abae-8439cbd776ee/structure/51c9cde1-a380-4d94-a23b-57c4c4e95773	CGA255548	C1=C(C=NC(=C1)O)C=O		2	C1=CN=CC(=C1)C=O	https://envipath.org/package/5882df9c-dae1-4d80-a40e-db4724271456/pathway/bd9c2f0c-099f-416d-a8ea-7a2338edf17f	Pymetrozine
https://envipath.org/package/5882df9c-dae1-4d80-a40e-db4724271456/compound/184f36f3-e58d-47c9-aae5-674e9d413111/structure/017c172e-81b1-4570-a0d8-656c61a094a4	SYN510306	CC1=NNC(=O)N(C1)/N=C/C2=CNC(=O)C=C2		1	CC1=NNC(=O)N(C1)/N=C/C2=CC=CN=C2	https://envipath.org/package/5882df9c-dae1-4d80-a40e-db4724271456/pathway/bd9c2f0c-099f-416d-a8ea-7a2338edf17f	Pymetrozine
https://envipath.org/package/5882df9c-dae1-4d80-a40e-db4724271456/compound/fbbad823-acb3-463a-bd5e-fa57d0b4c0e6/structure/2537c529-0c5e-4714-8972-f8ba3e7ea416	CGA371075	CC1=NNC(=O)N(C)C1=O		3	CC1=NNC(=O)N(C1=O)N	https://envipath.org/package/5882df9c-dae1-4d80-a40e-db4724271456/pathway/bd9c2f0c-099f-416d-a8ea-7a2338edf17f	Pymetrozine
https://envipath.org/package/5882df9c-dae1-4d80-a40e-db4724271456/compound/39c3256a-e3f5-49ca-a9e2-1d94788dba42/structure/b9711859-1e0a-4720-93e3-98dbfc77580a	E-3	CN1C(=C(C(=N1)C2=C(C=C(C(=C2)OC)Cl)F)Cl)OC(F)F		2	CN1C(=C(C(=N1)C2=C(C=C(C(=C2)OCC(=O)O)Cl)F)Cl)OC(F)F	https://envipath.org/package/5882df9c-dae1-4d80-a40e-db4724271456/pathway/a0f93661-b7da-4b8c-8b7b-9e459dd5177d	Pyraflufen-ethyl
https://envipath.org/package/5882df9c-dae1-4d80-a40e-db4724271456/compound/33686264-5611-4da8-95ca-a9c636cd5a9e/structure/e2882822-9f1f-45fd-a579-7a0110e46ebc	E-1	CN1C(=C(C(=N1)C2=C(C=C(C(=C2)OCC(=O)O)Cl)F)Cl)OC(F)F		1	CCOC(=O)COC1=CC(=C(C=C1Cl)F)C2=NN(C)C(=C2Cl)OC(F)F	https://envipath.org/package/5882df9c-dae1-4d80-a40e-db4724271456/pathway/a0f93661-b7da-4b8c-8b7b-9e459dd5177d	Pyraflufen-ethyl
https://envipath.org/package/5882df9c-dae1-4d80-a40e-db4724271456/compound/177f82f9-33d2-4a5d-b560-3bd4abf445b6/structure/3abd28f3-1f06-431f-b1bd-4ac204d93a45	E-11	COC1=CC(=C(C=C1Cl)F)C2=NNC(=C2Cl)OC(F)F		3	CN1C(=C(C(=N1)C2=C(C=C(C(=C2)OC)Cl)F)Cl)OC(F)F	https://envipath.org/package/5882df9c-dae1-4d80-a40e-db4724271456/pathway/a0f93661-b7da-4b8c-8b7b-9e459dd5177d	Pyraflufen-ethyl
https://envipath.org/package/5882df9c-dae1-4d80-a40e-db4724271456/compound/b4c46253-81b9-472d-9fe9-00a75dedf6ee/structure/85cc4bd2-a85d-4f90-b62b-0cd6facf189b	E-2	CN1C(=C(C(=N1)C2=C(C=C(C(=C2)O)Cl)F)Cl)OC(F)F		2	CN1C(=C(C(=N1)C2=C(C=C(C(=C2)OCC(=O)O)Cl)F)Cl)OC(F)F	https://envipath.org/package/5882df9c-dae1-4d80-a40e-db4724271456/pathway/a0f93661-b7da-4b8c-8b7b-9e459dd5177d	Pyraflufen-ethyl
https://envipath.org/package/5882df9c-dae1-4d80-a40e-db4724271456/compound/801ef619-1062-474b-87c4-7aaa50b4a916/structure/692bd258-c330-42d8-bd95-5ef42828b826	E-9	C1=C(C(=CC(=C1C2=NNC(=C2Cl)OC(F)F)F)Cl)OCC(=O)O		2	CN1C(=C(C(=N1)C2=C(C=C(C(=C2)OCC(=O)O)Cl)F)Cl)OC(F)F	https://envipath.org/package/5882df9c-dae1-4d80-a40e-db4724271456/pathway/a0f93661-b7da-4b8c-8b7b-9e459dd5177d	Pyraflufen-ethyl
https://envipath.org/package/5882df9c-dae1-4d80-a40e-db4724271456/compound/e6c80725-1f0a-462c-b117-ca1be0f2d449/structure/dfc0b2c7-c3b3-4d45-941f-a9799fdcb239	Pyraflufen-ethyl	CCOC(=O)COC1=CC(=C(C=C1Cl)F)C2=NN(C)C(=C2Cl)OC(F)F		0		https://envipath.org/package/5882df9c-dae1-4d80-a40e-db4724271456/pathway/a0f93661-b7da-4b8c-8b7b-9e459dd5177d	Pyraflufen-ethyl
https://envipath.org/package/5882df9c-dae1-4d80-a40e-db4724271456/compound/960c40c7-910e-4d66-99e9-fd4a75968331/structure/10c9a13e-e1ac-485a-8f4d-b6285f08c3fa	Chrysanthemic acid	C/C(=C/[C@@H]1[C@@H](C(=O)O)C1(C)C)/C		1	C=C/C=C/CC1=C(C)[C@@H](CC1=O)OC(=O)[C@@H]2[C@@H](/C=C(/C)\C)C2(C)C	https://envipath.org/package/5882df9c-dae1-4d80-a40e-db4724271456/pathway/1f49363e-89a5-4755-a3ed-c01d5f86441b	Pyrethrin
https://envipath.org/package/5882df9c-dae1-4d80-a40e-db4724271456/compound/863c444a-6fe5-4041-bd29-62681fbb378e/structure/172aa063-249c-4a17-9006-add5aa228f44	Pyrethrin	C=C/C=C/CC1=C(C)[C@@H](CC1=O)OC(=O)[C@@H]2[C@@H](/C=C(/C)\C)C2(C)C		0		https://envipath.org/package/5882df9c-dae1-4d80-a40e-db4724271456/pathway/1f49363e-89a5-4755-a3ed-c01d5f86441b	Pyrethrin
https://envipath.org/package/5882df9c-dae1-4d80-a40e-db4724271456/compound/23d642db-ea4e-4ed3-bfcf-f5f4c19560e7/structure/71a4387e-630e-48bf-930a-45782a4db9ff	P-16	C1=NNC(=O)C(=C1S(=O)(=O)O)Cl		3	CC(C)(C)N1C(=O)C(=C(C=N1)S(=O)(=O)O)Cl	https://envipath.org/package/5882df9c-dae1-4d80-a40e-db4724271456/pathway/e9c22947-8b74-4ab2-bfc7-4d0b23e71cc3	Pyridaben
https://envipath.org/package/5882df9c-dae1-4d80-a40e-db4724271456/compound/f7ef0825-998d-417c-baa2-075ff336ecf2/structure/1659318b-0074-4075-8b1d-8f84d6a19b91	P-14	CC(C)(C)N1C(=O)C(=C(C=N1)S(=O)(=O)O)Cl		2	CC(C)(C)C1=CC=C(C=C1)CS(=O)C2=C(C(=O)N(C(C)(C)C)N=C2)Cl	https://envipath.org/package/5882df9c-dae1-4d80-a40e-db4724271456/pathway/e9c22947-8b74-4ab2-bfc7-4d0b23e71cc3	Pyridaben
https://envipath.org/package/5882df9c-dae1-4d80-a40e-db4724271456/compound/fbab95af-7e62-4581-9029-6e332cfaa112/structure/4994ce4f-513b-47bd-8a30-8b6ba450b621	PB-4	CC(C)(C)C1=CC=C(C=C1)CS(=O)C2=C(C(=O)N(C(C)(C)C)N=C2)Cl		1	CC(C)(C)C1=CC=C(C=C1)CSC2=C(C(=O)N(C(C)(C)C)N=C2)Cl	https://envipath.org/package/5882df9c-dae1-4d80-a40e-db4724271456/pathway/e9c22947-8b74-4ab2-bfc7-4d0b23e71cc3	Pyridaben
https://envipath.org/package/5882df9c-dae1-4d80-a40e-db4724271456/compound/fa451a55-14c8-4094-ada7-3d6c80d74a25/structure/11b9eb10-dba8-4df3-8bb8-21f00b1f46cc	Pyridaben	CC(C)(C)C1=CC=C(C=C1)CSC2=C(C(=O)N(C(C)(C)C)N=C2)Cl		0		https://envipath.org/package/5882df9c-dae1-4d80-a40e-db4724271456/pathway/e9c22947-8b74-4ab2-bfc7-4d0b23e71cc3	Pyridaben
https://envipath.org/package/5882df9c-dae1-4d80-a40e-db4724271456/compound/4384fa56-c8f4-4b68-8926-14e6135f871b/structure/4b3145af-9c3e-4874-b9e3-0a2704109adb	PB-22	CC(C)(C)C1=CC=C(C=C1)C(=O)C2=C(C=NN(C2=O)C(C)(C)C)S(=O)(=O)O		2	CC(C)(C)C1=CC=C(C=C1)CC2=C(C=NN(C2=O)C(C)(C)C)S(=O)(=O)O	https://envipath.org/package/5882df9c-dae1-4d80-a40e-db4724271456/pathway/e9c22947-8b74-4ab2-bfc7-4d0b23e71cc3	Pyridaben
https://envipath.org/package/5882df9c-dae1-4d80-a40e-db4724271456/compound/1570710d-3d71-4c3f-9d5e-177b6136877b/structure/a94fd0fd-897d-48d3-b956-741e26696230	PB-7	CC(C)(C)N1C(=O)C(=C(C=N1)SCC2=CC=C(C=C2)C(C)(C)C(=O)O)Cl		2	CC(C)(C)N1C(=O)C(=C(C=N1)SCC2=CC=C(C=C2)C(C)(C)CO)Cl	https://envipath.org/package/5882df9c-dae1-4d80-a40e-db4724271456/pathway/e9c22947-8b74-4ab2-bfc7-4d0b23e71cc3	Pyridaben
https://envipath.org/package/5882df9c-dae1-4d80-a40e-db4724271456/compound/739fd7ba-2f6b-4387-a3cd-7b003aad9fc9/structure/d5b24f3e-c228-461f-a17a-0d31b84d2fc4	PB-14	CC(C)(C)C1=CC=C(C=C1)CC2=C(C=NN(C2=O)C(C)(C)C)S(=O)(=O)O		1	CC(C)(C)C1=CC=C(C=C1)CSC2=C(C(=O)N(C(C)(C)C)N=C2)Cl	https://envipath.org/package/5882df9c-dae1-4d80-a40e-db4724271456/pathway/e9c22947-8b74-4ab2-bfc7-4d0b23e71cc3	Pyridaben
https://envipath.org/package/5882df9c-dae1-4d80-a40e-db4724271456/compound/270555f2-6f5a-4eb5-b2b6-20f497f4bfc6/structure/a349efc7-ed8c-4fde-a9fd-e01ce7719be4	PB-9	CC(C)(C)N1C(=O)C(=C(C=N1)SCC2=CC=C(C=C2)C(C)(C)CO)Cl		1	CC(C)(C)C1=CC=C(C=C1)CSC2=C(C(=O)N(C(C)(C)C)N=C2)Cl	https://envipath.org/package/5882df9c-dae1-4d80-a40e-db4724271456/pathway/e9c22947-8b74-4ab2-bfc7-4d0b23e71cc3	Pyridaben
https://envipath.org/package/5882df9c-dae1-4d80-a40e-db4724271456/compound/f28dbe6d-4b73-40ed-a514-0b2d055b6a50/structure/c62cb1c4-570b-478e-bd1e-451fcdfff759	1-octanol	CCCCCCCCO		3	CCCCCCCCS	https://envipath.org/package/5882df9c-dae1-4d80-a40e-db4724271456/pathway/b6603537-da7b-4217-a111-f3a32904d977	Pyridate
https://envipath.org/package/5882df9c-dae1-4d80-a40e-db4724271456/compound/100c0755-8c86-45db-9f50-2f994544063b/structure/c0e1c30d-b044-40f9-b442-a1a865a80a07	Octane	CCCCCCCC		3	CCCCCCCCS	https://envipath.org/package/5882df9c-dae1-4d80-a40e-db4724271456/pathway/b6603537-da7b-4217-a111-f3a32904d977	Pyridate
https://envipath.org/package/5882df9c-dae1-4d80-a40e-db4724271456/compound/1bbd1cad-af0a-43a3-8552-e3d3d329b8e0/structure/05d3eff3-ab01-4a69-a69d-883984c33548	Pyridate	CCCCCCCCSC(=O)OC1=CC(=NN=C1C2=CC=CC=C2)Cl		0		https://envipath.org/package/5882df9c-dae1-4d80-a40e-db4724271456/pathway/b6603537-da7b-4217-a111-f3a32904d977	Pyridate
https://envipath.org/package/5882df9c-dae1-4d80-a40e-db4724271456/compound/a115da49-26dd-4e44-8657-1ed29a23282e/structure/8f5257b9-8ef3-4093-be77-23346281b403	1-octanethiol	CCCCCCCCS		2	CCCCCCCCSC(=O)O	https://envipath.org/package/5882df9c-dae1-4d80-a40e-db4724271456/pathway/b6603537-da7b-4217-a111-f3a32904d977	Pyridate
https://envipath.org/package/5882df9c-dae1-4d80-a40e-db4724271456/compound/7623a8e3-3436-493a-ad6e-13af00ad46d8/structure/cd39088b-d7cd-43b2-8bf1-5493c5eee047	Caprylic acid	CCCCCCCC(=O)O		4	CCCCCCCCO	https://envipath.org/package/5882df9c-dae1-4d80-a40e-db4724271456/pathway/b6603537-da7b-4217-a111-f3a32904d977	Pyridate
https://envipath.org/package/5882df9c-dae1-4d80-a40e-db4724271456/compound/e12b47be-5432-4b8c-a953-fbad9c54d89a/structure/e003fdb5-5812-4c1b-872b-4cdbe1632eb0	Pyridafol (CL-9673)	C1=CC=C(C=C1)C2=NN=C(C=C2O)Cl		1	CCCCCCCCSC(=O)OC1=CC(=NN=C1C2=CC=CC=C2)Cl	https://envipath.org/package/5882df9c-dae1-4d80-a40e-db4724271456/pathway/b6603537-da7b-4217-a111-f3a32904d977	Pyridate
https://envipath.org/package/5882df9c-dae1-4d80-a40e-db4724271456/compound/5f6d08aa-a386-430c-84ac-7086c222d634/structure/e1b56014-b478-4a9e-a34a-a01a13ab8c98	S-octylthiocarbonate	CCCCCCCCSC(=O)O		1	CCCCCCCCSC(=O)OC1=CC(=NN=C1C2=CC=CC=C2)Cl	https://envipath.org/package/5882df9c-dae1-4d80-a40e-db4724271456/pathway/b6603537-da7b-4217-a111-f3a32904d977	Pyridate
https://envipath.org/package/5882df9c-dae1-4d80-a40e-db4724271456/compound/2ccf7cbb-10e4-4155-ba7f-c4dea36ea60b/structure/4ed696f7-4631-4833-8b6b-9f5ef5ba3e27	Pyridafol-O-methyl (CL-9869)	COC1=CC(=NN=C1C2=CC=CC=C2)Cl		2	C1=CC=C(C=C1)C2=NN=C(C=C2O)Cl	https://envipath.org/package/5882df9c-dae1-4d80-a40e-db4724271456/pathway/b6603537-da7b-4217-a111-f3a32904d977	Pyridate
https://envipath.org/package/5882df9c-dae1-4d80-a40e-db4724271456/compound/f0bd054e-fc55-454c-8610-ed612e192134/structure/49a87656-53f2-44c3-81b4-f92c638b0955	AZ196920	CC1=NC(=NC(=C1)C)NC2=C(C=CC=C2)[N+](=O)[O-]		1	CC1=NC(=NC(=C1)C)NC2=CC=CC=C2	https://envipath.org/package/5882df9c-dae1-4d80-a40e-db4724271456/pathway/457df7c4-d511-4d50-a434-e135344eebe8	Pyrimethanil
https://envipath.org/package/5882df9c-dae1-4d80-a40e-db4724271456/compound/4f50de82-a648-4a33-9c01-0a5c0449edad/structure/34135b9b-099d-4199-a2e4-20fa670cbe09	SN 603193	CC1=NC(=[N+](C(=C1)C)[O-])NC2=CC=CC=C2		1	CC1=NC(=NC(=C1)C)NC2=CC=CC=C2	https://envipath.org/package/5882df9c-dae1-4d80-a40e-db4724271456/pathway/457df7c4-d511-4d50-a434-e135344eebe8	Pyrimethanil
https://envipath.org/package/5882df9c-dae1-4d80-a40e-db4724271456/compound/29d14937-f1d2-43ba-beca-fc1df733c04c/structure/87389e83-16e2-48b1-8185-f150d11a0928	2-Amino-4,6-di-methylpyrimidine (SN512723)	CC1=NC(=NC(=C1)C)N		1	CC1=NC(=NC(=C1)C)NC2=CC=CC=C2	https://envipath.org/package/5882df9c-dae1-4d80-a40e-db4724271456/pathway/457df7c4-d511-4d50-a434-e135344eebe8	Pyrimethanil
https://envipath.org/package/5882df9c-dae1-4d80-a40e-db4724271456/compound/7850de68-9926-4edd-aa0d-9af93eaeb7e3/structure/ce7695ad-0be8-4818-ad8c-c39c6fdd7b53	Pyrimethanil (ZK 100 309)	CC1=NC(=NC(=C1)C)NC2=CC=CC=C2		0		https://envipath.org/package/5882df9c-dae1-4d80-a40e-db4724271456/pathway/457df7c4-d511-4d50-a434-e135344eebe8	Pyrimethanil
https://envipath.org/package/5882df9c-dae1-4d80-a40e-db4724271456/compound/a5da4976-eebe-4552-8877-a32734c1d35d/structure/12805e75-8190-487b-b40d-21c8d83b75c5	2-hydroxy-4,6-dimethylpyrimidine	CC1=NC(=NC(=C1)C)O		2	CC1=NC(=NC(=C1)C)N	https://envipath.org/package/5882df9c-dae1-4d80-a40e-db4724271456/pathway/457df7c4-d511-4d50-a434-e135344eebe8	Pyrimethanil
https://envipath.org/package/5882df9c-dae1-4d80-a40e-db4724271456/compound/4749b7c4-48e6-4243-abe7-e76f39c86b8e/structure/6f47abe2-76a0-46cc-8bf7-abb77d9423bc	SN 617916	CC1=NC(=NC(=C1)C)NC2=CC=C(C=C2)[N+](=O)[O-]		1	CC1=NC(=NC(=C1)C)NC2=CC=CC=C2	https://envipath.org/package/5882df9c-dae1-4d80-a40e-db4724271456/pathway/457df7c4-d511-4d50-a434-e135344eebe8	Pyrimethanil
https://envipath.org/package/5882df9c-dae1-4d80-a40e-db4724271456/compound/0f96a150-6d46-4cef-aabe-b202b412dce7/structure/f2b54458-b27f-45ab-990c-c6251edfef77	D-1 (3HDPM)	CC1=C(C(=O)C2=C(N=CC(=C2C)Cl)OC)C(=C(C(=C1)OC)O)OC		1	CC1=C(C(=O)C2=C(N=CC(=C2C)Cl)OC)C(=C(C(=C1)OC)OC)OC	https://envipath.org/package/5882df9c-dae1-4d80-a40e-db4724271456/pathway/bd0085ab-6818-4e28-aa64-5923cc1ead78	Pyriofenone
https://envipath.org/package/5882df9c-dae1-4d80-a40e-db4724271456/compound/ede3aa6c-3eee-47db-99c5-9bf0b17948be/structure/6f0109ee-2110-4e8d-b8f0-80e489b9583c	D-2 (4HDPM)	CC1=C(C(=O)C2=C(N=CC(=C2C)Cl)OC)C(=C(C(=C1)O)OC)OC		1	CC1=C(C(=O)C2=C(N=CC(=C2C)Cl)OC)C(=C(C(=C1)OC)OC)OC	https://envipath.org/package/5882df9c-dae1-4d80-a40e-db4724271456/pathway/bd0085ab-6818-4e28-aa64-5923cc1ead78	Pyriofenone
https://envipath.org/package/5882df9c-dae1-4d80-a40e-db4724271456/compound/07475b3b-5cd8-4b60-9e88-1bbd8e9959fa/structure/8ee96cf7-faeb-48ec-abcf-7554c61ae1c0	Pyriofenone (IKF 309)	CC1=C(C(=O)C2=C(N=CC(=C2C)Cl)OC)C(=C(C(=C1)OC)OC)OC		0		https://envipath.org/package/5882df9c-dae1-4d80-a40e-db4724271456/pathway/bd0085ab-6818-4e28-aa64-5923cc1ead78	Pyriofenone
https://envipath.org/package/5882df9c-dae1-4d80-a40e-db4724271456/compound/26b774f0-6963-4246-8143-bbeb7fada8a0/structure/3c755963-ad3f-404d-a94a-c5038449cd6a	D (2MDPM)	CC1=C(C(=O)C2=C(N=CC(=C2C)Cl)OC)C(=C(C(=C1)O)O)OC		2	CC1=C(C(=O)C2=C(N=CC(=C2C)Cl)OC)C(=C(C(=C1)OC)O)OC	https://envipath.org/package/5882df9c-dae1-4d80-a40e-db4724271456/pathway/bd0085ab-6818-4e28-aa64-5923cc1ead78	Pyriofenone
https://envipath.org/package/5882df9c-dae1-4d80-a40e-db4724271456/compound/925728f9-b3a8-40c8-a219-df7b3cc538ac/structure/acc7bd99-5ded-41ef-bad7-a87e471792e9	Pyriproxyfen	CC(COC1=CC=C(C=C1)OC2=CC=CC=C2)OC3=NC=CC=C3		0		https://envipath.org/package/5882df9c-dae1-4d80-a40e-db4724271456/pathway/bd604a5c-e043-4256-9b4d-228332d0740a	Pyriproxyfen
https://envipath.org/package/5882df9c-dae1-4d80-a40e-db4724271456/compound/eeaa5972-f00d-478f-8e18-e5541f98d368/structure/3ea266e8-085a-4c5e-8cf1-c3aece362f20	DPH-pyriproxyfen	CC(COC1=CC=C(C=C1)O)OC2=NC=CC=C2		1	CC(COC1=CC=C(C=C1)OC2=CC=CC=C2)OC3=NC=CC=C3	https://envipath.org/package/5882df9c-dae1-4d80-a40e-db4724271456/pathway/bd604a5c-e043-4256-9b4d-228332d0740a	Pyriproxyfen
https://envipath.org/package/5882df9c-dae1-4d80-a40e-db4724271456/compound/fb56845e-8e8c-43b2-ab0d-76c0220f5313/structure/afe472ba-3918-49bc-8fb3-257611d0fef2	2-OH-PY	C1=CC(=NC=C1)O		2	CC(CO)OC1=NC=CC=C1	https://envipath.org/package/5882df9c-dae1-4d80-a40e-db4724271456/pathway/bd604a5c-e043-4256-9b4d-228332d0740a	Pyriproxyfen
https://envipath.org/package/5882df9c-dae1-4d80-a40e-db4724271456/compound/b574d0f8-1f18-4011-94df-6f17af1aac2e/structure/da9692e6-4beb-401c-8630-4c38728ac4c7	PYPA	CC(CO)OC1=NC=CC=C1		1	CC(COC1=CC=C(C=C1)OC2=CC=CC=C2)OC3=NC=CC=C3	https://envipath.org/package/5882df9c-dae1-4d80-a40e-db4724271456/pathway/bd604a5c-e043-4256-9b4d-228332d0740a	Pyriproxyfen
https://envipath.org/package/5882df9c-dae1-4d80-a40e-db4724271456/compound/f6edf449-4fd2-41cd-8796-4729a1ef5a97/structure/17995e5f-fa87-4cdf-9bab-d01d2d786eeb	PYPAC	CC(CC(=O)O)OC1=NC=CC=C1		2	CC(CO)OC1=NC=CC=C1	https://envipath.org/package/5882df9c-dae1-4d80-a40e-db4724271456/pathway/bd604a5c-e043-4256-9b4d-228332d0740a	Pyriproxyfen
https://envipath.org/package/5882df9c-dae1-4d80-a40e-db4724271456/compound/c3e86e89-665c-4895-8064-62ecd3d63b40/structure/f59947b1-ad8f-45fa-87d9-708cc5bb44b9	4-OH-pyriproxyfen	CC(COC1=CC=C(C=C1)OC2=CC=C(C=C2)O)OC3=NC=CC=C3		1	CC(COC1=CC=C(C=C1)OC2=CC=CC=C2)OC3=NC=CC=C3	https://envipath.org/package/5882df9c-dae1-4d80-a40e-db4724271456/pathway/bd604a5c-e043-4256-9b4d-228332d0740a	Pyriproxyfen
https://envipath.org/package/5882df9c-dae1-4d80-a40e-db4724271456/compound/f651a4dd-d3f4-488b-8845-b9811e599899/structure/0194f0ab-27f3-4dc5-9a5e-c1e657764ec9	7-OH-XDE-742	COC1=NC2=NC(=NN2C(=C1)O)NS(=O)(=O)C3=C(N=CC=C3C(F)(F)F)OC		1	COC1=NC2=NC(=NN2C(=C1)OC)NS(=O)(=O)C3=C(N=CC=C3C(F)(F)F)OC	https://envipath.org/package/5882df9c-dae1-4d80-a40e-db4724271456/pathway/bde664b1-7c42-4722-9a7f-c8ff64261aed	Pyroxsulam
https://envipath.org/package/5882df9c-dae1-4d80-a40e-db4724271456/compound/40de0f72-90f4-4210-b105-7db9eef28a02/structure/3e627fdb-e123-40ff-8f00-3a90ef90463a	CSF	COC1=C(C(=CC=N1)C(F)(F)F)S(=O)(=O)NC#N		3	COC1=C(C(=CC=N1)C(F)(F)F)S(=O)(=O)NC2=NN3C(=CC(=NC3=N2)O)O	https://envipath.org/package/5882df9c-dae1-4d80-a40e-db4724271456/pathway/bde664b1-7c42-4722-9a7f-c8ff64261aed	Pyroxsulam
https://envipath.org/package/5882df9c-dae1-4d80-a40e-db4724271456/compound/5fb6d716-af9f-46bc-82e7-5a3c865fe9fb/structure/90a56f52-ae29-4370-913f-3c954c7f21e6	Pyroxsulam (XDE-742)	COC1=NC2=NC(=NN2C(=C1)OC)NS(=O)(=O)C3=C(N=CC=C3C(F)(F)F)OC		0		https://envipath.org/package/5882df9c-dae1-4d80-a40e-db4724271456/pathway/bde664b1-7c42-4722-9a7f-c8ff64261aed	Pyroxsulam
https://envipath.org/package/5882df9c-dae1-4d80-a40e-db4724271456/compound/c41ec850-1145-4c9f-84ff-2938871a0d5b/structure/b16792a1-cf92-4083-b9e7-c43a6158c21a	6-Cl-7-OH-XDE-742	COC1=NC2=NC(=NN2C(=C1Cl)O)NS(=O)(=O)C3=C(N=CC=C3C(F)(F)F)OC		2	COC1=NC2=NC(=NN2C(=C1)O)NS(=O)(=O)C3=C(N=CC=C3C(F)(F)F)OC	https://envipath.org/package/5882df9c-dae1-4d80-a40e-db4724271456/pathway/bde664b1-7c42-4722-9a7f-c8ff64261aed	Pyroxsulam
https://envipath.org/package/5882df9c-dae1-4d80-a40e-db4724271456/compound/2da8961f-691a-48a9-9bc3-f1e1ba63c913/structure/5264f5fa-2b47-4035-a4f5-27e1d253dce7	5-OH-XDE-742	COC1=CC(=NC2=NC(=NN12)NS(=O)(=O)C3=C(N=CC=C3C(F)(F)F)OC)O		1	COC1=NC2=NC(=NN2C(=C1)OC)NS(=O)(=O)C3=C(N=CC=C3C(F)(F)F)OC	https://envipath.org/package/5882df9c-dae1-4d80-a40e-db4724271456/pathway/bde664b1-7c42-4722-9a7f-c8ff64261aed	Pyroxsulam
https://envipath.org/package/5882df9c-dae1-4d80-a40e-db4724271456/compound/57a716d9-5fe0-41af-a7ed-4a444f9f1c42/structure/756a8fd8-a2f6-4c0b-927f-b70a87b0578c	5,7-di-OH-XDE-742	COC1=C(C(=CC=N1)C(F)(F)F)S(=O)(=O)NC2=NN3C(=CC(=NC3=N2)O)O		2	COC1=CC(=NC2=NC(=NN12)NS(=O)(=O)C3=C(N=CC=C3C(F)(F)F)OC)O	https://envipath.org/package/5882df9c-dae1-4d80-a40e-db4724271456/pathway/bde664b1-7c42-4722-9a7f-c8ff64261aed	Pyroxsulam
https://envipath.org/package/5882df9c-dae1-4d80-a40e-db4724271456/compound/9fe2253a-4d32-46d9-b43d-155ab12b120a/structure/82dac085-b349-4932-8206-a8b4ce19c63d	pyridine sulfonamide	COC1=C(C(=CC=N1)C(F)(F)F)S(=O)(=O)N		4	COC1=C(C(=CC=N1)C(F)(F)F)S(=O)(=O)NC#N	https://envipath.org/package/5882df9c-dae1-4d80-a40e-db4724271456/pathway/bde664b1-7c42-4722-9a7f-c8ff64261aed	Pyroxsulam
https://envipath.org/package/5882df9c-dae1-4d80-a40e-db4724271456/compound/c23d68c3-e012-4f3e-9f4b-d442c31f4425/structure/2d578d70-9005-438e-8e6a-a7bc5882ac04	PSA	COC1=C(C(=CC=N1)C(F)(F)F)S(=O)(=O)O		5	COC1=C(C(=CC=N1)C(F)(F)F)S(=O)(=O)N	https://envipath.org/package/5882df9c-dae1-4d80-a40e-db4724271456/pathway/bde664b1-7c42-4722-9a7f-c8ff64261aed	Pyroxsulam
https://envipath.org/package/5882df9c-dae1-4d80-a40e-db4724271456/compound/9d516225-6aed-4147-8274-486374ce8fa3/structure/c010165c-3f4c-4fc9-8ed9-625e1624cba6	Quinmerac	CC1=CC2=C(C(=C(C=C2)Cl)C(=O)O)N=C1		0		https://envipath.org/package/5882df9c-dae1-4d80-a40e-db4724271456/pathway/a034c98b-0ee3-494d-af5e-9a96666cec96	Quinmerac
https://envipath.org/package/5882df9c-dae1-4d80-a40e-db4724271456/compound/73018cfa-273e-47af-85a0-35679dcee950/structure/2d784303-dfb8-4124-9487-dd29bcce9a4d	BH 518-4	C1=CC(=C(C2=C1C=C(C=N2)CO)C(=O)O)Cl		1	CC1=CC2=C(C(=C(C=C2)Cl)C(=O)O)N=C1	https://envipath.org/package/5882df9c-dae1-4d80-a40e-db4724271456/pathway/a034c98b-0ee3-494d-af5e-9a96666cec96	Quinmerac
https://envipath.org/package/5882df9c-dae1-4d80-a40e-db4724271456/compound/35fb0e6c-4cce-4a9e-9dfb-f0d4e07c90f7/structure/3d336e27-fd42-417c-a535-ec99252ac38c	BH 518-2	C1=CC(=C(C2=NC=C(C=C12)C(=O)O)C(=O)O)Cl		2	C1=CC(=C(C2=C1C=C(C=N2)CO)C(=O)O)Cl	https://envipath.org/package/5882df9c-dae1-4d80-a40e-db4724271456/pathway/a034c98b-0ee3-494d-af5e-9a96666cec96	Quinmerac
https://envipath.org/package/5882df9c-dae1-4d80-a40e-db4724271456/compound/fbafd354-7a7b-4d2a-996f-73b2bcc88635/structure/bd03c2b7-f056-4af4-8723-f7c5ca583e09	BH 518-5	CC1=CC2=C(C(=C(C=C2)Cl)C(=O)O)N=C1O		1	CC1=CC2=C(C(=C(C=C2)Cl)C(=O)O)N=C1	https://envipath.org/package/5882df9c-dae1-4d80-a40e-db4724271456/pathway/a034c98b-0ee3-494d-af5e-9a96666cec96	Quinmerac
https://envipath.org/package/5882df9c-dae1-4d80-a40e-db4724271456/compound/7abdf20d-38f2-4da2-afbd-7d9efb028cb2/structure/89afed3f-e640-4815-a2a8-61166a534516	1,4-Dihydroxynaphthalene	C1=CC2=C(C=CC(=C2C=C1)O)O		3	C1=CC2=C(C=C1)C(=O)C=CC2=O	https://envipath.org/package/5882df9c-dae1-4d80-a40e-db4724271456/pathway/2adba0da-b143-4eb1-9a68-61d3f2025f27	Quinoclamine
https://envipath.org/package/5882df9c-dae1-4d80-a40e-db4724271456/compound/2d677e33-e568-41f4-9fe9-075586409fee/structure/cbb13cc2-c679-4404-af27-bb2dc3b50b6e	AHN	C1=CC2=C(C=C1)C(=O)C(=C(C2=O)Cl)O		1	C1=CC2=C(C=C1)C(=O)C(=C(C2=O)Cl)N	https://envipath.org/package/5882df9c-dae1-4d80-a40e-db4724271456/pathway/2adba0da-b143-4eb1-9a68-61d3f2025f27	Quinoclamine
https://envipath.org/package/5882df9c-dae1-4d80-a40e-db4724271456/compound/ad3dfdac-925a-4fb3-9263-35db0d050f76/structure/e4361c93-0fb8-4eb0-8236-510bab7cefa5	Quinoclamine	C1=CC2=C(C=C1)C(=O)C(=C(C2=O)Cl)N		0		https://envipath.org/package/5882df9c-dae1-4d80-a40e-db4724271456/pathway/2adba0da-b143-4eb1-9a68-61d3f2025f27	Quinoclamine
https://envipath.org/package/5882df9c-dae1-4d80-a40e-db4724271456/compound/52c2d3b7-d72f-41d1-b372-45d971a7154e/structure/65102e95-cd0b-47bd-b5b9-c6e918c78b11	NQ	C1=CC2=C(C=C1)C(=O)C=CC2=O		2	C1=CC2=C(C=C1)C(=O)C(=CC2=O)N	https://envipath.org/package/5882df9c-dae1-4d80-a40e-db4724271456/pathway/2adba0da-b143-4eb1-9a68-61d3f2025f27	Quinoclamine
https://envipath.org/package/5882df9c-dae1-4d80-a40e-db4724271456/compound/cffa0918-834e-4ac7-ac50-a13df4136666/structure/d46fed46-1158-4b4c-8d0b-1b60a0f46d9a	AN	C1=CC2=C(C=C1)C(=O)C(=CC2=O)N		2	C1=CC2=C(C=C1)C(=O)C(=C(C2=O)Cl)O	https://envipath.org/package/5882df9c-dae1-4d80-a40e-db4724271456/pathway/2adba0da-b143-4eb1-9a68-61d3f2025f27	Quinoclamine
https://envipath.org/package/5882df9c-dae1-4d80-a40e-db4724271456/compound/bcf0ddf5-49b6-412a-8ef2-25a5ff6ff057/structure/0bf19c82-70ca-4730-bcf7-ecf4150cb810	HN	C1=CC2=C(C=C1)C(=O)C(=CC2=O)O		1	C1=CC2=C(C=C1)C(=O)C(=C(C2=O)Cl)N	https://envipath.org/package/5882df9c-dae1-4d80-a40e-db4724271456/pathway/2adba0da-b143-4eb1-9a68-61d3f2025f27	Quinoclamine
https://envipath.org/package/5882df9c-dae1-4d80-a40e-db4724271456/compound/c435d98d-0a14-4ca5-aad4-6e1ae7cb39ff/structure/cf025481-e407-4735-9b1d-373f12e317ca	Propaquizafop acid (CGA 287422)	CC(C(=O)O)OC1=CC=C(C=C1)OC2=NC3=CC=C(C=C3N=C2)Cl		1	CCOC(=O)C(C)OC1=CC=C(C=C1)OC2=NC3=CC=C(C=C3N=C2)Cl	https://envipath.org/package/5882df9c-dae1-4d80-a40e-db4724271456/pathway/ba925dab-74ee-4348-a380-9a6e0a4adfd4	Quizalofop-P-ethyl
https://envipath.org/package/5882df9c-dae1-4d80-a40e-db4724271456/compound/43c016d3-4e2c-4ed7-95f6-fb55168b872d/structure/94c096ec-92b1-499e-a87d-e45747162554	Quizalofop-p-ethyl	CCOC(=O)C(C)OC1=CC=C(C=C1)OC2=NC3=CC=C(C=C3N=C2)Cl		0		https://envipath.org/package/5882df9c-dae1-4d80-a40e-db4724271456/pathway/ba925dab-74ee-4348-a380-9a6e0a4adfd4	Quizalofop-P-ethyl
https://envipath.org/package/5882df9c-dae1-4d80-a40e-db4724271456/compound/f3acd585-f567-4582-aa6c-546d9712bf8c/structure/d071b379-2a7b-440d-a417-b1666aa3cf76	3-OH-CQO	C1=CC2=C(C=C1Cl)N=C(C(=O)N2)O		2	C1=CC2=C(C=C1Cl)N=CC(=O)N2	https://envipath.org/package/5882df9c-dae1-4d80-a40e-db4724271456/pathway/ba925dab-74ee-4348-a380-9a6e0a4adfd4	Quizalofop-P-ethyl
https://envipath.org/package/5882df9c-dae1-4d80-a40e-db4724271456/compound/9745e831-96c5-4171-963d-cfb21e87299e/structure/7ffdc1d5-5768-4675-8214-fdaee08d8198	Quizalofop-p-ethyl (R+)isomer	CCOC(=O)[C@@H](C)OC1=CC=C(C=C1)OC2=NC3=CC=C(C=C3N=C2)Cl		0		https://envipath.org/package/5882df9c-dae1-4d80-a40e-db4724271456/pathway/ba925dab-74ee-4348-a380-9a6e0a4adfd4	Quizalofop-P-ethyl
https://envipath.org/package/5882df9c-dae1-4d80-a40e-db4724271456/compound/d9a34a78-ff86-469d-87ba-e6152f1b1c2e/structure/f7317912-5008-4389-8d74-3aced06fe65f	Compound 3 (R118106)	CC(C(=O)O)OC1=CC=C(C=C1)O		2	CC(C(=O)O)OC1=CC=C(C=C1)OC2=NC3=CC=C(C=C3N=C2O)Cl	https://envipath.org/package/5882df9c-dae1-4d80-a40e-db4724271456/pathway/ba925dab-74ee-4348-a380-9a6e0a4adfd4	Quizalofop-P-ethyl
https://envipath.org/package/5882df9c-dae1-4d80-a40e-db4724271456/compound/1831d884-f495-480c-9592-ea8559b241ee/structure/69dbc904-d5cc-43ad-843e-7f946a080d3e	Quizalofop-acid (R+)isomer	C[C@H](C(=O)O)OC1=CC=C(C=C1)OC2=NC3=CC=C(C=C3N=C2)Cl		1	CCOC(=O)[C@@H](C)OC1=CC=C(C=C1)OC2=NC3=CC=C(C=C3N=C2)Cl	https://envipath.org/package/5882df9c-dae1-4d80-a40e-db4724271456/pathway/ba925dab-74ee-4348-a380-9a6e0a4adfd4	Quizalofop-P-ethyl
https://envipath.org/package/5882df9c-dae1-4d80-a40e-db4724271456/compound/e3210e0e-2f7d-46b6-918b-c47d8761ce16/structure/b39ffa1e-0db7-4682-b47c-939ec1791911	Quizalofop-acid (S-)isomer	C[C@@H](C(=O)O)OC1=CC=C(C=C1)OC2=NC3=CC=C(C=C3N=C2)Cl		1	CCOC(=O)[C@H](C)OC1=CC=C(C=C1)OC2=NC3=CC=C(C=C3N=C2)Cl	https://envipath.org/package/5882df9c-dae1-4d80-a40e-db4724271456/pathway/ba925dab-74ee-4348-a380-9a6e0a4adfd4	Quizalofop-P-ethyl
https://envipath.org/package/5882df9c-dae1-4d80-a40e-db4724271456/compound/e30a9eeb-b02d-4b17-95d5-47c072b7705e/structure/28449de9-8e9e-41de-92f1-a34adf73c582	CQO	C1=CC2=C(C=C1Cl)N=CC(=O)N2		1	CCOC(=O)C(C)OC1=CC=C(C=C1)OC2=NC3=CC=C(C=C3N=C2)Cl	https://envipath.org/package/5882df9c-dae1-4d80-a40e-db4724271456/pathway/ba925dab-74ee-4348-a380-9a6e0a4adfd4	Quizalofop-P-ethyl
https://envipath.org/package/5882df9c-dae1-4d80-a40e-db4724271456/compound/6a7495eb-f692-4a45-b616-ac20286f8da0/structure/397fed0d-3a76-4e49-b37a-c437f8b02d5b	EPP	CCOC(=O)C(C)OC1=CC=C(C=C1)O		1	CCOC(=O)C(C)OC1=CC=C(C=C1)OC2=NC3=CC=C(C=C3N=C2)Cl	https://envipath.org/package/5882df9c-dae1-4d80-a40e-db4724271456/pathway/ba925dab-74ee-4348-a380-9a6e0a4adfd4	Quizalofop-P-ethyl
https://envipath.org/package/5882df9c-dae1-4d80-a40e-db4724271456/compound/e36d9e7a-8cc9-496f-ace2-e62aac45ed77/structure/500dab3e-ce7f-4453-8e99-90bbe2f1c35d	Quizalofop-p-ethyl (S-)isomer	CCOC(=O)[C@H](C)OC1=CC=C(C=C1)OC2=NC3=CC=C(C=C3N=C2)Cl		0		https://envipath.org/package/5882df9c-dae1-4d80-a40e-db4724271456/pathway/ba925dab-74ee-4348-a380-9a6e0a4adfd4	Quizalofop-P-ethyl
https://envipath.org/package/5882df9c-dae1-4d80-a40e-db4724271456/compound/c0829157-f3f8-42e7-a890-221d65e5e38e/structure/aca121d7-936a-4556-9009-fbac5e630b09	Hydroxy Propaquizafop acid (CGA 294972)	CC(C(=O)O)OC1=CC=C(C=C1)OC2=NC3=CC=C(C=C3N=C2O)Cl		2	CC(C(=O)O)OC1=CC=C(C=C1)OC2=NC3=CC=C(C=C3N=C2)Cl	https://envipath.org/package/5882df9c-dae1-4d80-a40e-db4724271456/pathway/ba925dab-74ee-4348-a380-9a6e0a4adfd4	Quizalofop-P-ethyl
https://envipath.org/package/5882df9c-dae1-4d80-a40e-db4724271456/compound/299b96b4-842a-4a1f-a3f6-0ddd5058f9c6/structure/7fbdc346-97a0-4b46-bcf5-5932bed01f35	Hydroxy ether (CGA 129674)	C1=C(C=C2C(=C1)N=C(C=N2)OC3=CC=C(C=C3)O)Cl		2	CC(C(=O)O)OC1=CC=C(C=C1)OC2=NC3=CC=C(C=C3N=C2)Cl	https://envipath.org/package/5882df9c-dae1-4d80-a40e-db4724271456/pathway/ba925dab-74ee-4348-a380-9a6e0a4adfd4	Quizalofop-P-ethyl
https://envipath.org/package/5882df9c-dae1-4d80-a40e-db4724271456/compound/b4a13761-23e6-4f6f-a545-e5ff1b935368/structure/3f6d778b-bfe6-4154-bfcb-d5c0b81daa3b	THFAC	C1CC(C(=O)O)OC1		2	C1CC(CO)OC1	https://envipath.org/package/5882df9c-dae1-4d80-a40e-db4724271456/pathway/646d805c-e1a6-4075-9860-2c37a3bbd5ce	Quizalofop-P-tefuryl
https://envipath.org/package/5882df9c-dae1-4d80-a40e-db4724271456/compound/c435d98d-0a14-4ca5-aad4-6e1ae7cb39ff/structure/cf025481-e407-4735-9b1d-373f12e317ca	Propaquizafop acid (CGA 287422)	CC(C(=O)O)OC1=CC=C(C=C1)OC2=NC3=CC=C(C=C3N=C2)Cl		1	CC(C(=O)OCC1CCCO1)OC2=CC=C(C=C2)OC3=NC4=CC=C(C=C4N=C3)Cl	https://envipath.org/package/5882df9c-dae1-4d80-a40e-db4724271456/pathway/646d805c-e1a6-4075-9860-2c37a3bbd5ce	Quizalofop-P-tefuryl
https://envipath.org/package/5882df9c-dae1-4d80-a40e-db4724271456/compound/de51003e-805c-4906-b693-884433138f17/structure/09e4560d-6fc6-451a-85c3-1716555c1ddc	Quizalofop-P-tefuryl	CC(C(=O)OCC1CCCO1)OC2=CC=C(C=C2)OC3=NC4=CC=C(C=C4N=C3)Cl		0		https://envipath.org/package/5882df9c-dae1-4d80-a40e-db4724271456/pathway/646d805c-e1a6-4075-9860-2c37a3bbd5ce	Quizalofop-P-tefuryl
https://envipath.org/package/5882df9c-dae1-4d80-a40e-db4724271456/compound/299b96b4-842a-4a1f-a3f6-0ddd5058f9c6/structure/7fbdc346-97a0-4b46-bcf5-5932bed01f35	Hydroxy ether (CGA 129674)	C1=C(C=C2C(=C1)N=C(C=N2)OC3=CC=C(C=C3)O)Cl		2	CC(C(=O)O)OC1=CC=C(C=C1)OC2=NC3=CC=C(C=C3N=C2)Cl	https://envipath.org/package/5882df9c-dae1-4d80-a40e-db4724271456/pathway/646d805c-e1a6-4075-9860-2c37a3bbd5ce	Quizalofop-P-tefuryl
https://envipath.org/package/5882df9c-dae1-4d80-a40e-db4724271456/compound/418eb1a8-b769-43c7-8cd2-edbe6297e81b/structure/b02e5c5c-b954-40ce-912f-10a1a3c5877e	Dihydroxy quinoxaline (CGA 294970)	C1=C(C=C2C(=C1)N=C(C(=N2)O)O)Cl		3	C1=C(C=C2C(=C1)N=C(C=N2)O)Cl	https://envipath.org/package/5882df9c-dae1-4d80-a40e-db4724271456/pathway/646d805c-e1a6-4075-9860-2c37a3bbd5ce	Quizalofop-P-tefuryl
https://envipath.org/package/5882df9c-dae1-4d80-a40e-db4724271456/compound/9e15179e-c527-4951-9c2e-371d24b3aab9/structure/c15b6a33-cdb1-4af9-a57c-a45b96667995	Hydroxy quinoxaline (CGA 290291)	C1=C(C=C2C(=C1)N=C(C=N2)O)Cl		3	C1=C(C=C2C(=C1)N=C(C=N2)OC3=CC=C(C=C3)O)Cl	https://envipath.org/package/5882df9c-dae1-4d80-a40e-db4724271456/pathway/646d805c-e1a6-4075-9860-2c37a3bbd5ce	Quizalofop-P-tefuryl
https://envipath.org/package/5882df9c-dae1-4d80-a40e-db4724271456/compound/c0829157-f3f8-42e7-a890-221d65e5e38e/structure/aca121d7-936a-4556-9009-fbac5e630b09	Hydroxy Propaquizafop acid (CGA 294972)	CC(C(=O)O)OC1=CC=C(C=C1)OC2=NC3=CC=C(C=C3N=C2O)Cl		2	CC(C(=O)O)OC1=CC=C(C=C1)OC2=NC3=CC=C(C=C3N=C2)Cl	https://envipath.org/package/5882df9c-dae1-4d80-a40e-db4724271456/pathway/646d805c-e1a6-4075-9860-2c37a3bbd5ce	Quizalofop-P-tefuryl
https://envipath.org/package/5882df9c-dae1-4d80-a40e-db4724271456/compound/4998d8a1-5988-4287-80ee-b3c37b61e6f5/structure/07c00e5d-fd6a-4117-aa8e-5f4b558035b5	THFA	C1CC(CO)OC1		1	CC(C(=O)OCC1CCCO1)OC2=CC=C(C=C2)OC3=NC4=CC=C(C=C4N=C3)Cl	https://envipath.org/package/5882df9c-dae1-4d80-a40e-db4724271456/pathway/646d805c-e1a6-4075-9860-2c37a3bbd5ce	Quizalofop-P-tefuryl
https://envipath.org/package/5882df9c-dae1-4d80-a40e-db4724271456/compound/c0fae385-4844-4700-ba7a-96b6726ed216/structure/11528c06-e8c8-4e9d-8fdb-5cd9154e1004	peak 4 (Neudosan)	CCCCCCCCCCCCCCCCCC(=O)O		0		https://envipath.org/package/5882df9c-dae1-4d80-a40e-db4724271456/pathway/acbc5e67-826b-45fc-8829-ff707ff71e26	Rapeseed oil
https://envipath.org/package/5882df9c-dae1-4d80-a40e-db4724271456/compound/d7542d89-2ab2-42a1-8189-56614de39020/structure/cccb33e6-fa45-4ef3-afa3-5446c9fb8cb3	Rapeseed oil (oleic acid)	CCCCCC/C=C/CCCCCCCC(=O)O		0		https://envipath.org/package/5882df9c-dae1-4d80-a40e-db4724271456/pathway/acbc5e67-826b-45fc-8829-ff707ff71e26	Rapeseed oil
https://envipath.org/package/5882df9c-dae1-4d80-a40e-db4724271456/compound/3dd6b0b4-80f7-44cd-aa27-4dbe1bf8e14f/structure/345f18c1-117b-47e6-8b0d-870d796acdd2	S12 (N-(4,6-dimethoxypyrimidin-2-yl)urea	COC1=NC(=NC(=C1)OC)NC(=O)N		1	CCS(=O)(=O)C1=CC=CN=C1S(=O)(=O)NC(=O)NC2=NC(=CC(=N2)OC)OC	https://envipath.org/package/5882df9c-dae1-4d80-a40e-db4724271456/pathway/9828d572-1c20-4403-ba9c-663d714d0ad2	Rimsulfuron
https://envipath.org/package/5882df9c-dae1-4d80-a40e-db4724271456/compound/f542ef25-5ee3-4d84-9708-ba5e355db16d/structure/30714124-b5b0-4dad-88a8-44dd685e33c1	IN-70942	CCS(=O)(=O)C1=CC=CN=C1NC2=NC(=CC(=N2)OC)OC		2	CCS(=O)(=O)C1=CC=CN=C1N(C(=O)N)C2=NC(=CC(=N2)OC)OC	https://envipath.org/package/5882df9c-dae1-4d80-a40e-db4724271456/pathway/9828d572-1c20-4403-ba9c-663d714d0ad2	Rimsulfuron
https://envipath.org/package/5882df9c-dae1-4d80-a40e-db4724271456/compound/733be12d-9385-4698-9a2e-21fbd52e3f7f/structure/61a4fe83-24da-4a22-922b-6d61c12e3b03	IN-E9260	CCS(=O)(=O)C1=CC=CN=C1S(=O)(=O)N		1	CCS(=O)(=O)C1=CC=CN=C1S(=O)(=O)NC(=O)NC2=NC(=CC(=N2)OC)OC	https://envipath.org/package/5882df9c-dae1-4d80-a40e-db4724271456/pathway/9828d572-1c20-4403-ba9c-663d714d0ad2	Rimsulfuron
https://envipath.org/package/5882df9c-dae1-4d80-a40e-db4724271456/compound/cf2d7142-4eca-4141-bd7e-988011086317/structure/79b8e4b3-cf41-46e5-943d-88dc0bc38ac7	IN-70941	CCS(=O)(=O)C1=CC=CN=C1N(C(=O)N)C2=NC(=CC(=N2)OC)OC		1	CCS(=O)(=O)C1=CC=CN=C1S(=O)(=O)NC(=O)NC2=NC(=CC(=N2)OC)OC	https://envipath.org/package/5882df9c-dae1-4d80-a40e-db4724271456/pathway/9828d572-1c20-4403-ba9c-663d714d0ad2	Rimsulfuron
https://envipath.org/package/5882df9c-dae1-4d80-a40e-db4724271456/compound/6358408d-2559-4ec1-ab03-3e83eeb5e54e/structure/46fd611f-3642-4579-b877-fb0497ef8b86	S13 (2-amino-4,6-dimethoxypyrimidine)	COC1=NC(=NC(=C1)OC)N		1	CCS(=O)(=O)C1=CC=CN=C1S(=O)(=O)NC(=O)NC2=NC(=CC(=N2)OC)OC	https://envipath.org/package/5882df9c-dae1-4d80-a40e-db4724271456/pathway/9828d572-1c20-4403-ba9c-663d714d0ad2	Rimsulfuron
https://envipath.org/package/5882df9c-dae1-4d80-a40e-db4724271456/compound/24ab294d-aabf-4299-93bf-a4141253fb80/structure/0e4cc25a-580a-4d90-8605-37559d5c7aca	Rimsulfuron	CCS(=O)(=O)C1=CC=CN=C1S(=O)(=O)NC(=O)NC2=NC(=CC(=N2)OC)OC		0		https://envipath.org/package/5882df9c-dae1-4d80-a40e-db4724271456/pathway/9828d572-1c20-4403-ba9c-663d714d0ad2	Rimsulfuron
https://envipath.org/package/5882df9c-dae1-4d80-a40e-db4724271456/compound/0cdaae61-3959-45c0-b5e2-e8a71807e31d/structure/cc06a3dd-88ba-465c-a826-36a2c91d3eae	Abscisic acid	C/C(=C\C(=O)O)/C=C/[C@@]1(C(=CC(=O)C[C@]1(C)C)C)O		0		https://envipath.org/package/5882df9c-dae1-4d80-a40e-db4724271456/pathway/b9ac5ef9-e581-4277-85db-e8ce5c3f52dd	S-Abscisic Acid
https://envipath.org/package/5882df9c-dae1-4d80-a40e-db4724271456/compound/d5a36bcd-ce6e-45d2-a614-d8314dff62e7/structure/48403561-ba58-4ae4-879f-bd057e395c7a	Dihydrophaseic Acid (DPA)	C/C(=C/C(=O)O)/C=C/[C@@]1([C@]2(C)C[C@@H](C[C@@]1(C)OC2)O)O		3	C/C(=C/C(=O)O)/C=C/[C@@]1([C@]2(C)CC(=O)C[C@@]1(C)OC2)O	https://envipath.org/package/5882df9c-dae1-4d80-a40e-db4724271456/pathway/b9ac5ef9-e581-4277-85db-e8ce5c3f52dd	S-Abscisic Acid
https://envipath.org/package/5882df9c-dae1-4d80-a40e-db4724271456/compound/dd388d37-4b27-48d5-8f75-3fb903cd0c46/structure/f13cd65c-9f9d-4bb0-98bb-d5b51fd57047	Phaseic Acid (PA)	C/C(=C/C(=O)O)/C=C/[C@@]1([C@]2(C)CC(=O)C[C@@]1(C)OC2)O		2	C/C(=C/C(=O)O)/C=C/[C@]1(C(=CC(=O)C[C@]1(C)CO)C)O	https://envipath.org/package/5882df9c-dae1-4d80-a40e-db4724271456/pathway/b9ac5ef9-e581-4277-85db-e8ce5c3f52dd	S-Abscisic Acid
https://envipath.org/package/5882df9c-dae1-4d80-a40e-db4724271456/compound/0b356231-fbd4-4640-bb86-5fc30a6ceac0/structure/6deee426-ffb6-4372-8226-d9e5e3703be3	8-Hydroxy ABA	C/C(=C/C(=O)O)/C=C/[C@]1(C(=CC(=O)C[C@]1(C)CO)C)O		1	C/C(=C\C(=O)O)/C=C/[C@@]1(C(=CC(=O)C[C@]1(C)C)C)O	https://envipath.org/package/5882df9c-dae1-4d80-a40e-db4724271456/pathway/b9ac5ef9-e581-4277-85db-e8ce5c3f52dd	S-Abscisic Acid
https://envipath.org/package/5882df9c-dae1-4d80-a40e-db4724271456/compound/7fca27e1-9c62-43ab-8d39-fcfcba42d827/structure/561d3acb-39cd-4524-aff8-509d10ae19d2	CSCC210616	CN1C=C(C(=N1)C(F)F)C(=O)N		1	CN1C=C(C(=N1)C(F)F)C(=O)NC2=C(C=CC=C2)C(CC(=O)C3CC3)O	https://envipath.org/package/5882df9c-dae1-4d80-a40e-db4724271456/pathway/b11b1c77-1c0e-4b3a-86f4-a450f7941c9b	Sedaxane
https://envipath.org/package/5882df9c-dae1-4d80-a40e-db4724271456/compound/fb86d4b0-b20c-4ccc-8fa3-a09606d9a167/structure/dc89006f-1b7d-4436-ae09-9cf2bb932206	Hydroxyl CSCD667584	C1=CC(=C(C=C1)NC(=O)C2=CNN=C2C(F)F)C3CC3C4CC4.[OH]		2	C1=CC(=C(C=C1)NC(=O)C2=CNN=C2C(F)F)C3CC3C4CC4	https://envipath.org/package/5882df9c-dae1-4d80-a40e-db4724271456/pathway/b11b1c77-1c0e-4b3a-86f4-a450f7941c9b	Sedaxane
https://envipath.org/package/5882df9c-dae1-4d80-a40e-db4724271456/compound/c3daaf8b-3dca-4913-876c-6f67cf860235/structure/2da919ce-9e88-4660-b8ac-a3f99d2f1eea	CSCD728931	CN1C=C(C(=N1)C(F)F)C(=O)NC2=C(C=CC=C2)C(CC(=O)C3CC3)O		1	CN1C=C(C(=N1)C(F)F)C(=O)NC2=C(C=CC=C2)C3CC3C4CC4	https://envipath.org/package/5882df9c-dae1-4d80-a40e-db4724271456/pathway/b11b1c77-1c0e-4b3a-86f4-a450f7941c9b	Sedaxane
https://envipath.org/package/5882df9c-dae1-4d80-a40e-db4724271456/compound/7c843230-ae22-4f4f-869f-345b2224b5d4/structure/421cb03b-9828-45ea-9f48-52db35824f58	CSAA798670	CN1C=C(C(=N1)C(F)F)C(=O)O		2	CN1C=C(C(=N1)C(F)F)C(=O)N	https://envipath.org/package/5882df9c-dae1-4d80-a40e-db4724271456/pathway/b11b1c77-1c0e-4b3a-86f4-a450f7941c9b	Sedaxane
https://envipath.org/package/5882df9c-dae1-4d80-a40e-db4724271456/compound/1a363656-1f85-4745-a052-d2b79df4268e/structure/bba88f59-1c4a-48f6-a260-85d8d71fb435	Sedaxane	CN1C=C(C(=N1)C(F)F)C(=O)NC2=C(C=CC=C2)C3CC3C4CC4		0		https://envipath.org/package/5882df9c-dae1-4d80-a40e-db4724271456/pathway/b11b1c77-1c0e-4b3a-86f4-a450f7941c9b	Sedaxane
https://envipath.org/package/5882df9c-dae1-4d80-a40e-db4724271456/compound/5bdeceab-a924-48b5-9023-558309cabaa2/structure/8b305eb1-c7b9-49e0-851f-4ccd0ed9161c	CSCD465008	C1=C(C(=NN1)C(F)F)C(=O)O		3	CN1C=C(C(=N1)C(F)F)C(=O)O	https://envipath.org/package/5882df9c-dae1-4d80-a40e-db4724271456/pathway/b11b1c77-1c0e-4b3a-86f4-a450f7941c9b	Sedaxane
https://envipath.org/package/5882df9c-dae1-4d80-a40e-db4724271456/compound/0938f212-7031-4c10-90ff-44f46b0dc95f/structure/02172fdb-dfcf-46a7-a3a6-b6af11c5e0cc	CSCD667584	C1=CC(=C(C=C1)NC(=O)C2=CNN=C2C(F)F)C3CC3C4CC4		1	CN1C=C(C(=N1)C(F)F)C(=O)NC2=C(C=CC=C2)C3CC3C4CC4	https://envipath.org/package/5882df9c-dae1-4d80-a40e-db4724271456/pathway/b11b1c77-1c0e-4b3a-86f4-a450f7941c9b	Sedaxane
https://envipath.org/package/5882df9c-dae1-4d80-a40e-db4724271456/compound/34e0f069-5d5a-475f-be64-d8d548ad311d/structure/e5a7c238-c5b8-4579-8d69-370fe9457ee3	Hydroxyl Sedaxane	CN1C=C(C(=N1)C(F)F)C(=O)NC2=C(C=CC=C2)C3CC3C4CC4.[OH]		1	CN1C=C(C(=N1)C(F)F)C(=O)NC2=C(C=CC=C2)C3CC3C4CC4	https://envipath.org/package/5882df9c-dae1-4d80-a40e-db4724271456/pathway/b11b1c77-1c0e-4b3a-86f4-a450f7941c9b	Sedaxane
https://envipath.org/package/5882df9c-dae1-4d80-a40e-db4724271456/compound/cae0f4ed-4ab5-41c1-a948-43ebf3ea3d43/structure/7ca91cdf-9a31-45f2-862e-70415b9d4b8a	Sintofen	COCCOC1=C2C(=CC=C1)N(C3=CC=C(C=C3)Cl)N=C(C2=O)C(=O)O		0		https://envipath.org/package/5882df9c-dae1-4d80-a40e-db4724271456/pathway/d398af51-02ce-47c8-9b46-e00962968193	Sintofen
https://envipath.org/package/5882df9c-dae1-4d80-a40e-db4724271456/compound/8797b51e-be83-48e1-82db-612c84006fdf/structure/940bfe36-513e-458e-b9cc-999b76b87d6f	Chloride	[Cl-]		2	Cl(=O)[O-]	https://envipath.org/package/5882df9c-dae1-4d80-a40e-db4724271456/pathway/fd5d1326-e2f3-490a-923e-f714456fa460	Sodium Chlorate
https://envipath.org/package/5882df9c-dae1-4d80-a40e-db4724271456/compound/0e54a0e2-7356-4ad2-970b-c2a5e39cb031/structure/d5fc9733-f16a-464a-9eba-4ca2b0778f7f	Sodium Chlorate	Cl(=O)(=O)[O-].[Na+]		0		https://envipath.org/package/5882df9c-dae1-4d80-a40e-db4724271456/pathway/fd5d1326-e2f3-490a-923e-f714456fa460	Sodium Chlorate
https://envipath.org/package/5882df9c-dae1-4d80-a40e-db4724271456/compound/9c957c66-da76-487f-96b8-5137c6c96209/structure/a323d68d-0803-4039-8ef7-87e0426afc90	Chlorite	Cl(=O)[O-]		1	Cl(=O)(=O)[O-].[Na+]	https://envipath.org/package/5882df9c-dae1-4d80-a40e-db4724271456/pathway/fd5d1326-e2f3-490a-923e-f714456fa460	Sodium Chlorate
https://envipath.org/package/5882df9c-dae1-4d80-a40e-db4724271456/compound/06cccfb4-9f0f-40e4-884e-af7517107733/structure/9a7b3f38-a7e9-4b4c-afa4-3eb9f60f0a13	Sodium 5-nitrocompounds	COC1=CC=C(C=C1[O-])[N+](=O)[O-].C1=C(C=CC(=C1)[O-])[N+](=O)[O-].C1=CC(=C(C=C1)[O-])[N+](=O)[O-].[Na+].[Na+].[Na+]		0		https://envipath.org/package/5882df9c-dae1-4d80-a40e-db4724271456/pathway/6d2c7328-9d94-4f08-88e3-db3996d43c64	Sodium Nitrocompounds
https://envipath.org/package/5882df9c-dae1-4d80-a40e-db4724271456/compound/52d5482d-f0b8-44cd-a131-f3f45083fdd3/structure/520751a9-04b1-4c2a-91ad-a1c169055949	o-NP	C1=CC(=C(C=C1)[O-])[N+](=O)[O-].[Na+]		0		https://envipath.org/package/5882df9c-dae1-4d80-a40e-db4724271456/pathway/6d2c7328-9d94-4f08-88e3-db3996d43c64	Sodium Nitrocompounds
https://envipath.org/package/5882df9c-dae1-4d80-a40e-db4724271456/compound/6d74a7a6-7937-4ec8-9d5c-ecac52babbf6/structure/74207bcb-cf2d-4a41-a974-391de29695c0	5-NG	COC1=CC=C(C=C1[O-])[N+](=O)[O-].[Na+]		0		https://envipath.org/package/5882df9c-dae1-4d80-a40e-db4724271456/pathway/6d2c7328-9d94-4f08-88e3-db3996d43c64	Sodium Nitrocompounds
https://envipath.org/package/5882df9c-dae1-4d80-a40e-db4724271456/compound/f3bf73c0-7123-4445-820c-f2fcc1a13744/structure/ac661ffb-8287-4b51-a1c0-194f726b9cc6	p-NP	C1=C(C=CC(=C1)[O-])[N+](=O)[O-].[Na+]		0		https://envipath.org/package/5882df9c-dae1-4d80-a40e-db4724271456/pathway/6d2c7328-9d94-4f08-88e3-db3996d43c64	Sodium Nitrocompounds
https://envipath.org/package/5882df9c-dae1-4d80-a40e-db4724271456/compound/335d0947-74fc-4ade-92f4-611f1ab9bf4a/structure/de86265e-5fbf-4026-9662-4438947bf7e2	N-demethyl-175-J	CC[C@H]1CCC[C@@H]([C@@H](C)C(=O)C2=C[C@@H]3[C@@H](CC[C@@H]4C[C@H](C[C@H]43)OC5[C@@H]([C@@H]([C@H]([C@H](C)O5)OC)OCC)OC)[C@@H]2CC(=O)O1)O[C@H]6CC[C@@H]([C@@H](C)O6)NC		1	CC[C@H]1CCC[C@@H]([C@@H](C)C(=O)C2=C[C@@H]3[C@@H](CC[C@@H]4C[C@H](C[C@H]43)OC5[C@@H]([C@@H]([C@H]([C@H](C)O5)OC)OCC)OC)[C@@H]2CC(=O)O1)O[C@H]6CC[C@@H]([C@@H](C)O6)N(C)C	https://envipath.org/package/5882df9c-dae1-4d80-a40e-db4724271456/pathway/0731e384-96c1-4ff7-98d2-f6b2bfd95835	Spinetoram
https://envipath.org/package/5882df9c-dae1-4d80-a40e-db4724271456/compound/666423eb-1d82-4aa3-9a1d-87184de82ac9/structure/137dbda6-b5d0-4f94-bcc8-bdd21ad56083	Spinetoram	CC[C@H]1CCC[C@@H]([C@@H](C)C(=O)C2=C[C@@H]3[C@@H](CC[C@@H]4C[C@H](C[C@H]43)OC5[C@@H]([C@@H]([C@H]([C@H](C)O5)OC)OCC)OC)[C@@H]2CC(=O)O1)O[C@H]6CC[C@@H]([C@@H](C)O6)N(C)C		0		https://envipath.org/package/5882df9c-dae1-4d80-a40e-db4724271456/pathway/0731e384-96c1-4ff7-98d2-f6b2bfd95835	Spinetoram
https://envipath.org/package/5882df9c-dae1-4d80-a40e-db4724271456/compound/1d87bb45-e38f-41f5-bea3-51707c6e738a/structure/f0ac328f-cbef-4c99-b94f-4794b842b7fd	XDE-175-L	CC[C@H]1CCC[C@@H]([C@@H](C)C(=O)C2=C[C@@H]3[C@@H](C=C(C)[C@@H]4C[C@H](C[C@H]43)OC5[C@@H]([C@@H]([C@H]([C@H](C)O5)OC)OCC)OC)[C@@H]2CC(=O)O1)O[C@H]6CC[C@@H]([C@@H](C)O6)N(C)C		0		https://envipath.org/package/5882df9c-dae1-4d80-a40e-db4724271456/pathway/0731e384-96c1-4ff7-98d2-f6b2bfd95835	Spinetoram
https://envipath.org/package/5882df9c-dae1-4d80-a40e-db4724271456/compound/6c31b5c2-7d04-47d3-88bc-e11d52e4d3d1/structure/409ce55b-d35f-44aa-a4aa-3f0f87d438dd	N-succinyl-175-L	CC[C@H]1CCC[C@@H]([C@@H](C)C(=O)C2=C[C@@H]3[C@@H](C=C(C)[C@@H]4C[C@H](C[C@H]43)OC5[C@@H]([C@@H]([C@H]([C@H](C)O5)OC)OCC)OC)[C@@H]2CC(=O)O1)O[C@H]6CC[C@@H]([C@@H](C)O6)N(C)C(=O)CCC(=O)O		2	CC[C@H]1CCC[C@@H]([C@@H](C)C(=O)C2=C[C@@H]3[C@@H](C=C(C)[C@@H]4C[C@H](C[C@H]43)OC5[C@@H]([C@@H]([C@H]([C@H](C)O5)OC)OCC)OC)[C@@H]2CC(=O)O1)O[C@H]6CC[C@@H]([C@@H](C)O6)NC	https://envipath.org/package/5882df9c-dae1-4d80-a40e-db4724271456/pathway/0731e384-96c1-4ff7-98d2-f6b2bfd95835	Spinetoram
https://envipath.org/package/5882df9c-dae1-4d80-a40e-db4724271456/compound/e0035203-0630-485f-bcfc-93e965ef0630/structure/176dae61-f1b7-4421-8413-e4e4c731f67c	N-demethyl-175-L	CC[C@H]1CCC[C@@H]([C@@H](C)C(=O)C2=C[C@@H]3[C@@H](C=C(C)[C@@H]4C[C@H](C[C@H]43)OC5[C@@H]([C@@H]([C@H]([C@H](C)O5)OC)OCC)OC)[C@@H]2CC(=O)O1)O[C@H]6CC[C@@H]([C@@H](C)O6)NC		1	CC[C@H]1CCC[C@@H]([C@@H](C)C(=O)C2=C[C@@H]3[C@@H](C=C(C)[C@@H]4C[C@H](C[C@H]43)OC5[C@@H]([C@@H]([C@H]([C@H](C)O5)OC)OCC)OC)[C@@H]2CC(=O)O1)O[C@H]6CC[C@@H]([C@@H](C)O6)N(C)C	https://envipath.org/package/5882df9c-dae1-4d80-a40e-db4724271456/pathway/0731e384-96c1-4ff7-98d2-f6b2bfd95835	Spinetoram
https://envipath.org/package/5882df9c-dae1-4d80-a40e-db4724271456/compound/837796ad-36e4-4b3b-b875-296e8a89f396/structure/3b5ce519-20d8-48a4-a3c6-581cd7d03b8e	N-demethyl-N-nitroso-175-L	CC[C@H]1CCC[C@@H]([C@@H](C)C(=O)C2=C[C@@H]3[C@@H](C=C(C)[C@@H]4C[C@H](C[C@H]43)OC5[C@@H]([C@@H]([C@H]([C@H](C)O5)OC)OCC)OC)[C@@H]2CC(=O)O1)O[C@H]6CC[C@@H]([C@@H](C)O6)N=O		2	CC[C@H]1CCC[C@@H]([C@@H](C)C(=O)C2=C[C@@H]3[C@@H](C=C(C)[C@@H]4C[C@H](C[C@H]43)OC5[C@@H]([C@@H]([C@H]([C@H](C)O5)OC)OCC)OC)[C@@H]2CC(=O)O1)O[C@H]6CC[C@@H]([C@@H](C)O6)NC	https://envipath.org/package/5882df9c-dae1-4d80-a40e-db4724271456/pathway/0731e384-96c1-4ff7-98d2-f6b2bfd95835	Spinetoram
https://envipath.org/package/5882df9c-dae1-4d80-a40e-db4724271456/compound/79f4454c-b7cf-4621-a883-b11a46de7bfa/structure/82ef571e-33b7-4568-af51-8aec71d0ebdf	N-demethyl-N-nitroso-175-J	CC[C@H]1CCC[C@@H]([C@@H](C)C(=O)C2=C[C@@H]3[C@@H](CC[C@@H]4C[C@H](C[C@H]43)OC5[C@@H]([C@@H]([C@H]([C@H](C)O5)OC)OCC)OC)[C@@H]2CC(=O)O1)O[C@H]6CC[C@@H]([C@@H](C)O6)N=O		2	CC[C@H]1CCC[C@@H]([C@@H](C)C(=O)C2=C[C@@H]3[C@@H](CC[C@@H]4C[C@H](C[C@H]43)OC5[C@@H]([C@@H]([C@H]([C@H](C)O5)OC)OCC)OC)[C@@H]2CC(=O)O1)O[C@H]6CC[C@@H]([C@@H](C)O6)NC	https://envipath.org/package/5882df9c-dae1-4d80-a40e-db4724271456/pathway/0731e384-96c1-4ff7-98d2-f6b2bfd95835	Spinetoram
https://envipath.org/package/5882df9c-dae1-4d80-a40e-db4724271456/compound/e1afd70b-6eed-4d1c-832e-5f4e4d063abc/structure/5871d1a5-c15e-4c78-9ad0-6cad8e60ab5c	N-succinyl J	CC[C@H]1CCC[C@@H]([C@@H](C)C(=O)C2=C[C@@H]3[C@@H](CC[C@@H]4C[C@H](C[C@H]43)OC5[C@@H]([C@@H]([C@H]([C@H](C)O5)OC)OCC)OC)[C@@H]2CC(=O)O1)O[C@H]6CC[C@@H]([C@@H](C)O6)N(C)C(=O)CCC(=O)O		2	CC[C@H]1CCC[C@@H]([C@@H](C)C(=O)C2=C[C@@H]3[C@@H](CC[C@@H]4C[C@H](C[C@H]43)OC5[C@@H]([C@@H]([C@H]([C@H](C)O5)OC)OCC)OC)[C@@H]2CC(=O)O1)O[C@H]6CC[C@@H]([C@@H](C)O6)NC	https://envipath.org/package/5882df9c-dae1-4d80-a40e-db4724271456/pathway/0731e384-96c1-4ff7-98d2-f6b2bfd95835	Spinetoram
https://envipath.org/package/5882df9c-dae1-4d80-a40e-db4724271456/compound/b0b21be0-5080-4e90-92ad-d076a1f087c5/structure/9bdd3ff1-11a5-4257-bb45-fcb7b2414a5e	Spirodiclofen	CCC(C)(C)C(=O)OC1=C(C2=CC(=CC(=C2)Cl)Cl)C(=O)OC31CCCCC3		0		https://envipath.org/package/5882df9c-dae1-4d80-a40e-db4724271456/pathway/6cadf37d-0fd9-4109-a32b-287df13999a4	Spirodiclofen
https://envipath.org/package/5882df9c-dae1-4d80-a40e-db4724271456/compound/9ed33fb9-83b0-47c3-9be9-a7e8bdf322a3/structure/1388be4f-2a4d-417b-8b9e-c2673b27d951	BAJ 2740-dihydroxy	C1CCC2(CC1)C(C(C3=CC(=CC(=C3)Cl)Cl)(C(=O)O2)O)O		3	C1CCC2(CC1)C(=O)C(C3=CC(=CC(=C3)Cl)Cl)(C(=O)O2)O	https://envipath.org/package/5882df9c-dae1-4d80-a40e-db4724271456/pathway/6cadf37d-0fd9-4109-a32b-287df13999a4	Spirodiclofen
https://envipath.org/package/5882df9c-dae1-4d80-a40e-db4724271456/compound/7c94f490-ed9b-4738-8ebf-0980559a7def/structure/55466211-c303-46d3-bc7d-03222aa67341	BAJ 2740-enol	C1CCC2(CC1)C(=C(C3=CC(=CC(=C3)Cl)Cl)C(=O)O2)O		1	CCC(C)(C)C(=O)OC1=C(C2=CC(=CC(=C2)Cl)Cl)C(=O)OC31CCCCC3	https://envipath.org/package/5882df9c-dae1-4d80-a40e-db4724271456/pathway/6cadf37d-0fd9-4109-a32b-287df13999a4	Spirodiclofen
https://envipath.org/package/5882df9c-dae1-4d80-a40e-db4724271456/compound/7e94319d-ecb2-4e1e-92de-58a924fdb6c7/structure/ca0ab2ca-e014-475f-ab83-0161441e8d1e	BAJ 2740-lactide	C1CCC2(CC1)C(=O)OC(C3=CC(=CC(=C3)Cl)Cl)C(=O)O2		3	C1CCC2(CC1)C(=O)C(C3=CC(=CC(=C3)Cl)Cl)(C(=O)O2)O	https://envipath.org/package/5882df9c-dae1-4d80-a40e-db4724271456/pathway/6cadf37d-0fd9-4109-a32b-287df13999a4	Spirodiclofen
https://envipath.org/package/5882df9c-dae1-4d80-a40e-db4724271456/compound/79c84ed7-fff5-45cf-bba2-7403eccf4d34/structure/3c1f27f3-691b-421e-9a2e-d3522e796637	2,4-dichlorobenzoic acid	C1=C(C=C(C(=C1)C(=O)O)Cl)Cl		3	C1CCC2(CC1)C(=O)C(C3=CC(=CC(=C3)Cl)Cl)(C(=O)O2)O	https://envipath.org/package/5882df9c-dae1-4d80-a40e-db4724271456/pathway/6cadf37d-0fd9-4109-a32b-287df13999a4	Spirodiclofen
https://envipath.org/package/5882df9c-dae1-4d80-a40e-db4724271456/compound/fd70272b-4cc6-4867-9a89-dae193dba4b2/structure/2efc0448-1d9c-4743-84a1-5a86315ab973	BAJ 2740-ketohydroxy	C1CCC2(CC1)C(=O)C(C3=CC(=CC(=C3)Cl)Cl)(C(=O)O2)O		2	C1CCC2(CC1)C(=C(C3=CC(=CC(=C3)Cl)Cl)C(=O)O2)O	https://envipath.org/package/5882df9c-dae1-4d80-a40e-db4724271456/pathway/6cadf37d-0fd9-4109-a32b-287df13999a4	Spirodiclofen
https://envipath.org/package/5882df9c-dae1-4d80-a40e-db4724271456/compound/4a6e601e-f67f-42b3-a990-ec990c46d9a3/structure/bccab286-cb66-4d7d-9ced-58a3562f165f	[M19]	CC1=CC(=C(C(=C1)C)C(=O)C(=O)O)C		3	CC1=CC(=C(C(=C1)C)C(=O)C(=O)OC2(CCCC2)C(=O)O)C	https://envipath.org/package/5882df9c-dae1-4d80-a40e-db4724271456/pathway/f0869140-49a9-4d6a-9154-4b6fa2bb31b6	Spiromesifen
https://envipath.org/package/5882df9c-dae1-4d80-a40e-db4724271456/compound/7fb6989a-b134-4817-af84-4e95f1ca00f5/structure/a1d36152-34f5-4838-929f-b6754cf0da18	M11	CC1=CC(=C(C(=C1)C)C2=C(C3(CCCC3)OC2=O)O)CO		2	CC1=CC(=C(C(=C1)C)C2=C(C3(CCCC3)OC2=O)O)C	https://envipath.org/package/5882df9c-dae1-4d80-a40e-db4724271456/pathway/f0869140-49a9-4d6a-9154-4b6fa2bb31b6	Spiromesifen
https://envipath.org/package/5882df9c-dae1-4d80-a40e-db4724271456/compound/e0f307ae-0b4f-40ce-bdc8-8bf5e6647b2b/structure/72ae8eed-8d64-4fd9-aad4-fe00b2666ec3	M09 	CC1=CC(=CC(=C1C2=C(C3(CCCC3)OC2=O)O)C)C(=O)O		2	CC1=CC(=C(C(=C1)C)C2=C(C3(CCCC3)OC2=O)O)C	https://envipath.org/package/5882df9c-dae1-4d80-a40e-db4724271456/pathway/f0869140-49a9-4d6a-9154-4b6fa2bb31b6	Spiromesifen
https://envipath.org/package/5882df9c-dae1-4d80-a40e-db4724271456/compound/6296826f-286a-4696-ba5e-86afc7643f78/structure/28dbe9ae-2ce1-4ed4-a56b-36a97f418c43	M15	CC1=CC(=C(C(=C1)C)C2=C(C3(CCC(C3)O)OC2=O)O)C		2	CC1=CC(=C(C(=C1)C)C2=C(C3(CCCC3)OC2=O)O)C	https://envipath.org/package/5882df9c-dae1-4d80-a40e-db4724271456/pathway/f0869140-49a9-4d6a-9154-4b6fa2bb31b6	Spiromesifen
https://envipath.org/package/5882df9c-dae1-4d80-a40e-db4724271456/compound/514b2195-b48b-413b-b387-b7e701220c2a/structure/35a2595b-c825-415d-ae69-4ba194ca6042	M08	CC1=CC(=C(C(=C1)C)C2=C(C3(CCC(=O)C3)OC2=O)O)C		3	CC1=CC(=C(C(=C1)C)C2=C(C3(CCC(C3)O)OC2=O)O)C	https://envipath.org/package/5882df9c-dae1-4d80-a40e-db4724271456/pathway/f0869140-49a9-4d6a-9154-4b6fa2bb31b6	Spiromesifen
https://envipath.org/package/5882df9c-dae1-4d80-a40e-db4724271456/compound/0a9587f4-8d12-4b75-96a8-a22cc53ffd8a/structure/e88e5814-8b9e-47c5-9c6d-a82e989ebae0	Spiromesifen	CC1=CC(=C(C(=C1)C)C2=C(C3(CCCC3)OC2=O)OC(=O)CC(C)(C)C)C		0		https://envipath.org/package/5882df9c-dae1-4d80-a40e-db4724271456/pathway/f0869140-49a9-4d6a-9154-4b6fa2bb31b6	Spiromesifen
https://envipath.org/package/5882df9c-dae1-4d80-a40e-db4724271456/compound/6b03956a-6c73-498d-ae22-03bb7ea5e34c/structure/2505cbe8-5bca-47ef-9bff-90eefaf30b76	[M18]	CC1=CC(=C(C(=C1)C)C(=O)C(=O)OC2(CCCC2)C(=O)O)C		2	CC1=CC(=C(C(=C1)C)C2=C(C3(CCCC3)OC2=O)O)C	https://envipath.org/package/5882df9c-dae1-4d80-a40e-db4724271456/pathway/f0869140-49a9-4d6a-9154-4b6fa2bb31b6	Spiromesifen
https://envipath.org/package/5882df9c-dae1-4d80-a40e-db4724271456/compound/cf517e01-a166-431d-80f4-5ce652b0c3b7/structure/b3bcdfad-6559-4b04-ae09-4c28e30ae172	M01 (Spiromesifen-enol)	CC1=CC(=C(C(=C1)C)C2=C(C3(CCCC3)OC2=O)O)C		1	CC1=CC(=C(C(=C1)C)C2=C(C3(CCCC3)OC2=O)OC(=O)CC(C)(C)C)C	https://envipath.org/package/5882df9c-dae1-4d80-a40e-db4724271456/pathway/f0869140-49a9-4d6a-9154-4b6fa2bb31b6	Spiromesifen
https://envipath.org/package/5882df9c-dae1-4d80-a40e-db4724271456/compound/9bad4dbc-899e-4d46-b813-387c52af61fe/structure/b4b04e01-1dd8-479f-8ad7-0d1774d2c322	Spirotetramat-oxo-enol	CC1=CC(=C(C)C=C1)C2=C(C3(CCC(=O)CC3)NC2=O)O		3	CC1=CC(=C(C)C=C1)C2=C([C@]3(CC[C@@H](CC3)O)NC2=O)O	https://envipath.org/package/5882df9c-dae1-4d80-a40e-db4724271456/pathway/6ccf0dec-dc09-4684-b8a1-b41524544258	Spirotetramat
https://envipath.org/package/5882df9c-dae1-4d80-a40e-db4724271456/compound/561c0b08-e6ce-4789-a4e7-8565468b88ba/structure/c7729110-77df-4fba-a5e8-091357745981	Spirotetramat Ketohydroxy-carboxy	CC1=CC=C(C(=C1)C2(C(=O)[C@]3(CC[C@@H](CC3)OC)NC2=O)O)C(=O)O		3	CC1=CC=C(C)C(=C1)C2(C(=O)[C@]3(CC[C@@H](CC3)OC)NC2=O)O	https://envipath.org/package/5882df9c-dae1-4d80-a40e-db4724271456/pathway/6ccf0dec-dc09-4684-b8a1-b41524544258	Spirotetramat
https://envipath.org/package/5882df9c-dae1-4d80-a40e-db4724271456/compound/3747167f-72a4-44a2-b232-32736186028d/structure/2daaefc7-33c3-4d91-8375-6fe7633bead5	Spirodetramat-desmethyl-enol	CC1=CC(=C(C)C=C1)C2=C([C@]3(CC[C@@H](CC3)O)NC2=O)O		2	CC1=CC(=C(C)C=C1)C2=C([C@]3(CC[C@@H](CC3)OC)NC2=O)O	https://envipath.org/package/5882df9c-dae1-4d80-a40e-db4724271456/pathway/6ccf0dec-dc09-4684-b8a1-b41524544258	Spirotetramat
https://envipath.org/package/5882df9c-dae1-4d80-a40e-db4724271456/compound/0c5af541-9ea9-43ab-8727-0c371863974b/structure/7d33d3af-69d6-4df3-92e4-1282f9ec35c8	Spirotetramat Ketohydroxy	CC1=CC=C(C)C(=C1)C2(C(=O)[C@]3(CC[C@@H](CC3)OC)NC2=O)O		2	CC1=CC(=C(C)C=C1)C2=C([C@]3(CC[C@@H](CC3)OC)NC2=O)O	https://envipath.org/package/5882df9c-dae1-4d80-a40e-db4724271456/pathway/6ccf0dec-dc09-4684-b8a1-b41524544258	Spirotetramat
https://envipath.org/package/5882df9c-dae1-4d80-a40e-db4724271456/compound/a869ea21-1ec7-4514-8efa-545ad2279800/structure/305d371d-1978-40f9-9cd8-efbb0c38f86c	Spirotetramat Enol-dimer 1	CC1=CC(=C(C)C=C1)C2=C([C@]3(CC[C@@H](CC3)OC)NC2=O)OC4=C(C5=C(C)C=CC(=C5)C)C(=O)N[C@]64CC[C@@H](CC6)OC		2	CC1=CC(=C(C)C=C1)C2=C([C@]3(CC[C@@H](CC3)OC)NC2=O)O	https://envipath.org/package/5882df9c-dae1-4d80-a40e-db4724271456/pathway/6ccf0dec-dc09-4684-b8a1-b41524544258	Spirotetramat
https://envipath.org/package/5882df9c-dae1-4d80-a40e-db4724271456/compound/c3c052a7-9b0c-4a4d-ba1c-8faa3c739e7c/structure/e0bbb39c-9ac8-469e-8611-f081465401f2	Spirotetramat	CCOC(=O)OC1=C(C2=C(C)C=CC(=C2)C)C(=O)N[C@]31CC[C@@H](CC3)OC		0		https://envipath.org/package/5882df9c-dae1-4d80-a40e-db4724271456/pathway/6ccf0dec-dc09-4684-b8a1-b41524544258	Spirotetramat
https://envipath.org/package/5882df9c-dae1-4d80-a40e-db4724271456/compound/b0a76a21-c412-414c-842c-b5cbaab9a216/structure/17447a8f-6a52-40a1-ab17-0fae06dfda83	[Spirodetramat-desmethyl-ketoxyhydroxy]	CC1=CC=C(C)C(=C1)C2(C([C@@]3(CCC(CC3)O)NC2=O)O)O		3	CC1=CC=C(C)C(=C1)C2(C(=O)[C@]3(CC[C@@H](CC3)OC)NC2=O)O	https://envipath.org/package/5882df9c-dae1-4d80-a40e-db4724271456/pathway/6ccf0dec-dc09-4684-b8a1-b41524544258	Spirotetramat
https://envipath.org/package/5882df9c-dae1-4d80-a40e-db4724271456/compound/764ca72a-6805-4468-9e6b-21d541818332/structure/ffa2029f-0886-4aee-8a6d-023d2116551b	Spirotetramat Enol	CC1=CC(=C(C)C=C1)C2=C([C@]3(CC[C@@H](CC3)OC)NC2=O)O		1	CCOC(=O)OC1=C(C2=C(C)C=CC(=C2)C)C(=O)N[C@]31CC[C@@H](CC3)OC	https://envipath.org/package/5882df9c-dae1-4d80-a40e-db4724271456/pathway/6ccf0dec-dc09-4684-b8a1-b41524544258	Spirotetramat
https://envipath.org/package/5882df9c-dae1-4d80-a40e-db4724271456/compound/4b74f505-6078-4364-a368-f881efb180b2/structure/e28721d6-c74d-40fe-97bf-4ba256e9fa48	Spirotetramat-di-hydroxy	CC1=CC=C(C)C(=C1)C2(C([C@]3(CC[C@@H](CC3)OC)NC2=O)O)O		2	CC1=CC(=C(C)C=C1)C2=C([C@]3(CC[C@@H](CC3)OC)NC2=O)O	https://envipath.org/package/5882df9c-dae1-4d80-a40e-db4724271456/pathway/6ccf0dec-dc09-4684-b8a1-b41524544258	Spirotetramat
https://envipath.org/package/5882df9c-dae1-4d80-a40e-db4724271456/compound/74c3ca00-1a5e-4f18-93a8-b12a2fd5593a/structure/ae9e6cd6-9413-4b7f-88ab-adf564566774	Spirotetramat-MA-amide	CC1=CC=C(C)C(=C1)C(C(=O)N[C@@]2(CC[C@@H](CC2)OC)C(=O)O)O		3	CC1=CC=C(C)C(=C1)C2(C(=O)[C@]3(CC[C@@H](CC3)OC)NC2=O)O	https://envipath.org/package/5882df9c-dae1-4d80-a40e-db4724271456/pathway/6ccf0dec-dc09-4684-b8a1-b41524544258	Spirotetramat
https://envipath.org/package/5882df9c-dae1-4d80-a40e-db4724271456/compound/4662e812-f16a-4c35-9eab-e278a2a4c49d/structure/d2da02b9-7d42-4c58-a1d9-adfb9c74ef96	Spirotetramat-oxo-ketohydroxy	CC1=CC=C(C)C(=C1)C2(C(=O)C3(CCC(=O)CC3)NC2=O)O		4	CC1=CC(=C(C)C=C1)C2=C(C3(CCC(=O)CC3)NC2=O)O	https://envipath.org/package/5882df9c-dae1-4d80-a40e-db4724271456/pathway/6ccf0dec-dc09-4684-b8a1-b41524544258	Spirotetramat
https://envipath.org/package/5882df9c-dae1-4d80-a40e-db4724271456/compound/824fd428-bca2-4294-bd1e-0b176051b8f8/structure/e7644795-44b8-45d9-997e-b48e99843628	Spirotetramat-glyoxylic amide	CC1=CC=C(C)C(=C1)C(=O)C(=O)N[C@@]2(CC[C@@H](CC2)OC)C(=O)O		4	CC1=CC=C(C)C(=C1)C(C(=O)N[C@@]2(CC[C@@H](CC2)OC)C(=O)O)O	https://envipath.org/package/5882df9c-dae1-4d80-a40e-db4724271456/pathway/6ccf0dec-dc09-4684-b8a1-b41524544258	Spirotetramat
https://envipath.org/package/5882df9c-dae1-4d80-a40e-db4724271456/compound/cf80459a-f658-4c69-b5b0-0df86d114191/structure/9fb5dc13-983f-4796-914e-7a3ab9888b88	Spirotetramat Enol-dimer 2 	CC1=CC(=C(C)C=C1)C2=C([C@]3(CC[C@@H](CC3)OC)NC2=O)O.CC1=CC(=C(C)C=C1)C2=C([C@]3(CC[C@@H](CC3)OC)NC2=O)O		2	CC1=CC(=C(C)C=C1)C2=C([C@]3(CC[C@@H](CC3)OC)NC2=O)O	https://envipath.org/package/5882df9c-dae1-4d80-a40e-db4724271456/pathway/6ccf0dec-dc09-4684-b8a1-b41524544258	Spirotetramat
https://envipath.org/package/5882df9c-dae1-4d80-a40e-db4724271456/compound/cec1efeb-505b-4f56-801c-c97459119c22/structure/6ec500ab-ff4a-49f3-bc9a-99444b1781a3	Spiroxamine-desethyl	CCCNCC1COC2(CCC(CC2)C(C)(C)C)O1		1	CCC[N+](CC)(CC1COC2(CCC(CC2)C(C)(C)C)O1)[O-]	https://envipath.org/package/5882df9c-dae1-4d80-a40e-db4724271456/pathway/0ac3c43a-ef0d-463b-9218-53dc015f8fec	Spiroxamine
https://envipath.org/package/5882df9c-dae1-4d80-a40e-db4724271456/compound/6c93afe6-125e-4790-ac4c-70d823cc2e66/structure/6e82b3c5-e588-47bb-8a8c-dfc18f2c8bb6	Spiroxamine-despropyl	CCNCC1COC2(CCC(CC2)C(C)(C)C)O1		1	CCC[N+](CC)(CC1COC2(CCC(CC2)C(C)(C)C)O1)[O-]	https://envipath.org/package/5882df9c-dae1-4d80-a40e-db4724271456/pathway/0ac3c43a-ef0d-463b-9218-53dc015f8fec	Spiroxamine
https://envipath.org/package/5882df9c-dae1-4d80-a40e-db4724271456/compound/225d35f7-12fb-4847-9cd3-825ad2564bc0/structure/882a0bc5-6bcc-43ce-a626-88c0107a8352	Spiroxamine-N-oxide	CCC[N+](CC)(CC1COC2(CCC(CC2)C(C)(C)C)O1)[O-]		1	CCCN(CC)CC1COC2(CCC(CC2)C(C)(C)C)O1	https://envipath.org/package/5882df9c-dae1-4d80-a40e-db4724271456/pathway/0ac3c43a-ef0d-463b-9218-53dc015f8fec	Spiroxamine
https://envipath.org/package/5882df9c-dae1-4d80-a40e-db4724271456/compound/e6c10fd4-0a59-4633-ae8c-f9e7c13efaef/structure/3aac6a80-fb7c-4197-87bb-7a238e43f448	Spiroxamine-despropyl-acid	CCNCC1COC2(CCC(CC2)C(C)(C)C(=O)O)O1		2	CCNCC1COC2(CCC(CC2)C(C)(C)C)O1	https://envipath.org/package/5882df9c-dae1-4d80-a40e-db4724271456/pathway/0ac3c43a-ef0d-463b-9218-53dc015f8fec	Spiroxamine
https://envipath.org/package/5882df9c-dae1-4d80-a40e-db4724271456/compound/981dacc6-1d86-49be-b0ca-0940b8b640bc/structure/411c4f5e-74e2-4297-aaa3-78dbe2a4193e	[Spiroxamine - aminodiol] not experimentally observed	CCCN(CC)CC(CO)O		1	CCCN(CC)CC1COC2(CCC(CC2)C(C)(C)CO)O1	https://envipath.org/package/5882df9c-dae1-4d80-a40e-db4724271456/pathway/0ac3c43a-ef0d-463b-9218-53dc015f8fec	Spiroxamine
https://envipath.org/package/5882df9c-dae1-4d80-a40e-db4724271456/compound/bd0cb950-f40b-459a-847d-74787868945d/structure/c2989d0e-7e89-46ec-a42c-3c31b445cf16	Spiroxamine-desethyl-acid	CCCNCC1COC2(CCC(CC2)C(C)(C)C(=O)O)O1		2	CCCN(CC)CC1COC2(CCC(CC2)C(C)(C)C(=O)O)O1	https://envipath.org/package/5882df9c-dae1-4d80-a40e-db4724271456/pathway/0ac3c43a-ef0d-463b-9218-53dc015f8fec	Spiroxamine
https://envipath.org/package/5882df9c-dae1-4d80-a40e-db4724271456/compound/69996edf-190c-421e-85ae-3869a4222c6a/structure/21eff8cb-b4a4-4b6b-8f91-030a8b3befe4	Spiroxamine-Hydroxy	CCCN(CC)CC1COC2(CCC(CC2)C(C)(C)CO)O1		1	CCCN(CC)CC1COC2(CCC(CC2)C(C)(C)C)O1	https://envipath.org/package/5882df9c-dae1-4d80-a40e-db4724271456/pathway/0ac3c43a-ef0d-463b-9218-53dc015f8fec	Spiroxamine
https://envipath.org/package/5882df9c-dae1-4d80-a40e-db4724271456/compound/79f5fa2f-9230-4087-8884-725a23dd8932/structure/81ca0fd8-885e-40bd-8137-66d1ff6fb56c	Spiroxamine-ketone	CC(C)(C)C1CCC(=O)CC1		1	CCCN(CC)CC1COC2(CCC(CC2)C(C)(C)CO)O1	https://envipath.org/package/5882df9c-dae1-4d80-a40e-db4724271456/pathway/0ac3c43a-ef0d-463b-9218-53dc015f8fec	Spiroxamine
https://envipath.org/package/5882df9c-dae1-4d80-a40e-db4724271456/compound/954e7af5-3657-4fbf-b8b2-0b3d71737b6b/structure/54f81001-8b8a-4cd1-97e9-cf87a706946e	Spiroxamine-acid	CCCN(CC)CC1COC2(CCC(CC2)C(C)(C)C(=O)O)O1		2	CCCN(CC)CC1COC2(CCC(CC2)C(C)(C)CO)O1	https://envipath.org/package/5882df9c-dae1-4d80-a40e-db4724271456/pathway/0ac3c43a-ef0d-463b-9218-53dc015f8fec	Spiroxamine
https://envipath.org/package/5882df9c-dae1-4d80-a40e-db4724271456/compound/d3b547a3-ad02-44a4-aa13-9452691480b9/structure/6d1d2ba4-e594-413f-966f-3d0a586ac271	[Spiroxamine-ketone acid]	CC(C)(C1CCC(=O)CC1)C(=O)O		2	CCNCC1COC2(CCC(CC2)C(C)(C)C(=O)O)O1	https://envipath.org/package/5882df9c-dae1-4d80-a40e-db4724271456/pathway/0ac3c43a-ef0d-463b-9218-53dc015f8fec	Spiroxamine
https://envipath.org/package/5882df9c-dae1-4d80-a40e-db4724271456/compound/b9e233a8-9d74-451e-841c-ade64e8c611c/structure/36dd9f5f-8fc3-4c16-914d-323ef4bd510e	Spiroxamine	CCCN(CC)CC1COC2(CCC(CC2)C(C)(C)C)O1		0		https://envipath.org/package/5882df9c-dae1-4d80-a40e-db4724271456/pathway/0ac3c43a-ef0d-463b-9218-53dc015f8fec	Spiroxamine
https://envipath.org/package/5882df9c-dae1-4d80-a40e-db4724271456/compound/a19928af-8b33-45d6-8271-47fa615482bb/structure/7b9d386b-c85d-4322-86a3-83eb03e330e0	ICIA0051-4-OH	CS(=O)(=O)C1=CC=C(C(=C1)Cl)C(=O)C2C(=O)CCC(C2=O)O		-99		https://envipath.org/package/5882df9c-dae1-4d80-a40e-db4724271456/pathway/9729c9d5-a1d2-4afc-b6d0-36fc5658525a	Sulcotrione
https://envipath.org/package/5882df9c-dae1-4d80-a40e-db4724271456/compound/02dc246f-b37e-4606-a7ff-b38eb960a35e/structure/e870791c-463c-4ca2-8ab0-6edd1c6436b8	Sulcotrione	CS(=O)(=O)C1=CC=C(C(=C1)Cl)C(=O)C2C(=O)CCCC2=O		0		https://envipath.org/package/5882df9c-dae1-4d80-a40e-db4724271456/pathway/9729c9d5-a1d2-4afc-b6d0-36fc5658525a	Sulcotrione
https://envipath.org/package/5882df9c-dae1-4d80-a40e-db4724271456/compound/8f83cec0-4049-4aef-9c2d-39cd2e40feb6/structure/5b29fb6b-3242-43a7-b0ea-e110300d072b	ICIA0051-CMBA	CS(=O)(=O)C1=CC=C(C(=C1)Cl)C(=O)O		1	CS(=O)(=O)C1=CC=C(C(=C1)Cl)C(=O)C2C(=O)CCCC2=O	https://envipath.org/package/5882df9c-dae1-4d80-a40e-db4724271456/pathway/9729c9d5-a1d2-4afc-b6d0-36fc5658525a	Sulcotrione
https://envipath.org/package/5882df9c-dae1-4d80-a40e-db4724271456/compound/be5d9659-482e-4ea5-b17e-fc2b0ffccc58/structure/68be5103-cc2c-4f40-aff2-8dcc61c2da07	[Pentanedioic acid]	C(CC(=O)O)CC(=O)O		1	CS(=O)(=O)C1=CC=C(C(=C1)Cl)C(=O)C2C(=O)CCCC2=O	https://envipath.org/package/5882df9c-dae1-4d80-a40e-db4724271456/pathway/9729c9d5-a1d2-4afc-b6d0-36fc5658525a	Sulcotrione
https://envipath.org/package/5882df9c-dae1-4d80-a40e-db4724271456/compound/f97babd7-9545-4fda-99cb-3cbd6471e1e1/structure/e14e9322-5c5c-4e40-b46e-b9e13e475199	ICIA0051-5-OH	CS(=O)(=O)C1=CC=C(C(=C1)Cl)C(=O)C2C(=O)CC(CC2=O)O		-99		https://envipath.org/package/5882df9c-dae1-4d80-a40e-db4724271456/pathway/9729c9d5-a1d2-4afc-b6d0-36fc5658525a	Sulcotrione
https://envipath.org/package/5882df9c-dae1-4d80-a40e-db4724271456/compound/6377658b-03f6-4fed-a5bf-ff0f2389b693/structure/b0aaffe5-2a0e-4e23-a428-207bcf7ec31c	[butanedioic acid]	C(CC(=O)O)C(=O)O		2	C(CC(=O)O)CC(=O)O	https://envipath.org/package/5882df9c-dae1-4d80-a40e-db4724271456/pathway/9729c9d5-a1d2-4afc-b6d0-36fc5658525a	Sulcotrione
https://envipath.org/package/5882df9c-dae1-4d80-a40e-db4724271456/compound/ca5248a9-1430-463e-9be4-72ef8419ea3e/structure/3606b22f-1cc3-4e0a-aed8-fb5f04f0070d	Sulfonamide	CCS(=O)(=O)C1=C(N2C=CC=CC2=N1)S(=O)(=O)N		1	CCS(=O)(=O)C1=C(N2C=CC=CC2=N1)S(=O)(=O)NC(=O)NC(=N)N	https://envipath.org/package/5882df9c-dae1-4d80-a40e-db4724271456/pathway/1cb8bf76-b390-45a9-a8f5-3a6ef357207b	Sulfosulfuron
https://envipath.org/package/5882df9c-dae1-4d80-a40e-db4724271456/compound/011dd6fe-ad9f-4282-a905-8dd61d53de18/structure/6c1a55cb-6380-4593-8a26-6a9e88ccbbc2	Sulfonic acid	CCS(=O)(=O)C1=C(N2C=CC=CC2=N1)S(=O)(=O)O		-99		https://envipath.org/package/5882df9c-dae1-4d80-a40e-db4724271456/pathway/1cb8bf76-b390-45a9-a8f5-3a6ef357207b	Sulfosulfuron
https://envipath.org/package/5882df9c-dae1-4d80-a40e-db4724271456/compound/f40b9ad6-103b-44ab-a337-b4f4ba6f9a15/structure/778bb05e-faa7-4e51-9a36-dae86c740fec	Guanidine	CCS(=O)(=O)C1=C(N2C=CC=CC2=N1)S(=O)(=O)NC(=O)NC(=N)N		2	CCS(=O)(=O)C1=C(N2C=CC=CC2=N1)S(=O)(=O)NC(=O)NC3=NC(=CC(=N3)O)OC	https://envipath.org/package/5882df9c-dae1-4d80-a40e-db4724271456/pathway/1cb8bf76-b390-45a9-a8f5-3a6ef357207b	Sulfosulfuron
https://envipath.org/package/5882df9c-dae1-4d80-a40e-db4724271456/compound/5ce2f002-9d11-4f5a-8b66-86ae0229c3e6/structure/d8494b9e-8703-457e-a866-c2c8e1b457f1	Sulfosulfuron	CCS(=O)(=O)C1=C(N2C=CC=CC2=N1)S(=O)(=O)NC(=O)NC3=NC(=CC(=N3)OC)OC		0		https://envipath.org/package/5882df9c-dae1-4d80-a40e-db4724271456/pathway/1cb8bf76-b390-45a9-a8f5-3a6ef357207b	Sulfosulfuron
https://envipath.org/package/5882df9c-dae1-4d80-a40e-db4724271456/compound/068d9683-b354-48c7-ae46-1841ed212bcb/structure/d6c32496-69ca-423e-9ed4-7d3d89e7c37c	Desmethyl sulfosulfuron	CCS(=O)(=O)C1=C(N2C=CC=CC2=N1)S(=O)(=O)NC(=O)NC3=NC(=CC(=N3)O)OC		1	CCS(=O)(=O)C1=C(N2C=CC=CC2=N1)S(=O)(=O)NC(=O)NC3=NC(=CC(=N3)OC)OC	https://envipath.org/package/5882df9c-dae1-4d80-a40e-db4724271456/pathway/1cb8bf76-b390-45a9-a8f5-3a6ef357207b	Sulfosulfuron
https://envipath.org/package/5882df9c-dae1-4d80-a40e-db4724271456/compound/049ae09d-fd88-4605-8d58-3312648ce649/structure/ef90c1df-1e56-415d-b153-128f3c17eb81	Sulfonylurea	CCS(=O)(=O)C1=C(N2C=CC=CC2=N1)S(=O)(=O)NC(=O)N		3	CCS(=O)(=O)C1=C(N2C=CC=CC2=N1)S(=O)(=O)NC(=O)NC(=O)N	https://envipath.org/package/5882df9c-dae1-4d80-a40e-db4724271456/pathway/1cb8bf76-b390-45a9-a8f5-3a6ef357207b	Sulfosulfuron
https://envipath.org/package/5882df9c-dae1-4d80-a40e-db4724271456/compound/1405097f-99a9-4c56-a518-48420150fc73/structure/2f6fe881-c638-4e00-bc1d-2916e996191d	Sulfonylbiuret	CCS(=O)(=O)C1=C(N2C=CC=CC2=N1)S(=O)(=O)NC(=O)NC(=O)N		2	CCS(=O)(=O)C1=C(N2C=CC=CC2=N1)S(=O)(=O)NC(=O)NC3=NC(=CC(=N3)O)OC	https://envipath.org/package/5882df9c-dae1-4d80-a40e-db4724271456/pathway/1cb8bf76-b390-45a9-a8f5-3a6ef357207b	Sulfosulfuron
https://envipath.org/package/5882df9c-dae1-4d80-a40e-db4724271456/compound/6358408d-2559-4ec1-ab03-3e83eeb5e54e/structure/46fd611f-3642-4579-b877-fb0497ef8b86	S13 (2-amino-4,6-dimethoxypyrimidine)	COC1=NC(=NC(=C1)OC)N		1	CCS(=O)(=O)C1=C(N2C=CC=CC2=N1)S(=O)(=O)NC(=O)NC3=NC(=CC(=N3)OC)OC	https://envipath.org/package/5882df9c-dae1-4d80-a40e-db4724271456/pathway/1cb8bf76-b390-45a9-a8f5-3a6ef357207b	Sulfosulfuron
https://envipath.org/package/5882df9c-dae1-4d80-a40e-db4724271456/compound/9aa7d01e-7a90-40cf-a330-d4749398100f/structure/14e4314e-2e12-4200-b2a4-84ac09d6cf7a	Sulfoxaflor	CC(C1=CC=C(C(F)(F)F)N=C1)S(=NC#N)(=O)C		0		https://envipath.org/package/5882df9c-dae1-4d80-a40e-db4724271456/pathway/082c0a95-e184-4188-98ca-1c4ebe41066a	Sulfoxaflor
https://envipath.org/package/5882df9c-dae1-4d80-a40e-db4724271456/compound/df3ef17c-3db7-44f5-b7d5-3d225b8da757/structure/9303636c-dbf5-40b8-a5af-ca480352635e	X11579457	CC(C1=CC=C(C(F)(F)F)N=C1)S(=N)(=O)C		2	CC(C1=CC=C(C(F)(F)F)N=C1)S(=NC(=O)N)(=O)C	https://envipath.org/package/5882df9c-dae1-4d80-a40e-db4724271456/pathway/082c0a95-e184-4188-98ca-1c4ebe41066a	Sulfoxaflor
https://envipath.org/package/5882df9c-dae1-4d80-a40e-db4724271456/compound/d78b0011-f20a-472e-9b9a-ef6614f0fa5a/structure/2f0c34eb-75d8-4f9d-8226-ebe94100978f	X11719474	CC(C1=CC=C(C(F)(F)F)N=C1)S(=NC(=O)N)(=O)C		1	CC(C1=CC=C(C(F)(F)F)N=C1)S(=NC#N)(=O)C	https://envipath.org/package/5882df9c-dae1-4d80-a40e-db4724271456/pathway/082c0a95-e184-4188-98ca-1c4ebe41066a	Sulfoxaflor
https://envipath.org/package/5882df9c-dae1-4d80-a40e-db4724271456/compound/d9a60bbd-d2b4-470b-b2da-b1c165f4597d/structure/3796fcd3-1b5b-4439-ad02-b1632b450bb3	X11519540	CC(C1=CC=C(C(F)(F)F)N=C1)S(=O)(=O)C		2	CC(C1=CC=C(C(F)(F)F)N=C1)S(=NC(=O)N)(=O)C	https://envipath.org/package/5882df9c-dae1-4d80-a40e-db4724271456/pathway/082c0a95-e184-4188-98ca-1c4ebe41066a	Sulfoxaflor
https://envipath.org/package/5882df9c-dae1-4d80-a40e-db4724271456/compound/9ac369a0-f832-4707-b7db-1a166500277c/structure/737b0ae8-9239-49b9-9629-b38f0539c8e9	Anilino acid	CC(C)C(C(=O)O)NC1=CC=C(C=C1Cl)C(F)(F)F		1	CC(C)[C@H](C(=O)OC(C#N)C1=CC=CC(=C1)OC2=CC=CC=C2)NC3=CC=C(C=C3Cl)C(F)(F)F	https://envipath.org/package/5882df9c-dae1-4d80-a40e-db4724271456/pathway/b61f69df-43fa-4b2a-813a-c85edd3e4a13	Tau-fluvalinate
https://envipath.org/package/5882df9c-dae1-4d80-a40e-db4724271456/compound/d1724e87-a349-4a5f-87a4-a4798ecc2aa6/structure/69757c0c-3eb9-4180-8db2-1c78f07c4fb9	Diacid	CC(C)C(C(=O)O)NC1=CC=C(C=C1Cl)C(=O)O		2	CC(C)C(C(=O)O)NC1=CC=C(C=C1Cl)C(F)(F)F	https://envipath.org/package/5882df9c-dae1-4d80-a40e-db4724271456/pathway/b61f69df-43fa-4b2a-813a-c85edd3e4a13	Tau-fluvalinate
https://envipath.org/package/5882df9c-dae1-4d80-a40e-db4724271456/compound/c3245acc-b0d7-4c8a-83b7-e250273f4a35/structure/7ddc0e5f-e7da-492f-b6c7-af1d7506e89f	3-phenoxybenzaldehyde	C1=CC=C(C=C1)OC2=CC(=CC=C2)C=O		1	CC(C)[C@H](C(=O)OC(C#N)C1=CC=CC(=C1)OC2=CC=CC=C2)NC3=CC=C(C=C3Cl)C(F)(F)F	https://envipath.org/package/5882df9c-dae1-4d80-a40e-db4724271456/pathway/b61f69df-43fa-4b2a-813a-c85edd3e4a13	Tau-fluvalinate
https://envipath.org/package/5882df9c-dae1-4d80-a40e-db4724271456/compound/b59c736e-1174-43ef-8020-e4a878227268/structure/585042d4-22d9-42c7-b263-9f6f1dbec6d2	Tau-fluvalinate	CC(C)[C@H](C(=O)OC(C#N)C1=CC=CC(=C1)OC2=CC=CC=C2)NC3=CC=C(C=C3Cl)C(F)(F)F		0		https://envipath.org/package/5882df9c-dae1-4d80-a40e-db4724271456/pathway/b61f69df-43fa-4b2a-813a-c85edd3e4a13	Tau-fluvalinate
https://envipath.org/package/5882df9c-dae1-4d80-a40e-db4724271456/compound/2fc78d4a-7958-4af5-87d4-bcc2f9b6c9ab/structure/f8bb3b76-d463-49b5-b7de-7c5783f98e0c	3-PBAc	C1=CC=C(C=C1)OC2=CC(=CC=C2)C(=O)O		2	C1=CC=C(C=C1)OC2=CC(=CC=C2)C=O	https://envipath.org/package/5882df9c-dae1-4d80-a40e-db4724271456/pathway/b61f69df-43fa-4b2a-813a-c85edd3e4a13	Tau-fluvalinate
https://envipath.org/package/5882df9c-dae1-4d80-a40e-db4724271456/compound/9a2a8af2-31bb-4392-9bb3-6908a41670d8/structure/36cad942-419e-4281-802e-12a0eaf1d1c7	Haloaniline	C1=C(C=C(C(=C1)N)Cl)C(F)(F)F		2	CC(C)C(C(=O)O)NC1=CC=C(C=C1Cl)C(F)(F)F	https://envipath.org/package/5882df9c-dae1-4d80-a40e-db4724271456/pathway/b61f69df-43fa-4b2a-813a-c85edd3e4a13	Tau-fluvalinate
https://envipath.org/package/5882df9c-dae1-4d80-a40e-db4724271456/compound/d41b0d27-0b55-4a13-a558-0c99bcede528/structure/73e44607-40e7-4624-b3f8-9032774f971e	HWG 1608-ketodesbutyl (M16)	C1=C(C=CC(=C1)Cl)CCC(=O)CN2C=NC=N2		2	C1=C(C=CC(=C1)Cl)CCC(CN2C=NC=N2)O	https://envipath.org/package/5882df9c-dae1-4d80-a40e-db4724271456/pathway/6a5311ab-599c-448c-8340-cf5bae700cc2	Tebuconazole
https://envipath.org/package/5882df9c-dae1-4d80-a40e-db4724271456/compound/7895c94a-2ee4-47f7-8db3-05142dd7ff1d/structure/c31f5937-07f7-4593-ae94-a6390f38e7a6	HWG 1608-5-keto (M09)	CC(C)(C)C(CC(=O)C1=CC=C(C=C1)Cl)(CN2C=NC=N2)O		1	CC(C)(C)C(CCC1=CC=C(C=C1)Cl)(CN2C=NC=N2)O	https://envipath.org/package/5882df9c-dae1-4d80-a40e-db4724271456/pathway/6a5311ab-599c-448c-8340-cf5bae700cc2	Tebuconazole
https://envipath.org/package/5882df9c-dae1-4d80-a40e-db4724271456/compound/741cd542-becd-48a6-b3b1-06252b7ef541/structure/e72fc7d9-a618-4d4f-aeb0-8e21fb7cbeb0	HWG 1608-triazole-pinacoline (M18)	CC(C)(C)C(=O)CN1C=NC=N1		3	CC(C)(C)C(CCC(=O)O)(CN1C=NC=N1)O	https://envipath.org/package/5882df9c-dae1-4d80-a40e-db4724271456/pathway/6a5311ab-599c-448c-8340-cf5bae700cc2	Tebuconazole
https://envipath.org/package/5882df9c-dae1-4d80-a40e-db4724271456/compound/a15dc090-924f-4ae2-9ea6-3230a8a7f504/structure/d705d7e2-2f0e-4230-8d35-5eb2c2fc1c91	1,2,4 triazole	C1=NC=NN1		2	CC(C)(C)C(=O)CN1C=NC=N1	https://envipath.org/package/5882df9c-dae1-4d80-a40e-db4724271456/pathway/6a5311ab-599c-448c-8340-cf5bae700cc2	Tebuconazole
https://envipath.org/package/5882df9c-dae1-4d80-a40e-db4724271456/compound/93939644-f831-42ed-8034-4727126b33ce/structure/d2b432e1-3cd6-4eca-8614-e2da62f223d6	HWG 1608-lactone (M17)	CC(C)(C)C1(CCC(=O)O1)CN2C=NC=N2		1	CC(C)(C)C(CCC1=CC=C(C=C1)Cl)(CN2C=NC=N2)O	https://envipath.org/package/5882df9c-dae1-4d80-a40e-db4724271456/pathway/6a5311ab-599c-448c-8340-cf5bae700cc2	Tebuconazole
https://envipath.org/package/5882df9c-dae1-4d80-a40e-db4724271456/compound/8da2b7ae-8edd-4096-a126-03d0e623ee5b/structure/313b60c2-e66e-4c32-8829-55b76ae4b65c	HWG 1608-desbutyl (M15)	C1=C(C=CC(=C1)Cl)CCC(CN2C=NC=N2)O		1	CC(C)(C)C(CCC1=CC=C(C=C1)Cl)(CN2C=NC=N2)O	https://envipath.org/package/5882df9c-dae1-4d80-a40e-db4724271456/pathway/6a5311ab-599c-448c-8340-cf5bae700cc2	Tebuconazole
https://envipath.org/package/5882df9c-dae1-4d80-a40e-db4724271456/compound/b2d4f1be-b12f-4813-973e-a5bb89fc4c08/structure/c312f91c-3487-4b38-a8af-e38a00362dc7	1,2,4 triazole acetic-acid 	C(C(=O)O)N1C=NC=N1		4	C(C(C(=O)O)N)N1C=NC=N1	https://envipath.org/package/5882df9c-dae1-4d80-a40e-db4724271456/pathway/6a5311ab-599c-448c-8340-cf5bae700cc2	Tebuconazole
https://envipath.org/package/5882df9c-dae1-4d80-a40e-db4724271456/compound/93867813-9c0a-4485-aa80-cd0e69177302/structure/38f400d3-9b9c-45cd-9abc-6cf0e68d188d	HWG 1608-4-hydroxy (M05)	CC(C)(C)C(CN1C=NC=N1)(C(CC2=CC=C(C=C2)Cl)O)O		1	CC(C)(C)C(CCC1=CC=C(C=C1)Cl)(CN2C=NC=N2)O	https://envipath.org/package/5882df9c-dae1-4d80-a40e-db4724271456/pathway/6a5311ab-599c-448c-8340-cf5bae700cc2	Tebuconazole
https://envipath.org/package/5882df9c-dae1-4d80-a40e-db4724271456/compound/8602761a-7ebc-419f-a67d-5426423ff9d2/structure/fb6f51bd-1a30-41eb-abfa-2e6f3d578a49	HWG 1608-5-enol (M08)	CC(C)(C)C(/C=C(/C1=CC=C(C=C1)Cl)\O)(CN2C=NC=N2)O		2	CC(C)(C)C(CC(=O)C1=CC=C(C=C1)Cl)(CN2C=NC=N2)O	https://envipath.org/package/5882df9c-dae1-4d80-a40e-db4724271456/pathway/6a5311ab-599c-448c-8340-cf5bae700cc2	Tebuconazole
https://envipath.org/package/5882df9c-dae1-4d80-a40e-db4724271456/compound/7eba7941-5d5d-4188-b652-b73aa50c5dec/structure/f8005cda-abaa-482c-8f71-8a952c7028ee	Tebuconazole	CC(C)(C)C(CCC1=CC=C(C=C1)Cl)(CN2C=NC=N2)O		0		https://envipath.org/package/5882df9c-dae1-4d80-a40e-db4724271456/pathway/6a5311ab-599c-448c-8340-cf5bae700cc2	Tebuconazole
https://envipath.org/package/5882df9c-dae1-4d80-a40e-db4724271456/compound/0deefe2d-50f9-420c-be3a-1c957a28c645/structure/684a2717-c0bd-46d9-9680-38e381994b4c	Hydroxy-triazole (M29), keto-form predominant tautomer	C1=NC(=NN1)O.C1=NC(=O)NN1		3	C1=NC=NN1	https://envipath.org/package/5882df9c-dae1-4d80-a40e-db4724271456/pathway/6a5311ab-599c-448c-8340-cf5bae700cc2	Tebuconazole
https://envipath.org/package/5882df9c-dae1-4d80-a40e-db4724271456/compound/3c46d9ec-8062-4a0c-95cf-b720b6828c8d/structure/424de194-6923-4b62-961f-0659c50c5845	Triazole alanine	C(C(C(=O)O)N)N1C=NC=N1		3	C1=NC=NN1	https://envipath.org/package/5882df9c-dae1-4d80-a40e-db4724271456/pathway/6a5311ab-599c-448c-8340-cf5bae700cc2	Tebuconazole
https://envipath.org/package/5882df9c-dae1-4d80-a40e-db4724271456/compound/5368775e-a521-481d-a0e8-0897d93e8fbd/structure/9b5d82b5-42e9-4ac9-b40e-f373978caa21	HWG 1608-pentanoic acid	CC(C)(C)C(CCC(=O)O)(CN1C=NC=N1)O		2	CC(C)(C)C1(CCC(=O)O1)CN2C=NC=N2	https://envipath.org/package/5882df9c-dae1-4d80-a40e-db4724271456/pathway/6a5311ab-599c-448c-8340-cf5bae700cc2	Tebuconazole
https://envipath.org/package/5882df9c-dae1-4d80-a40e-db4724271456/compound/025bea4d-f3d5-4ddf-8ec7-b22e11566bea/structure/2e22f26b-556c-48b3-84fd-fc5bbf0bf71e	Tebufenozide	CCC1=CC=C(C=C1)C(=O)NN(C(=O)C2=CC(=CC(=C2)C)C)C(C)(C)C		0		https://envipath.org/package/5882df9c-dae1-4d80-a40e-db4724271456/pathway/ac0916f9-4988-4a04-acff-60762f48ff9d	Tebufenozide
https://envipath.org/package/5882df9c-dae1-4d80-a40e-db4724271456/compound/3c030ade-f251-4307-a109-4b17476016ab/structure/d2a364ba-be4a-46f8-9950-366b1c87c857	RH-2703	CC1=CC(=CC(=C1)C)C(=O)N(C(C)(C)C)NC(=O)C2=CC=C(C=C2)CC(=O)O		1	CCC1=CC=C(C=C1)C(=O)NN(C(=O)C2=CC(=CC(=C2)C)C)C(C)(C)C	https://envipath.org/package/5882df9c-dae1-4d80-a40e-db4724271456/pathway/ac0916f9-4988-4a04-acff-60762f48ff9d	Tebufenozide
https://envipath.org/package/5882df9c-dae1-4d80-a40e-db4724271456/compound/1fcd24b1-344b-4266-b1fb-c8a072c01f86/structure/846a9d10-700f-4b78-b2ca-432bee38bd65	RH-6595	CC1=CC(=CC(=C1)C)C(=O)N(C(C)(C)C)NC(=O)C2=CC=C(C=C2)C(=O)C		1	CCC1=CC=C(C=C1)C(=O)NN(C(=O)C2=CC(=CC(=C2)C)C)C(C)(C)C	https://envipath.org/package/5882df9c-dae1-4d80-a40e-db4724271456/pathway/ac0916f9-4988-4a04-acff-60762f48ff9d	Tebufenozide
https://envipath.org/package/5882df9c-dae1-4d80-a40e-db4724271456/compound/75f8878d-9c9a-44fe-b069-21ba577b090c/structure/ee01d069-bbe3-4547-8c34-e285dc26c698	RH-2651	CC1=CC(=CC(=C1)C)C(=O)N(C(C)(C)C)NC(=O)C2=CC=C(C=C2)C(=O)O		2	CC1=CC(=CC(=C1)C)C(=O)N(C(C)(C)C)NC(=O)C2=CC=C(C=C2)CC(=O)O	https://envipath.org/package/5882df9c-dae1-4d80-a40e-db4724271456/pathway/ac0916f9-4988-4a04-acff-60762f48ff9d	Tebufenozide
https://envipath.org/package/5882df9c-dae1-4d80-a40e-db4724271456/compound/d351fa85-bd2c-4c0f-ae5d-cf8220b15328/structure/73665652-ee56-44f3-8d7a-a5f3f33cb620	CL 810,729	CCC1=NN(C)C(=C1Cl)C(=O)N		1	CCC1=NN(C)C(=C1Cl)C(=O)NCC2=CC=C(C=C2)C(C)(C)C	https://envipath.org/package/5882df9c-dae1-4d80-a40e-db4724271456/pathway/018a2f44-b27e-424e-a3e1-5a1f12de54f3	Tebufenpyrad
https://envipath.org/package/5882df9c-dae1-4d80-a40e-db4724271456/compound/ee6fdc14-d8d1-4760-9b5a-e16e7f9a1931/structure/eb875676-9ec6-46df-b43f-d84be89d6138	CL 810,721	CCC1=NN(C)C(=C1Cl)C(=O)NCC2=CC=C(C=C2)C(C)(C)C(=O)O		1	CCC1=NN(C)C(=C1Cl)C(=O)NCC2=CC=C(C=C2)C(C)(C)C	https://envipath.org/package/5882df9c-dae1-4d80-a40e-db4724271456/pathway/018a2f44-b27e-424e-a3e1-5a1f12de54f3	Tebufenpyrad
https://envipath.org/package/5882df9c-dae1-4d80-a40e-db4724271456/compound/d24e9b5d-22b8-4f1b-ade9-0bac61f15828/structure/4c14e94f-634b-41aa-b220-1bd9800020f7	CL 810,719	CC(=O)C1=NN(C)C(=C1Cl)C(=O)NCC2=CC=C(C=C2)C(C)(C)C		1	CCC1=NN(C)C(=C1Cl)C(=O)NCC2=CC=C(C=C2)C(C)(C)C	https://envipath.org/package/5882df9c-dae1-4d80-a40e-db4724271456/pathway/018a2f44-b27e-424e-a3e1-5a1f12de54f3	Tebufenpyrad
https://envipath.org/package/5882df9c-dae1-4d80-a40e-db4724271456/compound/c08a7fbb-f81f-4691-80b4-e6d2cc507f69/structure/5a7cfa55-1a57-4f88-b0d5-a16beefb334a	CL810,723	CC(C1=NN(C)C(=C1Cl)C(=O)NCC2=CC=C(C=C2)C(C)(C)C(=O)O)O		2	CCC1=NN(C)C(=C1Cl)C(=O)NCC2=CC=C(C=C2)C(C)(C)C(=O)O	https://envipath.org/package/5882df9c-dae1-4d80-a40e-db4724271456/pathway/018a2f44-b27e-424e-a3e1-5a1f12de54f3	Tebufenpyrad
https://envipath.org/package/5882df9c-dae1-4d80-a40e-db4724271456/compound/7adb0e53-1cb4-4b7b-8245-dde3e05290d5/structure/f196710f-1ed2-46c3-9025-a1a86e198b8c	Tebufenpyrad	CCC1=NN(C)C(=C1Cl)C(=O)NCC2=CC=C(C=C2)C(C)(C)C		0		https://envipath.org/package/5882df9c-dae1-4d80-a40e-db4724271456/pathway/018a2f44-b27e-424e-a3e1-5a1f12de54f3	Tebufenpyrad
https://envipath.org/package/5882df9c-dae1-4d80-a40e-db4724271456/compound/65558041-017c-4d2c-a116-7619cbce6e3a/structure/98c72f2d-b961-4884-a797-ac1da2c5530e	CL 810,728	CCC1=NN(C)C(=C1Cl)C(=O)O		1	CCC1=NN(C)C(=C1Cl)C(=O)N	https://envipath.org/package/5882df9c-dae1-4d80-a40e-db4724271456/pathway/018a2f44-b27e-424e-a3e1-5a1f12de54f3	Tebufenpyrad
https://envipath.org/package/5882df9c-dae1-4d80-a40e-db4724271456/compound/648240b4-1dae-4e90-bce5-8b24ad10c52d/structure/b745eef3-9a66-46fe-9940-b9d83c6102d4	CGA 149776	C1=CC(=C(C(=C1)F)C(=O)O)F		1	C1=CC(=C(C(=C1)F)C(=O)NC(=O)NC2=CC(=C(C(=C2F)Cl)F)Cl)F	https://envipath.org/package/5882df9c-dae1-4d80-a40e-db4724271456/pathway/93640e2a-1192-45d1-bedb-a12843c372bf	Teflubenzuron
https://envipath.org/package/5882df9c-dae1-4d80-a40e-db4724271456/compound/be39d84e-a1c8-4f66-9ab2-021124e5d07c/structure/20f8610b-7ea1-4135-ac76-02c88a659eba	3,5-dichloro-2,4-difluoroaniline	C1=C(C(=C(C(=C1Cl)F)Cl)F)N		1	C1=CC(=C(C(=C1)F)C(=O)NC(=O)NC2=CC(=C(C(=C2F)Cl)F)Cl)F	https://envipath.org/package/5882df9c-dae1-4d80-a40e-db4724271456/pathway/93640e2a-1192-45d1-bedb-a12843c372bf	Teflubenzuron
https://envipath.org/package/5882df9c-dae1-4d80-a40e-db4724271456/compound/ced5635a-efee-4395-8d35-d0ec21631540/structure/615227a3-1909-41c9-a2cf-448364717985	Teflubenzuron	C1=CC(=C(C(=C1)F)C(=O)NC(=O)NC2=CC(=C(C(=C2F)Cl)F)Cl)F		0		https://envipath.org/package/5882df9c-dae1-4d80-a40e-db4724271456/pathway/93640e2a-1192-45d1-bedb-a12843c372bf	Teflubenzuron
https://envipath.org/package/5882df9c-dae1-4d80-a40e-db4724271456/compound/74ae9afd-c0b6-45fd-8a8c-bc1e63caff9e/structure/0926769b-2ebb-4827-a1a1-f8fdf0177b3e	CGA 149772	C1=CC(=C(C(=C1)F)C(=O)N)F		1	C1=CC(=C(C(=C1)F)C(=O)NC(=O)NC2=CC(=C(C(=C2F)Cl)F)Cl)F	https://envipath.org/package/5882df9c-dae1-4d80-a40e-db4724271456/pathway/93640e2a-1192-45d1-bedb-a12843c372bf	Teflubenzuron
https://envipath.org/package/5882df9c-dae1-4d80-a40e-db4724271456/compound/7846ad2f-4fe5-45e6-ab58-c433eab920ee/structure/83267ceb-ec74-4964-8941-ef09585f271b	3,5-dichloro-2,4-difluorophenylurea	C1=C(C(=C(C(=C1Cl)F)Cl)F)NC(=O)N		1	C1=CC(=C(C(=C1)F)C(=O)NC(=O)NC2=CC(=C(C(=C2F)Cl)F)Cl)F	https://envipath.org/package/5882df9c-dae1-4d80-a40e-db4724271456/pathway/93640e2a-1192-45d1-bedb-a12843c372bf	Teflubenzuron
https://envipath.org/package/5882df9c-dae1-4d80-a40e-db4724271456/compound/bd49da12-ab99-4bc6-b207-9d612398f917/structure/4acb9875-6e54-4a9e-ba1d-123e952bc6dc	2,6-difluorobenzene	C1=CC(=CC(=C1)F)F		2	C1=CC(=C(C(=C1)F)C(=O)O)F	https://envipath.org/package/5882df9c-dae1-4d80-a40e-db4724271456/pathway/93640e2a-1192-45d1-bedb-a12843c372bf	Teflubenzuron
https://envipath.org/package/5882df9c-dae1-4d80-a40e-db4724271456/compound/4770b477-2764-4040-b9b7-6025e6873ddd/structure/5d035c2c-0f96-47c3-9510-4795d67da510	Compound V (rac)	CC1(C)[C@@H](/C=C(/C(F)(F)F)\Cl)[C@H]1C(=O)OCC2=C(C(=C(C(=C2F)F)C(=O)O)F)F		1	CC1=C(C(=C(COC(=O)[C@@H]2[C@H](/C=C(/C(F)(F)F)\Cl)C2(C)C)C(=C1F)F)F)F	https://envipath.org/package/5882df9c-dae1-4d80-a40e-db4724271456/pathway/e29a6cf3-1f23-4d67-aae6-79d402d2425f	Tefluthrin
https://envipath.org/package/5882df9c-dae1-4d80-a40e-db4724271456/compound/afb3d39c-a230-4402-9cc2-de532657e695/structure/dc187c41-543c-4bc6-88fa-f2c49064f613	Compound IV (diacid)	C1(=C(C(=C(C(=C1F)F)C(=O)O)F)F)C(=O)O		2	CC1=C(C(=C(C(=C1F)F)C(=O)O)F)F	https://envipath.org/package/5882df9c-dae1-4d80-a40e-db4724271456/pathway/e29a6cf3-1f23-4d67-aae6-79d402d2425f	Tefluthrin
https://envipath.org/package/5882df9c-dae1-4d80-a40e-db4724271456/compound/71b14459-16a9-4f1c-8bf6-75526aaa3fb7/structure/5597b294-5439-43bd-b8fd-1fc77bec1d1b	Compound II	CC1=C(C(=C(CO)C(=C1F)F)F)F	minor	1	CC1=C(C(=C(COC(=O)[C@@H]2[C@H](/C=C(/C(F)(F)F)\Cl)C2(C)C)C(=C1F)F)F)F	https://envipath.org/package/5882df9c-dae1-4d80-a40e-db4724271456/pathway/e29a6cf3-1f23-4d67-aae6-79d402d2425f	Tefluthrin
https://envipath.org/package/5882df9c-dae1-4d80-a40e-db4724271456/compound/8f3256cc-9cac-40d0-91f5-b1935c880550/structure/1f7ecef6-48bd-4d17-9445-4f6161448d2d	Compound III (R153946)	CC1=C(C(=C(C(=C1F)F)C(=O)O)F)F		2	CC1=C(C(=C(CO)C(=C1F)F)F)F	https://envipath.org/package/5882df9c-dae1-4d80-a40e-db4724271456/pathway/e29a6cf3-1f23-4d67-aae6-79d402d2425f	Tefluthrin
https://envipath.org/package/5882df9c-dae1-4d80-a40e-db4724271456/compound/1b3213f2-3099-44d4-adee-f2fd2fb8ec2e/structure/757755b7-705b-4ef4-9caf-611daf79a809	Tefluthrin (rac)	CC1=C(C(=C(COC(=O)[C@@H]2[C@H](/C=C(/C(F)(F)F)\Cl)C2(C)C)C(=C1F)F)F)F		0		https://envipath.org/package/5882df9c-dae1-4d80-a40e-db4724271456/pathway/e29a6cf3-1f23-4d67-aae6-79d402d2425f	Tefluthrin
https://envipath.org/package/5882df9c-dae1-4d80-a40e-db4724271456/compound/230ca022-9699-4868-b141-ba6e7ac616fc/structure/6b54c054-7574-4a4f-a77b-a2a80874d74a	DMCPA	CC1(C)[C@@H](/C=C(/C(F)(F)F)\Cl)[C@H]1C(=O)O		1	CC1=C(C(=C(COC(=O)[C@@H]2[C@H](/C=C(/C(F)(F)F)\Cl)C2(C)C)C(=C1F)F)F)F	https://envipath.org/package/5882df9c-dae1-4d80-a40e-db4724271456/pathway/e29a6cf3-1f23-4d67-aae6-79d402d2425f	Tefluthrin
https://envipath.org/package/5882df9c-dae1-4d80-a40e-db4724271456/compound/ff308ac7-8e55-4774-a07c-82feb88bcf59/structure/021bca88-c15f-4088-be22-e990277e0e0b	Tembotrione	CS(=O)(=O)C1=CC=C(C(=C1COCC(F)(F)F)Cl)C(=O)C2C(=O)CCCC2=O		0		https://envipath.org/package/5882df9c-dae1-4d80-a40e-db4724271456/pathway/9f3fcacc-df44-4b28-8ace-1375c618c87f	Tembotrione
https://envipath.org/package/5882df9c-dae1-4d80-a40e-db4724271456/compound/034c1ea2-3490-4f73-b50c-aba7afab3519/structure/97aaa9ab-1a78-4ec6-bbec-81816a8169d2	M7 AE1124336	COC1=CC=C(C(=C1Cl)COCC(F)(F)F)S(=O)(=O)C		3	CS(=O)(=O)C1=CC=C(C(=C1COCC(F)(F)F)Cl)O	https://envipath.org/package/5882df9c-dae1-4d80-a40e-db4724271456/pathway/9f3fcacc-df44-4b28-8ace-1375c618c87f	Tembotrione
https://envipath.org/package/5882df9c-dae1-4d80-a40e-db4724271456/compound/9cd2fc61-73ca-4321-967f-a6ae0e40f8b0/structure/51715583-8069-4f90-865b-5c2f32986d65	M6 AE0456148	CS(=O)(=O)C1=CC=C(C(=C1COCC(F)(F)F)Cl)C(=O)O		1	CS(=O)(=O)C1=CC=C(C(=C1COCC(F)(F)F)Cl)C(=O)C2C(=O)CCCC2=O	https://envipath.org/package/5882df9c-dae1-4d80-a40e-db4724271456/pathway/9f3fcacc-df44-4b28-8ace-1375c618c87f	Tembotrione
https://envipath.org/package/5882df9c-dae1-4d80-a40e-db4724271456/compound/a41b8e74-8d5d-4390-8426-38bac6ea5217/structure/8eb7047a-b42f-4c90-aab4-3e4e7d0a5cae	M1 AE0968400	CS(=O)(=O)C1=CC=C(C(=C1COCC(F)(F)F)Cl)O		2	CS(=O)(=O)C1=CC=C(C(=C1COCC(F)(F)F)Cl)C(=O)O	https://envipath.org/package/5882df9c-dae1-4d80-a40e-db4724271456/pathway/9f3fcacc-df44-4b28-8ace-1375c618c87f	Tembotrione
https://envipath.org/package/5882df9c-dae1-4d80-a40e-db4724271456/compound/d83eff54-04f5-4419-8c32-a4e0d45c5c01/structure/85d466a8-a149-4d56-9bd3-aee7f923419f	M3 AE0941989	CS(=O)(=O)C1=CC=C2C(=O)C3=C(CCCC3=O)OC2=C1COCC(F)(F)F		1	CS(=O)(=O)C1=CC=C(C(=C1COCC(F)(F)F)Cl)C(=O)C2C(=O)CCCC2=O	https://envipath.org/package/5882df9c-dae1-4d80-a40e-db4724271456/pathway/9f3fcacc-df44-4b28-8ace-1375c618c87f	Tembotrione
https://envipath.org/package/5882df9c-dae1-4d80-a40e-db4724271456/compound/61f98bbd-7ebe-4d85-a6e8-b25ca138923f/structure/37bd31f0-9172-468b-8316-f3e58f9bf416	M2 AE1392936	CS(=O)(=O)C1=CC=C(C(=C1CO)Cl)C(=O)O		2	CS(=O)(=O)C1=CC=C(C(=C1COCC(F)(F)F)Cl)C(=O)O	https://envipath.org/package/5882df9c-dae1-4d80-a40e-db4724271456/pathway/9f3fcacc-df44-4b28-8ace-1375c618c87f	Tembotrione
https://envipath.org/package/5882df9c-dae1-4d80-a40e-db4724271456/compound/d1ebed07-5285-45a6-8395-996c753c50fc/structure/8efd6a57-c4af-4386-a1d8-621be65e22d7	MT22, GS28279	CCNC1=NC(=NC(=N1)Cl)N		-99		https://envipath.org/package/5882df9c-dae1-4d80-a40e-db4724271456/pathway/a7c11907-af40-4f7b-8fcf-fdcfb96172e7	Terbuthylazine
https://envipath.org/package/5882df9c-dae1-4d80-a40e-db4724271456/compound/c29714a2-dfca-4660-8108-ccff3f5c53ce/structure/973b8933-8c72-4db1-be0e-3a89029749b8	MT24	C1(=NC(=NC(=N1)O)O)N		3	CC(C)(C(=O)O)NC1=NC(=NC(=N1)O)N	https://envipath.org/package/5882df9c-dae1-4d80-a40e-db4724271456/pathway/a7c11907-af40-4f7b-8fcf-fdcfb96172e7	Terbuthylazine
https://envipath.org/package/5882df9c-dae1-4d80-a40e-db4724271456/compound/c647e8bd-b8e8-4eb6-b6a3-39ae5461b30e/structure/6d61ad04-aa32-4dd8-a5f9-c68ef70af2c4	CSAA04949	CCNC1=NC(=NC(=N1)NC(C)(C)C(=O)O)O		2	CCNC1=NC(=NC(=N1)NC(C)(C)C(=O)O)Cl	https://envipath.org/package/5882df9c-dae1-4d80-a40e-db4724271456/pathway/a7c11907-af40-4f7b-8fcf-fdcfb96172e7	Terbuthylazine
https://envipath.org/package/5882df9c-dae1-4d80-a40e-db4724271456/compound/20b85b48-c9f9-498f-8f06-397604e8f05e/structure/8bed5249-690d-415b-a84d-1fb8c7639843	MT14	CC(C)(C)NC1=NC(=NC(=N1)O)N		2	CCNC1=NC(=NC(=N1)NC(C)(C)C)O	https://envipath.org/package/5882df9c-dae1-4d80-a40e-db4724271456/pathway/a7c11907-af40-4f7b-8fcf-fdcfb96172e7	Terbuthylazine
https://envipath.org/package/5882df9c-dae1-4d80-a40e-db4724271456/compound/e4da1a0d-265c-4e4d-92cc-36182d44a7c6/structure/81815198-62ae-4525-ab01-6bdc7ac656c2	CSCD648241	CC(C)(C)NC1=NC(=O)N(C)C(=N1)O		4	CC(C)(C)NC1=NC(=NC(=N1)O)O	https://envipath.org/package/5882df9c-dae1-4d80-a40e-db4724271456/pathway/a7c11907-af40-4f7b-8fcf-fdcfb96172e7	Terbuthylazine
https://envipath.org/package/5882df9c-dae1-4d80-a40e-db4724271456/compound/cce7ea82-b06b-42c9-bdb4-138d6ccf4656/structure/6543cdb3-9957-44c4-bab2-ea975d2618ff	CSAA036479	CC(C)(C(=O)O)NC1=NC(=NC(=N1)O)N		2	CCNC1=NC(=NC(=N1)NC(C)(C)C(=O)O)Cl	https://envipath.org/package/5882df9c-dae1-4d80-a40e-db4724271456/pathway/a7c11907-af40-4f7b-8fcf-fdcfb96172e7	Terbuthylazine
https://envipath.org/package/5882df9c-dae1-4d80-a40e-db4724271456/compound/f2933eb9-bb2b-4dac-a3e3-8138610c4296/structure/b4babca5-1ca6-453c-8a2b-0f61ce93b71b	MT21	C1(=NC(=NC(=N1)N)O)N		-99		https://envipath.org/package/5882df9c-dae1-4d80-a40e-db4724271456/pathway/a7c11907-af40-4f7b-8fcf-fdcfb96172e7	Terbuthylazine
https://envipath.org/package/5882df9c-dae1-4d80-a40e-db4724271456/compound/a4f6e09d-b016-4c60-88dc-0593586a03f2/structure/09444966-43f7-4506-a27e-8680888e475d	SM9 / LM3	CC(C)(C(=O)O)NC1=NC=NC(=N1)O		-99		https://envipath.org/package/5882df9c-dae1-4d80-a40e-db4724271456/pathway/a7c11907-af40-4f7b-8fcf-fdcfb96172e7	Terbuthylazine
https://envipath.org/package/5882df9c-dae1-4d80-a40e-db4724271456/compound/062f3252-4799-496d-9458-0ddcda923bbd/structure/293e7717-a78d-4dde-980e-be3e5ddaf0cf	MT1, GS 26379	CC(C)(C)NC1=NC(=NC(=N1)Cl)N		1	CCNC1=NC(=NC(=N1)NC(C)(C)C)Cl	https://envipath.org/package/5882df9c-dae1-4d80-a40e-db4724271456/pathway/a7c11907-af40-4f7b-8fcf-fdcfb96172e7	Terbuthylazine
https://envipath.org/package/5882df9c-dae1-4d80-a40e-db4724271456/compound/43b8696b-5c46-4094-a3f3-aa53d81638d3/structure/0f25f9fe-fd65-4376-befb-a44051bca13b	GS31398	CCNC1=NC(=NC(=N1)NC(C)(C)C(=O)O)Cl		1	CCNC1=NC(=NC(=N1)NC(C)(C)C)Cl	https://envipath.org/package/5882df9c-dae1-4d80-a40e-db4724271456/pathway/a7c11907-af40-4f7b-8fcf-fdcfb96172e7	Terbuthylazine
https://envipath.org/package/5882df9c-dae1-4d80-a40e-db4724271456/compound/af4c961b-4282-4074-9503-be5d5ab71a04/structure/5be2036d-af90-4691-80b7-ef7415846cc1	MT19	CCNC1=NC(=NC(=N1)O)N		-99		https://envipath.org/package/5882df9c-dae1-4d80-a40e-db4724271456/pathway/a7c11907-af40-4f7b-8fcf-fdcfb96172e7	Terbuthylazine
https://envipath.org/package/5882df9c-dae1-4d80-a40e-db4724271456/compound/8eaf033d-6803-476e-9a68-14276d6e3f1b/structure/579745d1-7472-4f87-9c67-b99ccd88812c	MT25	C1(=NC(=NC(=N1)O)O)O		-99		https://envipath.org/package/5882df9c-dae1-4d80-a40e-db4724271456/pathway/a7c11907-af40-4f7b-8fcf-fdcfb96172e7	Terbuthylazine
https://envipath.org/package/5882df9c-dae1-4d80-a40e-db4724271456/compound/c7c42b56-8ed7-48eb-affc-7949209834fb/structure/ebe0c3f5-a7a2-4861-ae38-82c2d547f939	Terbuthylazine	CCNC1=NC(=NC(=N1)NC(C)(C)C)Cl		0		https://envipath.org/package/5882df9c-dae1-4d80-a40e-db4724271456/pathway/a7c11907-af40-4f7b-8fcf-fdcfb96172e7	Terbuthylazine
https://envipath.org/package/5882df9c-dae1-4d80-a40e-db4724271456/compound/9b7f2ea4-af26-42cd-9297-feb0782e4e7a/structure/8ef28ab9-6bce-4adf-a4b4-80e3f284056f	MT20	C1(=NC(=NC(=N1)N)N)Cl		-99		https://envipath.org/package/5882df9c-dae1-4d80-a40e-db4724271456/pathway/a7c11907-af40-4f7b-8fcf-fdcfb96172e7	Terbuthylazine
https://envipath.org/package/5882df9c-dae1-4d80-a40e-db4724271456/compound/42a2a924-23ee-4dec-aeee-ad6b6cc80941/structure/7eb609f2-45d0-423e-b456-8c791a83ba12	SM6 / LM6	CC(C)(C)NC1=NC(=NC(=N1)O)OC		-99		https://envipath.org/package/5882df9c-dae1-4d80-a40e-db4724271456/pathway/a7c11907-af40-4f7b-8fcf-fdcfb96172e7	Terbuthylazine
https://envipath.org/package/5882df9c-dae1-4d80-a40e-db4724271456/compound/770696f8-5a52-4a23-a3da-bdfa2b62c421/structure/0ae9a249-62fc-406f-8163-a6e00cf78bb1	MT13, GS 23158	CCNC1=NC(=NC(=N1)NC(C)(C)C)O		1	CCNC1=NC(=NC(=N1)NC(C)(C)C)Cl	https://envipath.org/package/5882df9c-dae1-4d80-a40e-db4724271456/pathway/a7c11907-af40-4f7b-8fcf-fdcfb96172e7	Terbuthylazine
https://envipath.org/package/5882df9c-dae1-4d80-a40e-db4724271456/compound/aaf50225-1948-42f7-a23d-ecdb1716012e/structure/a3f1e591-5e47-4efc-93dc-dfe06f68b1a1	CSCD692760	CC1(C)C(N2C(=NC(=NC2=O)O)N1)O		3	CC(C)(C(=O)O)NC1=NC(=NC(=N1)O)N	https://envipath.org/package/5882df9c-dae1-4d80-a40e-db4724271456/pathway/a7c11907-af40-4f7b-8fcf-fdcfb96172e7	Terbuthylazine
https://envipath.org/package/5882df9c-dae1-4d80-a40e-db4724271456/compound/22b41d0a-a86c-4490-be36-25a64a658dcb/structure/7d2dab1a-a6cb-4256-a9ce-e29b445bd41d	MT23	CC(C)(C)NC1=NC(=NC(=N1)O)O		3	CC(C)(C)NC1=NC(=NC(=N1)O)N	https://envipath.org/package/5882df9c-dae1-4d80-a40e-db4724271456/pathway/a7c11907-af40-4f7b-8fcf-fdcfb96172e7	Terbuthylazine
https://envipath.org/package/5882df9c-dae1-4d80-a40e-db4724271456/compound/a15dc090-924f-4ae2-9ea6-3230a8a7f504/structure/d705d7e2-2f0e-4230-8d35-5eb2c2fc1c91	1,2,4 triazole	C1=NC=NN1		4	C1=C(C=C(C(=C1)C(CN2C=NC=N2)C(=O)O)Cl)Cl	https://envipath.org/package/5882df9c-dae1-4d80-a40e-db4724271456/pathway/45900132-c3c3-4c2a-ad0e-5fb816515ef8	Tetraconazole
https://envipath.org/package/5882df9c-dae1-4d80-a40e-db4724271456/compound/d0a6515f-4deb-4345-84e8-d910748797c7/structure/7ed74799-9e9e-4de9-86fe-a23ce5f8d274	CGA 179944	C1=C(C=C(C(=C1)C(CN2C=NC=N2)C(=O)O)Cl)Cl		3	C1=C(C=C(C(=C1)C(CN2C=NC=N2)CO)Cl)Cl	https://envipath.org/package/5882df9c-dae1-4d80-a40e-db4724271456/pathway/45900132-c3c3-4c2a-ad0e-5fb816515ef8	Tetraconazole
https://envipath.org/package/5882df9c-dae1-4d80-a40e-db4724271456/compound/ccbf1083-d2d3-4616-a997-60949d7d1205/structure/9812c7b4-6047-41d7-b83d-559b7b5c0900	Tetraconazole	C1=C(C=C(C(=C1)C(CN2C=NC=N2)COC(C(F)F)(F)F)Cl)Cl		0		https://envipath.org/package/5882df9c-dae1-4d80-a40e-db4724271456/pathway/45900132-c3c3-4c2a-ad0e-5fb816515ef8	Tetraconazole
https://envipath.org/package/5882df9c-dae1-4d80-a40e-db4724271456/compound/8dc6fe33-4373-4998-9a74-a3d9c8440327/structure/00aac3c5-d8cc-4100-a27b-e53a7f626ece	M14360-alcohol	C1=C(C=C(C(=C1)C(CN2C=NC=N2)CO)Cl)Cl		2	C1=C(C=C(C(=C1)C(CN2C=NC=N2)COC(C(=O)O)(F)F)Cl)Cl	https://envipath.org/package/5882df9c-dae1-4d80-a40e-db4724271456/pathway/45900132-c3c3-4c2a-ad0e-5fb816515ef8	Tetraconazole
https://envipath.org/package/5882df9c-dae1-4d80-a40e-db4724271456/compound/b2d4f1be-b12f-4813-973e-a5bb89fc4c08/structure/c312f91c-3487-4b38-a8af-e38a00362dc7	1,2,4 triazole acetic-acid 	C(C(=O)O)N1C=NC=N1		5	C1=NC=NN1	https://envipath.org/package/5882df9c-dae1-4d80-a40e-db4724271456/pathway/45900132-c3c3-4c2a-ad0e-5fb816515ef8	Tetraconazole
https://envipath.org/package/5882df9c-dae1-4d80-a40e-db4724271456/compound/a62de0a2-9f45-4265-9c62-cfb9f964fbf0/structure/7a34343b-b53e-43e1-9cbb-f3864417c35e	M14360-DFA	C1=C(C=C(C(=C1)C(CN2C=NC=N2)COC(C(=O)O)(F)F)Cl)Cl		1	C1=C(C=C(C(=C1)C(CN2C=NC=N2)COC(C(F)F)(F)F)Cl)Cl	https://envipath.org/package/5882df9c-dae1-4d80-a40e-db4724271456/pathway/45900132-c3c3-4c2a-ad0e-5fb816515ef8	Tetraconazole
https://envipath.org/package/5882df9c-dae1-4d80-a40e-db4724271456/compound/76dc7010-662c-4426-b709-7aac6a5feeec/structure/7c62746d-fee6-49b8-ae81-8e42946777a8	hydroxyphenyl-M14360-acid	C1=C(C=C(C(=C1)C(CN2C=NC=N2)C(=O)O)O)Cl		-99		https://envipath.org/package/5882df9c-dae1-4d80-a40e-db4724271456/pathway/45900132-c3c3-4c2a-ad0e-5fb816515ef8	Tetraconazole
https://envipath.org/package/5882df9c-dae1-4d80-a40e-db4724271456/compound/36e0d31e-d6f8-4fba-aa19-c29f1e4e9f47/structure/194461d7-9e14-4d72-bb2a-e409bbbbe000	Benzimidazole	C1=CC2=C(C=C1)N=CN2		1	C1=CC2=C(C=C1)N=C(C3=CSC=N3)N2	https://envipath.org/package/5882df9c-dae1-4d80-a40e-db4724271456/pathway/4d49759c-9579-4b4e-aeb6-76c21f5b444a	Thiabendazole
https://envipath.org/package/5882df9c-dae1-4d80-a40e-db4724271456/compound/8679af97-5b0b-4363-b51c-b418b8335418/structure/41239b00-03a2-41c7-b7ff-f429e1215ac8	5-Hydroxy-thiabendazole	C1=CC2=C(C=C1O)NC(=N2)C3=CSC=N3		1	C1=CC2=C(C=C1)N=C(C3=CSC=N3)N2	https://envipath.org/package/5882df9c-dae1-4d80-a40e-db4724271456/pathway/4d49759c-9579-4b4e-aeb6-76c21f5b444a	Thiabendazole
https://envipath.org/package/5882df9c-dae1-4d80-a40e-db4724271456/compound/9b9fcb01-b9bf-4973-994b-9ee5a92d0959/structure/87061be9-e720-4445-b0fb-97240ac311af	Thiabendazole	C1=CC2=C(C=C1)N=C(C3=CSC=N3)N2		0		https://envipath.org/package/5882df9c-dae1-4d80-a40e-db4724271456/pathway/4d49759c-9579-4b4e-aeb6-76c21f5b444a	Thiabendazole
https://envipath.org/package/5882df9c-dae1-4d80-a40e-db4724271456/compound/af42b8b2-3690-4f30-b0e9-91125c3338ee/structure/2f224c04-4036-4b1e-9dc4-6b57e70b8137	Thiencarbazone-methyl	CC1=C(C(=CS1)C(=O)OC)S(=O)(=O)NC(=O)N2C(=O)N(C)C(=N2)OC		0		https://envipath.org/package/5882df9c-dae1-4d80-a40e-db4724271456/pathway/5d5d6460-c038-4f9c-806d-4d9457dd8fb9	Thiencarbazone-methyl
https://envipath.org/package/5882df9c-dae1-4d80-a40e-db4724271456/compound/fbc9f519-9703-4f02-a4f1-9faaba471db2/structure/42f1ec73-6aad-45aa-be6e-94608146acfd	Triazolinone-carboxamide	CN1C(=NN(C(=O)N)C1=O)OC		1	CC1=C(C(=CS1)C(=O)OC)S(=O)(=O)NC(=O)N2C(=O)N(C)C(=N2)OC	https://envipath.org/package/5882df9c-dae1-4d80-a40e-db4724271456/pathway/5d5d6460-c038-4f9c-806d-4d9457dd8fb9	Thiencarbazone-methyl
https://envipath.org/package/5882df9c-dae1-4d80-a40e-db4724271456/compound/85462b64-e997-49d8-a419-5df3e851e86b/structure/6cdcd22b-0b5c-4b77-841f-8a751ab092c2	BYH 18636-carboxylic acid	CC1=C(C(=CS1)C(=O)O)S(=O)(=O)NC(=O)N2C(=O)N(C)C(=N2)OC		1	CC1=C(C(=CS1)C(=O)OC)S(=O)(=O)NC(=O)N2C(=O)N(C)C(=N2)OC	https://envipath.org/package/5882df9c-dae1-4d80-a40e-db4724271456/pathway/5d5d6460-c038-4f9c-806d-4d9457dd8fb9	Thiencarbazone-methyl
https://envipath.org/package/5882df9c-dae1-4d80-a40e-db4724271456/compound/fdc93f28-4729-4c5e-8906-dcde30684641/structure/6110d3e7-0105-4856-81dc-c8008bd12266	Thieno-saccharine	CC1=C2C(=CS1)C(=O)NS2(=O)=O		2	CC1=C(C(=CS1)C(=O)OC)S(=O)(=O)N	https://envipath.org/package/5882df9c-dae1-4d80-a40e-db4724271456/pathway/5d5d6460-c038-4f9c-806d-4d9457dd8fb9	Thiencarbazone-methyl
https://envipath.org/package/5882df9c-dae1-4d80-a40e-db4724271456/compound/9287a19e-0cc1-489e-88b2-45b37b4f3922/structure/b0abaebf-68c6-45c5-bef1-fbaa0b2781c6	BYH 18636-sulfonamide	CC1=C(C(=CS1)C(=O)OC)S(=O)(=O)N		1	CC1=C(C(=CS1)C(=O)OC)S(=O)(=O)NC(=O)N2C(=O)N(C)C(=N2)OC	https://envipath.org/package/5882df9c-dae1-4d80-a40e-db4724271456/pathway/5d5d6460-c038-4f9c-806d-4d9457dd8fb9	Thiencarbazone-methyl
https://envipath.org/package/5882df9c-dae1-4d80-a40e-db4724271456/compound/f9c6212a-d417-4c0b-82a0-6b798384a5c9/structure/d31d11f3-8a43-4ca6-9643-5546e6b0e1da	Sulfonamide-carboxylic acid	CC1=C(C(=CS1)C(=O)O)S(=O)(=O)N		2	CC1=C(C(=CS1)C(=O)OC)S(=O)(=O)N	https://envipath.org/package/5882df9c-dae1-4d80-a40e-db4724271456/pathway/5d5d6460-c038-4f9c-806d-4d9457dd8fb9	Thiencarbazone-methyl
https://envipath.org/package/5882df9c-dae1-4d80-a40e-db4724271456/compound/b7c03685-2b64-42fd-8545-d2fd66372aa7/structure/9b92222a-40a8-4201-b239-9e303c4bc759	MMT	CN1C(=O)NN=C1OC		1	CC1=C(C(=CS1)C(=O)OC)S(=O)(=O)NC(=O)N2C(=O)N(C)C(=N2)OC	https://envipath.org/package/5882df9c-dae1-4d80-a40e-db4724271456/pathway/5d5d6460-c038-4f9c-806d-4d9457dd8fb9	Thiencarbazone-methyl
https://envipath.org/package/5882df9c-dae1-4d80-a40e-db4724271456/compound/6ece33f4-d8b4-4c97-aaf5-8e309e4ebcb5/structure/420f75f9-2a6f-4a53-a91d-603391b6b26e	O-demethyl-Thifensulfuron-methyl (IN-L9226)	CC1=NC(=NC(=N1)NC(=O)NS(=O)(=O)C2=C(C(=O)OC)SC=C2)O	 	-99		https://envipath.org/package/5882df9c-dae1-4d80-a40e-db4724271456/pathway/48c47e48-7e43-469c-8b0b-b0bc0b49d097	Thifensulfuron-methyl
https://envipath.org/package/5882df9c-dae1-4d80-a40e-db4724271456/compound/2a8e49a2-2129-4c2e-8ee9-8b014615b77a/structure/e17dcd85-2464-4013-b72e-afd33ecefc08	Thifensulfuron acid (IN-L9225)	CC1=NC(=NC(=N1)NC(=O)NS(=O)(=O)C2=C(C(=O)O)SC=C2)OC	 	1	CC1=NC(=NC(=N1)NC(=O)NS(=O)(=O)C2=C(C(=O)OC)SC=C2)OC	https://envipath.org/package/5882df9c-dae1-4d80-a40e-db4724271456/pathway/48c47e48-7e43-469c-8b0b-b0bc0b49d097	Thifensulfuron-methyl
https://envipath.org/package/5882df9c-dae1-4d80-a40e-db4724271456/compound/bf969f03-d02b-48f8-a41c-c1f8a2e1b960/structure/1a5234a6-37c4-4190-9f39-71f00bf5e021	Thiophene sulfonimide (IN-W8268)	C1=CSC2=C1S(=O)(=O)NC2=O	 	-99		https://envipath.org/package/5882df9c-dae1-4d80-a40e-db4724271456/pathway/48c47e48-7e43-469c-8b0b-b0bc0b49d097	Thifensulfuron-methyl
https://envipath.org/package/5882df9c-dae1-4d80-a40e-db4724271456/compound/16a66ffb-d8e6-43fe-92c9-0d5a25b94821/structure/929d2047-4bcb-41c8-bcd7-bb970abf3a83	Triazine amine (IN-A4098)	CC1=NC(=NC(=N1)N)OC		2	CC1=NC(=NC(=N1)NC(=O)NS(=O)(=O)C2=C(C(=O)O)SC=C2)OC	https://envipath.org/package/5882df9c-dae1-4d80-a40e-db4724271456/pathway/48c47e48-7e43-469c-8b0b-b0bc0b49d097	Thifensulfuron-methyl
https://envipath.org/package/5882df9c-dae1-4d80-a40e-db4724271456/compound/61951402-056f-4a5c-98f0-85ca2ee27c48/structure/75384dfc-d6d8-4e87-b893-6193dab4be39	IN-V7160	CC1=NC(=NC(=N1)NC(=O)N)OC	 	-99		https://envipath.org/package/5882df9c-dae1-4d80-a40e-db4724271456/pathway/48c47e48-7e43-469c-8b0b-b0bc0b49d097	Thifensulfuron-methyl
https://envipath.org/package/5882df9c-dae1-4d80-a40e-db4724271456/compound/b96e6d83-9522-48ee-aeec-96c3a15e2721/structure/3748ab72-cec9-462c-b974-8e3b8bee07ec	Thifensulfuron-methyl	CC1=NC(=NC(=N1)NC(=O)NS(=O)(=O)C2=C(C(=O)OC)SC=C2)OC	 	0		https://envipath.org/package/5882df9c-dae1-4d80-a40e-db4724271456/pathway/48c47e48-7e43-469c-8b0b-b0bc0b49d097	Thifensulfuron-methyl
https://envipath.org/package/5882df9c-dae1-4d80-a40e-db4724271456/compound/f87664de-4e10-41bd-b000-e484046bd142/structure/5fc1f8c8-8c09-4c94-a949-9a6eb05c10c6	2-Acid-3-sulfonamide (IN-L9223)	C1=CSC(=C1S(=O)(=O)N)C(=O)O	 	2	CC(=O)NC(=O)NC(=O)NC(=O)NS(=O)(=O)C1=C(C(=O)O)SC=C1	https://envipath.org/package/5882df9c-dae1-4d80-a40e-db4724271456/pathway/48c47e48-7e43-469c-8b0b-b0bc0b49d097	Thifensulfuron-methyl
https://envipath.org/package/5882df9c-dae1-4d80-a40e-db4724271456/compound/2d4dca0e-005e-4a59-9971-fb5d59b05fa1/structure/4e3b9727-b0ec-4546-8f75-2364db5d2da9	O-Desmethyl thifensulfuron acid (IN-JZ789)	CC1=NC(=NC(=N1)NC(=O)NS(=O)(=O)C2=C(C(=O)O)SC=C2)O		2	CC1=NC(=NC(=N1)NC(=O)NS(=O)(=O)C2=C(C(=O)O)SC=C2)OC	https://envipath.org/package/5882df9c-dae1-4d80-a40e-db4724271456/pathway/48c47e48-7e43-469c-8b0b-b0bc0b49d097	Thifensulfuron-methyl
https://envipath.org/package/5882df9c-dae1-4d80-a40e-db4724271456/compound/1c6c4b8a-934a-46eb-bbc3-f81f752e7c51/structure/1b752621-796c-4205-a924-e8310633fafa	2-Acid-3-triuret	CC(=O)NC(=O)NC(=O)NC(=O)NS(=O)(=O)C1=C(C(=O)O)SC=C1	 	2	CC1=NC(=NC(=N1)NC(=O)NS(=O)(=O)C2=C(C(=O)O)SC=C2)OC	https://envipath.org/package/5882df9c-dae1-4d80-a40e-db4724271456/pathway/48c47e48-7e43-469c-8b0b-b0bc0b49d097	Thifensulfuron-methyl
https://envipath.org/package/5882df9c-dae1-4d80-a40e-db4724271456/compound/6fe4445f-891a-4756-96b8-9a75b81b54b0/structure/6d83a668-f5b4-465d-a6c3-a369ea2ec3e6	2-ester-3-sulfonamide (IN-A5546)	COC(=O)C1=C(C=CS1)S(=O)(=O)N	 	-99		https://envipath.org/package/5882df9c-dae1-4d80-a40e-db4724271456/pathway/48c47e48-7e43-469c-8b0b-b0bc0b49d097	Thifensulfuron-methyl
https://envipath.org/package/5882df9c-dae1-4d80-a40e-db4724271456/compound/d06dd934-15d6-4690-a379-903b3398a530/structure/424e7175-23c1-45fb-b117-9a956577ac7f	O-desmethyl triazine amine (IN-B5528)	CC1=NC(=NC(=N1)N)O		3	CC1=NC(=NC(=N1)N)OC	https://envipath.org/package/5882df9c-dae1-4d80-a40e-db4724271456/pathway/48c47e48-7e43-469c-8b0b-b0bc0b49d097	Thifensulfuron-methyl
https://envipath.org/package/5882df9c-dae1-4d80-a40e-db4724271456/compound/ed83d959-4da3-4b8e-a74f-3d07cf7b58d9/structure/21b680d6-2bd7-4cad-95e3-27b622f256fa	3-Hydroxythiobencarb	CCN(CC)C(=O)SCC1=CC=C(C(=C1)O)Cl		1	CCN(CC)C(=O)SCC1=CC=C(C=C1)Cl	https://envipath.org/package/5882df9c-dae1-4d80-a40e-db4724271456/pathway/e6b2afc3-2d4a-4398-91bc-fceaf5e93753	Thiobencarb
https://envipath.org/package/5882df9c-dae1-4d80-a40e-db4724271456/compound/9065c5ec-5af1-479f-9377-488bfe9f7bbf/structure/fea83e0f-659f-4ec7-a725-c712357696f4	PR01	C1=C(C=CC(=C1)Cl)CO		2	CCN(CC)C(=O)S(=O)CC1=CC=C(C=C1)Cl	https://envipath.org/package/5882df9c-dae1-4d80-a40e-db4724271456/pathway/e6b2afc3-2d4a-4398-91bc-fceaf5e93753	Thiobencarb
https://envipath.org/package/5882df9c-dae1-4d80-a40e-db4724271456/compound/67fd6aee-328a-4d21-864a-8607fcd45d99/structure/dbc912fb-9e63-41b4-9811-9eb3ef89a54c	2-Hydroxythiobencarb	CCN(CC)C(=O)SCC1=CC=C(C=C1O)Cl		1	CCN(CC)C(=O)SCC1=CC=C(C=C1)Cl	https://envipath.org/package/5882df9c-dae1-4d80-a40e-db4724271456/pathway/e6b2afc3-2d4a-4398-91bc-fceaf5e93753	Thiobencarb
https://envipath.org/package/5882df9c-dae1-4d80-a40e-db4724271456/compound/24206525-9792-44fe-8fbe-94db0a225312/structure/ccfd8500-1382-4df7-ae21-b6102d292d00	4-Chlorobenzylmethyl sulfone	CS(=O)(=O)CC1=CC=C(C=C1)Cl		3	CS(=O)CC1=CC=C(C=C1)Cl	https://envipath.org/package/5882df9c-dae1-4d80-a40e-db4724271456/pathway/e6b2afc3-2d4a-4398-91bc-fceaf5e93753	Thiobencarb
https://envipath.org/package/5882df9c-dae1-4d80-a40e-db4724271456/compound/c5a60e02-4b70-4d8f-a405-01eca05556df/structure/80d8f693-b5b5-477a-a58d-1970f718b17c	Desethylthiobencarb	CCNC(=O)SCC1=CC=C(C=C1)Cl		1	CCN(CC)C(=O)SCC1=CC=C(C=C1)Cl	https://envipath.org/package/5882df9c-dae1-4d80-a40e-db4724271456/pathway/e6b2afc3-2d4a-4398-91bc-fceaf5e93753	Thiobencarb
https://envipath.org/package/5882df9c-dae1-4d80-a40e-db4724271456/compound/bc3bbff7-8f3b-41c2-8c14-185f5293072a/structure/edc40797-2e05-46d6-b10d-018f809dce89	S3 (4-chlorobenzoic acid)	C1=C(C=CC(=C1)Cl)C(=O)O		2	C1=C(C=CC(=C1)Cl)CO	https://envipath.org/package/5882df9c-dae1-4d80-a40e-db4724271456/pathway/e6b2afc3-2d4a-4398-91bc-fceaf5e93753	Thiobencarb
https://envipath.org/package/5882df9c-dae1-4d80-a40e-db4724271456/compound/61d1c98b-618b-4691-b6a1-0d613ed1b42a/structure/6410f5a8-f962-4e99-a37b-3e162f7b6c6b	PR02	C1=C(C=CC(=C1)Cl)CS		1	CCN(CC)C(=O)SCC1=CC=C(C=C1)Cl	https://envipath.org/package/5882df9c-dae1-4d80-a40e-db4724271456/pathway/e6b2afc3-2d4a-4398-91bc-fceaf5e93753	Thiobencarb
https://envipath.org/package/5882df9c-dae1-4d80-a40e-db4724271456/compound/1990fcbf-dedc-452a-bdbf-d12a02141bc7/structure/69960d72-7319-4a5a-aef7-ebd93eadc969	Thiobencarb	CCN(CC)C(=O)SCC1=CC=C(C=C1)Cl		0		https://envipath.org/package/5882df9c-dae1-4d80-a40e-db4724271456/pathway/e6b2afc3-2d4a-4398-91bc-fceaf5e93753	Thiobencarb
https://envipath.org/package/5882df9c-dae1-4d80-a40e-db4724271456/compound/c5a53e20-3560-4944-a95c-60055b56335c/structure/b13f521c-18fc-48b1-97df-9651e76eadc9	4-Chlorobenzylmethyl sulfoxide	CS(=O)CC1=CC=C(C=C1)Cl		2	CCNC(=O)SCC1=CC=C(C=C1)Cl	https://envipath.org/package/5882df9c-dae1-4d80-a40e-db4724271456/pathway/e6b2afc3-2d4a-4398-91bc-fceaf5e93753	Thiobencarb
https://envipath.org/package/5882df9c-dae1-4d80-a40e-db4724271456/compound/3e758be3-00d6-4d3b-8a10-221e5a35ae2e/structure/dfbddb5f-09ce-4df0-bda3-32ba9b05ec4a	Thiobencarb sulfoxide	CCN(CC)C(=O)S(=O)CC1=CC=C(C=C1)Cl		1	CCN(CC)C(=O)SCC1=CC=C(C=C1)Cl	https://envipath.org/package/5882df9c-dae1-4d80-a40e-db4724271456/pathway/e6b2afc3-2d4a-4398-91bc-fceaf5e93753	Thiobencarb
https://envipath.org/package/5882df9c-dae1-4d80-a40e-db4724271456/compound/b3c079bd-351f-4088-9b80-52d67b754583/structure/095990c6-62a2-45cb-812c-294fee6eeae4	Acetonitrile	CC#N		-99		https://envipath.org/package/5882df9c-dae1-4d80-a40e-db4724271456/pathway/2f6eb1cf-f003-4989-9193-d1971efbff96	Thiodicarb
https://envipath.org/package/5882df9c-dae1-4d80-a40e-db4724271456/compound/297f05dd-3a6a-4e61-b64f-ef5bdb481644/structure/9f04f35b-f540-4411-b2e1-9d7617f57bd7	Thiodicarb	C/C(=N\OC(=O)N(C)SN(C)C(=O)O/N=C(\C)/SC)/SC		0		https://envipath.org/package/5882df9c-dae1-4d80-a40e-db4724271456/pathway/2f6eb1cf-f003-4989-9193-d1971efbff96	Thiodicarb
https://envipath.org/package/5882df9c-dae1-4d80-a40e-db4724271456/compound/ec9280f9-846f-4c10-a9b7-6c56f892d0ff/structure/9e211299-0ed2-45ba-afe9-122ba90ef599	Methomyl	C/C(=N\OC(=O)NC)/SC		1	C/C(=N\OC(=O)N(C)SN(C)C(=O)O/N=C(\C)/SC)/SC	https://envipath.org/package/5882df9c-dae1-4d80-a40e-db4724271456/pathway/2f6eb1cf-f003-4989-9193-d1971efbff96	Thiodicarb
https://envipath.org/package/5882df9c-dae1-4d80-a40e-db4724271456/compound/3d669062-6a82-4048-9a24-ec163c26a9f0/structure/4967d9ab-7f0e-4f0a-bb1d-63742ef3d39f	Methomyl oxime	C/C(=N\O)/SC		2	C/C(=N\OC(=O)NC)/SC	https://envipath.org/package/5882df9c-dae1-4d80-a40e-db4724271456/pathway/2f6eb1cf-f003-4989-9193-d1971efbff96	Thiodicarb
https://envipath.org/package/5882df9c-dae1-4d80-a40e-db4724271456/compound/135193d7-91e9-4063-80d6-54a81c4c95d6/structure/61356269-da66-4484-a263-47d7e0e89241	AV-1951	COC(=O)NC(=S)NC1=C(C=CC=C1)NC(=S)N	 	-99		https://envipath.org/package/5882df9c-dae1-4d80-a40e-db4724271456/pathway/61eb716c-214d-4443-b08b-db656d18287c	Thiophanate-methyl
https://envipath.org/package/5882df9c-dae1-4d80-a40e-db4724271456/compound/53b22ee2-a22f-49c9-ab8a-679005eddd38/structure/8c41c22c-2ea3-4709-94da-e90c0f37d21e	2-AB (2-Amine-1H-benzimidazole)	C1=CC2=C(C=C1)N=C(N)N2	major	2	COC(=O)NC1=NC2=C(C=CC=C2)N1	https://envipath.org/package/5882df9c-dae1-4d80-a40e-db4724271456/pathway/61eb716c-214d-4443-b08b-db656d18287c	Thiophanate-methyl
https://envipath.org/package/5882df9c-dae1-4d80-a40e-db4724271456/compound/aef7695c-e345-4ba2-8a66-89c42c570533/structure/f13564d5-23b7-421d-9c12-1dfe83b29e05	Carbendazim	COC(=O)NC1=NC2=C(C=CC=C2)N1	major	1	COC(=O)NC(=O)NC1=C(C=CC=C1)NC(=S)NC(=O)OC	https://envipath.org/package/5882df9c-dae1-4d80-a40e-db4724271456/pathway/61eb716c-214d-4443-b08b-db656d18287c	Thiophanate-methyl
https://envipath.org/package/5882df9c-dae1-4d80-a40e-db4724271456/compound/0dd44ad5-1b04-4e3a-96b9-7a006f90788b/structure/fae5e454-4264-4c87-b828-898c4e1146ec	CM-0237 (M2)	COC(=O)NC(=O)NC1=CC=CC2=C1N=C(NC(=O)OC)S2	major	1	COC(=O)NC(=S)NC1=C(C=CC=C1)NC(=S)NC(=O)OC	https://envipath.org/package/5882df9c-dae1-4d80-a40e-db4724271456/pathway/61eb716c-214d-4443-b08b-db656d18287c	Thiophanate-methyl
https://envipath.org/package/5882df9c-dae1-4d80-a40e-db4724271456/compound/46934f00-ca57-4add-8025-3e889593358c/structure/06e2a173-ed91-4ae0-a2e1-01ced78bf063	CM-0238 (M1)	COC(=O)NC(=S)NC1=CC=CC2=C1N=C(NC(=O)OC)S2	 	1	COC(=O)NC(=S)NC1=C(C=CC=C1)NC(=S)NC(=O)OC	https://envipath.org/package/5882df9c-dae1-4d80-a40e-db4724271456/pathway/61eb716c-214d-4443-b08b-db656d18287c	Thiophanate-methyl
https://envipath.org/package/5882df9c-dae1-4d80-a40e-db4724271456/compound/fc15c5eb-a664-496c-912c-5bb81f417137/structure/36b9d70b-091d-472b-8737-b0510e222140	DX-105	COC(=O)NC(=O)NC1=C(C=CC=C1)NC(=S)NC(=O)OC	minor	1	COC(=O)NC(=S)NC1=C(C=CC=C1)NC(=S)NC(=O)OC	https://envipath.org/package/5882df9c-dae1-4d80-a40e-db4724271456/pathway/61eb716c-214d-4443-b08b-db656d18287c	Thiophanate-methyl
https://envipath.org/package/5882df9c-dae1-4d80-a40e-db4724271456/compound/dfe6517b-28d1-4073-b721-8377500ebc79/structure/45f43850-ecf6-490b-9c0b-12371fba16b9	M10	C1=CC2=C(C=C1)N3C(=NC(=O)NC3=O)N2	 	-99		https://envipath.org/package/5882df9c-dae1-4d80-a40e-db4724271456/pathway/61eb716c-214d-4443-b08b-db656d18287c	Thiophanate-methyl
https://envipath.org/package/5882df9c-dae1-4d80-a40e-db4724271456/compound/e5b2f7a8-f0f6-4c19-b1c9-dae5ff269ffc/structure/83e76bba-3861-4f5c-94db-cf352a828365	Thiophanate-methyl	COC(=O)NC(=S)NC1=C(C=CC=C1)NC(=S)NC(=O)OC		0		https://envipath.org/package/5882df9c-dae1-4d80-a40e-db4724271456/pathway/61eb716c-214d-4443-b08b-db656d18287c	Thiophanate-methyl
https://envipath.org/package/5882df9c-dae1-4d80-a40e-db4724271456/compound/de7073b2-09d0-49d8-a156-d4058b4e9412/structure/86bbbcab-1f3f-4c57-9ca0-3da5f66be7ff	TM-CH2OH	COP(=S)(OC)OC1=C(C=C(C=C1Cl)CO)Cl		1	CC1=CC(=C(C(=C1)Cl)OP(=S)(OC)OC)Cl	https://envipath.org/package/5882df9c-dae1-4d80-a40e-db4724271456/pathway/03dfc7d4-d3b0-4b01-99aa-d000aa747625	Tolclofos-methyl
https://envipath.org/package/5882df9c-dae1-4d80-a40e-db4724271456/compound/62f47982-d59a-4513-b8e6-e7ab97509cb3/structure/03b9d502-09cb-4b07-b2d5-0dbf39162cd2	ph-COOH	C1=C(C(=C(C=C1C(=O)O)Cl)O)Cl		3	C1=C(C(=C(C=C1CO)Cl)O)Cl	https://envipath.org/package/5882df9c-dae1-4d80-a40e-db4724271456/pathway/03dfc7d4-d3b0-4b01-99aa-d000aa747625	Tolclofos-methyl
https://envipath.org/package/5882df9c-dae1-4d80-a40e-db4724271456/compound/a079aa8a-74a1-49ff-a2a7-2bdf0fc44391/structure/e4d6a278-9805-4ddb-8f78-be8577b347fe	TMO	CC1=CC(=C(C(=C1)Cl)OP(=O)(OC)OC)Cl		1	CC1=CC(=C(C(=C1)Cl)OP(=S)(OC)OC)Cl	https://envipath.org/package/5882df9c-dae1-4d80-a40e-db4724271456/pathway/03dfc7d4-d3b0-4b01-99aa-d000aa747625	Tolclofos-methyl
https://envipath.org/package/5882df9c-dae1-4d80-a40e-db4724271456/compound/88d2463d-a2e9-410a-8534-02a61fc48bc7/structure/b5004d67-8b42-4220-a15c-9bae07812dc0	ph-CH2OH	C1=C(C(=C(C=C1CO)Cl)O)Cl		2	COP(=S)(OC)OC1=C(C=C(C=C1Cl)CO)Cl	https://envipath.org/package/5882df9c-dae1-4d80-a40e-db4724271456/pathway/03dfc7d4-d3b0-4b01-99aa-d000aa747625	Tolclofos-methyl
https://envipath.org/package/5882df9c-dae1-4d80-a40e-db4724271456/compound/ef3315c8-1547-49c4-a7d5-bafd19c0e15a/structure/07bd3095-0687-427e-8a66-ecf65c532044	Tolclofos-methyl	CC1=CC(=C(C(=C1)Cl)OP(=S)(OC)OC)Cl		0		https://envipath.org/package/5882df9c-dae1-4d80-a40e-db4724271456/pathway/03dfc7d4-d3b0-4b01-99aa-d000aa747625	Tolclofos-methyl
https://envipath.org/package/5882df9c-dae1-4d80-a40e-db4724271456/compound/bbaa839e-1041-4665-b569-2474bbbe6a3d/structure/6ae641f7-ac75-467a-a99f-2a3d2a3ac3d0	DM-TMO	CC1=CC(=C(C(=C1)Cl)OP(=O)(O)OC)Cl		2	CC1=CC(=C(C(=C1)Cl)OP(=O)(OC)OC)Cl	https://envipath.org/package/5882df9c-dae1-4d80-a40e-db4724271456/pathway/03dfc7d4-d3b0-4b01-99aa-d000aa747625	Tolclofos-methyl
https://envipath.org/package/5882df9c-dae1-4d80-a40e-db4724271456/compound/c1d2d7ac-c155-4255-913d-082667dcf250/structure/afa8d42f-0f36-440f-a970-adc8f022e784	DM-TM	CC1=CC(=C(C(=C1)Cl)OP(=S)(O)OC)Cl		1	CC1=CC(=C(C(=C1)Cl)OP(=S)(OC)OC)Cl	https://envipath.org/package/5882df9c-dae1-4d80-a40e-db4724271456/pathway/03dfc7d4-d3b0-4b01-99aa-d000aa747625	Tolclofos-methyl
https://envipath.org/package/5882df9c-dae1-4d80-a40e-db4724271456/compound/ae02842b-0431-4aec-8b44-b8733274aef5/structure/f8096a07-0893-45c6-a122-6e08b78e0eca	TM-COOH	COP(=S)(OC)OC1=C(C=C(C=C1Cl)C(=O)O)Cl		2	COP(=S)(OC)OC1=C(C=C(C=C1Cl)CO)Cl	https://envipath.org/package/5882df9c-dae1-4d80-a40e-db4724271456/pathway/03dfc7d4-d3b0-4b01-99aa-d000aa747625	Tolclofos-methyl
https://envipath.org/package/5882df9c-dae1-4d80-a40e-db4724271456/compound/706cb2e6-9808-45b9-a124-0c0d05ab6e08/structure/8af0da9b-6195-4fa5-bdd6-30544d24bc94	ph-CH3	CC1=CC(=C(C(=C1)Cl)O)Cl		1	CC1=CC(=C(C(=C1)Cl)OP(=O)(O)OC)Cl	https://envipath.org/package/5882df9c-dae1-4d80-a40e-db4724271456/pathway/03dfc7d4-d3b0-4b01-99aa-d000aa747625	Tolclofos-methyl
https://envipath.org/package/5882df9c-dae1-4d80-a40e-db4724271456/compound/f848a0c8-a710-4784-8c81-f26994ce5847/structure/5f13731b-23cd-4de8-81ae-90b10dd78fd2	DMST (II)	CC1=CC=C(C=C1)NS(=O)(=O)N(C)C		1	CC1=CC=C(C=C1)N(SC(Cl)(Cl)F)S(=O)(=O)N(C)C	https://envipath.org/package/5882df9c-dae1-4d80-a40e-db4724271456/pathway/de43454a-1546-47f8-86ce-77565fe1b9d9	Tolylfluanid
https://envipath.org/package/5882df9c-dae1-4d80-a40e-db4724271456/compound/50bea1a2-1aff-439b-9474-7b22f5935bc9/structure/aa52264f-d50b-46b0-9bef-cd8ba69e1971	methylaminosulfotoluidide (IX)	CC1=CC=C(C=C1)NS(=O)(=O)NC		2	CC1=CC=C(C=C1)NS(=O)(=O)N(C)C	https://envipath.org/package/5882df9c-dae1-4d80-a40e-db4724271456/pathway/de43454a-1546-47f8-86ce-77565fe1b9d9	Tolylfluanid
https://envipath.org/package/5882df9c-dae1-4d80-a40e-db4724271456/compound/7984ca96-5afb-4c92-99dc-8f5cfcf28704/structure/324fc9f7-3201-42f9-8ba9-0064d4692392	Carbonylsulfide	C(=O)=S		3	C(=S)(Cl)Cl	https://envipath.org/package/5882df9c-dae1-4d80-a40e-db4724271456/pathway/de43454a-1546-47f8-86ce-77565fe1b9d9	Tolylfluanid
https://envipath.org/package/5882df9c-dae1-4d80-a40e-db4724271456/compound/8ade2cb3-e920-41a2-8397-3df8d4a11445/structure/c9ec06d7-b5c9-46f1-871e-1664b1c5d598	Dichlorofluoro-methanesulfonic acid	C(Cl)(Cl)(F)S(=O)(=O)O		2	C(Cl)(Cl)(F)SO	https://envipath.org/package/5882df9c-dae1-4d80-a40e-db4724271456/pathway/de43454a-1546-47f8-86ce-77565fe1b9d9	Tolylfluanid
https://envipath.org/package/5882df9c-dae1-4d80-a40e-db4724271456/compound/a47929d8-b808-4c33-ab06-591f64d4a50d/structure/5360abfd-f996-4cc7-a18f-5ac74e286488	4-(dimethylaminosulfonyl-amino)benzoic acid (XI)	CN(C)S(=O)(=O)NC1=CC=C(C=C1)C(=O)O		2	CC1=CC=C(C=C1)NS(=O)(=O)N(C)C	https://envipath.org/package/5882df9c-dae1-4d80-a40e-db4724271456/pathway/de43454a-1546-47f8-86ce-77565fe1b9d9	Tolylfluanid
https://envipath.org/package/5882df9c-dae1-4d80-a40e-db4724271456/compound/212dd4f7-8fad-47fc-b928-a3b5c2ffa5b7/structure/548e8484-b52a-4f3a-a8eb-0dad50bd40fd	thiophosgene II	C(=S)(Cl)F		2	C(Cl)(Cl)(F)SO	https://envipath.org/package/5882df9c-dae1-4d80-a40e-db4724271456/pathway/de43454a-1546-47f8-86ce-77565fe1b9d9	Tolylfluanid
https://envipath.org/package/5882df9c-dae1-4d80-a40e-db4724271456/compound/19c7b19d-01c3-4ff3-8040-4e3f9b59be73/structure/b8df9e4c-aa3d-4f3e-9c58-0d2af7f2fc5f	thiophosgene I	C(=S)(Cl)Cl		2	C(Cl)(Cl)(F)SO	https://envipath.org/package/5882df9c-dae1-4d80-a40e-db4724271456/pathway/de43454a-1546-47f8-86ce-77565fe1b9d9	Tolylfluanid
https://envipath.org/package/5882df9c-dae1-4d80-a40e-db4724271456/compound/fdbace44-da08-4650-85c9-dc1ccc82b616/structure/dc88ceb2-8e39-46cd-92c1-45721db6ccca	Dichlorofluoromethane-sulfenic-acid	C(Cl)(Cl)(F)SO		1	CC1=CC=C(C=C1)N(SC(Cl)(Cl)F)S(=O)(=O)N(C)C	https://envipath.org/package/5882df9c-dae1-4d80-a40e-db4724271456/pathway/de43454a-1546-47f8-86ce-77565fe1b9d9	Tolylfluanid
https://envipath.org/package/5882df9c-dae1-4d80-a40e-db4724271456/compound/d88f954d-2665-4157-9412-c97d113b0edf/structure/719e7993-2113-4b6c-95f7-7cd65dec7ca5	4-(methylaminosulfonyl-amino)benzoic acid (XII)	CNS(=O)(=O)NC1=CC=C(C=C1)C(=O)O		3	CC1=CC=C(C=C1)NS(=O)(=O)NC	https://envipath.org/package/5882df9c-dae1-4d80-a40e-db4724271456/pathway/de43454a-1546-47f8-86ce-77565fe1b9d9	Tolylfluanid
https://envipath.org/package/5882df9c-dae1-4d80-a40e-db4724271456/compound/2133844d-b174-4690-90c9-efeab2d65725/structure/d4c1b2ec-47f1-4463-ae12-57508a4a4121	Tolylfluanid	CC1=CC=C(C=C1)N(SC(Cl)(Cl)F)S(=O)(=O)N(C)C		0		https://envipath.org/package/5882df9c-dae1-4d80-a40e-db4724271456/pathway/de43454a-1546-47f8-86ce-77565fe1b9d9	Tolylfluanid
https://envipath.org/package/5882df9c-dae1-4d80-a40e-db4724271456/compound/e9cd22a4-e2b8-42c1-bb80-af57a0a45adc/structure/04dbe33b-d927-4285-9551-b1aeac063c9b	Topramezone (BAS 670 H)	CC1=C(C=CC(=C1C2=NOCC2)S(=O)(=O)C)C(=O)C3=C(N(C)N=C3)O		0		https://envipath.org/package/5882df9c-dae1-4d80-a40e-db4724271456/pathway/8239f5fe-7c23-40ac-bfff-22e0c7272815	Topramezone (BAS 670 H)
https://envipath.org/package/5882df9c-dae1-4d80-a40e-db4724271456/compound/6d2e7b5e-5fea-4cc6-b5b0-dfbbfd66ff24/structure/c0420331-fdef-44e9-8e80-0ddf457d500f	M670H05	CC1=C(C=CC(=C1C2=NOCC2)S(=O)(=O)C)C(=O)O		1	CC1=C(C=CC(=C1C2=NOCC2)S(=O)(=O)C)C(=O)C3=C(N(C)N=C3)O	https://envipath.org/package/5882df9c-dae1-4d80-a40e-db4724271456/pathway/8239f5fe-7c23-40ac-bfff-22e0c7272815	Topramezone (BAS 670 H)
https://envipath.org/package/5882df9c-dae1-4d80-a40e-db4724271456/compound/d6b5d30f-9462-4476-a97c-ec334cdd5627/structure/7cc18409-b75c-41ed-9662-c1c8c18f8005	M670H09	CS(=O)(=O)C1=C(C(=CC=C1)CO)C2=NOCC2	minor	2	CC1=C(C=CC(=C1C2=NOCC2)S(=O)(=O)C)C(=O)O	https://envipath.org/package/5882df9c-dae1-4d80-a40e-db4724271456/pathway/8239f5fe-7c23-40ac-bfff-22e0c7272815	Topramezone (BAS 670 H)
https://envipath.org/package/5882df9c-dae1-4d80-a40e-db4724271456/compound/d847029a-bbd9-4b80-b952-211a0f5eba77/structure/c51c79ff-c651-4601-aca9-01c66db6ab0f	M670H01	CC1=C(C#N)C(=CC=C1C(=O)C2=C(N(C)N=C2)O)S(=O)(=O)C		1	CC1=C(C=CC(=C1C2=NOCC2)S(=O)(=O)C)C(=O)C3=C(N(C)N=C3)O	https://envipath.org/package/5882df9c-dae1-4d80-a40e-db4724271456/pathway/8239f5fe-7c23-40ac-bfff-22e0c7272815	Topramezone (BAS 670 H)
https://envipath.org/package/5882df9c-dae1-4d80-a40e-db4724271456/compound/d3a47f89-b89b-496f-8c11-9be57102439f/structure/fa09ab15-a2ae-420e-994b-414cc1192648	Tralkoxydim	CCC(=NOCC)C1C(=O)CC(CC1=O)C2=C(C)C=C(C)C=C2C		0		https://envipath.org/package/5882df9c-dae1-4d80-a40e-db4724271456/pathway/c5db23f5-d9a9-4566-805e-d1958c520088	Tralkoxydim
https://envipath.org/package/5882df9c-dae1-4d80-a40e-db4724271456/compound/5af7f8f4-f557-487f-b26b-cd4e3a34a3af/structure/7ed138f8-830b-491b-9930-f013c9e93b05	R158378	CCC(=N)C1C(=O)CC(CC1=O)C2=C(C)C=C(C)C=C2C		1	CCC(=NOCC)C1C(=O)CC(CC1=O)C2=C(C)C=C(C)C=C2C	https://envipath.org/package/5882df9c-dae1-4d80-a40e-db4724271456/pathway/c5db23f5-d9a9-4566-805e-d1958c520088	Tralkoxydim
https://envipath.org/package/5882df9c-dae1-4d80-a40e-db4724271456/compound/abefa088-c9f6-4e47-a76e-f8bf0e40eefc/structure/babcd4bd-2c22-405d-8d1a-929fb1165559	R173642	CC1=CC(=C(C(=C1)C)C(CC(=O)O)CC(=O)O)C		1	CCC(=NOCC)C1C(=O)CC(CC1=O)C2=C(C)C=C(C)C=C2C	https://envipath.org/package/5882df9c-dae1-4d80-a40e-db4724271456/pathway/c5db23f5-d9a9-4566-805e-d1958c520088	Tralkoxydim
https://envipath.org/package/5882df9c-dae1-4d80-a40e-db4724271456/compound/156f0e83-69eb-4e2e-8765-71f7ba18c726/structure/b4a6f8f5-cc8a-43bf-a543-4b359227fe77	R223068	CC/C(=N\OCC)/C1C(=O)CC(CC1=O)C2=C(C)C=C(C=C2C)C(=O)O		1	CCC(=NOCC)C1C(=O)CC(CC1=O)C2=C(C)C=C(C)C=C2C	https://envipath.org/package/5882df9c-dae1-4d80-a40e-db4724271456/pathway/c5db23f5-d9a9-4566-805e-d1958c520088	Tralkoxydim
https://envipath.org/package/5882df9c-dae1-4d80-a40e-db4724271456/compound/876096cd-cda7-4ceb-9379-87740b1ee944/structure/f2b3e43c-7002-433c-9f75-a708ff50e6c1	R163434	CCC1=NC2=C(CC(CC2=O)C3=C(C)C=C(C)C=C3C)O1		1	CCC(=NOCC)C1C(=O)CC(CC1=O)C2=C(C)C=C(C)C=C2C	https://envipath.org/package/5882df9c-dae1-4d80-a40e-db4724271456/pathway/c5db23f5-d9a9-4566-805e-d1958c520088	Tralkoxydim
https://envipath.org/package/5882df9c-dae1-4d80-a40e-db4724271456/compound/23432482-55d2-4356-a398-b06389c19722/structure/d852cb1e-2ecd-4995-a618-0e3f41085cc5	TCPSA	C(C(=C(Cl)Cl)Cl)S(=O)(=O)O		1	CC(C)N(C(C)C)C(=O)SCC(=C(Cl)Cl)Cl	https://envipath.org/package/5882df9c-dae1-4d80-a40e-db4724271456/pathway/028c2ff7-2036-4216-8b53-62fe6f62d9cb	Tri-allate
https://envipath.org/package/5882df9c-dae1-4d80-a40e-db4724271456/compound/1e570a2c-42b0-4a14-bd61-1821053c5e9f/structure/32b39b92-1197-4ea9-94f7-1ec6189bba91	Tri-allate	CC(C)N(C(C)C)C(=O)SCC(=C(Cl)Cl)Cl		0		https://envipath.org/package/5882df9c-dae1-4d80-a40e-db4724271456/pathway/028c2ff7-2036-4216-8b53-62fe6f62d9cb	Tri-allate
https://envipath.org/package/5882df9c-dae1-4d80-a40e-db4724271456/compound/41dfb598-597f-4cf0-9667-c2b6573aef5c/structure/be31709e-2efa-41dd-b3e5-b215acd78ab0	P05	C(=O)C(C(=O)O)O		5	C(C(O)O)(C(=O)O)O	https://envipath.org/package/5882df9c-dae1-4d80-a40e-db4724271456/pathway/1bc08afb-ad15-4a57-947b-832118167814	Triadimenol
https://envipath.org/package/5882df9c-dae1-4d80-a40e-db4724271456/compound/95626362-7608-4b4a-a082-077b5d9451af/structure/e3f6682a-ab3e-4437-9619-de30d471cc26	KWG1640 (M02)	CC(C)(C(C(N1C=NC=N1)OC2=CC=C(C=C2)Cl)O)C(=O)O		1	CC(C)(C)C(C(N1C=NC=N1)OC2=CC=C(C=C2)Cl)O	https://envipath.org/package/5882df9c-dae1-4d80-a40e-db4724271456/pathway/1bc08afb-ad15-4a57-947b-832118167814	Triadimenol
https://envipath.org/package/5882df9c-dae1-4d80-a40e-db4724271456/compound/f87611b6-f050-48b9-ba81-bf7f944802bc/structure/06bf9b40-4912-40a0-9521-938cc4ea8dd4	P07	C1=NN(C=N1)C(C(=O)C(=O)O)O		4	C1=NN(C=N1)C(C(C(=O)O)O)O	https://envipath.org/package/5882df9c-dae1-4d80-a40e-db4724271456/pathway/1bc08afb-ad15-4a57-947b-832118167814	Triadimenol
https://envipath.org/package/5882df9c-dae1-4d80-a40e-db4724271456/compound/afe6e751-3c01-4e0c-9a17-a282847cd7d2/structure/f5dfc1b3-eb93-4558-b741-613e12ea23f2	P02	C1=NN(C=N1)C(=O)C(C(=O)O)O		4	C1=NN(C=N1)C(C(C(=O)O)O)O	https://envipath.org/package/5882df9c-dae1-4d80-a40e-db4724271456/pathway/1bc08afb-ad15-4a57-947b-832118167814	Triadimenol
https://envipath.org/package/5882df9c-dae1-4d80-a40e-db4724271456/compound/071fe1e6-7948-4666-ac0e-d2926d99ae9b/structure/b54f3d36-7111-4dd3-8596-0cbeebd0bde8	KWG1732(M03)	C1=C(C=CC(=C1)OC(C(C(=O)O)O)N2C=NC=N2)Cl		2	CC(C)(C(C(N1C=NC=N1)OC2=CC=C(C=C2)Cl)O)C(=O)O	https://envipath.org/package/5882df9c-dae1-4d80-a40e-db4724271456/pathway/1bc08afb-ad15-4a57-947b-832118167814	Triadimenol
https://envipath.org/package/5882df9c-dae1-4d80-a40e-db4724271456/compound/68e8b4ba-373a-425a-a6c6-0ee8ce6b58b6/structure/6a74a695-afd4-40df-a5e4-d65fff54f7a5	P04	C(C(O)O)(C(=O)O)O		4	C1=NN(C=N1)C(C(C(=O)O)O)O	https://envipath.org/package/5882df9c-dae1-4d80-a40e-db4724271456/pathway/1bc08afb-ad15-4a57-947b-832118167814	Triadimenol
https://envipath.org/package/5882df9c-dae1-4d80-a40e-db4724271456/compound/2244db22-0118-4c9c-86fa-ea2a35be71ed/structure/9568c42f-bba5-4666-add3-eb01fdab689f	Triazolyl-glycerine acid	C1=NN(C=N1)C(C(C(=O)O)O)O		3	C1=C(C=CC(=C1)OC(C(C(=O)O)O)N2C=NC=N2)Cl	https://envipath.org/package/5882df9c-dae1-4d80-a40e-db4724271456/pathway/1bc08afb-ad15-4a57-947b-832118167814	Triadimenol
https://envipath.org/package/5882df9c-dae1-4d80-a40e-db4724271456/compound/a15dc090-924f-4ae2-9ea6-3230a8a7f504/structure/d705d7e2-2f0e-4230-8d35-5eb2c2fc1c91	1,2,4 triazole	C1=NC=NN1		3	C1=C(C=CC(=C1)OC(C(C(=O)O)O)N2C=NC=N2)Cl	https://envipath.org/package/5882df9c-dae1-4d80-a40e-db4724271456/pathway/1bc08afb-ad15-4a57-947b-832118167814	Triadimenol
https://envipath.org/package/5882df9c-dae1-4d80-a40e-db4724271456/compound/b2d4f1be-b12f-4813-973e-a5bb89fc4c08/structure/c312f91c-3487-4b38-a8af-e38a00362dc7	1,2,4 triazole acetic-acid 	C(C(=O)O)N1C=NC=N1		5	C1=NN(C=N1)C(C(=O)O)N	https://envipath.org/package/5882df9c-dae1-4d80-a40e-db4724271456/pathway/1bc08afb-ad15-4a57-947b-832118167814	Triadimenol
https://envipath.org/package/5882df9c-dae1-4d80-a40e-db4724271456/compound/4a23d50e-ceb3-4200-833a-aa1351ec54a4/structure/eef511b0-e5da-4534-94c1-90bbb82ad2ae	Triazole alanine (M06)	C1=NN(C=N1)C(C(=O)O)N		4	C1=NC=NN1	https://envipath.org/package/5882df9c-dae1-4d80-a40e-db4724271456/pathway/1bc08afb-ad15-4a57-947b-832118167814	Triadimenol
https://envipath.org/package/5882df9c-dae1-4d80-a40e-db4724271456/compound/56880407-343e-412f-a88b-0f83b117248c/structure/81358495-eef7-457b-b1ea-b4e7e4a661ac	P09	C1=NN(C=N1)CO		6	C1=NN(C=N1)C(C(=O)O)O	https://envipath.org/package/5882df9c-dae1-4d80-a40e-db4724271456/pathway/1bc08afb-ad15-4a57-947b-832118167814	Triadimenol
https://envipath.org/package/5882df9c-dae1-4d80-a40e-db4724271456/compound/bc1bbdcd-0a05-42f0-b8e3-81ca51974983/structure/417f59f2-3641-4693-8a66-7bebc8ebfae9	Triadimefon (M01)	CC(C)(C)C(=O)C(N1C=NC=N1)OC2=CC=C(C=C2)Cl		1	CC(C)(C)C(C(N1C=NC=N1)OC2=CC=C(C=C2)Cl)O	https://envipath.org/package/5882df9c-dae1-4d80-a40e-db4724271456/pathway/1bc08afb-ad15-4a57-947b-832118167814	Triadimenol
https://envipath.org/package/5882df9c-dae1-4d80-a40e-db4724271456/compound/f273bc4c-1426-4cb1-bd77-24b8d4f197d2/structure/54bd94b6-875a-4f13-a9ab-63d554297162	P08	C1=NN(C=N1)C(C(=O)O)O		5	C1=NN(C=N1)C(C(=O)C(=O)O)O	https://envipath.org/package/5882df9c-dae1-4d80-a40e-db4724271456/pathway/1bc08afb-ad15-4a57-947b-832118167814	Triadimenol
https://envipath.org/package/5882df9c-dae1-4d80-a40e-db4724271456/compound/35ed5fd2-a0aa-4396-8a22-1030a570d8f0/structure/6da07855-4cab-4991-be93-53504d747c0f	P-chloro-phenol	C1=C(C=CC(=C1)O)Cl		3	C1=C(C=CC(=C1)OC(C(C(=O)O)O)N2C=NC=N2)Cl	https://envipath.org/package/5882df9c-dae1-4d80-a40e-db4724271456/pathway/1bc08afb-ad15-4a57-947b-832118167814	Triadimenol
https://envipath.org/package/5882df9c-dae1-4d80-a40e-db4724271456/compound/21ebc65c-b91f-4643-96ed-f6da1a4cd2ab/structure/6dafe190-5c56-441e-9dea-0d4d014bc442	P03	C1=NN(C=N1)C(=O)C(=O)O		5	C1=NN(C=N1)C(=O)C(C(=O)O)O	https://envipath.org/package/5882df9c-dae1-4d80-a40e-db4724271456/pathway/1bc08afb-ad15-4a57-947b-832118167814	Triadimenol
https://envipath.org/package/5882df9c-dae1-4d80-a40e-db4724271456/compound/4ae38de6-b543-47fb-bc2d-1ac2e19cc6fb/structure/6aa49d17-5d2b-497b-ab2d-9e05938cf9a1	P06	C(C(=O)O)(C(=O)O)O		6	C(=O)C(C(=O)O)O	https://envipath.org/package/5882df9c-dae1-4d80-a40e-db4724271456/pathway/1bc08afb-ad15-4a57-947b-832118167814	Triadimenol
https://envipath.org/package/5882df9c-dae1-4d80-a40e-db4724271456/compound/ffec5efc-e2f2-4d67-a669-d126cd88a640/structure/eeecbf2c-f8d8-41f3-ae3b-2c4a8dad0d74	Triadimenol	CC(C)(C)C(C(N1C=NC=N1)OC2=CC=C(C=C2)Cl)O		0		https://envipath.org/package/5882df9c-dae1-4d80-a40e-db4724271456/pathway/1bc08afb-ad15-4a57-947b-832118167814	Triadimenol
https://envipath.org/package/5882df9c-dae1-4d80-a40e-db4724271456/compound/16a66ffb-d8e6-43fe-92c9-0d5a25b94821/structure/929d2047-4bcb-41c8-bcd7-bb970abf3a83	Triazine amine (IN-A4098)	CC1=NC(=NC(=N1)N)OC		1	CC1=NC(=NC(=N1)NC(=O)NS(=O)(=O)C2=C(C=CC=C2)OCCCl)OC	https://envipath.org/package/5882df9c-dae1-4d80-a40e-db4724271456/pathway/25b5eedd-27e1-45b0-9c68-302e28282cc4	Triasulfuron
https://envipath.org/package/5882df9c-dae1-4d80-a40e-db4724271456/compound/74a5fcd5-f2a4-425b-9e46-a3c0bc5fe40a/structure/6c1d84a5-f911-41b5-adc6-00ef9771aec4	SYN546832	CC1=NC(=NC(=N1)NC(=O)NS(=O)(=O)O)OC		1	CC1=NC(=NC(=N1)NC(=O)NS(=O)(=O)C2=C(C=CC=C2)OCCCl)OC	https://envipath.org/package/5882df9c-dae1-4d80-a40e-db4724271456/pathway/25b5eedd-27e1-45b0-9c68-302e28282cc4	Triasulfuron
https://envipath.org/package/5882df9c-dae1-4d80-a40e-db4724271456/compound/6f28950c-bbec-4086-8d5e-d2bb0a220a57/structure/54eb11ad-b920-47a7-ae86-dcbb2b9c183a	IN-F5475	CC1=NC(=NC(=N1)O)O		2	CC1=NC(=NC(=N1)N)OC	https://envipath.org/package/5882df9c-dae1-4d80-a40e-db4724271456/pathway/25b5eedd-27e1-45b0-9c68-302e28282cc4	Triasulfuron
https://envipath.org/package/5882df9c-dae1-4d80-a40e-db4724271456/compound/661caf6e-0774-4170-a9e7-3882ed9d32bf/structure/69f5576b-06ae-46fd-8fcd-a95de462f4bf	Triasulfuron	CC1=NC(=NC(=N1)NC(=O)NS(=O)(=O)C2=C(C=CC=C2)OCCCl)OC		0		https://envipath.org/package/5882df9c-dae1-4d80-a40e-db4724271456/pathway/25b5eedd-27e1-45b0-9c68-302e28282cc4	Triasulfuron
https://envipath.org/package/5882df9c-dae1-4d80-a40e-db4724271456/compound/782dc2af-18a8-4c78-92c4-afb5952f8ad2/structure/cfc670da-a1a5-49a1-8742-5d4ef7f6acec	CGA195662	COC1=NC(=NC(=N1)CO)NC(=O)NS(=O)(=O)C2=C(C=CC=C2)OCCCl		-99		https://envipath.org/package/5882df9c-dae1-4d80-a40e-db4724271456/pathway/25b5eedd-27e1-45b0-9c68-302e28282cc4	Triasulfuron
https://envipath.org/package/5882df9c-dae1-4d80-a40e-db4724271456/compound/a75265df-e3a0-4cf8-b2e0-214bbc381008/structure/740609dc-ae3b-44bd-bd62-9882254a699f	SYN546702	C1=CC(=C(C=C1)S(=O)(=O)NC(=O)NC(=N)NC(=O)N)OCCCl		2	CC1=NC(=NC(=N1)NC(=O)NS(=O)(=O)C2=C(C=CC=C2)OCCCl)O	https://envipath.org/package/5882df9c-dae1-4d80-a40e-db4724271456/pathway/25b5eedd-27e1-45b0-9c68-302e28282cc4	Triasulfuron
https://envipath.org/package/5882df9c-dae1-4d80-a40e-db4724271456/compound/61951402-056f-4a5c-98f0-85ca2ee27c48/structure/75384dfc-d6d8-4e87-b893-6193dab4be39	IN-V7160	CC1=NC(=NC(=N1)NC(=O)N)OC		2	CC1=NC(=NC(=N1)NC(=O)NS(=O)(=O)O)OC	https://envipath.org/package/5882df9c-dae1-4d80-a40e-db4724271456/pathway/25b5eedd-27e1-45b0-9c68-302e28282cc4	Triasulfuron
https://envipath.org/package/5882df9c-dae1-4d80-a40e-db4724271456/compound/d7bb49c2-e116-4701-9d0c-19b951a1326a/structure/b1e7f1ff-9dd3-4602-8b6c-96ff9e8a6684	CGA 195660	CC1=NC(=NC(=N1)NC(=O)NS(=O)(=O)C2=C(C=CC=C2)OCCCl)O		1	CC1=NC(=NC(=N1)NC(=O)NS(=O)(=O)C2=C(C=CC=C2)OCCCl)OC	https://envipath.org/package/5882df9c-dae1-4d80-a40e-db4724271456/pathway/25b5eedd-27e1-45b0-9c68-302e28282cc4	Triasulfuron
https://envipath.org/package/5882df9c-dae1-4d80-a40e-db4724271456/compound/a609aede-2e62-4c7c-b1c7-9711540660aa/structure/6b2bc96f-d60f-40a1-ab0a-48163ca46ceb	SYN546705	CC1=NC(=NC(=N1)NC(=O)NC2=C(C=CC=C2)OCCCl)OC		-99		https://envipath.org/package/5882df9c-dae1-4d80-a40e-db4724271456/pathway/25b5eedd-27e1-45b0-9c68-302e28282cc4	Triasulfuron
https://envipath.org/package/5882df9c-dae1-4d80-a40e-db4724271456/compound/7c84bf79-b9f3-49e6-9f91-6275855500a8/structure/8fc32d17-f8bf-437f-a999-3fe4caaeecb0	CGA161149	C1=CC(=C(C=C1)S(=O)(=O)N)OCCCl		1	CC1=NC(=NC(=N1)NC(=O)NS(=O)(=O)C2=C(C=CC=C2)OCCCl)O	https://envipath.org/package/5882df9c-dae1-4d80-a40e-db4724271456/pathway/25b5eedd-27e1-45b0-9c68-302e28282cc4	Triasulfuron
https://envipath.org/package/5882df9c-dae1-4d80-a40e-db4724271456/compound/96e6afe1-7047-4c95-93cf-45dbbada2be5/structure/ba32e646-a118-4e64-9cb6-ede026f6bbfd	Triazoxide	C1=C(C=C2C(=C1)N=C(N=[N+]2[O-])N3C=CN=C3)Cl		0		https://envipath.org/package/5882df9c-dae1-4d80-a40e-db4724271456/pathway/1e4ee8f7-4755-44be-b7fc-7d65c48782be	Triazoxide
https://envipath.org/package/5882df9c-dae1-4d80-a40e-db4724271456/compound/6e0b6867-0f54-43f0-bf6a-e5305b14db70/structure/91bea2d2-e28c-4835-93ed-47aa4cc6e3be	Triazoxide amino	C1=C(C=C2C(=C1)N=C(N)N=[N+]2[O-])Cl		1	C1=C(C=C2C(=C1)N=C(N=[N+]2[O-])N3C=CN=C3)Cl	https://envipath.org/package/5882df9c-dae1-4d80-a40e-db4724271456/pathway/1e4ee8f7-4755-44be-b7fc-7d65c48782be	Triazoxide
https://envipath.org/package/5882df9c-dae1-4d80-a40e-db4724271456/compound/8c0d2657-96e6-4b67-8385-998adfcc0cc9/structure/58351071-ef56-4105-bb89-09cc464412ad	Triazoxide desoxy	C1=C(C=C2C(=C1)N=C(N=N2)N3C=CN=C3)Cl		1	C1=C(C=C2C(=C1)N=C(N=[N+]2[O-])N3C=CN=C3)Cl	https://envipath.org/package/5882df9c-dae1-4d80-a40e-db4724271456/pathway/1e4ee8f7-4755-44be-b7fc-7d65c48782be	Triazoxide
https://envipath.org/package/5882df9c-dae1-4d80-a40e-db4724271456/compound/d093d46d-d36c-4214-9df6-9a2f410139f7/structure/49b538e5-55fa-4871-9d80-64a7fcef3d34	IN-L5296 Triazine Amine	CC1=NC(=NC(=N1)NC)OC		1	CC1=NC(=NC(=N1)N(C)C(=O)NS(=O)(=O)C2=C(C=CC=C2)C(=O)OC)OC	https://envipath.org/package/5882df9c-dae1-4d80-a40e-db4724271456/pathway/7c1549d2-6a24-4b58-83c1-5877dfb2d529	Tribenuron-methyl
https://envipath.org/package/5882df9c-dae1-4d80-a40e-db4724271456/compound/9952c600-5afe-46d2-a88a-65b05736c39e/structure/77936305-0f79-43ea-94dd-641f046ec7e4	Saccharin (IN-00581)	C1=CC2=C(C=C1)S(=O)(=O)NC2=O		3	C1=CC(=C(C=C1)S(=O)(=O)N)C(=O)O	https://envipath.org/package/5882df9c-dae1-4d80-a40e-db4724271456/pathway/7c1549d2-6a24-4b58-83c1-5877dfb2d529	Tribenuron-methyl
https://envipath.org/package/5882df9c-dae1-4d80-a40e-db4724271456/compound/1c15c524-6ab3-4889-81e9-33c8910d798a/structure/c61f429b-c9b2-48a3-89f1-a5dcd75dfcbf	Tribenuron-methyl	CC1=NC(=NC(=N1)N(C)C(=O)NS(=O)(=O)C2=C(C=CC=C2)C(=O)OC)OC		0		https://envipath.org/package/5882df9c-dae1-4d80-a40e-db4724271456/pathway/7c1549d2-6a24-4b58-83c1-5877dfb2d529	Tribenuron-methyl
https://envipath.org/package/5882df9c-dae1-4d80-a40e-db4724271456/compound/31748349-7ad0-467e-a338-2cdab3c896d2/structure/5a1f818c-ba12-45aa-b19f-a8722855e97a	Acid sulphonamide (IN-D5119)	C1=CC(=C(C=C1)S(=O)(=O)N)C(=O)O		2	C1=CC2=C(C=C1)S(=O)(=O)NC2=O	https://envipath.org/package/5882df9c-dae1-4d80-a40e-db4724271456/pathway/7c1549d2-6a24-4b58-83c1-5877dfb2d529	Tribenuron-methyl
https://envipath.org/package/5882df9c-dae1-4d80-a40e-db4724271456/compound/16a66ffb-d8e6-43fe-92c9-0d5a25b94821/structure/929d2047-4bcb-41c8-bcd7-bb970abf3a83	Triazine amine (IN-A4098)	CC1=NC(=NC(=N1)N)OC		2	CC1=NC(=NC(=N1)NC)OC	https://envipath.org/package/5882df9c-dae1-4d80-a40e-db4724271456/pathway/7c1549d2-6a24-4b58-83c1-5877dfb2d529	Tribenuron-methyl
https://envipath.org/package/5882df9c-dae1-4d80-a40e-db4724271456/compound/0425202a-4e26-47af-b405-10fba72dad26/structure/a8952042-2f80-4b7b-a3a0-af6de59bf558	O-demethyl-triazine amine	CC1=NC(=NC(=N1)NC)O		2	CC1=NC(=NC(=N1)NC)OC	https://envipath.org/package/5882df9c-dae1-4d80-a40e-db4724271456/pathway/7c1549d2-6a24-4b58-83c1-5877dfb2d529	Tribenuron-methyl
https://envipath.org/package/5882df9c-dae1-4d80-a40e-db4724271456/compound/15d003e4-f1b8-43d0-9c2d-1f2bc6541475/structure/2c04b82f-52f4-4f55-82a5-d189f8097046	Ester sulfonamide (IN-D5803)	COC(=O)C1=C(C=CC=C1)S(=O)(=O)N		1	CC1=NC(=NC(=N1)N(C)C(=O)NS(=O)(=O)C2=C(C=CC=C2)C(=O)OC)OC	https://envipath.org/package/5882df9c-dae1-4d80-a40e-db4724271456/pathway/7c1549d2-6a24-4b58-83c1-5877dfb2d529	Tribenuron-methyl
https://envipath.org/package/5882df9c-dae1-4d80-a40e-db4724271456/compound/425d6417-426a-45d1-88ee-0144ad6268d2/structure/66a04f5e-b611-41a0-8c80-d7d8a40a568f	Trichlorohydroxyethyl-phosphonic acid	C(C(Cl)(Cl)Cl)(O)P(=O)(O)O		2	COP(=O)(C(C(Cl)(Cl)Cl)O)O	https://envipath.org/package/5882df9c-dae1-4d80-a40e-db4724271456/pathway/78fc2f6f-010b-491b-958b-1f833d06a747	Trichlorfon
https://envipath.org/package/5882df9c-dae1-4d80-a40e-db4724271456/compound/8bd9f35f-3d30-4589-9e14-698965d73b11/structure/32491cfe-0630-4215-927e-c1af53b006f3	Trichlorfon	COP(=O)(C(C(Cl)(Cl)Cl)O)OC		0		https://envipath.org/package/5882df9c-dae1-4d80-a40e-db4724271456/pathway/78fc2f6f-010b-491b-958b-1f833d06a747	Trichlorfon
https://envipath.org/package/5882df9c-dae1-4d80-a40e-db4724271456/compound/7d5d3175-9415-4172-947e-f3f90376aa5a/structure/717e91ad-addb-412d-aeb4-7480eee5e73b	DDVP	COP(=O)(OC)OC=C(Cl)Cl		1	COP(=O)(C(C(Cl)(Cl)Cl)O)OC	https://envipath.org/package/5882df9c-dae1-4d80-a40e-db4724271456/pathway/78fc2f6f-010b-491b-958b-1f833d06a747	Trichlorfon
https://envipath.org/package/5882df9c-dae1-4d80-a40e-db4724271456/compound/198dfc22-362d-4c97-ae73-0e37601069b3/structure/a265f157-2c4c-4374-8906-cce2b00fd8b9	Dimethyl Phosphate	COP(=O)(O)OC		1	COP(=O)(C(C(Cl)(Cl)Cl)O)OC	https://envipath.org/package/5882df9c-dae1-4d80-a40e-db4724271456/pathway/78fc2f6f-010b-491b-958b-1f833d06a747	Trichlorfon
https://envipath.org/package/5882df9c-dae1-4d80-a40e-db4724271456/compound/c080cbad-72db-4cab-af05-6f4d90440d94/structure/5f4b8ddc-cdec-47c0-89f9-15e1965d6e68	Desmethyl DDVP	COP(=O)(O)OC=C(Cl)Cl		2	COP(=O)(C(C(Cl)(Cl)Cl)O)O	https://envipath.org/package/5882df9c-dae1-4d80-a40e-db4724271456/pathway/78fc2f6f-010b-491b-958b-1f833d06a747	Trichlorfon
https://envipath.org/package/5882df9c-dae1-4d80-a40e-db4724271456/compound/1131d7b8-9969-4951-9263-a3e6bc7e3305/structure/b8d38044-0c22-48ad-baff-a26f1f07e033	Demethyl Trichlorfon	COP(=O)(C(C(Cl)(Cl)Cl)O)O		1	COP(=O)(C(C(Cl)(Cl)Cl)O)OC	https://envipath.org/package/5882df9c-dae1-4d80-a40e-db4724271456/pathway/78fc2f6f-010b-491b-958b-1f833d06a747	Trichlorfon
https://envipath.org/package/5882df9c-dae1-4d80-a40e-db4724271456/compound/09aa5a04-a3ad-425d-99bc-d6bea5f3abd1/structure/c755c763-e0d4-4594-8dda-09013bcfc77f	Demethyl hydrogen phosphate	COP(=O)(O)O		-99		https://envipath.org/package/5882df9c-dae1-4d80-a40e-db4724271456/pathway/78fc2f6f-010b-491b-958b-1f833d06a747	Trichlorfon
https://envipath.org/package/5882df9c-dae1-4d80-a40e-db4724271456/compound/84684967-eade-48d4-b25d-c4aede0a0836/structure/8f21ea3b-dc97-46a7-9df3-c417fa519b53	Phosphate	OP(=O)(O)O		3	C(C(Cl)(Cl)Cl)(O)P(=O)(O)O	https://envipath.org/package/5882df9c-dae1-4d80-a40e-db4724271456/pathway/78fc2f6f-010b-491b-958b-1f833d06a747	Trichlorfon
https://envipath.org/package/5882df9c-dae1-4d80-a40e-db4724271456/compound/9c6eeb68-e0d0-456e-9561-65cead2ff8e8/structure/4bdfcd1b-1ea4-47b5-9884-5c1e90477b44	Dichlorovinyl phosphate	C(=C(Cl)Cl)OP(=O)(O)O		3	COP(=O)(O)OC=C(Cl)Cl	https://envipath.org/package/5882df9c-dae1-4d80-a40e-db4724271456/pathway/78fc2f6f-010b-491b-958b-1f833d06a747	Trichlorfon
https://envipath.org/package/5882df9c-dae1-4d80-a40e-db4724271456/compound/8aa1fe13-2c4a-4e35-b6a7-ea7b1e939300/structure/e820634f-e3fc-4ebf-9995-42153c9733e5	Triclopyr	C1=C(C(=NC(=C1Cl)Cl)OCC(=O)O)Cl		1	CCCCOCCOC(=O)COC1=NC(=C(C=C1Cl)Cl)Cl	https://envipath.org/package/5882df9c-dae1-4d80-a40e-db4724271456/pathway/aee0fb63-02e1-4215-843e-ae2b5def5edc	Triclopyr
https://envipath.org/package/5882df9c-dae1-4d80-a40e-db4724271456/compound/83bbe3e7-1ae9-4cb3-924d-0079817bde74/structure/fab6551f-27ec-4585-8ae6-9d5139a7e44a	TCP	C1=C(C(=O)NC(=C1Cl)Cl)Cl		2	C1=C(C(=NC(=C1Cl)Cl)OCC(=O)O)Cl	https://envipath.org/package/5882df9c-dae1-4d80-a40e-db4724271456/pathway/aee0fb63-02e1-4215-843e-ae2b5def5edc	Triclopyr
https://envipath.org/package/5882df9c-dae1-4d80-a40e-db4724271456/compound/9ee7810d-f638-4f3f-aeed-cdb4db282490/structure/11759d5b-4ec4-401f-af8d-36b05eb3f2d6	Triclopyr BEE	CCCCOCCOC(=O)COC1=NC(=C(C=C1Cl)Cl)Cl		0		https://envipath.org/package/5882df9c-dae1-4d80-a40e-db4724271456/pathway/aee0fb63-02e1-4215-843e-ae2b5def5edc	Triclopyr
https://envipath.org/package/5882df9c-dae1-4d80-a40e-db4724271456/compound/2e0ee5c3-2336-45f5-b126-b0053d552cc4/structure/95f21019-3867-4dad-84cf-5fde80ec02db	TMP	COC1=NC(=C(C=C1Cl)Cl)Cl		-99		https://envipath.org/package/5882df9c-dae1-4d80-a40e-db4724271456/pathway/aee0fb63-02e1-4215-843e-ae2b5def5edc	Triclopyr
https://envipath.org/package/5882df9c-dae1-4d80-a40e-db4724271456/compound/9e045bc3-7afb-4422-9ffa-3bec0e778f3d/structure/528d75c9-dc8c-4ddf-8331-551f5fa74db5	Metabolite D	CC1=CC=CC(=C1N2C=NN=C2)S(=O)(=O)C		1	CC1=CC=CC2=C1N3C=NN=C3S2	https://envipath.org/package/5882df9c-dae1-4d80-a40e-db4724271456/pathway/8d8f1ac2-2114-482e-b234-f35d3b7133c4	Tricyclazole
https://envipath.org/package/5882df9c-dae1-4d80-a40e-db4724271456/compound/d48a638a-fc8c-4914-8fa5-ec1bf782603d/structure/6dc4f651-d558-4bb6-8dea-505f3f1f6b0f	Tricyclazole	CC1=CC=CC2=C1N3C=NN=C3S2		0		https://envipath.org/package/5882df9c-dae1-4d80-a40e-db4724271456/pathway/8d8f1ac2-2114-482e-b234-f35d3b7133c4	Tricyclazole
https://envipath.org/package/5882df9c-dae1-4d80-a40e-db4724271456/compound/e697cb00-3d3d-41f3-b10e-66b75972ffff/structure/44a07c39-7844-4df1-88e8-3b332a2c7740	NOA 413163	CO/N=C(\C1=C(C=CC=C1)CO/N=C(\C2=CC=CC(=C2)C(F)(F)F)/C(=O)O)/C(=O)O	 	3	C/C(=N/OCC1=C(C=CC=C1)/C(=N\OC)/C(=O)O)/C2=CC=CC(=C2)C(F)(F)F	https://envipath.org/package/5882df9c-dae1-4d80-a40e-db4724271456/pathway/6a2bef6c-81e4-4a1a-ad43-6ba2eb70afa1	Trifloxystrobin
https://envipath.org/package/5882df9c-dae1-4d80-a40e-db4724271456/compound/7f990dcb-d7dd-420a-85a3-71b384a9945b/structure/fc849325-8bf6-4645-98d6-af5c4cdc33c6	NOA 413161	CO/N=C(\C1=C(C=CC=C1)CO/N=C(/C2=CC=CC(=C2)C(F)(F)F)\C(=O)O)/C(=O)O	major	2	C/C(=N\OCC1=C(C=CC=C1)/C(=N\OC)/C(=O)O)/C2=CC=CC(=C2)C(F)(F)F	https://envipath.org/package/5882df9c-dae1-4d80-a40e-db4724271456/pathway/6a2bef6c-81e4-4a1a-ad43-6ba2eb70afa1	Trifloxystrobin
https://envipath.org/package/5882df9c-dae1-4d80-a40e-db4724271456/compound/14b0afd6-5b95-4527-a8a7-43f82e771883/structure/02e2a7d8-f3ff-45e7-a59b-c9cfa24dcfd9	Trifloxystrobin	C/C(=N\OCC1=C(C=CC=C1)/C(=N\OC)/C(=O)OC)/C2=CC=CC(=C2)C(F)(F)F	 	0	C/C(=N/OCC1=C(C=CC=C1)/C(=N\OC)/C(=O)OC)/C2=CC=CC(=C2)C(F)(F)F	https://envipath.org/package/5882df9c-dae1-4d80-a40e-db4724271456/pathway/6a2bef6c-81e4-4a1a-ad43-6ba2eb70afa1	Trifloxystrobin
https://envipath.org/package/5882df9c-dae1-4d80-a40e-db4724271456/compound/aae72803-fffb-4c04-89a2-14f7cdafa5ca/structure/43bfc8ab-9965-4d04-bbb5-d24994c8c5fb	CGA 357276	C/C(=N\OCC1=C(C=CC=C1)C#N)/C2=CC=CC(=C2)C(F)(F)F	major	2	C/C(=N\OCC1=C(C=CC=C1)/C(=N\OC)/C(=O)O)/C2=CC=CC(=C2)C(F)(F)F	https://envipath.org/package/5882df9c-dae1-4d80-a40e-db4724271456/pathway/6a2bef6c-81e4-4a1a-ad43-6ba2eb70afa1	Trifloxystrobin
https://envipath.org/package/5882df9c-dae1-4d80-a40e-db4724271456/compound/0858bfa4-ade1-459f-8bf3-a0745016d157/structure/e2887700-1625-41cd-8766-5afee18dc457	NOA 409480	C/C(=N/OCC1=C(C=CC=C1)C#N)/C2=CC=CC(=C2)C(F)(F)F	 	3	C/C(=N/OCC1=C(C=CC=C1)/C(=N\OC)/C(=O)O)/C2=CC=CC(=C2)C(F)(F)F	https://envipath.org/package/5882df9c-dae1-4d80-a40e-db4724271456/pathway/6a2bef6c-81e4-4a1a-ad43-6ba2eb70afa1	Trifloxystrobin
https://envipath.org/package/5882df9c-dae1-4d80-a40e-db4724271456/compound/510dc5ab-05c0-4cd0-b38b-c1ef6ae21936/structure/0b28733d-4135-4a0e-ae15-e34de7bf867e	CGA 357261	C/C(=N/OCC1=C(C=CC=C1)/C(=N\OC)/C(=O)OC)/C2=CC=CC(=C2)C(F)(F)F	 	1	C/C(=N\OCC1=C(C=CC=C1)/C(=N\OC)/C(=O)OC)/C2=CC=CC(=C2)C(F)(F)F	https://envipath.org/package/5882df9c-dae1-4d80-a40e-db4724271456/pathway/6a2bef6c-81e4-4a1a-ad43-6ba2eb70afa1	Trifloxystrobin
https://envipath.org/package/5882df9c-dae1-4d80-a40e-db4724271456/compound/5c90340f-601b-497b-9e81-fd2eeffe60e7/structure/52e343b5-7347-4345-8c08-1a47cd9b5961	CGA 373466	C/C(=N/OCC1=C(C=CC=C1)/C(=N\OC)/C(=O)O)/C2=CC=CC(=C2)C(F)(F)F	 	2	C/C(=N/OCC1=C(C=CC=C1)/C(=N\OC)/C(=O)OC)/C2=CC=CC(=C2)C(F)(F)F	https://envipath.org/package/5882df9c-dae1-4d80-a40e-db4724271456/pathway/6a2bef6c-81e4-4a1a-ad43-6ba2eb70afa1	Trifloxystrobin
https://envipath.org/package/5882df9c-dae1-4d80-a40e-db4724271456/compound/dde66ff9-42e0-4a8a-b168-6350e1bb69ca/structure/01ea73ef-9dfd-4e3f-8dcb-a35053418c3e	CGA 321113	C/C(=N\OCC1=C(C=CC=C1)/C(=N\OC)/C(=O)O)/C2=CC=CC(=C2)C(F)(F)F	major	1	C/C(=N\OCC1=C(C=CC=C1)/C(=N\OC)/C(=O)OC)/C2=CC=CC(=C2)C(F)(F)F	https://envipath.org/package/5882df9c-dae1-4d80-a40e-db4724271456/pathway/6a2bef6c-81e4-4a1a-ad43-6ba2eb70afa1	Trifloxystrobin
https://envipath.org/package/5882df9c-dae1-4d80-a40e-db4724271456/compound/18a108e5-da78-4d20-942f-2f9d365fb692/structure/50bc18cd-6951-4a65-984d-8b3cbaf0f131	Triflumizole (NF-114)	CCCOC/C(=N/C1=CC=C(C=C1C(F)(F)F)Cl)/N2C=CN=C2		0		https://envipath.org/package/5882df9c-dae1-4d80-a40e-db4724271456/pathway/b63e9f67-59d4-419f-a56f-14cd1da8c9ce	Triflumizole (NF-114)
https://envipath.org/package/5882df9c-dae1-4d80-a40e-db4724271456/compound/dd9c67a9-7fe1-4c60-a86e-d5585abb7da2/structure/2605ebb4-4e7b-45c7-87bc-6848b24a832b	FD1-1	CCCOCC(=O)NC1=CC=C(C=C1C(F)(F)F)Cl		1	CCCOC/C(=N/C1=CC=C(C=C1C(F)(F)F)Cl)/NC=O	https://envipath.org/package/5882df9c-dae1-4d80-a40e-db4724271456/pathway/b63e9f67-59d4-419f-a56f-14cd1da8c9ce	Triflumizole (NF-114)
https://envipath.org/package/5882df9c-dae1-4d80-a40e-db4724271456/compound/173fc506-bed9-43d3-bbe5-0b4b299143c9/structure/573f0268-370a-4358-8171-78e92181634e	FA1-1	C1=C(C=C(C(=C1)N)C(F)(F)F)Cl		2	CCCOC/C(=N/C1=CC=C(C=C1C(F)(F)F)Cl)/N	https://envipath.org/package/5882df9c-dae1-4d80-a40e-db4724271456/pathway/b63e9f67-59d4-419f-a56f-14cd1da8c9ce	Triflumizole (NF-114)
https://envipath.org/package/5882df9c-dae1-4d80-a40e-db4724271456/compound/00bdffd2-dc54-4a9c-a323-a7187563e3f1/structure/63583f05-bf52-4c40-bc29-8cc6de5bbc0f	FM5-1	CCCOC/C(=N/C1=CC=C(C=C1C(F)(F)F)Cl)/NC=O		1	CCCOC/C(=N/C1=CC=C(C=C1C(F)(F)F)Cl)/N2C=CN=C2	https://envipath.org/package/5882df9c-dae1-4d80-a40e-db4724271456/pathway/b63e9f67-59d4-419f-a56f-14cd1da8c9ce	Triflumizole (NF-114)
https://envipath.org/package/5882df9c-dae1-4d80-a40e-db4724271456/compound/e0fad0eb-6f13-4699-9b4e-3523b782334a/structure/fdd1c863-0b3e-4c7a-8be9-7cf27b9deec6	FM6-1	CCCOC/C(=N/C1=CC=C(C=C1C(F)(F)F)Cl)/N		2	CCCOC/C(=N/C1=CC=C(C=C1C(F)(F)F)Cl)/NC=O	https://envipath.org/package/5882df9c-dae1-4d80-a40e-db4724271456/pathway/b63e9f67-59d4-419f-a56f-14cd1da8c9ce	Triflumizole (NF-114)
https://envipath.org/package/5882df9c-dae1-4d80-a40e-db4724271456/compound/13ac270f-4142-4f6d-b8c2-60b96229ce9c/structure/e03b3555-a34a-4c7a-b0b3-6d04580095d0	Triflumuron	C1=CC(=C(C=C1)Cl)C(=O)NC(=O)NC2=CC=C(C=C2)OC(F)(F)F		0		https://envipath.org/package/5882df9c-dae1-4d80-a40e-db4724271456/pathway/69368dbb-ea88-4819-a6b4-b3eab928dbe2	Triflumuron
https://envipath.org/package/5882df9c-dae1-4d80-a40e-db4724271456/compound/84c96310-72a4-4746-a431-70f5c6084530/structure/91ca651f-adfd-4d9f-bb15-b011c96c21a3	M02 2-chlorobenzoic acid	C1=CC(=C(C=C1)Cl)C(=O)O		1	C1=CC(=C(C=C1)Cl)C(=O)NC(=O)NC2=CC=C(C=C2)OC(F)(F)F	https://envipath.org/package/5882df9c-dae1-4d80-a40e-db4724271456/pathway/69368dbb-ea88-4819-a6b4-b3eab928dbe2	Triflumuron
https://envipath.org/package/5882df9c-dae1-4d80-a40e-db4724271456/compound/8db4d3d5-bed1-4cef-a3f7-19d1a38b546a/structure/bd30c0de-da19-44fa-881b-1918e829c7c4	M07 4-trifluoromethoxyaniline	C1=C(C=CC(=C1)OC(F)(F)F)N		2	C1=C(C=CC(=C1)OC(F)(F)F)NC(=O)N	https://envipath.org/package/5882df9c-dae1-4d80-a40e-db4724271456/pathway/69368dbb-ea88-4819-a6b4-b3eab928dbe2	Triflumuron
https://envipath.org/package/5882df9c-dae1-4d80-a40e-db4724271456/compound/e4579189-f968-4c55-ae0f-01f48b205bf8/structure/c04956ff-3a99-4f16-963d-f780de1bd710	M01 2-chlorobenzamide	C1=CC(=C(C=C1)Cl)C(=O)N		1	C1=CC(=C(C=C1)Cl)C(=O)NC(=O)NC2=CC=C(C=C2)OC(F)(F)F	https://envipath.org/package/5882df9c-dae1-4d80-a40e-db4724271456/pathway/69368dbb-ea88-4819-a6b4-b3eab928dbe2	Triflumuron
https://envipath.org/package/5882df9c-dae1-4d80-a40e-db4724271456/compound/bc6337b7-09b3-4c8a-b209-f5b056fbe866/structure/0a43680f-fb61-4b4e-bac4-e824a5c854c6	M08 4-trifluoromethoxyphenyl urea	C1=C(C=CC(=C1)OC(F)(F)F)NC(=O)N		1	C1=CC(=C(C=C1)Cl)C(=O)NC(=O)NC2=CC=C(C=C2)OC(F)(F)F	https://envipath.org/package/5882df9c-dae1-4d80-a40e-db4724271456/pathway/69368dbb-ea88-4819-a6b4-b3eab928dbe2	Triflumuron
https://envipath.org/package/5882df9c-dae1-4d80-a40e-db4724271456/compound/a00a3358-6594-4753-ad11-ae524f006cce/structure/bbb38385-8345-4531-bd0c-c280007edaef	TR-2	CCCNC1=C(C=C(C=C1[N+](=O)[O-])C(F)(F)F)[N+](=O)[O-]		1	CCCN(CCC)C1=C(C=C(C=C1[N+](=O)[O-])C(F)(F)F)[N+](=O)[O-]	https://envipath.org/package/5882df9c-dae1-4d80-a40e-db4724271456/pathway/f74e75b1-f2d2-452a-be89-be77e449f204	Trifluralin
https://envipath.org/package/5882df9c-dae1-4d80-a40e-db4724271456/compound/bf5d9a2c-f619-4de5-8e94-a72b3defe205/structure/e737fcfc-abd2-4cf4-bf21-38360afe5bf5	Trifluralin	CCCN(CCC)C1=C(C=C(C=C1[N+](=O)[O-])C(F)(F)F)[N+](=O)[O-]		0		https://envipath.org/package/5882df9c-dae1-4d80-a40e-db4724271456/pathway/f74e75b1-f2d2-452a-be89-be77e449f204	Trifluralin
https://envipath.org/package/5882df9c-dae1-4d80-a40e-db4724271456/compound/3c8860d6-bcb6-4f98-ae77-43d016a311dc/structure/a071692d-e500-4c63-9d24-1c502c3385c2	TR-15	CCC1=NC2=C(C(=CC(=C2)C(F)(F)F)[N+](=O)[O-])N1		3	CCCN1C(=NC2=C1C(=CC(=C2)C(F)(F)F)[N+](=O)[O-])CC	https://envipath.org/package/5882df9c-dae1-4d80-a40e-db4724271456/pathway/f74e75b1-f2d2-452a-be89-be77e449f204	Trifluralin
https://envipath.org/package/5882df9c-dae1-4d80-a40e-db4724271456/compound/fd94655d-9102-4890-8a10-474b22ee3b08/structure/9fa70b1c-2340-4e38-a785-82900892d08a	TR-11	CCCN1C(CC)=[N+]([O-])C2=C1C([N+]([O-])=O)=CC(C(F)(F)F)=C2		1	CCCN(CCC)C1=C(C=C(C=C1[N+](=O)[O-])C(F)(F)F)[N+](=O)[O-]	https://envipath.org/package/5882df9c-dae1-4d80-a40e-db4724271456/pathway/f74e75b1-f2d2-452a-be89-be77e449f204	Trifluralin
https://envipath.org/package/5882df9c-dae1-4d80-a40e-db4724271456/compound/1587b134-a5ef-4c3a-804d-b730b02545c1/structure/054d3c3d-84ab-4dee-8b45-195b1a469cc9	ET-20	C1=C(C(=C(C=C1C(F)(F)F)[N+](=O)[O-])O)[N+](=O)[O-]		2	CCCNC1=C(C=C(C=C1[N+](=O)[O-])C(F)(F)F)[N+](=O)[O-]	https://envipath.org/package/5882df9c-dae1-4d80-a40e-db4724271456/pathway/f74e75b1-f2d2-452a-be89-be77e449f204	Trifluralin
https://envipath.org/package/5882df9c-dae1-4d80-a40e-db4724271456/compound/ff49152f-4f11-49f5-94c5-e4cd1acf0b91/structure/ed7bb1e3-9515-4b7a-ae5d-66467a975ff9	TR-28	CCCNC1=C(C=C(C=C1/N=N\C2=CC(=CC(=C2NCCC)[N+](=O)[O-])C(F)(F)F)C(F)(F)F)[N+](=O)[O-]		1	CCCN(CCC)C1=C(C=C(C=C1[N+](=O)[O-])C(F)(F)F)[N+](=O)[O-]	https://envipath.org/package/5882df9c-dae1-4d80-a40e-db4724271456/pathway/f74e75b1-f2d2-452a-be89-be77e449f204	Trifluralin
https://envipath.org/package/5882df9c-dae1-4d80-a40e-db4724271456/compound/18045a9b-ca79-489a-9821-f6dfe4cf8cfd/structure/23005302-b268-4833-bc50-115496598ded	TR-5	CCCNC1=C(C=C(C=C1N)C(F)(F)F)[N+](=O)[O-]		2	CCCNC1=C(C=C(C=C1[N+](=O)[O-])C(F)(F)F)[N+](=O)[O-]	https://envipath.org/package/5882df9c-dae1-4d80-a40e-db4724271456/pathway/f74e75b1-f2d2-452a-be89-be77e449f204	Trifluralin
https://envipath.org/package/5882df9c-dae1-4d80-a40e-db4724271456/compound/062073b5-414e-4d54-9581-91c0d742d3ce/structure/3ad28a96-950d-44fd-88fb-f857d0b86742	TR-13	CCCN1C(=NC2=C1C(=CC(=C2)C(F)(F)F)[N+](=O)[O-])CC		2	CCCN1C(CC)=[N+]([O-])C2=C1C([N+]([O-])=O)=CC(C(F)(F)F)=C2	https://envipath.org/package/5882df9c-dae1-4d80-a40e-db4724271456/pathway/f74e75b1-f2d2-452a-be89-be77e449f204	Trifluralin
https://envipath.org/package/5882df9c-dae1-4d80-a40e-db4724271456/compound/e1dc9fb3-7876-4091-af1e-7ab8da16bef7/structure/6501208f-b8e3-48e2-9240-645d9a446ada	IN-E7710 (N-desmethyl triazine amine)	CNC1=NC(=NC(=N1)OCC(F)(F)F)N		2	CN(C)C1=NC(=NC(=N1)OCC(F)(F)F)N	https://envipath.org/package/5882df9c-dae1-4d80-a40e-db4724271456/pathway/33e64cff-9c2b-4a20-bd9f-feecb6c31942	Triflusulfuron-methyl
https://envipath.org/package/5882df9c-dae1-4d80-a40e-db4724271456/compound/0bdc7528-f43f-48d3-bfac-63e1a952e070/structure/d6f30cd3-7d4e-40be-83d7-0afe432459f5	Triflusulfuron-methyl	CC1=CC=CC(=C1S(=O)(=O)NC(=O)NC2=NC(=NC(=N2)N(C)C)OCC(F)(F)F)C(=O)OC		0		https://envipath.org/package/5882df9c-dae1-4d80-a40e-db4724271456/pathway/33e64cff-9c2b-4a20-bd9f-feecb6c31942	Triflusulfuron-methyl
https://envipath.org/package/5882df9c-dae1-4d80-a40e-db4724271456/compound/e6bb37cc-a0dc-46b5-adf2-fb9ff84fba6f/structure/c6e20332-6752-4b5a-ad13-fa01f36c5a76	IN-D8526 (triazine amine)	CN(C)C1=NC(=NC(=N1)OCC(F)(F)F)N		1	CC1=CC=CC(=C1S(=O)(=O)NC(=O)NC2=NC(=NC(=N2)N(C)C)OCC(F)(F)F)C(=O)OC	https://envipath.org/package/5882df9c-dae1-4d80-a40e-db4724271456/pathway/33e64cff-9c2b-4a20-bd9f-feecb6c31942	Triflusulfuron-methyl
https://envipath.org/package/5882df9c-dae1-4d80-a40e-db4724271456/compound/2dc049eb-3d9d-4647-9e79-550b1425dfa6/structure/0dfaaee6-3e2d-46e7-b004-3fba288ebb7d	IN-W6725 (methyl saccharin)	CC1=CC=CC2=C1S(=O)(=O)NC2=O		1	CC1=CC=CC(=C1S(=O)(=O)NC(=O)NC2=NC(=NC(=N2)N(C)C)OCC(F)(F)F)C(=O)OC	https://envipath.org/package/5882df9c-dae1-4d80-a40e-db4724271456/pathway/33e64cff-9c2b-4a20-bd9f-feecb6c31942	Triflusulfuron-methyl
https://envipath.org/package/5882df9c-dae1-4d80-a40e-db4724271456/compound/6d811846-1b00-4b25-8a14-9a33f8982255/structure/1d60e2af-2261-4a3a-86ed-c87681d600aa	IN-M7222 (N,N-bis-desmethyl triazine amine)	C(C(F)(F)F)OC1=NC(=NC(=N1)N)N		3	CNC1=NC(=NC(=N1)OCC(F)(F)F)N	https://envipath.org/package/5882df9c-dae1-4d80-a40e-db4724271456/pathway/33e64cff-9c2b-4a20-bd9f-feecb6c31942	Triflusulfuron-methyl
https://envipath.org/package/5882df9c-dae1-4d80-a40e-db4724271456/compound/03fee84b-3625-466b-8487-f194543af0ed/structure/5cb84af3-e46c-4ad7-91b9-d00dbb6260f7	Trinexapac-ethyl	CCOC(=O)C1CC(=O)/C(=C(\C2CC2)/O)/C(=O)C1		0		https://envipath.org/package/5882df9c-dae1-4d80-a40e-db4724271456/pathway/ca811f1f-4db8-4243-8738-1c939f06008b	Trinexapac-ethyl
https://envipath.org/package/5882df9c-dae1-4d80-a40e-db4724271456/compound/6cbaedab-122c-4c42-99c7-7aab418fa970/structure/b4a4e2e4-5062-4cdb-a4c4-622c06c7d02f	Trinexapac-acid	C1CC1/C(=C/2\C(=O)CC(CC2=O)C(=O)O)/O		1	CCOC(=O)C1CC(=O)/C(=C(\C2CC2)/O)/C(=O)C1	https://envipath.org/package/5882df9c-dae1-4d80-a40e-db4724271456/pathway/ca811f1f-4db8-4243-8738-1c939f06008b	Trinexapac-ethyl
https://envipath.org/package/5882df9c-dae1-4d80-a40e-db4724271456/compound/59b2607a-2cd6-4813-83e9-8dda5788b96b/structure/d65295be-13a1-40f8-a04b-f2aff99086f8	Triticonazole RPA 400727	CC1(C)CC/C(=C/C2=CC=C(C=C2)Cl)/C1(CN3C=NC=N3)O		0		https://envipath.org/package/5882df9c-dae1-4d80-a40e-db4724271456/pathway/8abd9ec5-64dc-4a33-b494-c89e70cd5f61	Triticonazole (RPA 400727)
https://envipath.org/package/5882df9c-dae1-4d80-a40e-db4724271456/compound/89c86c39-e031-4b01-8c4c-1a39223de66e/structure/c39da210-bb1d-4af5-8ee4-01a7c9374210	Metabolite 3 (RPA 406341)	CC1(C)C[C@H](/C(=C/C2=CC=C(C=C2)Cl)/[C@]1(CN3C=NC=N3)O)O		1	CC1(C)CC/C(=C/C2=CC=C(C=C2)Cl)/C1(CN3C=NC=N3)O	https://envipath.org/package/5882df9c-dae1-4d80-a40e-db4724271456/pathway/8abd9ec5-64dc-4a33-b494-c89e70cd5f61	Triticonazole (RPA 400727)
https://envipath.org/package/5882df9c-dae1-4d80-a40e-db4724271456/compound/7b4dc6e9-f767-4e50-957e-ebd664bd55e1/structure/c610695a-776d-4a4a-89c4-3956fec9884f	Metabolite 6 (RPA 407922; MWT 349)	CC1(C)CC/C(=C/C2=CC=C(C(=C2)O)Cl)/C1(CN3C=NC=N3)O		1	CC1(C)CC/C(=C/C2=CC=C(C=C2)Cl)/C1(CN3C=NC=N3)O	https://envipath.org/package/5882df9c-dae1-4d80-a40e-db4724271456/pathway/8abd9ec5-64dc-4a33-b494-c89e70cd5f61	Triticonazole (RPA 400727)
https://envipath.org/package/5882df9c-dae1-4d80-a40e-db4724271456/compound/dedf9193-ffcb-4d62-b1ff-5fd17902c099/structure/6dd7bae9-c7a6-4a3a-b6dc-dbad469c2547	Metabolite 1 (RPA 404766)	CC1(C)C[C](/C(=C/C2=CC=C(C=C2)Cl)/[C@]1(CN3C=NC=N3)O)O		1	CC1(C)CC/C(=C/C2=CC=C(C=C2)Cl)/C1(CN3C=NC=N3)O	https://envipath.org/package/5882df9c-dae1-4d80-a40e-db4724271456/pathway/8abd9ec5-64dc-4a33-b494-c89e70cd5f61	Triticonazole (RPA 400727)
https://envipath.org/package/5882df9c-dae1-4d80-a40e-db4724271456/compound/e7ab9431-e22b-4557-9ec7-f90b17c2ec81/structure/714a95e8-7872-441f-98cf-d0b075e2d640	S2 (IR5885-acid)	CC(C)C(C(=O)NC(CC(=O)O)C1=CC=C(C=C1)Cl)NC(=O)OC(C)C		1	CC(C)C(C(=O)NC(CC(=O)OC)C1=CC=C(C=C1)Cl)NC(=O)OC(C)C	https://envipath.org/package/5882df9c-dae1-4d80-a40e-db4724271456/pathway/0aa5b0f0-c919-46c3-bc35-d2b83b09396d	Valifenalate (IR5885)
https://envipath.org/package/5882df9c-dae1-4d80-a40e-db4724271456/compound/bf8ad859-5ba8-42fb-b8da-57cd54448d71/structure/f0ef6f9f-c95f-4fd4-8aa7-aab3f1e7ba58	Prop.2	C1=C(C=CC(=C1)Cl)C(=O)CC(=O)O		3	C1=C(C=CC(=C1)Cl)C(CC(=O)O)N	https://envipath.org/package/5882df9c-dae1-4d80-a40e-db4724271456/pathway/0aa5b0f0-c919-46c3-bc35-d2b83b09396d	Valifenalate (IR5885)
https://envipath.org/package/5882df9c-dae1-4d80-a40e-db4724271456/compound/316dc8f8-01ff-456e-a5f1-82233c6e6036/structure/c91d9bbc-a0fc-409f-a377-14ef23f232d6	Prop.1	C1=C(C=CC(=C1)Cl)C(CC(=O)O)N		2	CC(C)C(C(=O)NC(CC(=O)O)C1=CC=C(C=C1)Cl)NC(=O)OC(C)C	https://envipath.org/package/5882df9c-dae1-4d80-a40e-db4724271456/pathway/0aa5b0f0-c919-46c3-bc35-d2b83b09396d	Valifenalate (IR5885)
https://envipath.org/package/5882df9c-dae1-4d80-a40e-db4724271456/compound/2afa7b20-d674-4259-84c7-e6aa824ea690/structure/0d510670-eb3d-4033-847e-9cd2d255b55f	Valifenalate (IR5885)	CC(C)C(C(=O)NC(CC(=O)OC)C1=CC=C(C=C1)Cl)NC(=O)OC(C)C		0		https://envipath.org/package/5882df9c-dae1-4d80-a40e-db4724271456/pathway/0aa5b0f0-c919-46c3-bc35-d2b83b09396d	Valifenalate (IR5885)
https://envipath.org/package/5882df9c-dae1-4d80-a40e-db4724271456/compound/bc3bbff7-8f3b-41c2-8c14-185f5293072a/structure/edc40797-2e05-46d6-b10d-018f809dce89	S3 (4-chlorobenzoic acid)	C1=C(C=CC(=C1)Cl)C(=O)O		2	CC(C)C(C(=O)NC(CC(=O)O)C1=CC=C(C=C1)Cl)NC(=O)OC(C)C	https://envipath.org/package/5882df9c-dae1-4d80-a40e-db4724271456/pathway/0aa5b0f0-c919-46c3-bc35-d2b83b09396d	Valifenalate (IR5885)
https://envipath.org/package/5882df9c-dae1-4d80-a40e-db4724271456/compound/3b559e16-30d7-43f3-871d-9bffc2d5a283/structure/0e11b707-6924-4ff4-8b96-28cc614edabf	X763024	COC1=CC=NC(=C1O)C(=O)NCC(=O)O	major	3	COC1=CC=NC(=C1O)C(=O)N[C@@H](CO)C(=O)O	https://envipath.org/package/5882df9c-dae1-4d80-a40e-db4724271456/pathway/2d84d4fc-1dbe-4235-b2ac-7c719efaa3ab	XDE-777
https://envipath.org/package/5882df9c-dae1-4d80-a40e-db4724271456/compound/4b4c6f35-c9ea-4012-8e87-49a8a05b8ea7/structure/5dc975b2-8c1c-4297-96f3-7715607ec6ab	X12313581	COC1=CC=NC(=C1O)C(=O)N	major	4	COC1=CC=NC(=C1O)C(=O)NCC(=O)O	https://envipath.org/package/5882df9c-dae1-4d80-a40e-db4724271456/pathway/2d84d4fc-1dbe-4235-b2ac-7c719efaa3ab	XDE-777
https://envipath.org/package/5882df9c-dae1-4d80-a40e-db4724271456/compound/6390d9ad-2871-4a81-a982-5cbec0f2e19d/structure/6b58bd19-c8b8-4aa3-8455-ff06369bdf3f	X12264475	COC1=CC=NC(=C1O)C(=O)N[C@@H](CO)C(=O)O	major	2	CC(C)C(=O)O[C@@H]1[C@H](C)OC(=O)[C@H](COC(=O)[C@@H]1CC2=CC=CC=C2)NC(=O)C3=C(C(=CC=N3)OC)O	https://envipath.org/package/5882df9c-dae1-4d80-a40e-db4724271456/pathway/2d84d4fc-1dbe-4235-b2ac-7c719efaa3ab	XDE-777
https://envipath.org/package/5882df9c-dae1-4d80-a40e-db4724271456/compound/85838dde-0b0b-4db1-b361-cf17110bf73b/structure/c13df6f3-bf1d-45eb-bba9-2fb176a30242	X11963422	C[C@H]1[C@@H]([C@@H](CC2=CC=CC=C2)C(=O)O1)O	major	3	C[C@H]1[C@H]([C@@H](CC2=CC=CC=C2)C(=O)OC[C@@H](C(=O)O1)NC(=O)C3=C(C(=CC=N3)OC)O)O	https://envipath.org/package/5882df9c-dae1-4d80-a40e-db4724271456/pathway/2d84d4fc-1dbe-4235-b2ac-7c719efaa3ab	XDE-777
https://envipath.org/package/5882df9c-dae1-4d80-a40e-db4724271456/compound/e14efb46-3e84-453f-a96f-a0090b6441be/structure/50923e56-61ce-4793-866a-18e4c28800bb	X696476	COC1=CC=NC(=C1O)C(=O)O	major	5	COC1=CC=NC(=C1O)C(=O)N	https://envipath.org/package/5882df9c-dae1-4d80-a40e-db4724271456/pathway/2d84d4fc-1dbe-4235-b2ac-7c719efaa3ab	XDE-777
https://envipath.org/package/5882df9c-dae1-4d80-a40e-db4724271456/compound/9032f739-201a-46f1-b1e5-c6c449b9a0fe/structure/d2121446-1c53-4149-8506-c3e4dd41a826	XDE-777	CC(C)C(=O)OCOC1=C(C(=O)N[C@H]2COC(=O)[C@H](CC3=CC=CC=C3)[C@@H]([C@H](C)OC2=O)OC(=O)C(C)C)N=CC=C1OC		0		https://envipath.org/package/5882df9c-dae1-4d80-a40e-db4724271456/pathway/2d84d4fc-1dbe-4235-b2ac-7c719efaa3ab	XDE-777
https://envipath.org/package/5882df9c-dae1-4d80-a40e-db4724271456/compound/e41749fe-7415-4338-b8bc-9c9d37db78c5/structure/268e0eaf-bdaf-4ee0-835b-d35e76bfd80d	X642188	CC(C)C(=O)O[C@@H]1[C@H](C)OC(=O)[C@H](COC(=O)[C@@H]1CC2=CC=CC=C2)NC(=O)C3=C(C(=CC=N3)OC)O	major	1	CC(C)C(=O)OCOC1=C(C(=O)N[C@H]2COC(=O)[C@H](CC3=CC=CC=C3)[C@@H]([C@H](C)OC2=O)OC(=O)C(C)C)N=CC=C1OC	https://envipath.org/package/5882df9c-dae1-4d80-a40e-db4724271456/pathway/2d84d4fc-1dbe-4235-b2ac-7c719efaa3ab	XDE-777
https://envipath.org/package/5882df9c-dae1-4d80-a40e-db4724271456/compound/5b8082fc-8ab5-4083-a4a6-a42437189bf2/structure/6ce78042-5283-49d9-ad62-d0f23d8f7ae8	X696872	C[C@H]1[C@H]([C@@H](CC2=CC=CC=C2)C(=O)OC[C@@H](C(=O)O1)NC(=O)C3=C(C(=CC=N3)OC)O)O	major	2	CC(C)C(=O)O[C@@H]1[C@H](C)OC(=O)[C@H](COC(=O)[C@@H]1CC2=CC=CC=C2)NC(=O)C3=C(C(=CC=N3)OC)O	https://envipath.org/package/5882df9c-dae1-4d80-a40e-db4724271456/pathway/2d84d4fc-1dbe-4235-b2ac-7c719efaa3ab	XDE-777
https://envipath.org/package/5882df9c-dae1-4d80-a40e-db4724271456/compound/6ebcdf65-0fb9-4345-99de-cde223579a37/structure/e0740a72-a072-458e-a97d-44fb33f094e7	Beta-cypermethrin	CC1(C)C(/C=C(/Cl)\Cl)C1C(=O)OC(C#N)C2=CC=CC(=C2)OC3=CC=CC=C3		0		https://envipath.org/package/5882df9c-dae1-4d80-a40e-db4724271456/pathway/563b6ed6-6c82-40fe-a933-2222893c5153	Zeta-cypermethrin (WL 43481, WL 42641)
https://envipath.org/package/5882df9c-dae1-4d80-a40e-db4724271456/compound/b98af086-b6bc-4085-abd5-f1280479fb76/structure/950160e3-8541-49fb-8939-c5e8adde13e3	4-OH-Cypermethrin (WL48394 or WL48393)	CC1(C)C(/C=C(/Cl)\Cl)C1C(=O)OC(C#N)C2=CC=CC(=C2)OC3=CC=C(C=C3)O		1	CC1(C)[C@H](/C=C(/Cl)\Cl)[C@H]1C(=O)O[C@@H](C#N)C2=CC=CC(=C2)OC3=CC=CC=C3	https://envipath.org/package/5882df9c-dae1-4d80-a40e-db4724271456/pathway/563b6ed6-6c82-40fe-a933-2222893c5153	Zeta-cypermethrin (WL 43481, WL 42641)
https://envipath.org/package/5882df9c-dae1-4d80-a40e-db4724271456/compound/1e8ebc6b-bc51-4944-801f-b9a2467699ca/structure/449cb2af-49ff-47da-905a-43c61b537672	cis-cypermethrin (WL 43481)	CC1(C)[C@H](/C=C(/Cl)\Cl)[C@@H]1C(=O)O[C@@H](C#N)C2=CC=CC(=C2)OC3=CC=CC=C3		0		https://envipath.org/package/5882df9c-dae1-4d80-a40e-db4724271456/pathway/563b6ed6-6c82-40fe-a933-2222893c5153	Zeta-cypermethrin (WL 43481, WL 42641)
https://envipath.org/package/5882df9c-dae1-4d80-a40e-db4724271456/compound/5908f15e-8456-4aec-977f-06223c036c6a/structure/d968a4ce-f729-45d0-8117-dd376b0795fc	4-OH-Cypermethrin (WL48394, WL48393)	CC1(C)C(/C=C(\Cl)/Cl)C1C(=O)OC(C#N)C2=CC=CC(=C2)OC3=CC(=CC=C3)O		-99		https://envipath.org/package/5882df9c-dae1-4d80-a40e-db4724271456/pathway/563b6ed6-6c82-40fe-a933-2222893c5153	Zeta-cypermethrin (WL 43481, WL 42641)
https://envipath.org/package/5882df9c-dae1-4d80-a40e-db4724271456/compound/d4970dad-89cc-45ac-b519-d0221c5cad00/structure/3dc66141-499c-447e-a76d-7919a4aa0856	CPA	CC1(C)C(/C=C(/Cl)\Cl)C1C(=O)O		1	CC1(C)[C@H](/C=C(/Cl)\Cl)[C@@H]1C(=O)O[C@@H](C#N)C2=CC=CC(=C2)OC3=CC=CC=C3	https://envipath.org/package/5882df9c-dae1-4d80-a40e-db4724271456/pathway/563b6ed6-6c82-40fe-a933-2222893c5153	Zeta-cypermethrin (WL 43481, WL 42641)
https://envipath.org/package/5882df9c-dae1-4d80-a40e-db4724271456/compound/9a2e63be-972b-4920-a556-8f029c9bcddf/structure/bbe890d6-a2b0-4746-91b5-6215f76a642b	WL	C1=CC(=CC(=C1)C(=O)O)OC2=CC=C(C=C2)O		2	CC1(C)C(/C=C(/Cl)\Cl)C1C(=O)OC(C#N)C2=CC=CC(=C2)OC3=CC=C(C=C3)O	https://envipath.org/package/5882df9c-dae1-4d80-a40e-db4724271456/pathway/563b6ed6-6c82-40fe-a933-2222893c5153	Zeta-cypermethrin (WL 43481, WL 42641)
https://envipath.org/package/5882df9c-dae1-4d80-a40e-db4724271456/compound/cce42838-771a-4ef3-be9e-99bcd58bd66d/structure/3179dd17-06fc-4d73-8814-326bdada50fe	hydroxymethyl cyclopropane carboxylic acid (WL 48714)	CC1(CO)C(/C=C(/Cl)\Cl)C1C(=O)O		-99		https://envipath.org/package/5882df9c-dae1-4d80-a40e-db4724271456/pathway/563b6ed6-6c82-40fe-a933-2222893c5153	Zeta-cypermethrin (WL 43481, WL 42641)
https://envipath.org/package/5882df9c-dae1-4d80-a40e-db4724271456/compound/c9208f23-3a18-45f5-8eb7-0813fb1452b0/structure/6da78e9c-66e6-410b-9a6b-831e57778662	trans-cypermethrin (WL 42641)	CC1(C)[C@H](/C=C(/Cl)\Cl)[C@H]1C(=O)O[C@@H](C#N)C2=CC=CC(=C2)OC3=CC=CC=C3		0		https://envipath.org/package/5882df9c-dae1-4d80-a40e-db4724271456/pathway/563b6ed6-6c82-40fe-a933-2222893c5153	Zeta-cypermethrin (WL 43481, WL 42641)
https://envipath.org/package/5882df9c-dae1-4d80-a40e-db4724271456/compound/f4818e4f-3527-48e0-97a6-94fd4566c15f/structure/22dd471c-25e4-4694-9ec8-7d51d0e3d06f	dichloroviyl-cyclopropane dicarboxylic acid (Compound A)	CC1(C(/C=C(/Cl)\Cl)C1C(=O)O)C(=O)O		-99		https://envipath.org/package/5882df9c-dae1-4d80-a40e-db4724271456/pathway/563b6ed6-6c82-40fe-a933-2222893c5153	Zeta-cypermethrin (WL 43481, WL 42641)
https://envipath.org/package/5882df9c-dae1-4d80-a40e-db4724271456/compound/9253a42c-2640-4500-8123-6c3ffda8595d/structure/a7f2a8bd-d764-49dc-87a6-e5126db3a745	cypermethrin amide (WL 47133)	CC1(C)C(/C=C(/Cl)\Cl)C1C(=O)OC(C2=CC=CC(=C2)OC3=CC=CC=C3)C(=O)N		-99		https://envipath.org/package/5882df9c-dae1-4d80-a40e-db4724271456/pathway/563b6ed6-6c82-40fe-a933-2222893c5153	Zeta-cypermethrin (WL 43481, WL 42641)
https://envipath.org/package/5882df9c-dae1-4d80-a40e-db4724271456/compound/2fc78d4a-7958-4af5-87d4-bcc2f9b6c9ab/structure/f8bb3b76-d463-49b5-b7de-7c5783f98e0c	3-PBAc	C1=CC=C(C=C1)OC2=CC(=CC=C2)C(=O)O		1	CC1(C)[C@H](/C=C(/Cl)\Cl)[C@H]1C(=O)O[C@@H](C#N)C2=CC=CC(=C2)OC3=CC=CC=C3	https://envipath.org/package/5882df9c-dae1-4d80-a40e-db4724271456/pathway/563b6ed6-6c82-40fe-a933-2222893c5153	Zeta-cypermethrin (WL 43481, WL 42641)
https://envipath.org/package/5882df9c-dae1-4d80-a40e-db4724271456/compound/8553b994-0c19-40d0-92b3-4bbfad25a533/structure/b81a86f9-415c-4fd0-81b4-7ff4c63ac318	Zinc phosphide	P(=[Zn])[Zn]P=[Zn]		0		https://envipath.org/package/5882df9c-dae1-4d80-a40e-db4724271456/pathway/c31b2fb9-b917-4fbd-96c1-a2416bf349b6	Zinc phosphide
https://envipath.org/package/5882df9c-dae1-4d80-a40e-db4724271456/compound/fcbaa05b-c6dc-4acc-bcdb-a713b5400313/structure/66b67d92-45cb-4a6f-aadb-34154d3f6e12	Zinc	[Zn-]		1	P(=[Zn])[Zn]P=[Zn]	https://envipath.org/package/5882df9c-dae1-4d80-a40e-db4724271456/pathway/c31b2fb9-b917-4fbd-96c1-a2416bf349b6	Zinc phosphide
https://envipath.org/package/5882df9c-dae1-4d80-a40e-db4724271456/compound/ec48bb5a-7ea7-4b64-900a-6a9dd8520d1b/structure/ee060f1a-fed3-4662-b352-02025a1978e4	Phosphine	P		1	P(=[Zn])[Zn]P=[Zn]	https://envipath.org/package/5882df9c-dae1-4d80-a40e-db4724271456/pathway/c31b2fb9-b917-4fbd-96c1-a2416bf349b6	Zinc phosphide
https://envipath.org/package/5882df9c-dae1-4d80-a40e-db4724271456/compound/ad82c39b-2edb-4953-b971-79a2d2ea6e26/structure/cf8b0680-4433-480f-965a-9bbce972c55a	Phosphate	O=P([O-])([O-])[O-]		2	P	https://envipath.org/package/5882df9c-dae1-4d80-a40e-db4724271456/pathway/c31b2fb9-b917-4fbd-96c1-a2416bf349b6	Zinc phosphide
